language,language_label,component_type,source_normalized,source_example,minimum_occurrences,occurrences,target_form_count,dominant_target_form,dominant_target_count,dominant_mapping_rate,mapping_review_signal,target_forms
ca,Catalan,entity_or_value,(15788) 1993 sb,(15788)_1993_SB,2,80,1,(15788) 1993 sb,80,1.0,False,"{""(15788) 1993 sb"": 80}"
ca,Catalan,entity_or_value,(19255) 1994 vk8,(19255)_1994_VK8,2,66,1,(19255) 1994 vk8,66,1.0,False,"{""(19255) 1994 vk8"": 66}"
ca,Catalan,entity_or_value,(29075) 1950 da,(29075)_1950_DA,2,39,1,(29075) 1950 da,39,1.0,False,"{""(29075) 1950 da"": 39}"
ca,Catalan,entity_or_value,(410777) 2009 fd,(410777)_2009_FD,2,87,1,(410777) 2009 fd,87,1.0,False,"{""(410777) 2009 fd"": 87}"
ca,Catalan,entity_or_value,(66063) 1998 ro1,(66063)_1998_RO1,2,92,1,(66063) 1998 ro1,92,1.0,False,"{""(66063) 1998 ro1"": 92}"
ca,Catalan,entity_or_value,(66391) 1999 kw4,(66391)_1999_KW4,2,79,1,(66391) 1999 kw4,79,1.0,False,"{""(66391) 1999 kw4"": 79}"
ca,Catalan,entity_or_value,+2,+2,2,3,1,+2,3,1.0,False,"{""+2"": 3}"
ca,Catalan,entity_or_value,+8,+8,2,2,1,+8,2,1.0,False,"{""+8"": 2}"
ca,Catalan,entity_or_value,-3.3528,-3.3528,2,18,1,-3.3528,18,1.0,False,"{""-3.3528"": 18}"
ca,Catalan,entity_or_value,-7,"""-7""",2,9,1,-7,9,1.0,False,"{""-7"": 9}"
ca,Catalan,entity_or_value,-71.0 (degreecelsius),-71.0 (degreeCelsius),2,3,1,-71.0 (graus celsius),3,1.0,False,"{""-71.0 (graus celsius)"": 3}"
ca,Catalan,entity_or_value,-8,"""-8""",2,8,1,-8,8,1.0,False,"{""-8"": 8}"
ca,Catalan,entity_or_value,0,0,2,11,1,0,11,1.0,False,"{""0"": 11}"
ca,Catalan,entity_or_value,0-374-26131-8,"""0-374-26131-8""",2,10,1,0-374-26131-8,10,1.0,False,"{""0-374-26131-8"": 10}"
ca,Catalan,entity_or_value,0-439-17684-0,"""0-439-17684-0""",2,11,1,0-439-17684-0,11,1.0,False,"{""0-439-17684-0"": 11}"
ca,Catalan,entity_or_value,0-439-17685-9,"""0-439-17685-9""",2,8,1,0-439-17685-9,8,1.0,False,"{""0-439-17685-9"": 8}"
ca,Catalan,entity_or_value,0-439-92550-9,"""0-439-92550-9""",2,10,1,0-439-92550-9,10,1.0,False,"{""0-439-92550-9"": 10}"
ca,Catalan,entity_or_value,0-670-03380-4,"""0-670-03380-4""",2,10,1,0-670-03380-4,10,1.0,False,"{""0-670-03380-4"": 10}"
ca,Catalan,entity_or_value,0-7156-3648-0,"""0-7156-3648-0""",2,10,1,0-7156-3648-0,10,1.0,False,"{""0-7156-3648-0"": 10}"
ca,Catalan,entity_or_value,0-7653-0633-6,"""0-7653-0633-6""",2,6,1,0-7653-0633-6,6,1.0,False,"{""0-7653-0633-6"": 6}"
ca,Catalan,entity_or_value,0.0068 (kilometreperseconds),0.0068 (kilometrePerSeconds),2,11,1,"0,0068 (kilòmetrepersegons)",11,1.0,False,"{""0,0068 (kilòmetrepersegons)"": 11}"
ca,Catalan,entity_or_value,0.0112 (kilometreperseconds),0.0112 (kilometrePerSeconds),2,9,1,0.0112 (quilòmetrepersegons),9,1.0,False,"{""0.0112 (quilòmetrepersegons)"": 9}"
ca,Catalan,entity_or_value,0.0155 (kilometreperseconds),0.0155 (kilometrePerSeconds),2,9,1,0.0155 (quilòmetrepersegons),9,1.0,False,"{""0.0155 (quilòmetrepersegons)"": 9}"
ca,Catalan,entity_or_value,0.02 (kilometreperseconds),0.02 (kilometrePerSeconds),2,6,1,0.02 (quilòmetrepersegons),6,1.0,False,"{""0.02 (quilòmetrepersegons)"": 6}"
ca,Catalan,entity_or_value,0.0252 (kilometreperseconds),0.0252 (kilometrePerSeconds),2,3,1,0.0252 (quilòmetrepersegons),3,1.0,False,"{""0.0252 (quilòmetrepersegons)"": 3}"
ca,Catalan,entity_or_value,0.0348 (kilometreperseconds),0.0348 (kilometrePerSeconds),2,5,1,0.0348 (kilòmetrepersegons),5,1.0,False,"{""0.0348 (kilòmetrepersegons)"": 5}"
ca,Catalan,entity_or_value,0.0455 (kilometreperseconds),0.0455 (kilometrePerSeconds),2,9,1,0.0455 (kilòmetreper segons),9,1.0,False,"{""0.0455 (kilòmetreper segons)"": 9}"
ca,Catalan,entity_or_value,0.0473 (kilometreperseconds),0.0473 (kilometrePerSeconds),2,8,1,0.0473 (kilòmetreper segons),8,1.0,False,"{""0.0473 (kilòmetreper segons)"": 8}"
ca,Catalan,entity_or_value,0.0482 (kilometreperseconds),0.0482 (kilometrePerSeconds),2,6,1,0.0482 (kilòmetrepersegons),6,1.0,False,"{""0.0482 (kilòmetrepersegons)"": 6}"
ca,Catalan,entity_or_value,0.0925 (kilometreperseconds),0.0925 (kilometrePerSeconds),2,6,1,0. 0925 (quilòmetres per segon),6,1.0,False,"{""0. 0925 (quilòmetres per segon)"": 6}"
ca,Catalan,entity_or_value,0.0999 (kilometreperseconds),0.0999 (kilometrePerSeconds),2,7,1,0.0999 (kilòmetreper segons),7,1.0,False,"{""0.0999 (kilòmetreper segons)"": 7}"
ca,Catalan,entity_or_value,0.21 (kilometreperseconds),0.21 (kilometrePerSeconds),2,11,1,0.21 (quilòmetrepersegons),11,1.0,False,"{""0.21 (quilòmetrepersegons)"": 11}"
ca,Catalan,entity_or_value,0.54 (square kilometres),0.54 (square kilometres),2,2,1,"0,54 (kilòmetres quadrats)",2,1.0,False,"{""0,54 (kilòmetres quadrats)"": 2}"
ca,Catalan,entity_or_value,0.88 (square kilometres),0.88 (square kilometres),2,2,1,0.88 (quilòmetres quadrats),2,1.0,False,"{""0.88 (quilòmetres quadrats)"": 2}"
ca,Catalan,entity_or_value,0001-8392,"""0001-8392""",2,8,1,0001-8392,8,1.0,False,"{""0001-8392"": 8}"
ca,Catalan,entity_or_value,0002-9327,"""0002-9327""",2,8,1,0002-9327,8,1.0,False,"{""0002-9327"": 8}"
ca,Catalan,entity_or_value,0004319,0004319,2,14,1,0004319,14,1.0,False,"{""0004319"": 14}"
ca,Catalan,entity_or_value,0025-5858,"""0025-5858""",2,4,1,0025-5858,4,1.0,False,"{""0025-5858"": 4}"
ca,Catalan,entity_or_value,0236-5294,"""0236-5294""",2,4,1,0236-5294,4,1.0,False,"{""0236-5294"": 4}"
ca,Catalan,entity_or_value,0269-9370,"""0269-9370""",2,6,1,0269-9370,6,1.0,False,"{""0269-9370"": 6}"
ca,Catalan,entity_or_value,03/21,"""03/21""",2,3,1,03/21,3,1.0,False,"{""03/21"": 3}"
ca,Catalan,entity_or_value,03l/21r,"""03L/21R""",2,8,1,03l/21r,8,1.0,False,"{""03l/21r"": 8}"
ca,Catalan,entity_or_value,03r/21l,"""03R/21L""",2,6,1,03r/21l,6,1.0,False,"{""03r/21l"": 6}"
ca,Catalan,entity_or_value,04/22 'oostbaan,"""04/22 'Oostbaan'""",2,2,1,04/22 'oostbaan,2,1.0,False,"{""04/22 'oostbaan"": 2}"
ca,Catalan,entity_or_value,0567-7920,"""0567-7920""",2,7,1,0567-7920,7,1.0,False,"{""0567-7920"": 7}"
ca,Catalan,entity_or_value,05l/23r,"""05L/23R""",2,5,1,05l/23r,5,1.0,False,"{""05l/23r"": 5}"
ca,Catalan,entity_or_value,06/24 'kaagbaan,"""06/24 'Kaagbaan'""",2,2,1,06/24 'kaagbaan,2,1.0,False,"{""06/24 'kaagbaan"": 2}"
ca,Catalan,entity_or_value,07/25,"""07/25""",2,5,1,07/25,5,1.0,False,"{""07/25"": 5}"
ca,Catalan,entity_or_value,08/26,"""08/26""",2,23,1,08/26,23,1.0,False,"{""08/26"": 23}"
ca,Catalan,entity_or_value,0965-2140,"""0965-2140""",2,6,1,0965-2140,6,1.0,False,"{""0965-2140"": 6}"
ca,Catalan,entity_or_value,09l/27r,"""09L/27R""",2,7,1,09l/27r,7,1.0,False,"{""09l/27r"": 7}"
ca,Catalan,entity_or_value,09r/27l,"""09R/27L""",2,4,1,09r/27l,4,1.0,False,"{""09r/27l"": 4}"
ca,Catalan,entity_or_value,1,1,2,9,1,1,9,1.0,False,"{""1"": 9}"
ca,Catalan,entity_or_value,1 decembrie 1918 university,1_Decembrie_1918_University,2,102,1,1 de desembre de 1918 universitat,102,1.0,False,"{""1 de desembre de 1918 universitat"": 102}"
ca,Catalan,entity_or_value,1-4-2 nakadori,"""1-4-2 Nakadori""",2,3,1,1-4-2 nakadori,3,1.0,False,"{""1-4-2 nakadori"": 3}"
ca,Catalan,entity_or_value,1-4165-2060-0,"""1-4165-2060-0""",2,16,1,1-4165-2060-0,16,1.0,False,"{""1-4165-2060-0"": 16}"
ca,Catalan,entity_or_value,1-56947-301-3,"""1-56947-301-3""",2,7,1,1-56947-301-3,7,1.0,False,"{""1-56947-301-3"": 7}"
ca,Catalan,entity_or_value,1. fc köln,1._FC_Köln,2,34,1,1. fc köln,34,1.0,False,"{""1. fc köln"": 34}"
ca,Catalan,entity_or_value,1. fc lokomotive leipzig,1._FC_Lokomotive_Leipzig,2,11,1,1. fussball-club lokomotive leipzig,11,1.0,False,"{""1. fussball-club lokomotive leipzig"": 11}"
ca,Catalan,entity_or_value,1. fc magdeburg,1._FC_Magdeburg,2,40,1,1. fussball-club magdeburg,40,1.0,False,"{""1. fussball-club magdeburg"": 40}"
ca,Catalan,entity_or_value,1. fc union berlin,1._FC_Union_Berlin,2,8,1,1. fc union berlin,8,1.0,False,"{""1. fc union berlin"": 8}"
ca,Catalan,entity_or_value,1.0 (square kilometres),1.0 (square kilometres),2,2,1,1.0 (quilòmetres quadrats),2,1.0,False,"{""1.0 (quilòmetres quadrats)"": 2}"
ca,Catalan,entity_or_value,1.1 (kilograms),1.1 (kilograms),2,5,1,1.1 (kilograms),5,1.0,False,"{""1.1 (kilograms)"": 5}"
ca,Catalan,entity_or_value,1.2 (litres),1.2 (litres),2,14,1,1.2 (litres),14,1.0,False,"{""1.2 (litres)"": 14}"
ca,Catalan,entity_or_value,1.3,1.3,2,2,1,1.3,2,1.0,False,"{""1.3"": 2}"
ca,Catalan,entity_or_value,1.337,"""1.337""",2,2,1,1.337,2,1.0,False,"{""1.337"": 2}"
ca,Catalan,entity_or_value,1.524,"""1.524""",2,3,1,1.524,3,1.0,False,"{""1.524"": 3}"
ca,Catalan,entity_or_value,1.524 (metres),1.524 (metres),2,12,1,1.524 (metres),12,1.0,False,"{""1.524 (metres)"": 12}"
ca,Catalan,entity_or_value,1.55,1.55,2,2,1,1.55,2,1.0,False,"{""1.55"": 2}"
ca,Catalan,entity_or_value,1.7 (square kilometres),1.7 (square kilometres),2,2,1,1.7 (kilòmetres quadrats),2,1.0,False,"{""1.7 (kilòmetres quadrats)"": 2}"
ca,Catalan,entity_or_value,1.8 g,1.8 g,2,9,1,"1,8 g",9,1.0,False,"{""1,8 g"": 9}"
ca,Catalan,entity_or_value,1.905,1.905,2,8,1,1.905,8,1.0,False,"{""1.905"": 8}"
ca,Catalan,entity_or_value,1.9304,1.9304,2,4,1,1.9304,4,1.0,False,"{""1.9304"": 4}"
ca,Catalan,entity_or_value,1.9558,1.9558,2,7,1,1.9558,7,1.0,False,"{""1.9558"": 7}"
ca,Catalan,entity_or_value,1/19,"""1/19""",2,3,1,1/19,3,1.0,False,"{""1/19"": 3}"
ca,Catalan,entity_or_value,10 hygiea,10_Hygiea,2,97,1,(10) higiea,97,1.0,False,"{""(10) higiea"": 97}"
ca,Catalan,entity_or_value,100,100,2,32,1,100,32,1.0,False,"{""100"": 32}"
ca,Catalan,entity_or_value,1000 piazzia,1000_Piazzia,2,52,1,(1000) piazzia,52,1.0,False,"{""(1000) piazzia"": 52}"
ca,Catalan,entity_or_value,10000,10000,2,15,1,10000,15,1.0,False,"{""10000"": 15}"
ca,Catalan,entity_or_value,1001 gaussia,1001_Gaussia,2,70,1,(1001) gaussia,70,1.0,False,"{""(1001) gaussia"": 70}"
ca,Catalan,entity_or_value,"100305.0""(minutes)","""100305.0""(minutes)",2,20,1,"100305.0""(minuts)",20,1.0,False,"{""100305.0\""(minuts)"": 20}"
ca,Catalan,entity_or_value,101 helena,101_Helena,2,98,1,(101) hèlena,98,1.0,False,"{""(101) hèlena"": 98}"
ca,Catalan,entity_or_value,101 ukrop way,"""101 Ukrop Way""",2,40,1,101 ukrop way,40,1.0,False,"{""101 ukrop way"": 40}"
ca,Catalan,entity_or_value,102372,102372,2,5,1,102372,5,1.0,False,"{""102372"": 5}"
ca,Catalan,entity_or_value,10252,10252,2,21,1,10252,21,1.0,False,"{""10252"": 21}"
ca,Catalan,entity_or_value,10264000000,10264000000,2,25,1,10264000000,25,1.0,False,"{""10264000000"": 25}"
ca,Catalan,entity_or_value,103 colmore row,103_Colmore_Row,2,102,1,103 colmore row,102,1.0,False,"{""103 colmore row"": 102}"
ca,Catalan,entity_or_value,103 hera,103_Hera,2,89,1,(103) hera,89,1.0,False,"{""(103) hera"": 89}"
ca,Catalan,entity_or_value,1036 ganymed,1036_Ganymed,2,61,1,(1036) ganymed,61,1.0,False,"{""(1036) ganymed"": 61}"
ca,Catalan,entity_or_value,1046-8188,"""1046-8188""",2,6,1,1046-8188,6,1.0,False,"{""1046-8188"": 6}"
ca,Catalan,entity_or_value,106000,106000,2,2,1,106000,2,1.0,False,"{""106000"": 2}"
ca,Catalan,entity_or_value,107 camilla,107_Camilla,2,116,1,(107) camil·la,116,1.0,False,"{""(107) camil·la"": 116}"
ca,Catalan,entity_or_value,107.43 (square kilometres),107.43 (square kilometres),2,12,1,"107,43 (kilòmetres quadrats)",12,1.0,False,"{""107,43 (kilòmetres quadrats)"": 12}"
ca,Catalan,entity_or_value,108 st georges terrace,108_St_Georges_Terrace,2,34,1,108 terraça st georges,34,1.0,False,"{""108 terraça st georges"": 34}"
ca,Catalan,entity_or_value,1080,1080,2,2,1,1080,2,1.0,False,"{""1080"": 2}"
ca,Catalan,entity_or_value,1080-6377,"""1080-6377""",2,8,1,1080-6377,8,1.0,False,"{""1080-6377"": 8}"
ca,Catalan,entity_or_value,108600000,108600000,2,21,1,108600000,21,1.0,False,"{""108600000"": 21}"
ca,Catalan,entity_or_value,1089 tama,1089_Tama,2,109,1,(1089) tama,109,1.0,False,"{""(1089) tama"": 109}"
ca,Catalan,entity_or_value,109 felicitas,109_Felicitas,2,76,1,(109) felicitas,76,1.0,False,"{""(109) felicitas"": 76}"
ca,Catalan,entity_or_value,1095.0,1095.0,2,23,1,1095.0,23,1.0,False,"{""1095.0"": 23}"
ca,Catalan,entity_or_value,1097 vicia,1097_Vicia,2,85,1,(1097) vicia,85,1.0,False,"{""(1097) vicia"": 85}"
ca,Catalan,entity_or_value,1099 figneria,1099_Figneria,2,93,1,(1099) figneria,93,1.0,False,"{""(1099) figneria"": 93}"
ca,Catalan,entity_or_value,1099.0,1099.0,2,7,1,1099.0,7,1.0,False,"{""1099.0"": 7}"
ca,Catalan,entity_or_value,10l/28r,"""10L/28R""",2,13,1,10l/28r,13,1.0,False,"{""10l/28r"": 13}"
ca,Catalan,entity_or_value,10r/28l,"""10R/28L""",2,12,1,10r/28l,12,1.0,False,"{""10r/28l"": 12}"
ca,Catalan,entity_or_value,11 diagonal street,11_Diagonal_Street,2,63,1,"carrer de diagonal, 11",63,1.0,False,"{""carrer de diagonal, 11"": 63}"
ca,Catalan,entity_or_value,11.35,11.35,2,2,1,11.35,2,1.0,False,"{""11.35"": 2}"
ca,Catalan,entity_or_value,11.5,11.5,2,20,1,11.5,20,1.0,False,"{""11.5"": 20}"
ca,Catalan,entity_or_value,11/29,"""11/29""",2,12,1,11/29,12,1.0,False,"{""11/29"": 12}"
ca,Catalan,entity_or_value,110 lydia,110_Lydia,2,83,1,(110) lídia,83,1.0,False,"{""(110) lídia"": 83}"
ca,Catalan,entity_or_value,110 million (dollars),"""110 million (dollars)""",2,6,1,110 milions (dòlars),6,1.0,False,"{""110 milions (dòlars)"": 6}"
ca,Catalan,entity_or_value,1101 clematis,1101_Clematis,2,76,1,(1101) clematis,76,1.0,False,"{""(1101) clematis"": 76}"
ca,Catalan,entity_or_value,1104.1 (inhabitants per square kilometre),1104.1 (inhabitants per square kilometre),2,5,1,1104.1 (habitants per quilòmetre quadrat),5,1.0,False,"{""1104.1 (habitants per quilòmetre quadrat)"": 5}"
ca,Catalan,entity_or_value,111484 (square metres),111484 (square metres),2,7,1,111484 (metres quadrats),7,1.0,False,"{""111484 (metres quadrats)"": 7}"
ca,Catalan,entity_or_value,1121.0,1121.0,2,9,1,1121.0,9,1.0,False,"{""1121.0"": 9}"
ca,Catalan,entity_or_value,11264 claudiomaccone,11264_Claudiomaccone,2,91,1,(11264) claudiomaccone,91,1.0,False,"{""(11264) claudiomaccone"": 91}"
ca,Catalan,entity_or_value,1142.3 (inhabitants per square kilometre),1142.3 (inhabitants per square kilometre),2,11,1,1142.3 (habitants per quilòmetre quadrat),11,1.0,False,"{""1142.3 (habitants per quilòmetre quadrat)"": 11}"
ca,Catalan,entity_or_value,1147 stavropolis,1147_Stavropolis,2,156,1,(1147) stavropolis,156,1.0,False,"{""(1147) stavropolis"": 156}"
ca,Catalan,entity_or_value,1147.0,1147.0,2,13,1,1147.0,13,1.0,False,"{""1147.0"": 13}"
ca,Catalan,entity_or_value,11473.9,11473.9,2,5,1,11473.9,5,1.0,False,"{""11473.9"": 5}"
ca,Catalan,entity_or_value,115.0,115.0,2,2,1,115.0,2,1.0,False,"{""115.0"": 2}"
ca,Catalan,entity_or_value,1174,"""1174""",2,10,1,1174,10,1.0,False,"{""1174"": 10}"
ca,Catalan,entity_or_value,11th mississippi infantry monument,11th_Mississippi_Infantry_Monument,2,410,1,11è monument de la infanteria de mississipí,410,1.0,False,"{""11è monument de la infanteria de mississipí"": 410}"
ca,Catalan,entity_or_value,12,12,2,44,1,12,44,1.0,False,"{""12"": 44}"
ca,Catalan,entity_or_value,12.0,12.0,2,10,1,12.0,10,1.0,False,"{""12.0"": 10}"
ca,Catalan,entity_or_value,12/30,"""12/30""",2,4,1,12/30,4,1.0,False,"{""12/30"": 4}"
ca,Catalan,entity_or_value,120 million (australian dollars),"""120 million (Australian dollars)""",2,6,1,120 milions (dólars australians),6,1.0,False,"{""120 milions (dólars australians)"": 6}"
ca,Catalan,entity_or_value,120.0 (inches),120.0 (inches),2,5,1,120.0 (polzades),5,1.0,False,"{""120.0 (polzades)"": 5}"
ca,Catalan,entity_or_value,1200 (square metres),1200 (square metres),2,2,1,1200 (metres quadrats),2,1.0,False,"{""1200 (metres quadrats)"": 2}"
ca,Catalan,entity_or_value,1202.846 (days),1202.846 (days),2,15,1,1202.846 (dies),15,1.0,False,"{""1202.846 (dies)"": 15}"
ca,Catalan,entity_or_value,120770.0 (square metres),120770.0 (square metres),2,2,1,"120.770,0 (metres quadrats)",2,1.0,False,"{""120.770,0 (metres quadrats)"": 2}"
ca,Catalan,entity_or_value,121.92 (metres),121.92 (metres),2,4,1,121.92 (metres),4,1.0,False,"{""121.92 (metres)"": 4}"
ca,Catalan,entity_or_value,1219.0,1219.0,2,4,1,1219.0,4,1.0,False,"{""1219.0"": 4}"
ca,Catalan,entity_or_value,1239.3 (inhabitants per square kilometre),1239.3 (inhabitants per square kilometre),2,5,1,1239.3 (habitants per quilòmetre quadrat),5,1.0,False,"{""1239.3 (habitants per quilòmetre quadrat)"": 5}"
ca,Catalan,entity_or_value,1249.6,1249.6,2,22,1,1249.6,22,1.0,False,"{""1249.6"": 22}"
ca,Catalan,entity_or_value,124950000000.0,124950000000.0,2,8,1,124950000000.0,8,1.0,False,"{""124950000000.0"": 8}"
ca,Catalan,entity_or_value,125800.0 (millimetres),125800.0 (millimetres),2,22,1,125800.0 (mil·límetres),22,1.0,False,"{""125800.0 (mil·límetres)"": 22}"
ca,Catalan,entity_or_value,127.0 (inches),127.0 (inches),2,9,1,127.0 (polzades),9,1.0,False,"{""127.0 (polzades)"": 9}"
ca,Catalan,entity_or_value,1293057000,1293057000,2,2,1,1293057000,2,1.0,False,"{""1293057000"": 2}"
ca,Catalan,entity_or_value,1296.65 (inhabitants per square kilometre),1296.65 (inhabitants per square kilometre),2,6,1,"1296,65 (habitants per quilòmetre quadrat)",6,1.0,False,"{""1296,65 (habitants per quilòmetre quadrat)"": 6}"
ca,Catalan,entity_or_value,1299,1299,2,18,1,1299,18,1.0,False,"{""1299"": 18}"
ca,Catalan,entity_or_value,1299.0 (inhabitants per square kilometre),1299.0 (inhabitants per square kilometre),2,11,1,"1299,0 (habitants per quilòmetre quadrat)",11,1.0,False,"{""1299,0 (habitants per quilòmetre quadrat)"": 11}"
ca,Catalan,entity_or_value,12l/30r,"""12L/30R""",2,2,1,12l/30r,2,1.0,False,"{""12l/30r"": 2}"
ca,Catalan,entity_or_value,12r/30l,"""12R/30L""",2,4,1,12r/30l,4,1.0,False,"{""12r/30l"": 4}"
ca,Catalan,entity_or_value,13/31,"""13/31""",2,8,1,13/31,8,1.0,False,"{""13/31"": 8}"
ca,Catalan,entity_or_value,"13017.0""(minutes)","""13017.0""(minutes)",2,4,1,"13017.0""(minuts)",4,1.0,False,"{""13017.0\""(minuts)"": 4}"
ca,Catalan,entity_or_value,131.6 (square kilometres),131.6 (square kilometres),2,24,1,"131,6 (kilòmetres quadrats)",24,1.0,False,"{""131,6 (kilòmetres quadrats)"": 24}"
ca,Catalan,entity_or_value,13123,13123,2,2,1,13123,2,1.0,False,"{""13123"": 2}"
ca,Catalan,entity_or_value,135000000.0,135000000.0,2,2,1,135000000.0,2,1.0,False,"{""135000000.0"": 2}"
ca,Catalan,entity_or_value,135589000.0,135589000.0,2,15,1,135589000.0,15,1.0,False,"{""135589000.0"": 15}"
ca,Catalan,entity_or_value,1360-0443,"""1360-0443""",2,5,1,1360-0443,5,1.0,False,"{""1360-0443"": 5}"
ca,Catalan,entity_or_value,139705000.0,139705000.0,2,12,1,139705000.0,12,1.0,False,"{""139705000.0"": 12}"
ca,Catalan,entity_or_value,14.2 (square kilometres),14.2 (square kilometres),2,2,1,"14,2 (kilòmetres quadrats)",2,1.0,False,"{""14,2 (kilòmetres quadrats)"": 2}"
ca,Catalan,entity_or_value,140.8 (square kilometres),140.8 (square kilometres),2,5,1,140.8 (quilòmetres quadrats),5,1.0,False,"{""140.8 (quilòmetres quadrats)"": 5}"
ca,Catalan,entity_or_value,140000.0 (square metres),140000.0 (square metres),2,10,1,140000.0 (metres quadrats),10,1.0,False,"{""140000.0 (metres quadrats)"": 10}"
ca,Catalan,entity_or_value,1411.0,1411.0,2,8,1,1411.0,8,1.0,False,"{""1411.0"": 8}"
ca,Catalan,entity_or_value,1418,1418,2,9,1,1418,9,1.0,False,"{""1418"": 9}"
ca,Catalan,entity_or_value,1421.2 (inhabitants per square kilometre),1421.2 (inhabitants per square kilometre),2,5,1,1421.2 (habitants per quilòmetre quadrat),5,1.0,False,"{""1421.2 (habitants per quilòmetre quadrat)"": 5}"
ca,Catalan,entity_or_value,142603000.0,142603000.0,2,14,1,142603000.0,14,1.0,False,"{""142603000.0"": 14}"
ca,Catalan,entity_or_value,1439.0,1439.0,2,2,1,1439.0,2,1.0,False,"{""1439.0"": 2}"
ca,Catalan,entity_or_value,144.7 (square kilometres),144.7 (square kilometres),2,8,1,144.7 (quilòmetres quadrats),8,1.0,False,"{""144.7 (quilòmetres quadrats)"": 8}"
ca,Catalan,entity_or_value,1461102,1461102,2,2,1,1461102,2,1.0,False,"{""1461102"": 2}"
ca,Catalan,entity_or_value,1472.0 (inhabitants per square kilometre),1472.0 (inhabitants per square kilometre),2,3,1,1472.0 (habitants per quilòmetre quadrat),3,1.0,False,"{""1472.0 (habitants per quilòmetre quadrat)"": 3}"
ca,Catalan,entity_or_value,1473-5571,"""1473-5571""",2,5,1,1473-5571,5,1.0,False,"{""1473-5571"": 5}"
ca,Catalan,entity_or_value,1480153,1480153,2,3,1,1480153,3,1.0,False,"{""1480153"": 3}"
ca,Catalan,entity_or_value,14l/32r,"""14L/32R""",2,18,1,14l/32r,18,1.0,False,"{""14l/32r"": 18}"
ca,Catalan,entity_or_value,14r/32l,"""14R/32L""",2,6,1,14r/32l,6,1.0,False,"{""14r/32l"": 6}"
ca,Catalan,entity_or_value,14th new jersey volunteer infantry monument,14th_New_Jersey_Volunteer_Infantry_Monument,2,117,1,14th new jersey volunteer infantry monument,117,1.0,False,"{""14th new jersey volunteer infantry monument"": 117}"
ca,Catalan,entity_or_value,15/33,"""15/33""",2,7,1,15/33,7,1.0,False,"{""15/33"": 7}"
ca,Catalan,entity_or_value,1500,1500,2,20,1,1500,20,1.0,False,"{""1500"": 20}"
ca,Catalan,entity_or_value,1510.0,1510.0,2,3,1,1510.0,3,1.0,False,"{""1510.0"": 3}"
ca,Catalan,entity_or_value,15100000000,15100000000,2,18,1,15100000000,18,1.0,False,"{""15100000000"": 18}"
ca,Catalan,entity_or_value,1513.722 (days),1513.722 (days),2,14,1,1513.722 (dies),14,1.0,False,"{""1513.722 (dies)"": 14}"
ca,Catalan,entity_or_value,1516.6700000000003 (days),1516.6700000000003 (days),2,10,1,1516.6700000000003 (dies),10,1.0,False,"{""1516.6700000000003 (dies)"": 10}"
ca,Catalan,entity_or_value,1533.0,1533.0,2,14,1,1533.0,14,1.0,False,"{""1533.0"": 14}"
ca,Catalan,entity_or_value,154.0 (kelvins),154.0 (kelvins),2,2,1,154.0 (kelvins),2,1.0,False,"{""154.0 (kelvins)"": 2}"
ca,Catalan,entity_or_value,155.0 (kelvins),155.0 (kelvins),2,3,1,155.0 (kelvins),3,1.0,False,"{""155.0 (kelvins)"": 3}"
ca,Catalan,entity_or_value,1558-2868,"""1558-2868""",2,6,1,1558-2868,6,1.0,False,"{""1558-2868"": 6}"
ca,Catalan,entity_or_value,156.0 (kelvins),156.0 (kelvins),2,3,1,156.0 (kelvins),3,1.0,False,"{""156.0 (kelvins)"": 3}"
ca,Catalan,entity_or_value,1580.7 (inhabitants per square kilometre),1580.7 (inhabitants per square kilometre),2,9,1,1580.7 (habitants per quilòmetre quadrat),9,1.0,False,"{""1580.7 (habitants per quilòmetre quadrat)"": 9}"
ca,Catalan,entity_or_value,1588-2632,"""1588-2632""",2,6,1,1588-2632,6,1.0,False,"{""1588-2632"": 6}"
ca,Catalan,entity_or_value,159,159,2,22,1,159,22,1.0,False,"{""159"": 22}"
ca,Catalan,entity_or_value,16.37 (kilometreperseconds),16.37 (kilometrePerSeconds),2,2,1,16.37 (quilòmetrepersegons),2,1.0,False,"{""16.37 (quilòmetrepersegons)"": 2}"
ca,Catalan,entity_or_value,16.54 (kilometreperseconds),16.54 (kilometrePerSeconds),2,2,1,16.54 (quilòmetrepersegons),2,1.0,False,"{""16.54 (quilòmetrepersegons)"": 2}"
ca,Catalan,entity_or_value,16.55 (square kilometres),16.55 (square kilometres),2,9,1,"16,55 (kilòmetres quadrats)",9,1.0,False,"{""16,55 (kilòmetres quadrats)"": 9}"
ca,Catalan,entity_or_value,16.76 (kilometreperseconds),16.76 (kilometrePerSeconds),2,3,1,16.76 (quilòmetrepersegons),3,1.0,False,"{""16.76 (quilòmetrepersegons)"": 3}"
ca,Catalan,entity_or_value,16.86 (kilometreperseconds),16.86 (kilometrePerSeconds),2,2,1,16.86 (quilòmetrepersegons),2,1.0,False,"{""16.86 (quilòmetrepersegons)"": 2}"
ca,Catalan,entity_or_value,16/34,"""16/34""",2,3,1,16/34,3,1.0,False,"{""16/34"": 3}"
ca,Catalan,entity_or_value,160.0 (kelvins),160.0 (kelvins),2,2,1,160.0 (kelvins),2,1.0,False,"{""160.0 (kelvins)"": 2}"
ca,Catalan,entity_or_value,16000,16000,2,30,1,16000,30,1.0,False,"{""16000"": 30}"
ca,Catalan,entity_or_value,1604.0,1604.0,2,38,1,1604.0,38,1.0,False,"{""1604.0"": 38}"
ca,Catalan,entity_or_value,161.54 (square kilometres),161.54 (square kilometres),2,5,1,"161,54 (kilòmetres quadrats)",5,1.0,False,"{""161,54 (kilòmetres quadrats)"": 5}"
ca,Catalan,entity_or_value,162164091.8388 (kilometres),162164091.8388 (kilometres),2,15,1,162164091.8388 (kilòmetres),15,1.0,False,"{""162164091.8388 (kilòmetres)"": 15}"
ca,Catalan,entity_or_value,1622.213 (days),1622.213 (days),2,9,1,1622.213 (dies),9,1.0,False,"{""1622.213 (dies)"": 9}"
ca,Catalan,entity_or_value,16244700.0,16244700.0,2,11,1,16244700.0,11,1.0,False,"{""16244700.0"": 11}"
ca,Catalan,entity_or_value,1634: the baltic war,1634:_The_Baltic_War,2,16,1,1634: la guerra del bàltic,16,1.0,False,"{""1634: la guerra del bàltic"": 16}"
ca,Catalan,entity_or_value,1634: the bavarian crisis,1634:_The_Bavarian_Crisis,2,200,1,1634: la crisi de baviera,200,1.0,False,"{""1634: la crisi de baviera"": 200}"
ca,Catalan,entity_or_value,1634: the galileo affair,1634:_The_Galileo_Affair,2,12,1,1634: l'afer galileu,12,1.0,False,"{""1634: l'afer galileu"": 12}"
ca,Catalan,entity_or_value,1634: the ram rebellion,1634:_The_Ram_Rebellion,2,142,1,1634: la rebel·lió de ram,142,1.0,False,"{""1634: la rebel·lió de ram"": 142}"
ca,Catalan,entity_or_value,1635: the cannon law,1635:_The_Cannon_Law,2,2,1,1635: la llei del canó,2,1.0,False,"{""1635: la llei del canó"": 2}"
ca,Catalan,entity_or_value,164.0 (kelvins),164.0 (kelvins),2,4,1,164.0 (kelvins),4,1.0,False,"{""164.0 (kelvins)"": 4}"
ca,Catalan,entity_or_value,165.33,165.33,2,2,1,165.33,2,1.0,False,"{""165.33"": 2}"
ca,Catalan,entity_or_value,166.0,166.0,2,5,1,166.0,5,1.0,False,"{""166.0"": 5}"
ca,Catalan,entity_or_value,167.94,167.94,2,9,1,167.94,9,1.0,False,"{""167.94"": 9}"
ca,Catalan,entity_or_value,168.0 (kelvins),168.0 (kelvins),2,3,1,168.0 (kelvins),3,1.0,False,"{""168.0 (kelvins)"": 3}"
ca,Catalan,entity_or_value,16800,16800,2,14,1,16800,14,1.0,False,"{""16800"": 14}"
ca,Catalan,entity_or_value,17.28,17.28,2,2,1,17.28,2,1.0,False,"{""17.28"": 2}"
ca,Catalan,entity_or_value,17.73 (kilometreperseconds),17.73 (kilometrePerSeconds),2,2,1,17.73 (quilòmetrepersegons),2,1.0,False,"{""17.73 (quilòmetrepersegons)"": 2}"
ca,Catalan,entity_or_value,17.99 (kilometreperseconds),17.99 (kilometrePerSeconds),2,2,1,17.99 (quilòmetrepersegons),2,1.0,False,"{""17.99 (quilòmetrepersegons)"": 2}"
ca,Catalan,entity_or_value,170.0 (kelvins),170.0 (kelvins),2,5,1,170.0 (kelvins),5,1.0,False,"{""170.0 (kelvins)"": 5}"
ca,Catalan,entity_or_value,1700,"""1700""",2,7,1,1700,7,1.0,False,"{""1700"": 7}"
ca,Catalan,entity_or_value,17000,17000,2,51,1,17000,51,1.0,False,"{""17000"": 51}"
ca,Catalan,entity_or_value,17023,17023,2,8,1,17023,8,1.0,False,"{""17023"": 8}"
ca,Catalan,entity_or_value,1703-05-27,1703-05-27,2,7,1,1703-05-27,7,1.0,False,"{""1703-05-27"": 7}"
ca,Catalan,entity_or_value,17068.8 (millimetres),17068.8 (millimetres),2,57,1,17068.8 (mil·límetres),57,1.0,False,"{""17068.8 (mil·límetres)"": 57}"
ca,Catalan,entity_or_value,171.0 (kelvins),171.0 (kelvins),2,3,1,171.0 (kelvins),3,1.0,False,"{""171.0 (kelvins)"": 3}"
ca,Catalan,entity_or_value,1726-01-01,1726-01-01,2,17,1,1726-01-01,17,1.0,False,"{""1726-01-01"": 17}"
ca,Catalan,entity_or_value,173.0 (kelvins),173.0 (kelvins),2,4,1,173.0 (kelvins),4,1.0,False,"{""173.0 (kelvins)"": 4}"
ca,Catalan,entity_or_value,173.46,173.46,2,2,1,173.46,2,1.0,False,"{""173.46"": 2}"
ca,Catalan,entity_or_value,1732-2421,"""1732-2421""",2,7,1,1732-2421,7,1.0,False,"{""1732-2421"": 7}"
ca,Catalan,entity_or_value,175.26,175.26,2,9,1,175.26,9,1.0,False,"{""175.26"": 9}"
ca,Catalan,entity_or_value,1773.0,1773.0,2,3,1,1773.0,3,1.0,False,"{""1773.0"": 3}"
ca,Catalan,entity_or_value,1776-02-18,1776-02-18,2,19,1,1776-02-18,19,1.0,False,"{""1776-02-18"": 19}"
ca,Catalan,entity_or_value,1776-07-04,1776-07-04,2,5,1,1776-07-04,5,1.0,False,"{""1776-07-04"": 5}"
ca,Catalan,entity_or_value,1777539,1777539,2,17,1,1777539,17,1.0,False,"{""1777539"": 17}"
ca,Catalan,entity_or_value,178.0 (centimetres),178.0 (centimetres),2,9,1,178. 0 (centimetres),9,1.0,False,"{""178. 0 (centimetres)"": 9}"
ca,Catalan,entity_or_value,179.0 (kelvins),179.0 (kelvins),2,2,1,179.0 (kelvins),2,1.0,False,"{""179.0 (kelvins)"": 2}"
ca,Catalan,entity_or_value,1793-10-23,1793-10-23,2,5,1,1793-10-23,5,1.0,False,"{""1793-10-23"": 5}"
ca,Catalan,entity_or_value,179942000.0,179942000.0,2,16,1,179942000.0,16,1.0,False,"{""179942000.0"": 16}"
ca,Catalan,entity_or_value,17l/35r,"""17L/35R""",2,6,1,17l/35r,6,1.0,False,"{""17l/35r"": 6}"
ca,Catalan,entity_or_value,17r/35l,"""17R/35L""",2,4,1,17r/35l,4,1.0,False,"{""17r/35l"": 4}"
ca,Catalan,entity_or_value,18,18,2,3,1,18,3,1.0,False,"{""18"": 3}"
ca,Catalan,entity_or_value,18.0 g,18.0 g,2,11,1,18. 0 g,11,1.0,False,"{""18. 0 g"": 11}"
ca,Catalan,entity_or_value,18.09 (kilometreperseconds),18.09 (kilometrePerSeconds),2,2,1,18.09 (kilòmetrespersegons),2,1.0,False,"{""18.09 (kilòmetrespersegons)"": 2}"
ca,Catalan,entity_or_value,18.29 (kilometreperseconds),18.29 (kilometrePerSeconds),2,10,1,18.29 (quilòmetrepersegons),10,1.0,False,"{""18.29 (quilòmetrepersegons)"": 10}"
ca,Catalan,entity_or_value,18.44 (kilometreperseconds),18.44 (kilometrePerSeconds),2,2,1,18.44 (quilòmetrepersegons),2,1.0,False,"{""18.44 (quilòmetrepersegons)"": 2}"
ca,Catalan,entity_or_value,18.52,18.52,2,12,1,18.52,12,1.0,False,"{""18.52"": 12}"
ca,Catalan,entity_or_value,1800.0,1800.0,2,9,1,1800.0,9,1.0,False,"{""1800.0"": 9}"
ca,Catalan,entity_or_value,1800000000,1800000000,2,13,1,1800000000,13,1.0,False,"{""1800000000"": 13}"
ca,Catalan,entity_or_value,1818.0,1818.0,2,4,1,1818.0,4,1.0,False,"{""1818.0"": 4}"
ca,Catalan,entity_or_value,183309000.0,183309000.0,2,12,1,183309000.0,12,1.0,False,"{""183309000.0"": 12}"
ca,Catalan,entity_or_value,184.0,184.0,2,3,1,184.0,3,1.0,False,"{""184.0"": 3}"
ca,Catalan,entity_or_value,184434000000.0,184434000000.0,2,2,1,184434000000.0,2,1.0,False,"{""184434000000.0"": 2}"
ca,Catalan,entity_or_value,185.0 (centimetres),185.0 (centimetres),2,12,1,185.0 (centimetres),12,1.0,False,"{""185.0 (centimetres)"": 12}"
ca,Catalan,entity_or_value,185.42 (centimetres),185.42 (centimetres),2,3,1,"185,42 (centimetres)",3,1.0,False,"{""185,42 (centimetres)"": 3}"
ca,Catalan,entity_or_value,1850.0 (tonnes),1850.0 (tonnes),2,17,1,1850.0 (tones),17,1.0,False,"{""1850.0 (tones)"": 17}"
ca,Catalan,entity_or_value,1853-03-04,1853-03-04,2,4,1,1853-03-04,4,1.0,False,"{""1853-03-04"": 4}"
ca,Catalan,entity_or_value,1855-05-31,1855-05-31,2,5,1,1855-05-31,5,1.0,False,"{""1855-05-31"": 5}"
ca,Catalan,entity_or_value,1855-07-07,1855-07-07,2,2,1,1855-07-07,2,1.0,False,"{""1855-07-07"": 2}"
ca,Catalan,entity_or_value,1856,1856,2,10,1,1856,10,1.0,False,"{""1856"": 10}"
ca,Catalan,entity_or_value,1856-09-22,1856-09-22,2,16,1,1856-09-22,16,1.0,False,"{""1856-09-22"": 16}"
ca,Catalan,entity_or_value,1857-03-03,1857-03-03,2,11,1,1857-03-03,11,1.0,False,"{""1857-03-03"": 11}"
ca,Catalan,entity_or_value,1857-03-04,1857-03-04,2,4,1,1857-03-04,4,1.0,False,"{""1857-03-04"": 4}"
ca,Catalan,entity_or_value,1862,1862,2,20,1,1862,20,1.0,False,"{""1862"": 20}"
ca,Catalan,entity_or_value,1865-8784,"""1865-8784""",2,3,1,1865-8784,3,1.0,False,"{""1865-8784"": 3}"
ca,Catalan,entity_or_value,1868-08-15,1868-08-15,2,2,1,1868-08-15,2,1.0,False,"{""1868-08-15"": 2}"
ca,Catalan,entity_or_value,1868-11-17,1868-11-17,2,4,1,1868-11-17,4,1.0,False,"{""1868-11-17"": 4}"
ca,Catalan,entity_or_value,1871-01-01,1871-01-01,2,3,1,1871-01-01,3,1.0,False,"{""1871-01-01"": 3}"
ca,Catalan,entity_or_value,1872,1872,2,6,1,1872,6,1.0,False,"{""1872"": 6}"
ca,Catalan,entity_or_value,1873.0,1873.0,2,11,1,1873.0,11,1.0,False,"{""1873.0"": 11}"
ca,Catalan,entity_or_value,1875-03-04,1875-03-04,2,2,1,1875-03-04,2,1.0,False,"{""1875-03-04"": 2}"
ca,Catalan,entity_or_value,1878,1878,2,7,1,1878,7,1.0,False,"{""1878"": 7}"
ca,Catalan,entity_or_value,1886-01-01,1886-01-01,2,2,1,1886-01-01,2,1.0,False,"{""1886-01-01"": 2}"
ca,Catalan,entity_or_value,1890.0 (kilogrampercubicmetres),1890.0 (kilogramPerCubicMetres),2,2,1,"1890,0 (kilograms per mètre cúbic)",2,1.0,False,"{""1890,0 (kilograms per mètre cúbic)"": 2}"
ca,Catalan,entity_or_value,1891-05-20,1891-05-20,2,5,1,1891-05-20,5,1.0,False,"{""1891-05-20"": 5}"
ca,Catalan,entity_or_value,1896-02-01,1896-02-01,2,6,1,1896-02-01,6,1.0,False,"{""1896-02-01"": 6}"
ca,Catalan,entity_or_value,1897,1897,2,2,1,1897,2,1.0,False,"{""1897"": 2}"
ca,Catalan,entity_or_value,1898-06-12,1898-06-12,2,2,1,1898-06-12,2,1.0,False,"{""1898-06-12"": 2}"
ca,Catalan,entity_or_value,18c/36c 'zwanenburgbaan,"""18C/36C 'Zwanenburgbaan'""",2,2,1,18c/36c 'zwanenburgbaan,2,1.0,False,"{""18c/36c 'zwanenburgbaan"": 2}"
ca,Catalan,entity_or_value,18l/36r,"""18L/36R""",2,17,1,18l/36r,17,1.0,False,"{""18l/36r"": 17}"
ca,Catalan,entity_or_value,18r/36l,"""18R/36L""",2,9,1,18r/36l,9,1.0,False,"{""18r/36l"": 9}"
ca,Catalan,entity_or_value,18r/36l 'polderbaan,"""18R/36L 'Polderbaan'""",2,2,1,18r/36l 'polderbaan,2,1.0,False,"{""18r/36l 'polderbaan"": 2}"
ca,Catalan,entity_or_value,19.94 (kilometreperseconds),19.94 (kilometrePerSeconds),2,3,1,19.94 (quilòmetrepersegons),3,1.0,False,"{""19.94 (quilòmetrepersegons)"": 3}"
ca,Catalan,entity_or_value,1901-03-04,1901-03-04,2,12,1,1901-03-04,12,1.0,False,"{""1901-03-04"": 12}"
ca,Catalan,entity_or_value,1901-07-01,1901-07-01,2,4,1,1901-07-01,4,1.0,False,"{""1901-07-01"": 4}"
ca,Catalan,entity_or_value,1904,1904,2,19,1,1904,19,1.0,False,"{""1904"": 19}"
ca,Catalan,entity_or_value,1905-03-04,1905-03-04,2,18,1,1905-03-04,18,1.0,False,"{""1905-03-04"": 18}"
ca,Catalan,entity_or_value,1907-07-11,"""1907-07-11""",2,27,1,1907-07-11,27,1.0,False,"{""1907-07-11"": 27}"
ca,Catalan,entity_or_value,1908-05-02,1908-05-02,2,29,1,1908-05-02,29,1.0,False,"{""1908-05-02"": 29}"
ca,Catalan,entity_or_value,1910-12-25,1910-12-25,2,2,1,1910-12-25,2,1.0,False,"{""1910-12-25"": 2}"
ca,Catalan,entity_or_value,1911,1911,2,8,1,1911,8,1.0,False,"{""1911"": 8}"
ca,Catalan,entity_or_value,1911-01-01,1911-01-01,2,2,1,1911-01-01,2,1.0,False,"{""1911-01-01"": 2}"
ca,Catalan,entity_or_value,1913,1913,2,17,1,1913,17,1.0,False,"{""1913"": 17}"
ca,Catalan,entity_or_value,1913-01-01,1913-01-01,2,31,1,1913-01-01,31,1.0,False,"{""1913-01-01"": 31}"
ca,Catalan,entity_or_value,1913-05-05,1913-05-05,2,5,1,1913-05-05,5,1.0,False,"{""1913-05-05"": 5}"
ca,Catalan,entity_or_value,1914,1914,2,10,1,1914,10,1.0,False,"{""1914"": 10}"
ca,Catalan,entity_or_value,1920-01-01,1920-01-01,2,3,1,1920-01-01,3,1.0,False,"{""1920-01-01"": 3}"
ca,Catalan,entity_or_value,1920-08-16,1920-08-16,2,23,1,1920-08-16,23,1.0,False,"{""1920-08-16"": 23}"
ca,Catalan,entity_or_value,192000.0 (millimetres),192000.0 (millimetres),2,7,1,192000.0 (mil·límetres),7,1.0,False,"{""192000.0 (mil·límetres)"": 7}"
ca,Catalan,entity_or_value,1921-04-11,1921-04-11,2,4,1,1921-04-11,4,1.0,False,"{""1921-04-11"": 4}"
ca,Catalan,entity_or_value,1923,1923,2,5,1,1923,5,1.0,False,"{""1923"": 5}"
ca,Catalan,entity_or_value,1923 nz1951 ob,"""1923 NZ1951 OB""",2,5,1,1923 nz1951 ob,5,1.0,False,"{""1923 nz1951 ob"": 5}"
ca,Catalan,entity_or_value,1923 oaa907 xc,"""1923 OAA907 XC""",2,6,1,1923 oaa907 xc,6,1.0,False,"{""1923 oaa907 xc"": 6}"
ca,Catalan,entity_or_value,1923-11-18,"""1923-11-18""",2,71,1,1923-11-18,71,1.0,False,"{""1923-11-18"": 71}"
ca,Catalan,entity_or_value,19238,19238,2,14,1,19238,14,1.0,False,"{""19238"": 14}"
ca,Catalan,entity_or_value,1927,"""1927""",2,12,1,1927,12,1.0,False,"{""1927"": 12}"
ca,Catalan,entity_or_value,1927-07-23,"""1927-07-23""",2,42,1,1927-07-23,42,1.0,False,"{""1927-07-23"": 42}"
ca,Catalan,entity_or_value,1928,1928,2,41,1,1928,41,1.0,False,"{""1928"": 41}"
ca,Catalan,entity_or_value,1928 pc,"""1928 PC""",2,5,1,1928 pc,5,1.0,False,"{""1928 pc"": 5}"
ca,Catalan,entity_or_value,1928 rq,"""1928 RQ""",2,6,1,1928 rq,6,1.0,False,"{""1928 rq"": 6}"
ca,Catalan,entity_or_value,1928 sj,"""1928 SJ""",2,5,1,1928 sj,5,1.0,False,"{""1928 sj"": 5}"
ca,Catalan,entity_or_value,1929,1929,2,5,1,1929,5,1.0,False,"{""1929"": 5}"
ca,Catalan,entity_or_value,1929-06-11,1929-06-11,2,23,1,1929-06-11,23,1.0,False,"{""1929-06-11"": 23}"
ca,Catalan,entity_or_value,1930,1930,2,5,1,1930,5,1.0,False,"{""1930"": 5}"
ca,Catalan,entity_or_value,1930 st; 1952 he4,"""1930 ST; 1952 HE4""",2,6,1,1930 st; 1952 he4,6,1.0,False,"{""1930 st; 1952 he4"": 6}"
ca,Catalan,entity_or_value,1930-01-20,"""1930-01-20""",2,38,1,1930-01-20,38,1.0,False,"{""1930-01-20"": 38}"
ca,Catalan,entity_or_value,1931,1931,2,17,1,1931,17,1.0,False,"{""1931"": 17}"
ca,Catalan,entity_or_value,1932-03-15,"""1932-03-15""",2,36,1,1932-03-15,36,1.0,False,"{""1932-03-15"": 36}"
ca,Catalan,entity_or_value,1932-07-27,"""1932-07-27""",2,32,1,1932-07-27,32,1.0,False,"{""1932-07-27"": 32}"
ca,Catalan,entity_or_value,1933-10-17,"""1933-10-17""",2,36,1,1933-10-17,36,1.0,False,"{""1933-10-17"": 36}"
ca,Catalan,entity_or_value,1934-01-01,1934-01-01,2,15,1,1934-01-01,15,1.0,False,"{""1934-01-01"": 15}"
ca,Catalan,entity_or_value,1935,1935,2,2,1,1935,2,1.0,False,"{""1935"": 2}"
ca,Catalan,entity_or_value,1936-05-21,1936-05-21,2,9,1,1936-05-21,9,1.0,False,"{""1936-05-21"": 9}"
ca,Catalan,entity_or_value,1937,1937,2,4,1,1937,4,1.0,False,"{""1937"": 4}"
ca,Catalan,entity_or_value,1937-04-27,1937-04-27,2,18,1,1937-04-27,18,1.0,False,"{""1937-04-27"": 18}"
ca,Catalan,entity_or_value,1939-01-03,1939-01-03,2,6,1,1939-01-03,6,1.0,False,"{""1939-01-03"": 6}"
ca,Catalan,entity_or_value,1939-12-08,1939-12-08,2,2,1,1939-12-08,2,1.0,False,"{""1939-12-08"": 2}"
ca,Catalan,entity_or_value,1941,1941,2,5,1,1941,5,1.0,False,"{""1941"": 5}"
ca,Catalan,entity_or_value,1941-07-03,1941-07-03,2,7,1,1941-07-03,7,1.0,False,"{""1941-07-03"": 7}"
ca,Catalan,entity_or_value,1942-01-01,1942-01-01,2,15,1,1942-01-01,15,1.0,False,"{""1942-01-01"": 15}"
ca,Catalan,entity_or_value,1944-07-28,1944-07-28,2,15,1,1944-07-28,15,1.0,False,"{""1944-07-28"": 15}"
ca,Catalan,entity_or_value,1946-12-17,1946-12-17,2,2,1,1946-12-17,2,1.0,False,"{""1946-12-17"": 2}"
ca,Catalan,entity_or_value,1947-01-01,1947-01-01,2,2,1,1947-01-01,2,1.0,False,"{""1947-01-01"": 2}"
ca,Catalan,entity_or_value,1947-03-13,1947-03-13,2,5,1,1947-03-13,5,1.0,False,"{""1947-03-13"": 5}"
ca,Catalan,entity_or_value,1948,1948,2,4,1,1948,4,1.0,False,"{""1948"": 4}"
ca,Catalan,entity_or_value,1949-07-11,1949-07-11,2,2,1,1949-07-11,2,1.0,False,"{""1949-07-11"": 2}"
ca,Catalan,entity_or_value,1950-01-26,1950-01-26,2,2,1,1950-01-26,2,1.0,False,"{""1950-01-26"": 2}"
ca,Catalan,entity_or_value,1953-01-01,1953-01-01,2,2,1,1953-01-01,2,1.0,False,"{""1953-01-01"": 2}"
ca,Catalan,entity_or_value,1953-06-30,1953-06-30,2,9,1,1953-06-30,9,1.0,False,"{""1953-06-30"": 9}"
ca,Catalan,entity_or_value,1954-07-29,1954-07-29,2,11,1,1954-07-29,11,1.0,False,"{""1954-07-29"": 11}"
ca,Catalan,entity_or_value,1955 dodge,1955_Dodge,2,120,1,dodge de 1955,120,1.0,False,"{""dodge de 1955"": 120}"
ca,Catalan,entity_or_value,1955-04-06,1955-04-06,2,2,1,1955-04-06,2,1.0,False,"{""1955-04-06"": 2}"
ca,Catalan,entity_or_value,1956,1956,2,2,1,1956,2,1.0,False,"{""1956"": 2}"
ca,Catalan,entity_or_value,1958,1958,2,15,1,1958,15,1.0,False,"{""1958"": 15}"
ca,Catalan,entity_or_value,1958-01-01,1958-01-01,2,15,1,1958-01-01,15,1.0,False,"{""1958-01-01"": 15}"
ca,Catalan,entity_or_value,1958-11-02,1958-11-02,2,2,1,1958-11-02,2,1.0,False,"{""1958-11-02"": 2}"
ca,Catalan,entity_or_value,1959,1959,2,28,1,1959,28,1.0,False,"{""1959"": 28}"
ca,Catalan,entity_or_value,1959-01-01,1959-01-01,2,14,1,1959-01-01,14,1.0,False,"{""1959-01-01"": 14}"
ca,Catalan,entity_or_value,1960,1960,2,2,1,1960,2,1.0,False,"{""1960"": 2}"
ca,Catalan,entity_or_value,1961,1961,2,6,1,1961,6,1.0,False,"{""1961"": 6}"
ca,Catalan,entity_or_value,1962,1962,2,23,1,1962,23,1.0,False,"{""1962"": 23}"
ca,Catalan,entity_or_value,1963,1963,2,124,1,1963,124,1.0,False,"{""1963"": 124}"
ca,Catalan,entity_or_value,1964,1964,2,7,1,1964,7,1.0,False,"{""1964"": 7}"
ca,Catalan,entity_or_value,1964-10-13,1964-10-13,2,11,1,1964-10-13,11,1.0,False,"{""1964-10-13"": 11}"
ca,Catalan,entity_or_value,1965-01-03,1965-01-03,2,3,1,1965-01-03,3,1.0,False,"{""1965-01-03"": 3}"
ca,Catalan,entity_or_value,1966,1966,2,10,1,1966,10,1.0,False,"{""1966"": 10}"
ca,Catalan,entity_or_value,1966-02-28,"""1966-02-28""",2,32,1,1966-02-28,32,1.0,False,"{""1966-02-28"": 32}"
ca,Catalan,entity_or_value,1967 ed,"""1967 ED""",2,5,1,1967 ed,5,1.0,False,"{""1967 ed"": 5}"
ca,Catalan,entity_or_value,1969-01-25,1969-01-25,2,5,1,1969-01-25,5,1.0,False,"{""1969-01-25"": 5}"
ca,Catalan,entity_or_value,1969-09-01,"""1969-09-01""",2,40,1,1969-09-01,40,1.0,False,"{""1969-09-01"": 40}"
ca,Catalan,entity_or_value,1969: the velvet underground live,1969:_The_Velvet_Underground_Live,2,2,1,1969: the velvet underground live,2,1.0,False,"{""1969: the velvet underground live"": 2}"
ca,Catalan,entity_or_value,1970-03-08,1970-03-08,2,2,1,1970-03-08,2,1.0,False,"{""1970-03-08"": 2}"
ca,Catalan,entity_or_value,1971,1971,2,14,1,1971,14,1.0,False,"{""1971"": 14}"
ca,Catalan,entity_or_value,1971-07-01,"""1971-07-01""",2,3,1,1971-07-01,3,1.0,False,"{""1971-07-01"": 3}"
ca,Catalan,entity_or_value,1972,1972,2,11,1,1972,11,1.0,False,"{""1972"": 11}"
ca,Catalan,entity_or_value,1972550.0,1972550.0,2,2,1,1972550.0,2,1.0,False,"{""1972550.0"": 2}"
ca,Catalan,entity_or_value,1973,"""1973""",2,2,1,1973,2,1.0,False,"{""1973"": 2}"
ca,Catalan,entity_or_value,1974,1974,2,9,1,1974,9,1.0,False,"{""1974"": 9}"
ca,Catalan,entity_or_value,1974-03-04,1974-03-04,2,8,1,1974-03-04,8,1.0,False,"{""1974-03-04"": 8}"
ca,Catalan,entity_or_value,1974-08-01,"""1974-08-01""",2,24,1,1974-08-01,24,1.0,False,"{""1974-08-01"": 24}"
ca,Catalan,entity_or_value,1976,1976,2,17,1,1976,17,1.0,False,"{""1976"": 17}"
ca,Catalan,entity_or_value,1976-07-01,1976-07-01,2,4,1,1976-07-01,4,1.0,False,"{""1976-07-01"": 4}"
ca,Catalan,entity_or_value,1977-01-01,1977-01-01,2,2,1,1977-01-01,2,1.0,False,"{""1977-01-01"": 2}"
ca,Catalan,entity_or_value,1977-11-30,1977-11-30,2,2,1,1977-11-30,2,1.0,False,"{""1977-11-30"": 2}"
ca,Catalan,entity_or_value,1978,"""1978""",2,2,1,1978,2,1.0,False,"{""1978"": 2}"
ca,Catalan,entity_or_value,1978-11-12,1978-11-12,2,3,1,1978-11-12,3,1.0,False,"{""1978-11-12"": 3}"
ca,Catalan,entity_or_value,1979-03-30,1979-03-30,2,23,1,1979-03-30,23,1.0,False,"{""1979-03-30"": 23}"
ca,Catalan,entity_or_value,1980-04-23,"""1980-04-23""",2,17,1,1980-04-23,17,1.0,False,"{""1980-04-23"": 17}"
ca,Catalan,entity_or_value,1981,1981,2,16,1,1981,16,1.0,False,"{""1981"": 16}"
ca,Catalan,entity_or_value,1981-04-03,1981-04-03,2,2,1,1981-04-03,2,1.0,False,"{""1981-04-03"": 2}"
ca,Catalan,entity_or_value,1982,1982,2,8,1,1982,8,1.0,False,"{""1982"": 8}"
ca,Catalan,entity_or_value,1982-07-23,1982-07-23,2,6,1,1982-07-23,6,1.0,False,"{""1982-07-23"": 6}"
ca,Catalan,entity_or_value,1982.0,1982.0,2,7,1,1982.0,7,1.0,False,"{""1982.0"": 7}"
ca,Catalan,entity_or_value,1983,1983,2,11,1,1983,11,1.0,False,"{""1983"": 11}"
ca,Catalan,entity_or_value,1983-10-03,"""1983-10-03""",2,35,1,1983-10-03,35,1.0,False,"{""1983-10-03"": 35}"
ca,Catalan,entity_or_value,1985,1985,2,11,1,1985,11,1.0,False,"{""1985"": 11}"
ca,Catalan,entity_or_value,1986,1986,2,37,1,1986,37,1.0,False,"{""1986"": 37}"
ca,Catalan,entity_or_value,1986 united states bombing of libya,1986_United_States_bombing_of_Libya,2,8,1,operació el dorado canyon,8,1.0,False,"{""operació el dorado canyon"": 8}"
ca,Catalan,entity_or_value,1986-04-15,"""1986-04-15""",2,18,1,1986-04-15,18,1.0,False,"{""1986-04-15"": 18}"
ca,Catalan,entity_or_value,1986-08-11,1986-08-11,2,4,1,1986-08-11,4,1.0,False,"{""1986-08-11"": 4}"
ca,Catalan,entity_or_value,1986-10-12,1986-10-12,2,5,1,1986-10-12,5,1.0,False,"{""1986-10-12"": 5}"
ca,Catalan,entity_or_value,1987,1987,2,16,1,1987,16,1.0,False,"{""1987"": 16}"
ca,Catalan,entity_or_value,1987-02-27,"""1987-02-27""",2,13,1,1987-02-27,13,1.0,False,"{""1987-02-27"": 13}"
ca,Catalan,entity_or_value,1987-08-25,1987-08-25,2,8,1,1987-08-25,8,1.0,False,"{""1987-08-25"": 8}"
ca,Catalan,entity_or_value,1987-09-27,1987-09-27,2,12,1,1987-09-27,12,1.0,False,"{""1987-09-27"": 12}"
ca,Catalan,entity_or_value,1988,1988,2,6,1,1988,6,1.0,False,"{""1988"": 6}"
ca,Catalan,entity_or_value,1988-01-08,1988-01-08,2,6,1,1988-01-08,6,1.0,False,"{""1988-01-08"": 6}"
ca,Catalan,entity_or_value,1988-11-22,"""1988-11-22""",2,5,1,1988-11-22,5,1.0,False,"{""1988-11-22"": 5}"
ca,Catalan,entity_or_value,198803.0,198803.0,2,2,1,198803.0,2,1.0,False,"{""198803.0"": 2}"
ca,Catalan,entity_or_value,1989,1989,2,24,1,1989,24,1.0,False,"{""1989"": 24}"
ca,Catalan,entity_or_value,1989-01-01,1989-01-01,2,13,1,1989-01-01,13,1.0,False,"{""1989-01-01"": 13}"
ca,Catalan,entity_or_value,1989-02-24,1989-02-24,2,19,1,1989-02-24,19,1.0,False,"{""1989-02-24"": 19}"
ca,Catalan,entity_or_value,1989-05-09,1989-05-09,2,3,1,1989-05-09,3,1.0,False,"{""1989-05-09"": 3}"
ca,Catalan,entity_or_value,1989-07-10,1989-07-10,2,15,1,1989-07-10,15,1.0,False,"{""1989-07-10"": 15}"
ca,Catalan,entity_or_value,1990,1990,2,11,1,1990,11,1.0,False,"{""1990"": 11}"
ca,Catalan,entity_or_value,1991-12-09,1991-12-09,2,8,1,1991-12-09,8,1.0,False,"{""1991-12-09"": 8}"
ca,Catalan,entity_or_value,1994,1994,2,5,1,1994,5,1.0,False,"{""1994"": 5}"
ca,Catalan,entity_or_value,1994-06-14,1994-06-14,2,27,1,1994-06-14,27,1.0,False,"{""1994-06-14"": 27}"
ca,Catalan,entity_or_value,1995,1995,2,47,1,1995,47,1.0,False,"{""1995"": 47}"
ca,Catalan,entity_or_value,1995-09-02,1995-09-02,2,8,1,1995-09-02,8,1.0,False,"{""1995-09-02"": 8}"
ca,Catalan,entity_or_value,1996,1996,2,46,1,1996,46,1.0,False,"{""1996"": 46}"
ca,Catalan,entity_or_value,1996-05-30,1996-05-30,2,7,1,1996-05-30,7,1.0,False,"{""1996-05-30"": 7}"
ca,Catalan,entity_or_value,1996-06-04,1996-06-04,2,7,1,1996-06-04,7,1.0,False,"{""1996-06-04"": 7}"
ca,Catalan,entity_or_value,1997,1997,2,22,1,1997,22,1.0,False,"{""1997"": 22}"
ca,Catalan,entity_or_value,1998,1998,2,5,1,1998,5,1.0,False,"{""1998"": 5}"
ca,Catalan,entity_or_value,1998-03-16,1998-03-16,2,9,1,1998-03-16,9,1.0,False,"{""1998-03-16"": 9}"
ca,Catalan,entity_or_value,1998-07-21,"""1998-07-21""",2,17,1,1998-07-21,17,1.0,False,"{""1998-07-21"": 17}"
ca,Catalan,entity_or_value,1999,1999,2,3,1,1999,3,1.0,False,"{""1999"": 3}"
ca,Catalan,entity_or_value,1999 sn5,"""1999 SN5""",2,9,1,1999 sn5,9,1.0,False,"{""1999 sn5"": 9}"
ca,Catalan,entity_or_value,1999-05-29,1999-05-29,2,2,1,1999-05-29,2,1.0,False,"{""1999-05-29"": 2}"
ca,Catalan,entity_or_value,1st regiment new mexico volunteer cavalry,1st_Regiment_New_Mexico_Volunteer_Cavalry,2,2,1,1r regiment de cavalleria voluntària de nou mèxic,2,1.0,False,"{""1r regiment de cavalleria voluntària de nou mèxic"": 2}"
ca,Catalan,entity_or_value,2,2,2,15,1,2,15,1.0,False,"{""2"": 15}"
ca,Catalan,entity_or_value,2 × mtu 16v 2000 m60 engine,"""2 × MTU 16V 2000 M60 engine""",2,3,1,2 × motor mtu 16v 2000 m60,3,1.0,False,"{""2 × motor mtu 16v 2000 m60"": 3}"
ca,Catalan,entity_or_value,2.0 (grampercubiccentimetres),2.0 (gramPerCubicCentimetres),2,12,1,2.0 (grams per centímetre cúbic),12,1.0,False,"{""2.0 (grams per centímetre cúbic)"": 12}"
ca,Catalan,entity_or_value,2.032,2.032,2,2,1,2.032,2,1.0,False,"{""2.032"": 2}"
ca,Catalan,entity_or_value,2.4 (litres),2.4 (litres),2,3,1,2.4 (litres),3,1.0,False,"{""2.4 (litres)"": 3}"
ca,Catalan,entity_or_value,2.5 (litres),2.5 (litres),2,2,1,2.5 (litres),2,1.0,False,"{""2.5 (litres)"": 2}"
ca,Catalan,entity_or_value,2.7 (kilograms),2.7 (kilograms),2,10,1,2.7 (quilograms),10,1.0,False,"{""2.7 (quilograms)"": 10}"
ca,Catalan,entity_or_value,2/20,"""2/20""",2,2,1,2/20,2,1.0,False,"{""2/20"": 2}"
ca,Catalan,entity_or_value,20,20,2,16,1,20,16,1.0,False,"{""20"": 16}"
ca,Catalan,entity_or_value,20 fenchurch street,20_Fenchurch_Street,2,57,1,20 fenchurch street,57,1.0,False,"{""20 fenchurch street"": 57}"
ca,Catalan,entity_or_value,200 public square,200_Public_Square,2,84,1,200 plaça pública,84,1.0,False,"{""200 plaça pública"": 84}"
ca,Catalan,entity_or_value,2000,2000,2,135,1,2000,135,1.0,False,"{""2000"": 135}"
ca,Catalan,entity_or_value,2000-01-01,2000-01-01,2,18,1,2000-01-01,18,1.0,False,"{""2000-01-01"": 18}"
ca,Catalan,entity_or_value,2000000.0,2000000.0,2,7,1,2000000.0,7,1.0,False,"{""2000000.0"": 7}"
ca,Catalan,entity_or_value,2001,2001,2,21,1,2001,21,1.0,False,"{""2001"": 21}"
ca,Catalan,entity_or_value,2001-01-01,2001-01-01,2,27,1,2001-01-01,27,1.0,False,"{""2001-01-01"": 27}"
ca,Catalan,entity_or_value,2001-03-01,2001-03-01,2,4,1,2001-03-01,4,1.0,False,"{""2001-03-01"": 4}"
ca,Catalan,entity_or_value,2001-10-16,2001-10-16,2,9,1,2001-10-16,9,1.0,False,"{""2001-10-16"": 9}"
ca,Catalan,entity_or_value,2002-12-05,2002-12-05,2,4,1,2002-12-05,4,1.0,False,"{""2002-12-05"": 4}"
ca,Catalan,entity_or_value,2002-12-11,2002-12-11,2,2,1,2002-12-11,2,1.0,False,"{""2002-12-11"": 2}"
ca,Catalan,entity_or_value,2003,2003,2,10,1,2003,10,1.0,False,"{""2003"": 10}"
ca,Catalan,entity_or_value,2003-01-01,2003-01-01,2,2,1,2003-01-01,2,1.0,False,"{""2003-01-01"": 2}"
ca,Catalan,entity_or_value,2003-09-27,2003-09-27,2,5,1,2003-09-27,5,1.0,False,"{""2003-09-27"": 5}"
ca,Catalan,entity_or_value,2003.0,2003.0,2,2,1,2003.0,2,1.0,False,"{""2003.0"": 2}"
ca,Catalan,entity_or_value,2004,2004,2,2,1,2004,2,1.0,False,"{""2004"": 2}"
ca,Catalan,entity_or_value,2004-01-22,2004-01-22,2,4,1,2004-01-22,4,1.0,False,"{""2004-01-22"": 4}"
ca,Catalan,entity_or_value,2004-03-02,2004-03-02,2,5,1,2004-03-02,5,1.0,False,"{""2004-03-02"": 5}"
ca,Catalan,entity_or_value,2004-07-14,2004-07-14,2,17,1,2004-07-14,17,1.0,False,"{""2004-07-14"": 17}"
ca,Catalan,entity_or_value,2004-08-31,2004-08-31,2,3,1,2004-08-31,3,1.0,False,"{""2004-08-31"": 3}"
ca,Catalan,entity_or_value,2004-10-22,2004-10-22,2,3,1,2004-10-22,3,1.0,False,"{""2004-10-22"": 3}"
ca,Catalan,entity_or_value,2004-12-16,2004-12-16,2,2,1,2004-12-16,2,1.0,False,"{""2004-12-16"": 2}"
ca,Catalan,entity_or_value,2004-12-18,2004-12-18,2,6,1,2004-12-18,6,1.0,False,"{""2004-12-18"": 6}"
ca,Catalan,entity_or_value,2005,2005,2,6,1,2005,6,1.0,False,"{""2005"": 6}"
ca,Catalan,entity_or_value,2005-04-06,2005-04-06,2,3,1,2005-04-06,3,1.0,False,"{""2005-04-06"": 3}"
ca,Catalan,entity_or_value,2005-04-07,2005-04-07,2,2,1,2005-04-07,2,1.0,False,"{""2005-04-07"": 2}"
ca,Catalan,entity_or_value,2005-05-05,2005-05-05,2,20,1,2005-05-05,20,1.0,False,"{""2005-05-05"": 20}"
ca,Catalan,entity_or_value,2005-08-11,2005-08-11,2,7,1,2005-08-11,7,1.0,False,"{""2005-08-11"": 7}"
ca,Catalan,entity_or_value,2005-11-26,2005-11-26,2,45,1,2005-11-26,45,1.0,False,"{""2005-11-26"": 45}"
ca,Catalan,entity_or_value,2006,2006,2,12,1,2006,12,1.0,False,"{""2006"": 12}"
ca,Catalan,entity_or_value,2006-03-06,2006-03-06,2,21,1,2006-03-06,21,1.0,False,"{""2006-03-06"": 21}"
ca,Catalan,entity_or_value,2006-09-06,2006-09-06,2,22,1,2006-09-06,22,1.0,False,"{""2006-09-06"": 22}"
ca,Catalan,entity_or_value,2006-12-31,2006-12-31,2,137,1,2006-12-31,137,1.0,False,"{""2006-12-31"": 137}"
ca,Catalan,entity_or_value,2008-03-09,2008-03-09,2,3,1,2008-03-09,3,1.0,False,"{""2008-03-09"": 3}"
ca,Catalan,entity_or_value,2008-12-17,2008-12-17,2,2,1,2008-12-17,2,1.0,False,"{""2008-12-17"": 2}"
ca,Catalan,entity_or_value,2009,2009,2,25,1,2009,25,1.0,False,"{""2009"": 25}"
ca,Catalan,entity_or_value,2009-03-22,2009-03-22,2,17,1,2009-03-22,17,1.0,False,"{""2009-03-22"": 17}"
ca,Catalan,entity_or_value,2009-04-04,2009-04-04,2,10,1,2009-04-04,10,1.0,False,"{""2009-04-04"": 10}"
ca,Catalan,entity_or_value,2009-06-01,2009-06-01,2,29,1,2009-06-01,29,1.0,False,"{""2009-06-01"": 29}"
ca,Catalan,entity_or_value,2009-10-02,"""2009-10-02""",2,2,1,2009-10-02,2,1.0,False,"{""2009-10-02"": 2}"
ca,Catalan,entity_or_value,2009-12-18,2009-12-18,2,21,1,2009-12-18,21,1.0,False,"{""2009-12-18"": 21}"
ca,Catalan,entity_or_value,2011,2011,2,15,1,2011,15,1.0,False,"{""2011"": 15}"
ca,Catalan,entity_or_value,2011 pdl season,2011_PDL_season,2,4,1,temporada 2011 de la pdl,4,1.0,False,"{""temporada 2011 de la pdl"": 4}"
ca,Catalan,entity_or_value,2011-08-27,2011-08-27,2,11,1,2011-08-27,11,1.0,False,"{""2011-08-27"": 11}"
ca,Catalan,entity_or_value,2011-aug-27,2011-Aug-27,2,8,1,27 d'agost de 2011,8,1.0,False,"{""27 d'agost de 2011"": 8}"
ca,Catalan,entity_or_value,2012-12-27,2012-12-27,2,9,1,2012-12-27,9,1.0,False,"{""2012-12-27"": 9}"
ca,Catalan,entity_or_value,2013-029a,2013-029A,2,2,1,2013-02-09.. (anglès),2,1.0,False,"{""2013-02-09.. (anglès)"": 2}"
ca,Catalan,entity_or_value,2013-03-16,2013-03-16,2,6,1,2013-03-16,6,1.0,False,"{""2013-03-16"": 6}"
ca,Catalan,entity_or_value,2013-03-17,2013-03-17,2,9,1,2013-03-17,9,1.0,False,"{""2013-03-17"": 9}"
ca,Catalan,entity_or_value,2013-04-21,2013-04-21,2,13,1,2013-04-21,13,1.0,False,"{""2013-04-21"": 13}"
ca,Catalan,entity_or_value,2013-09-18,2013-09-18,2,5,1,2013-09-18,5,1.0,False,"{""2013-09-18"": 5}"
ca,Catalan,entity_or_value,2013-09-28,"""2013-09-28""",2,2,1,2013-09-28,2,1.0,False,"{""2013-09-28"": 2}"
ca,Catalan,entity_or_value,2013-11-04,2013-11-04,2,20,1,2013-11-04,20,1.0,False,"{""2013-11-04"": 20}"
ca,Catalan,entity_or_value,2014,2014,2,54,1,2014,54,1.0,False,"{""2014"": 54}"
ca,Catalan,entity_or_value,2014-01-09,2014-01-09,2,10,1,2014-01-09,10,1.0,False,"{""2014-01-09"": 10}"
ca,Catalan,entity_or_value,2014-07-13,2014-07-13,2,12,1,2014-07-13,12,1.0,False,"{""2014-07-13"": 12}"
ca,Catalan,entity_or_value,2014-10-28,2014-10-28,2,13,1,2014-10-28,13,1.0,False,"{""2014-10-28"": 13}"
ca,Catalan,entity_or_value,2014.0,2014.0,2,6,1,2014.0,6,1.0,False,"{""2014.0"": 6}"
ca,Catalan,entity_or_value,"2014–15 a epsth, greece","2014–15_A_EPSTH,_Greece",2,3,1,"2014-15 a epsth, grècia",3,1.0,False,"{""2014-15 a epsth, grècia"": 3}"
ca,Catalan,entity_or_value,2014–15 azerbaijan premier league,2014–15_Azerbaijan_Premier_League,2,5,1,201415 premier league d'azerbaidjan,5,1.0,False,"{""201415 premier league d'azerbaidjan"": 5}"
ca,Catalan,entity_or_value,2014–15 bundesliga,2014–15_Bundesliga,2,3,1,201415 bundesliga,3,1.0,False,"{""201415 bundesliga"": 3}"
ca,Catalan,entity_or_value,2014–15 eredivisie,2014–15_Eredivisie,2,4,1,eredivisie 2014-15,4,1.0,False,"{""eredivisie 2014-15"": 4}"
ca,Catalan,entity_or_value,2014–15 football conference,2014–15_Football_Conference,2,2,1,conferència de futbol 201415,2,1.0,False,"{""conferència de futbol 201415"": 2}"
ca,Catalan,entity_or_value,2014–15 football league (greece),2014–15_Football_League_(Greece),2,2,1,201415 football league (grècia),2,1.0,False,"{""201415 football league (grècia)"": 2}"
ca,Catalan,entity_or_value,2014–15 lega pro,2014–15_Lega_Pro,2,6,1,lega pro 2014-15,6,1.0,False,"{""lega pro 2014-15"": 6}"
ca,Catalan,entity_or_value,2014–15 north west counties football league,2014–15_North_West_Counties_Football_League,2,4,1,201415 north west counties football league,4,1.0,False,"{""201415 north west counties football league"": 4}"
ca,Catalan,entity_or_value,2014–15 regionalliga,2014–15_Regionalliga,2,2,1,2014-2015 (anglès),2,1.0,False,"{""2014-2015 (anglès)"": 2}"
ca,Catalan,entity_or_value,2014–15 russian premier league,2014–15_Russian_Premier_League,2,7,1,2014-15 primera divisió de rússia.,7,1.0,False,"{""2014-15 primera divisió de rússia."": 7}"
ca,Catalan,entity_or_value,2014–15 serie a,2014–15_Serie_A,2,11,1,serie a 2014-15,11,1.0,False,"{""serie a 2014-15"": 11}"
ca,Catalan,entity_or_value,2014–15 serie b,2014–15_Serie_B,2,5,1,201415 serie b,5,1.0,False,"{""201415 serie b"": 5}"
ca,Catalan,entity_or_value,2014–15 topklasse,2014–15_Topklasse,2,5,1,2014-15 segona divisió.,5,1.0,False,"{""2014-15 segona divisió."": 5}"
ca,Catalan,entity_or_value,2015,2015,2,21,1,2015,21,1.0,False,"{""2015"": 21}"
ca,Catalan,entity_or_value,2015 campeonato brasileiro série c,2015_Campeonato_Brasileiro_Série_C,2,19,1,2015 campeonato brasileiro série c,19,1.0,False,"{""2015 campeonato brasileiro série c"": 19}"
ca,Catalan,entity_or_value,2015-06-27,2015-06-27,2,65,1,2015-06-27,65,1.0,False,"{""2015-06-27"": 65}"
ca,Catalan,entity_or_value,20378.5,20378.5,2,13,1,20378.5,13,1.0,False,"{""20378.5"": 13}"
ca,Catalan,entity_or_value,204.0,204.0,2,2,1,204.0,2,1.0,False,"{""204.0"": 2}"
ca,Catalan,entity_or_value,21.2,21.2,2,17,1,21.2,17,1.0,False,"{""21.2"": 17}"
ca,Catalan,entity_or_value,210,210,2,23,1,210,23,1.0,False,"{""210"": 23}"
ca,Catalan,entity_or_value,21000,21000,2,2,1,21000,2,1.0,False,"{""21000"": 2}"
ca,Catalan,entity_or_value,211,211,2,16,1,211,16,1.0,False,"{""211"": 16}"
ca,Catalan,entity_or_value,211.0 (kelvins),211.0 (kelvins),2,2,1,211.0 (kelvins),2,1.0,False,"{""211.0 (kelvins)"": 2}"
ca,Catalan,entity_or_value,211200000,211200000,2,8,1,211200000,8,1.0,False,"{""211200000"": 8}"
ca,Catalan,entity_or_value,214.0,214.0,2,4,1,214.0,4,1.0,False,"{""214.0"": 4}"
ca,Catalan,entity_or_value,2158-3226,"""2158-3226""",2,3,1,2158-3226,3,1.0,False,"{""2158-3226"": 3}"
ca,Catalan,entity_or_value,2160.0 (millimetres),2160.0 (millimetres),2,15,1,2160.0 (mil·límetres),15,1.0,False,"{""2160.0 (mil·límetres)"": 15}"
ca,Catalan,entity_or_value,2194.0,2194.0,2,7,1,2194.0,7,1.0,False,"{""2194.0"": 7}"
ca,Catalan,entity_or_value,2195.0,2195.0,2,5,1,2195.0,5,1.0,False,"{""2195.0"": 5}"
ca,Catalan,entity_or_value,22,22,2,5,1,22,5,1.0,False,"{""22"": 5}"
ca,Catalan,entity_or_value,2215.0,2215.0,2,10,1,2215.0,10,1.0,False,"{""2215.0"": 10}"
ca,Catalan,entity_or_value,22591.38,22591.38,2,2,1,22591.38,2,1.0,False,"{""22591.38"": 2}"
ca,Catalan,entity_or_value,229,229,2,2,1,229,2,1.0,False,"{""229"": 2}"
ca,Catalan,entity_or_value,23,23,2,31,1,23,31,1.0,False,"{""23"": 31}"
ca,Catalan,entity_or_value,23.0,23.0,2,12,1,23.0,12,1.0,False,"{""23.0"": 12}"
ca,Catalan,entity_or_value,23.8,23.8,2,2,1,23.8,2,1.0,False,"{""23.8"": 2}"
ca,Catalan,entity_or_value,230 (cubic inches),230 (cubic inches),2,4,1,230 (pulgades cúbiques),4,1.0,False,"{""230 (pulgades cúbiques)"": 4}"
ca,Catalan,entity_or_value,230.05,230.05,2,18,1,230.05,18,1.0,False,"{""230.05"": 18}"
ca,Catalan,entity_or_value,233,"""233""",2,3,1,233,3,1.0,False,"{""233"": 3}"
ca,Catalan,entity_or_value,233.9 (square kilometres),233.9 (square kilometres),2,7,1,"233,9 (kilòmetres quadrats)",7,1.0,False,"{""233,9 (kilòmetres quadrats)"": 7}"
ca,Catalan,entity_or_value,"234, 330","234, 330",2,3,1,"234, 330",3,1.0,False,"{""234, 330"": 3}"
ca,Catalan,entity_or_value,2368.05 (days),2368.05 (days),2,7,1,2368.05 (dies),7,1.0,False,"{""2368.05 (dies)"": 7}"
ca,Catalan,entity_or_value,23900,23900,2,10,1,23900,10,1.0,False,"{""23900"": 10}"
ca,Catalan,entity_or_value,23rd street (manhattan),23rd_Street_(Manhattan),2,7,1,23rd street (manhattan),7,1.0,False,"{""23rd street (manhattan)"": 7}"
ca,Catalan,entity_or_value,24.0,24.0,2,13,1,24.0,13,1.0,False,"{""24.0"": 13}"
ca,Catalan,entity_or_value,24.4,24.4,2,8,1,24.4,8,1.0,False,"{""24.4"": 8}"
ca,Catalan,entity_or_value,2439.0,2439.0,2,5,1,2439.0,5,1.0,False,"{""2439.0"": 5}"
ca,Catalan,entity_or_value,245.0,245.0,2,2,1,245.0,2,1.0,False,"{""245.0"": 2}"
ca,Catalan,entity_or_value,248,"""248""",2,3,1,248,3,1.0,False,"{""248"": 3}"
ca,Catalan,entity_or_value,25,25,2,2,1,25,2,1.0,False,"{""25"": 2}"
ca,Catalan,entity_or_value,25.0,25.0,2,14,1,25.0,14,1.0,False,"{""25.0"": 14}"
ca,Catalan,entity_or_value,25.2 (square kilometres),25.2 (square kilometres),2,2,1,"25,2 (kilòmetres quadrats)",2,1.0,False,"{""25,2 (kilòmetres quadrats)"": 2}"
ca,Catalan,entity_or_value,250,250,2,28,1,250,28,1.0,False,"{""250"": 28}"
ca,Catalan,entity_or_value,250 delaware avenue,250_Delaware_Avenue,2,113,1,250 delaware avenue,113,1.0,False,"{""250 delaware avenue"": 113}"
ca,Catalan,entity_or_value,250493000000.0,250493000000.0,2,2,1,250493000000.0,2,1.0,False,"{""250493000000.0"": 2}"
ca,Catalan,entity_or_value,252000.0 (millimetres),252000.0 (millimetres),2,24,1,252000.0 (mil·límetres),24,1.0,False,"{""252000.0 (mil·límetres)"": 24}"
ca,Catalan,entity_or_value,253260.0 (millimetres),253260.0 (millimetres),2,29,1,253260.0 (mil·límetres),29,1.0,False,"{""253260.0 (mil·límetres)"": 29}"
ca,Catalan,entity_or_value,254989570.60815 (kilometres),254989570.60815 (kilometres),2,13,1,254989570.60815 (kilòmetres),13,1.0,False,"{""254989570.60815 (kilòmetres)"": 13}"
ca,Catalan,entity_or_value,258.0 (kelvins),258.0 (kelvins),2,2,1,258. 0 (kelvin),2,1.0,False,"{""258. 0 (kelvin)"": 2}"
ca,Catalan,entity_or_value,258.2 (square kilometres),258.2 (square kilometres),2,4,1,258.2 (quilòmetres quadrats),4,1.0,False,"{""258.2 (quilòmetres quadrats)"": 4}"
ca,Catalan,entity_or_value,259776702.47055 (kilometres),259776702.47055 (kilometres),2,13,1,259776702.47055 (kilòmetres),13,1.0,False,"{""259776702.47055 (kilòmetres)"": 13}"
ca,Catalan,entity_or_value,260855000000.0,260855000000.0,2,19,1,260855000000.0,19,1.0,False,"{""260855000000.0"": 19}"
ca,Catalan,entity_or_value,265.0,265.0,2,2,1,265.0,2,1.0,False,"{""265.0"": 2}"
ca,Catalan,entity_or_value,265.0 (kelvins),265.0 (kelvins),2,6,1,265.0 (kelvins),6,1.0,False,"{""265.0 (kelvins)"": 6}"
ca,Catalan,entity_or_value,268.0,268.0,2,6,1,268.0,6,1.0,False,"{""268.0"": 6}"
ca,Catalan,entity_or_value,2691.0,2691.0,2,2,1,2691.0,2,1.0,False,"{""2691.0"": 2}"
ca,Catalan,entity_or_value,2702.0,2702.0,2,6,1,2702.0,6,1.0,False,"{""2702.0"": 6}"
ca,Catalan,entity_or_value,27250,27250,2,5,1,27250,5,1.0,False,"{""27250"": 5}"
ca,Catalan,entity_or_value,27367194,27367194,2,2,1,27367194,2,1.0,False,"{""27367194"": 2}"
ca,Catalan,entity_or_value,27400,27400,2,18,1,27400,18,1.0,False,"{""27400"": 18}"
ca,Catalan,entity_or_value,2743.0,2743.0,2,2,1,2743.0,2,1.0,False,"{""2743.0"": 2}"
ca,Catalan,entity_or_value,2744.0,2744.0,2,8,1,2744.0,8,1.0,False,"{""2744.0"": 8}"
ca,Catalan,entity_or_value,2776.0,2776.0,2,12,1,2776.0,12,1.0,False,"{""2776.0"": 12}"
ca,Catalan,entity_or_value,2777.0,2777.0,2,11,1,2777.0,11,1.0,False,"{""2777.0"": 11}"
ca,Catalan,entity_or_value,279142000000.0,279142000000.0,2,10,1,279142000000.0,10,1.0,False,"{""279142000000.0"": 10}"
ca,Catalan,entity_or_value,28.0 (metres),28.0 (metres),2,8,1,28.0 (metres),8,1.0,False,"{""28.0 (metres)"": 8}"
ca,Catalan,entity_or_value,280,280,2,16,1,280,16,1.0,False,"{""280"": 16}"
ca,Catalan,entity_or_value,282838.0,282838.0,2,14,1,282838.0,14,1.0,False,"{""282838.0"": 14}"
ca,Catalan,entity_or_value,283326000000.0,283326000000.0,2,8,1,283326000000.0,8,1.0,False,"{""283326000000.0"": 8}"
ca,Catalan,entity_or_value,286.5 (square kilometres),286.5 (square kilometres),2,5,1,"286,5 (kilòmetres quadrats)",5,1.0,False,"{""286,5 (kilòmetres quadrats)"": 5}"
ca,Catalan,entity_or_value,288749000000.0,288749000000.0,2,16,1,288749000000.0,16,1.0,False,"{""288749000000.0"": 16}"
ca,Catalan,entity_or_value,2900,2900,2,18,1,2900,18,1.0,False,"{""2900"": 18}"
ca,Catalan,entity_or_value,2900.0,2900.0,2,8,1,2900.0,8,1.0,False,"{""2900.0"": 8}"
ca,Catalan,entity_or_value,29000,29000,2,20,1,29000,20,1.0,False,"{""29000"": 20}"
ca,Catalan,entity_or_value,292,"""292""",2,9,1,292,9,1.0,False,"{""292"": 9}"
ca,Catalan,entity_or_value,2939,2939,2,2,1,2939,2,1.0,False,"{""2939"": 2}"
ca,Catalan,entity_or_value,295,295,2,24,1,295,24,1.0,False,"{""295"": 24}"
ca,Catalan,entity_or_value,2953,2953,2,2,1,2953,2,1.0,False,"{""2953"": 2}"
ca,Catalan,entity_or_value,296521000.0 (kilometres),296521000.0 (kilometres),2,11,1,296521000.0 (kilòmetres),11,1.0,False,"{""296521000.0 (kilòmetres)"": 11}"
ca,Catalan,entity_or_value,2988,2988,2,2,1,2988,2,1.0,False,"{""2988"": 2}"
ca,Catalan,entity_or_value,2989.0,2989.0,2,6,1,2989.0,6,1.0,False,"{""2989.0"": 6}"
ca,Catalan,entity_or_value,29919600000.0,29919600000.0,2,11,1,29919600000.0,11,1.0,False,"{""29919600000.0"": 11}"
ca,Catalan,entity_or_value,3,3,2,5,1,3,5,1.0,False,"{""3"": 5}"
ca,Catalan,entity_or_value,3-speed automatic,"""3-speed automatic""",2,9,1,automàtic de 3 velocitats,9,1.0,False,"{""automàtic de 3 velocitats"": 9}"
ca,Catalan,entity_or_value,3. liga,3._Liga,2,6,1,3. liga,6,1.0,False,"{""3. liga"": 6}"
ca,Catalan,entity_or_value,3.0 (kilograms),3.0 (kilograms),2,5,1,3.0 (quilograms),5,1.0,False,"{""3.0 (quilograms)"": 5}"
ca,Catalan,entity_or_value,3.04 m,3.04 m,2,14,1,3. 04 m,14,1.0,False,"{""3. 04 m"": 14}"
ca,Catalan,entity_or_value,3.16,3.16,2,19,1,3.16,19,1.0,False,"{""3.16"": 19}"
ca,Catalan,entity_or_value,3.5 (kilograms),3.5 (kilograms),2,3,1,3.5 (quilograms),3,1.0,False,"{""3.5 (quilograms)"": 3}"
ca,Catalan,entity_or_value,3.5 (litres),3.5 (litres),2,3,1,3.5 (litres),3,1.0,False,"{""3.5 (litres)"": 3}"
ca,Catalan,entity_or_value,3.8 m,3.8 m,2,12,1,"3,8 m",12,1.0,False,"{""3,8 m"": 12}"
ca,Catalan,entity_or_value,3.9 (metres),3.9 (metres),2,10,1,3.9 (metres),10,1.0,False,"{""3.9 (metres)"": 10}"
ca,Catalan,entity_or_value,3/21,"""3/21""",2,3,1,3/21,3,1.0,False,"{""3/21"": 3}"
ca,Catalan,entity_or_value,30 march 2007,"""30 March 2007""",2,19,1,30 de març de 2007,19,1.0,False,"{""30 de març de 2007"": 19}"
ca,Catalan,entity_or_value,300 north lasalle,300_North_LaSalle,2,84,1,300 north lasalle,84,1.0,False,"{""300 north lasalle"": 84}"
ca,Catalan,entity_or_value,3000,3000,2,9,1,3000,9,1.0,False,"{""3000"": 9}"
ca,Catalan,entity_or_value,3048.0,3048.0,2,7,1,3048.0,7,1.0,False,"{""3048.0"": 7}"
ca,Catalan,entity_or_value,306.0,306.0,2,4,1,306.0,4,1.0,False,"{""306.0"": 4}"
ca,Catalan,entity_or_value,3078.48,3078.48,2,7,1,3078.48,7,1.0,False,"{""3078.48"": 7}"
ca,Catalan,entity_or_value,30843.8 (square metres),30843.8 (square metres),2,13,1,30843.8 (metres quadrats),13,1.0,False,"{""30843.8 (metres quadrats)"": 13}"
ca,Catalan,entity_or_value,3090.0,3090.0,2,3,1,3090.0,3,1.0,False,"{""3090.0"": 3}"
ca,Catalan,entity_or_value,30955.0,30955.0,2,7,1,30955.0,7,1.0,False,"{""30955.0"": 7}"
ca,Catalan,entity_or_value,31 july 2016 (jd2457600.5),31 July 2016 (JD2457600.5),2,9,1,31 de juliol de 2016 (jd2457600.5),9,1.0,False,"{""31 de juliol de 2016 (jd2457600.5)"": 9}"
ca,Catalan,entity_or_value,31.48 tax horsepower,31.48 tax horsepower,2,9,1,31. 48 cavall- potència fiscal,9,1.0,False,"{""31. 48 cavall- potència fiscal"": 9}"
ca,Catalan,entity_or_value,3180,3180,2,16,1,3180,16,1.0,False,"{""3180"": 16}"
ca,Catalan,entity_or_value,318875313,318875313,2,7,1,318875313,7,1.0,False,"{""318875313"": 7}"
ca,Catalan,entity_or_value,32.2,32.2,2,20,1,32.2,20,1.0,False,"{""32.2"": 20}"
ca,Catalan,entity_or_value,320,"""320""",2,9,1,320,9,1.0,False,"{""320"": 9}"
ca,Catalan,entity_or_value,320 south boston building,320_South_Boston_Building,2,19,1,320 south boston building,19,1.0,False,"{""320 south boston building"": 19}"
ca,Catalan,entity_or_value,32024459,32024459,2,6,1,32024459,6,1.0,False,"{""32024459"": 6}"
ca,Catalan,entity_or_value,324.0,324.0,2,4,1,324.0,4,1.0,False,"{""324.0"": 4}"
ca,Catalan,entity_or_value,324720797,324720797,2,4,1,324720797,4,1.0,False,"{""324720797"": 4}"
ca,Catalan,entity_or_value,325,325,2,3,1,325,3,1.0,False,"{""325"": 3}"
ca,Catalan,entity_or_value,3287590000000.0,3287590000000.0,2,3,1,3287590000000.0,3,1.0,False,"{""3287590000000.0"": 3}"
ca,Catalan,entity_or_value,3300.0,3300.0,2,2,1,3300.0,2,1.0,False,"{""3300.0"": 2}"
ca,Catalan,entity_or_value,33012.0,33012.0,2,2,1,33012.0,2,1.0,False,"{""33012.0"": 2}"
ca,Catalan,entity_or_value,3310.0,3310.0,2,9,1,3310.0,9,1.0,False,"{""3310.0"": 9}"
ca,Catalan,entity_or_value,331683000.0 (kilometres),331683000.0 (kilometres),2,6,1,331683000.0 (kilòmetres),6,1.0,False,"{""331683000.0 (kilòmetres)"": 6}"
ca,Catalan,entity_or_value,334,334,2,3,1,334,3,1.0,False,"{""334"": 3}"
ca,Catalan,entity_or_value,3360.12,3360.12,2,6,1,3360.12,6,1.0,False,"{""3360.12"": 6}"
ca,Catalan,entity_or_value,336265,336265,2,5,1,336265,5,1.0,False,"{""336265"": 5}"
ca,Catalan,entity_or_value,34,34,2,8,1,34,8,1.0,False,"{""34"": 8}"
ca,Catalan,entity_or_value,34.0,34.0,2,18,1,34.0,18,1.0,False,"{""34.0"": 18}"
ca,Catalan,entity_or_value,3400.0,3400.0,2,3,1,3400.0,3,1.0,False,"{""3400.0"": 3}"
ca,Catalan,entity_or_value,344.9 (square kilometres),344.9 (square kilometres),2,9,1,"344,9 (kilòmetres quadrats)",9,1.0,False,"{""344,9 (kilòmetres quadrats)"": 9}"
ca,Catalan,entity_or_value,3453.0,3453.0,2,3,1,3453.0,3,1.0,False,"{""3453.0"": 3}"
ca,Catalan,entity_or_value,346.0,346.0,2,4,1,346.0,4,1.0,False,"{""346.0"": 4}"
ca,Catalan,entity_or_value,347.1 (square kilometres),347.1 (square kilometres),2,12,1,347.1 (quilòmetres quadrats),12,1.0,False,"{""347.1 (quilòmetres quadrats)"": 12}"
ca,Catalan,entity_or_value,349206000000.0,349206000000.0,2,12,1,349206000000.0,12,1.0,False,"{""349206000000.0"": 12}"
ca,Catalan,entity_or_value,35.1,35.1,2,16,1,35.1,16,1.0,False,"{""35.1"": 16}"
ca,Catalan,entity_or_value,3500,3500,2,11,1,3500,11,1.0,False,"{""3500"": 11}"
ca,Catalan,entity_or_value,3500.0,3500.0,2,37,1,3500.0,37,1.0,False,"{""3500.0"": 37}"
ca,Catalan,entity_or_value,352497000000.0,352497000000.0,2,10,1,352497000000.0,10,1.0,False,"{""352497000000.0"": 10}"
ca,Catalan,entity_or_value,3544040000.0,3544040000.0,2,2,1,3544040000.0,2,1.0,False,"{""3544040000.0"": 2}"
ca,Catalan,entity_or_value,360,"""360""",2,4,1,360,4,1.0,False,"{""360"": 4}"
ca,Catalan,entity_or_value,360.29 (days),360.29 (days),2,16,1,360.29 (dies),16,1.0,False,"{""360.29 (dies)"": 16}"
ca,Catalan,entity_or_value,362.0 (kelvins),362.0 (kelvins),2,2,1,362.0 (kelvins),2,1.0,False,"{""362.0 (kelvins)"": 2}"
ca,Catalan,entity_or_value,3678,3678,2,2,1,3678,2,1.0,False,"{""3678"": 2}"
ca,Catalan,entity_or_value,368.65 (inhabitants per square kilometre),368.65 (inhabitants per square kilometre),2,5,1,368.65 (habitants per quilòmetre quadrat),5,1.0,False,"{""368.65 (habitants per quilòmetre quadrat)"": 5}"
ca,Catalan,entity_or_value,3684.0,3684.0,2,3,1,3684.0,3,1.0,False,"{""3684.0"": 3}"
ca,Catalan,entity_or_value,37.16 (kilometreperseconds),37.16 (kilometrePerSeconds),2,3,1,37.16 (quilòmetrepersegons),3,1.0,False,"{""37.16 (quilòmetrepersegons)"": 3}"
ca,Catalan,entity_or_value,370.03,370.03,2,2,1,370.03,2,1.0,False,"{""370.03"": 2}"
ca,Catalan,entity_or_value,37116.0,37116.0,2,2,1,37116.0,2,1.0,False,"{""37116.0"": 2}"
ca,Catalan,entity_or_value,371240000.0 (kilometres),371240000.0 (kilometres),2,5,1,371240000.0 (kilòmetres),5,1.0,False,"{""371240000.0 (kilòmetres)"": 5}"
ca,Catalan,entity_or_value,373513000.0 (kilometres),373513000.0 (kilometres),2,16,1,373513000.0 (kilòmetres),16,1.0,False,"{""373513000.0 (kilòmetres)"": 16}"
ca,Catalan,entity_or_value,3746.66 (square metres),3746.66 (square metres),2,4,1,3746.66 (metres quadrats),4,1.0,False,"{""3746.66 (metres quadrats)"": 4}"
ca,Catalan,entity_or_value,374976.0 (seconds),374976.0 (seconds),2,3,1,374976.0 (segons),3,1.0,False,"{""374976.0 (segons)"": 3}"
ca,Catalan,entity_or_value,377016000000.0,377016000000.0,2,8,1,377016000000.0,8,1.0,False,"{""377016000000.0"": 8}"
ca,Catalan,entity_or_value,38.892,38.892,2,3,1,38.892,3,1.0,False,"{""38.892"": 3}"
ca,Catalan,entity_or_value,3800.0,3800.0,2,22,1,3800.0,22,1.0,False,"{""3800.0"": 22}"
ca,Catalan,entity_or_value,380700000,380700000,2,19,1,380700000,19,1.0,False,"{""380700000"": 19}"
ca,Catalan,entity_or_value,387.63,387.63,2,4,1,387.63,4,1.0,False,"{""387.63"": 4}"
ca,Catalan,entity_or_value,388,"""388""",2,9,1,388,9,1.0,False,"{""388"": 9}"
ca,Catalan,entity_or_value,39,"""39""",2,10,1,39,10,1.0,False,"{""39"": 10}"
ca,Catalan,entity_or_value,39332.9,39332.9,2,3,1,39332.9,3,1.0,False,"{""39332.9"": 3}"
ca,Catalan,entity_or_value,39371,39371,2,12,1,39371,12,1.0,False,"{""39371"": 12}"
ca,Catalan,entity_or_value,39447000.0,39447000.0,2,13,1,39447000.0,13,1.0,False,"{""39447000.0"": 13}"
ca,Catalan,entity_or_value,39500.0 (square metres),39500.0 (square metres),2,3,1,39500.0 (metres quadrats),3,1.0,False,"{""39500.0 (metres quadrats)"": 3}"
ca,Catalan,entity_or_value,3990.0,3990.0,2,10,1,3990.0,10,1.0,False,"{""3990.0"": 10}"
ca,Catalan,entity_or_value,3992.88,3992.88,2,11,1,3992.88,11,1.0,False,"{""3992.88"": 11}"
ca,Catalan,entity_or_value,3997100000000.0,3997100000000.0,2,17,1,3997100000000.0,17,1.0,False,"{""3997100000000.0"": 17}"
ca,Catalan,entity_or_value,3arena,3Arena,2,124,1,tele2 arena,124,1.0,False,"{""tele2 arena"": 124}"
ca,Catalan,entity_or_value,3xn,3XN,2,10,1,3xn,10,1.0,False,"{""3xn"": 10}"
ca,Catalan,entity_or_value,4-speed automatic (zf 4hp18q),"""4-speed automatic (ZF 4HP18Q)""",2,3,1,automàtic de 4 velocitats (zf 4hp18q),3,1.0,False,"{""automàtic de 4 velocitats (zf 4hp18q)"": 3}"
ca,Catalan,entity_or_value,4.0 (kilograms),4.0 (kilograms),2,5,1,4.0 (quilograms),5,1.0,False,"{""4.0 (quilograms)"": 5}"
ca,Catalan,entity_or_value,4.14 (square kilometres),4.14 (square kilometres),2,12,1,"4,14 (kilòmetres quadrats)",12,1.0,False,"{""4,14 (kilòmetres quadrats)"": 12}"
ca,Catalan,entity_or_value,4.56 (kilometreperseconds),4.56 (kilometrePerSeconds),2,3,1,4.56 (quilòmetrepersegons),3,1.0,False,"{""4.56 (quilòmetrepersegons)"": 3}"
ca,Catalan,entity_or_value,4.6 m,4.6 m,2,4,1,"4,6 m",4,1.0,False,"{""4,6 m"": 4}"
ca,Catalan,entity_or_value,4.8 g,4.8 g,2,8,1,4. 8 g,8,1.0,False,"{""4. 8 g"": 8}"
ca,Catalan,entity_or_value,4/22,"""4/22""",2,6,1,4/22,6,1.0,False,"{""4/22"": 6}"
ca,Catalan,entity_or_value,4000.0,4000.0,2,16,1,4000.0,16,1.0,False,"{""4000.0"": 16}"
ca,Catalan,entity_or_value,4019.0,4019.0,2,4,1,4019.0,4,1.0,False,"{""4019.0"": 4}"
ca,Catalan,entity_or_value,404,404,2,4,1,404,4,1.0,False,"{""404"": 4}"
ca,Catalan,entity_or_value,"404, 678, 470","404, 678, 470",2,3,1,"404, 678, 470",3,1.0,False,"{""404, 678, 470"": 3}"
ca,Catalan,entity_or_value,4100.0,4100.0,2,7,1,4100.0,7,1.0,False,"{""4100.0"": 7}"
ca,Catalan,entity_or_value,41498400000.0,41498400000.0,2,12,1,41498400000.0,12,1.0,False,"{""41498400000.0"": 12}"
ca,Catalan,entity_or_value,4150,4150,2,9,1,4150,9,1.0,False,"{""4150"": 9}"
ca,Catalan,entity_or_value,416136000000.0,416136000000.0,2,10,1,416136000000.0,10,1.0,False,"{""416136000000.0"": 10}"
ca,Catalan,entity_or_value,418476000000.0,418476000000.0,2,29,1,418476000000.0,29,1.0,False,"{""418476000000.0"": 29}"
ca,Catalan,entity_or_value,419113394.55312 (kilometres),419113394.55312 (kilometres),2,13,1,419113394.55312 (kilòmetres),13,1.0,False,"{""419113394.55312 (kilòmetres)"": 13}"
ca,Catalan,entity_or_value,42 m,"""42 m""",2,8,1,42 m,8,1.0,False,"{""42 m"": 8}"
ca,Catalan,entity_or_value,429.9 (inhabitants per square kilometre),429.9 (inhabitants per square kilometre),2,5,1,"429,9 (habitants per quilòmetre quadrat)",5,1.0,False,"{""429,9 (habitants per quilòmetre quadrat)"": 5}"
ca,Catalan,entity_or_value,43.0 (kelvins),43.0 (kelvins),2,2,1,"43,0 (kelvins)",2,1.0,False,"{""43,0 (kelvins)"": 2}"
ca,Catalan,entity_or_value,4349.0,4349.0,2,19,1,4349.0,19,1.0,False,"{""4349.0"": 19}"
ca,Catalan,entity_or_value,437170000.0 (kilometres),437170000.0 (kilometres),2,16,1,437170000.0 (kilòmetres),16,1.0,False,"{""437170000.0 (kilòmetres)"": 16}"
ca,Catalan,entity_or_value,4387.0 (cubiccentimetres),4387.0 (cubicCentimetres),2,4,1,4387.0 (centímetres cúbics),4,1.0,False,"{""4387.0 (centímetres cúbics)"": 4}"
ca,Catalan,entity_or_value,44.125 (square kilometres),44.125 (square kilometres),2,4,1,44.125 (kilòmetres quadrats),4,1.0,False,"{""44.125 (kilòmetres quadrats)"": 4}"
ca,Catalan,entity_or_value,440756000.0 (kilometres),440756000.0 (kilometres),2,15,1,440756000.0 (kilòmetres),15,1.0,False,"{""440756000.0 (kilòmetres)"": 15}"
ca,Catalan,entity_or_value,441092000.0 (kilometres),441092000.0 (kilometres),2,16,1,441092000.0 (kilòmetres),16,1.0,False,"{""441092000.0 (kilòmetres)"": 16}"
ca,Catalan,entity_or_value,445895000000.0,445895000000.0,2,10,1,445895000000.0,10,1.0,False,"{""445895000000.0"": 10}"
ca,Catalan,entity_or_value,448,"""448""",2,11,1,448,11,1.0,False,"{""448"": 11}"
ca,Catalan,entity_or_value,45,45,2,19,1,45,19,1.0,False,"{""45"": 19}"
ca,Catalan,entity_or_value,45.97 (square kilometres),45.97 (square kilometres),2,5,1,"45,97 (kilòmetres quadrats)",5,1.0,False,"{""45,97 (kilòmetres quadrats)"": 5}"
ca,Catalan,entity_or_value,45000.0 (millimetres),45000.0 (millimetres),2,6,1,45000.0 (mil·límetres),6,1.0,False,"{""45000.0 (mil·límetres)"": 6}"
ca,Catalan,entity_or_value,45644811,45644811,2,7,1,45644811,7,1.0,False,"{""45644811"": 7}"
ca,Catalan,entity_or_value,46000000,46000000,2,2,1,46000000,2,1.0,False,"{""46000000"": 2}"
ca,Catalan,entity_or_value,46451790,46451790,2,7,1,46451790,7,1.0,False,"{""46451790"": 7}"
ca,Catalan,entity_or_value,47290,47290,2,5,1,47290,5,1.0,False,"{""47290"": 5}"
ca,Catalan,entity_or_value,47487.6,47487.6,2,2,1,47487.6,2,1.0,False,"{""47487.6"": 2}"
ca,Catalan,entity_or_value,475426000.0 (kilometres),475426000.0 (kilometres),2,21,1,475426000.0 (kilòmetres),21,1.0,False,"{""475426000.0 (kilòmetres)"": 21}"
ca,Catalan,entity_or_value,476,476,2,7,1,476,7,1.0,False,"{""476"": 7}"
ca,Catalan,entity_or_value,479343000.0 (kilometres),479343000.0 (kilometres),2,18,1,479343000.0 (kilòmetres),18,1.0,False,"{""479343000.0 (kilòmetres)"": 18}"
ca,Catalan,entity_or_value,48.0,48.0,2,2,1,48.0,2,1.0,False,"{""48.0"": 2}"
ca,Catalan,entity_or_value,486.2 (square kilometres),486.2 (square kilometres),2,8,1,486.2 (quilòmetres quadrats),8,1.0,False,"{""486.2 (quilòmetres quadrats)"": 8}"
ca,Catalan,entity_or_value,4879.0,4879.0,2,2,1,4879.0,2,1.0,False,"{""4879.0"": 2}"
ca,Catalan,entity_or_value,488160.0,488160.0,2,9,1,488160.0,9,1.0,False,"{""488160.0"": 9}"
ca,Catalan,entity_or_value,490.9 (square kilometres),490.9 (square kilometres),2,13,1,490.9 (quilòmetres quadrats),13,1.0,False,"{""490.9 (quilòmetres quadrats)"": 13}"
ca,Catalan,entity_or_value,497.0,497.0,2,12,1,497.0,12,1.0,False,"{""497.0"": 12}"
ca,Catalan,entity_or_value,49805501,49805501,2,5,1,49805501,5,1.0,False,"{""49805501"": 5}"
ca,Catalan,entity_or_value,5,5,2,2,1,5,2,1.0,False,"{""5"": 2}"
ca,Catalan,entity_or_value,5-speed manual,"""5-speed manual""",2,7,1,manual de 5 velocitats,7,1.0,False,"{""manual de 5 velocitats"": 7}"
ca,Catalan,entity_or_value,5.3 (litres),5.3 (litres),2,26,1,5.3 (litres),26,1.0,False,"{""5.3 (litres)"": 26}"
ca,Catalan,entity_or_value,5.4 (metres),5.4 (metres),2,12,1,5.4 (metres),12,1.0,False,"{""5.4 (metres)"": 12}"
ca,Catalan,entity_or_value,5.57 (days),5.57 (days),2,12,1,5.57 (dies),12,1.0,False,"{""5.57 (dies)"": 12}"
ca,Catalan,entity_or_value,5.6 (kilograms),5.6 (kilograms),2,8,1,5.6 (quilograms),8,1.0,False,"{""5.6 (quilograms)"": 8}"
ca,Catalan,entity_or_value,5.7 (kilograms),5.7 (kilograms),2,9,1,5.7 (quilograms),9,1.0,False,"{""5.7 (quilograms)"": 9}"
ca,Catalan,entity_or_value,5.75 (days),5.75 (days),2,11,1,5.75 (dies),11,1.0,False,"{""5.75 (dies)"": 11}"
ca,Catalan,entity_or_value,50,50,2,9,1,50,9,1.0,False,"{""50"": 9}"
ca,Catalan,entity_or_value,500.0 (kelvins),500.0 (kelvins),2,3,1,500.0 (kelvins),3,1.0,False,"{""500.0 (kelvins)"": 3}"
ca,Catalan,entity_or_value,5000,5000,2,9,1,5000,9,1.0,False,"{""5000"": 9}"
ca,Catalan,entity_or_value,50000,50000,2,5,1,50000,5,1.0,False,"{""50000"": 5}"
ca,Catalan,entity_or_value,"505, 575","505, 575",2,4,1,"505, 575",4,1.0,False,"{""505, 575"": 4}"
ca,Catalan,entity_or_value,507,507,2,8,1,507,8,1.0,False,"{""507"": 8}"
ca,Catalan,entity_or_value,511592000.0 (kilometres),511592000.0 (kilometres),2,14,1,511592000.0 (kilòmetres),14,1.0,False,"{""511592000.0 (kilòmetres)"": 14}"
ca,Catalan,entity_or_value,512,"""512""",2,13,1,512,13,1.0,False,"{""512"": 13}"
ca,Catalan,entity_or_value,"512, 737","512, 737",2,2,1,"512, 737",2,1.0,False,"{""512, 737"": 2}"
ca,Catalan,entity_or_value,518.0,518.0,2,6,1,518.0,6,1.0,False,"{""518.0"": 6}"
ca,Catalan,entity_or_value,51969173,51969173,2,5,1,51969173,5,1.0,False,"{""51969173"": 5}"
ca,Catalan,entity_or_value,"52.0""(minutes)","""52.0""(minutes)",2,8,1,"52.0""(minuts)",8,1.0,False,"{""52.0\""(minuts)"": 8}"
ca,Catalan,entity_or_value,520906000.0 (kilometres),520906000.0 (kilometres),2,12,1,520906000.0 (kilòmetres),12,1.0,False,"{""520906000.0 (kilòmetres)"": 12}"
ca,Catalan,entity_or_value,523.9 (inhabitants per square kilometre),523.9 (inhabitants per square kilometre),2,12,1,523.9 (habitants per quilòmetre quadrat),12,1.0,False,"{""523.9 (habitants per quilòmetre quadrat)"": 12}"
ca,Catalan,entity_or_value,523329000.0 (kilometres),523329000.0 (kilometres),2,14,1,523329000.0 (kilòmetres),14,1.0,False,"{""523329000.0 (kilòmetres)"": 14}"
ca,Catalan,entity_or_value,523951582.33968 (kilometres),523951582.33968 (kilometres),2,14,1,523951582.33968 (kilòmetres),14,1.0,False,"{""523951582.33968 (kilòmetres)"": 14}"
ca,Catalan,entity_or_value,524.0,524.0,2,4,1,524.0,4,1.0,False,"{""524.0"": 4}"
ca,Catalan,entity_or_value,524.5 (inhabitants per square kilometre),524.5 (inhabitants per square kilometre),2,6,1,524.5 (habitants per quilòmetre quadrat),6,1.0,False,"{""524.5 (habitants per quilòmetre quadrat)"": 6}"
ca,Catalan,entity_or_value,5300,5300,2,9,1,5300,9,1.0,False,"{""5300"": 9}"
ca,Catalan,entity_or_value,535.0 (inhabitants per square kilometre),535.0 (inhabitants per square kilometre),2,5,1,"535,0 (habitants per quilòmetre quadrat)",5,1.0,False,"{""535,0 (habitants per quilòmetre quadrat)"": 5}"
ca,Catalan,entity_or_value,53502,53502,2,6,1,53502,6,1.0,False,"{""53502"": 6}"
ca,Catalan,entity_or_value,54.56,54.56,2,18,1,54.56,18,1.0,False,"{""54.56"": 18}"
ca,Catalan,entity_or_value,"541, 458","541, 458",2,3,1,"541, 458",3,1.0,False,"{""541, 458"": 3}"
ca,Catalan,entity_or_value,546,546,2,16,1,546,16,1.0,False,"{""546"": 16}"
ca,Catalan,entity_or_value,55.4 (square kilometres),55.4 (square kilometres),2,5,1,"55,4 (kilòmetres quadrats)",5,1.0,False,"{""55,4 (kilòmetres quadrats)"": 5}"
ca,Catalan,entity_or_value,556300000,556300000,2,21,1,556300000,21,1.0,False,"{""556300000"": 21}"
ca,Catalan,entity_or_value,5594,5594,2,15,1,5594,15,1.0,False,"{""5594"": 15}"
ca,Catalan,entity_or_value,560,"""560""",2,3,1,560,3,1.0,False,"{""560"": 3}"
ca,Catalan,entity_or_value,560937000.0 (kilometres),560937000.0 (kilometres),2,10,1,560937000.0 (kilòmetres),10,1.0,False,"{""560937000.0 (kilòmetres)"": 10}"
ca,Catalan,entity_or_value,57059226,57059226,2,9,1,57059226,9,1.0,False,"{""57059226"": 9}"
ca,Catalan,entity_or_value,57392246,57392246,2,10,1,57392246,10,1.0,False,"{""57392246"": 10}"
ca,Catalan,entity_or_value,58.38,58.38,2,3,1,58.38,3,1.0,False,"{""58.38"": 3}"
ca,Catalan,entity_or_value,58.41,58.41,2,6,1,58.41,6,1.0,False,"{""58.41"": 6}"
ca,Catalan,entity_or_value,597.0,597.0,2,6,1,597.0,6,1.0,False,"{""597.0"": 6}"
ca,Catalan,entity_or_value,6-speed manual,"""6-speed manual""",2,2,1,manual de 6 velocitats,2,1.0,False,"{""manual de 6 velocitats"": 2}"
ca,Catalan,entity_or_value,6-speed manual (getrag),"""6-speed manual (Getrag)""",2,3,1,manual de 6 velocitats (getrag),3,1.0,False,"{""manual de 6 velocitats (getrag)"": 3}"
ca,Catalan,entity_or_value,6.7 (kilograms),6.7 (kilograms),2,11,1,6.7 (quilograms),11,1.0,False,"{""6.7 (quilograms)"": 11}"
ca,Catalan,entity_or_value,6.81 (square kilometres),6.81 (square kilometres),2,3,1,"6,81 (kilòmetres quadrats)",3,1.0,False,"{""6,81 (kilòmetres quadrats)"": 3}"
ca,Catalan,entity_or_value,6.97,6.97,2,2,1,6.97,2,1.0,False,"{""6.97"": 2}"
ca,Catalan,entity_or_value,60,60,2,16,1,60,16,1.0,False,"{""60"": 16}"
ca,Catalan,entity_or_value,600,600,2,50,1,600,50,1.0,False,"{""600"": 50}"
ca,Catalan,entity_or_value,600.0,600.0,2,7,1,600.0,7,1.0,False,"{""600.0"": 7}"
ca,Catalan,entity_or_value,60040714,60040714,2,15,1,60040714,15,1.0,False,"{""60040714"": 15}"
ca,Catalan,entity_or_value,605718000.0 (kilometres),605718000.0 (kilometres),2,14,1,605718000.0 (kilòmetres),14,1.0,False,"{""605718000.0 (kilòmetres)"": 14}"
ca,Catalan,entity_or_value,609,609,2,4,1,609,4,1.0,False,"{""609"": 4}"
ca,Catalan,entity_or_value,610.0,610.0,2,41,1,610.0,41,1.0,False,"{""610.0"": 41}"
ca,Catalan,entity_or_value,611961000.0 (kilometres),611961000.0 (kilometres),2,6,1,611961000.0 (kilòmetres),6,1.0,False,"{""611961000.0 (kilòmetres)"": 6}"
ca,Catalan,entity_or_value,6155910000000.0,6155910000000.0,2,7,1,6155910000000.0,7,1.0,False,"{""6155910000000.0"": 7}"
ca,Catalan,entity_or_value,618,618,2,3,1,618,3,1.0,False,"{""618"": 3}"
ca,Catalan,entity_or_value,62.0,62.0,2,4,1,62.0,4,1.0,False,"{""62.0"": 4}"
ca,Catalan,entity_or_value,62145.3 (square metres),62145.3 (square metres),2,5,1,"62.145,3 (metres quadrats)",5,1.0,False,"{""62.145,3 (metres quadrats)"": 5}"
ca,Catalan,entity_or_value,628,628,2,2,1,628,2,1.0,False,"{""628"": 2}"
ca,Catalan,entity_or_value,63,63,2,2,1,63,2,1.0,False,"{""63"": 2}"
ca,Catalan,entity_or_value,63800.0 (millimetres),63800.0 (millimetres),2,21,1,63800.0 (mil·límetres),21,1.0,False,"{""63800.0 (mil·límetres)"": 21}"
ca,Catalan,entity_or_value,64.008,64.008,2,4,1,64.008,4,1.0,False,"{""64.008"": 4}"
ca,Catalan,entity_or_value,657,657,2,6,1,657,6,1.0,False,"{""657"": 6}"
ca,Catalan,entity_or_value,"657, 714","657, 714",2,5,1,"657, 714",5,1.0,False,"{""657, 714"": 5}"
ca,Catalan,entity_or_value,6573,6573,2,2,1,6573,2,1.0,False,"{""6573"": 2}"
ca,Catalan,entity_or_value,6603633000.0 (kilometres),6603633000.0 (kilometres),2,12,1,6603633000.0 (kilòmetres),12,1.0,False,"{""6603633000.0 (kilòmetres)"": 12}"
ca,Catalan,entity_or_value,672,"""672""",2,3,1,672,3,1.0,False,"{""672"": 3}"
ca,Catalan,entity_or_value,"682, 817, 214, 469, 972","682, 817, 214, 469, 972",2,3,1,"682, 817, 214, 469, 972",3,1.0,False,"{""682, 817, 214, 469, 972"": 3}"
ca,Catalan,entity_or_value,686.0 (square kilometres),686.0 (square kilometres),2,5,1,686.0 (quilòmetres quadrats),5,1.0,False,"{""686.0 (quilòmetres quadrats)"": 5}"
ca,Catalan,entity_or_value,69618,69618,2,10,1,69618,10,1.0,False,"{""69618"": 10}"
ca,Catalan,entity_or_value,69862200.0,69862200.0,2,10,1,69862200.0,10,1.0,False,"{""69862200.0"": 10}"
ca,Catalan,entity_or_value,7.5 (kilograms),7.5 (kilograms),2,12,1,7.5 (quilograms),12,1.0,False,"{""7.5 (quilograms)"": 12}"
ca,Catalan,entity_or_value,7.9 (kilograms),7.9 (kilograms),2,5,1,7.9 (quilograms),5,1.0,False,"{""7.9 (quilograms)"": 5}"
ca,Catalan,entity_or_value,7/25,"""7/25""",2,2,1,7/25,2,1.0,False,"{""7/25"": 2}"
ca,Catalan,entity_or_value,70.308,70.308,2,10,1,70.308,10,1.0,False,"{""70.308"": 10}"
ca,Catalan,entity_or_value,700,700,2,38,1,700,38,1.0,False,"{""700"": 38}"
ca,Catalan,entity_or_value,703.95 (square kilometres),703.95 (square kilometres),2,7,1,703.95 (quilòmetres quadrats),7,1.0,False,"{""703.95 (quilòmetres quadrats)"": 7}"
ca,Catalan,entity_or_value,70634,70634,2,14,1,70634,14,1.0,False,"{""70634"": 14}"
ca,Catalan,entity_or_value,7202,7202,2,2,1,7202,2,1.0,False,"{""7202"": 2}"
ca,Catalan,entity_or_value,733.0,733.0,2,6,1,733.0,6,1.0,False,"{""733.0"": 6}"
ca,Catalan,entity_or_value,734,734,2,5,1,734,5,1.0,False,"{""734"": 5}"
ca,Catalan,entity_or_value,737,737,2,37,1,737,37,1.0,False,"{""737"": 37}"
ca,Catalan,entity_or_value,74.33 (square kilometres),74.33 (square kilometres),2,9,1,"74,33 (kilòmetres quadrats)",9,1.0,False,"{""74,33 (kilòmetres quadrats)"": 9}"
ca,Catalan,entity_or_value,746.0 (inhabitants per square kilometre),746.0 (inhabitants per square kilometre),2,8,1,746.0 (habitants per quilòmetre quadrat),8,1.0,False,"{""746.0 (habitants per quilòmetre quadrat)"": 8}"
ca,Catalan,entity_or_value,75,75,2,2,1,75,2,1.0,False,"{""75"": 2}"
ca,Catalan,entity_or_value,75.0 million (dollars),"""75.0 million (dollars)""",2,2,1,75.0 milions (dòlars),2,1.0,False,"{""75.0 milions (dòlars)"": 2}"
ca,Catalan,entity_or_value,75.324 (square kilometres),75.324 (square kilometres),2,10,1,75.324 (kilòmetres quadrats),10,1.0,False,"{""75.324 (kilòmetres quadrats)"": 10}"
ca,Catalan,entity_or_value,755.3 (inhabitants per square kilometre),755.3 (inhabitants per square kilometre),2,3,1,755.3 (habitants per quilòmetre quadrat),3,1.0,False,"{""755.3 (habitants per quilòmetre quadrat)"": 3}"
ca,Catalan,entity_or_value,7637.76,7637.76,2,2,1,7637.76,2,1.0,False,"{""7637.76"": 2}"
ca,Catalan,entity_or_value,765,765,2,5,1,765,5,1.0,False,"{""765"": 5}"
ca,Catalan,entity_or_value,76798317,76798317,2,9,1,76798317,9,1.0,False,"{""76798317"": 9}"
ca,Catalan,entity_or_value,77.41 (square kilometres),77.41 (square kilometres),2,7,1,"77,41 (kilòmetres quadrats)",7,1.0,False,"{""77,41 (kilòmetres quadrats)"": 7}"
ca,Catalan,entity_or_value,"770, 404, 678","770, 404, 678",2,3,1,"770, 404, 678",3,1.0,False,"{""770, 404, 678"": 3}"
ca,Catalan,entity_or_value,7715100000.0 (kilometres),7715100000.0 (kilometres),2,9,1,7715100000.0 (kilòmetres),9,1.0,False,"{""7715100000.0 (kilòmetres)"": 9}"
ca,Catalan,entity_or_value,7729430000.0,7729430000.0,2,9,1,7729430000.0,9,1.0,False,"{""7729430000.0"": 9}"
ca,Catalan,entity_or_value,783.1 (inhabitants per square kilometre),783.1 (inhabitants per square kilometre),2,12,1,783.1 (habitants per quilòmetre quadrat),12,1.0,False,"{""783.1 (habitants per quilòmetre quadrat)"": 12}"
ca,Catalan,entity_or_value,783356.0,783356.0,2,3,1,783356.0,3,1.0,False,"{""783356.0"": 3}"
ca,Catalan,entity_or_value,78771100,78771100,2,9,1,78771100,9,1.0,False,"{""78771100"": 9}"
ca,Catalan,entity_or_value,8.0,8.0,2,7,1,8.0,7,1.0,False,"{""8.0"": 7}"
ca,Catalan,entity_or_value,8.3 (kilograms),8.3 (kilograms),2,7,1,8.3 (quilograms),7,1.0,False,"{""8.3 (quilograms)"": 7}"
ca,Catalan,entity_or_value,8.3 m,8.3 m,2,15,1,8. 3 m,15,1.0,False,"{""8. 3 m"": 15}"
ca,Catalan,entity_or_value,8.33,8.33,2,2,1,8.33,2,1.0,False,"{""8.33"": 2}"
ca,Catalan,entity_or_value,8.334,8.334,2,9,1,8.334,9,1.0,False,"{""8.334"": 9}"
ca,Catalan,entity_or_value,80002709,"""80002709""",2,14,1,80002709,14,1.0,False,"{""80002709"": 14}"
ca,Catalan,entity_or_value,8002,8002,2,2,1,8002,2,1.0,False,"{""8002"": 2}"
ca,Catalan,entity_or_value,806,806,2,4,1,806,4,1.0,False,"{""806"": 4}"
ca,Catalan,entity_or_value,814,814,2,3,1,814,3,1.0,False,"{""814"": 3}"
ca,Catalan,entity_or_value,82.8 (square kilometres),82.8 (square kilometres),2,2,1,82.8 (quilòmetres quadrats),2,1.0,False,"{""82.8 (quilòmetres quadrats)"": 2}"
ca,Catalan,entity_or_value,83.0,83.0,2,16,1,83.0,16,1.0,False,"{""83.0"": 16}"
ca,Catalan,entity_or_value,83.2104,83.2104,2,18,1,83.2104,18,1.0,False,"{""83.2104"": 18}"
ca,Catalan,entity_or_value,83646315,83646315,2,9,1,83646315,9,1.0,False,"{""83646315"": 9}"
ca,Catalan,entity_or_value,837080.744 (squarekilometres),837080.744 (squareKilometres),2,9,1,837080.744 (quilòmetres quadrats),9,1.0,False,"{""837080.744 (quilòmetres quadrats)"": 9}"
ca,Catalan,entity_or_value,84.0,84.0,2,6,1,84.0,6,1.0,False,"{""84.0"": 6}"
ca,Catalan,entity_or_value,8500,8500,2,14,1,8500,14,1.0,False,"{""8500"": 14}"
ca,Catalan,entity_or_value,8514837.14 (square kilometres),8514837.14 (square kilometres),2,4,1,"8514837,14 (kilòmetres quadrats)",4,1.0,False,"{""8514837,14 (kilòmetres quadrats)"": 4}"
ca,Catalan,entity_or_value,85466.9,85466.9,2,2,1,85466.9,2,1.0,False,"{""85466.9"": 2}"
ca,Catalan,entity_or_value,87000823,"""87000823""",2,13,1,87000823,13,1.0,False,"{""87000823"": 13}"
ca,Catalan,entity_or_value,875400000,875400000,2,20,1,875400000,20,1.0,False,"{""875400000"": 20}"
ca,Catalan,entity_or_value,877.0,877.0,2,3,1,877.0,3,1.0,False,"{""877.0"": 3}"
ca,Catalan,entity_or_value,8788850000.0,8788850000.0,2,11,1,8788850000.0,11,1.0,False,"{""8788850000.0"": 11}"
ca,Catalan,entity_or_value,88.0,88.0,2,10,1,88.0,10,1.0,False,"{""88.0"": 10}"
ca,Catalan,entity_or_value,88002539,"""88002539""",2,7,1,88002539,7,1.0,False,"{""88002539"": 7}"
ca,Catalan,entity_or_value,8805735,8805735,2,9,1,8805735,9,1.0,False,"{""8805735"": 9}"
ca,Catalan,entity_or_value,"8820.0""(minutes)","""8820.0""(minutes)",2,3,1,"8820.0""(minuts)",3,1.0,False,"{""8820.0\""(minuts)"": 3}"
ca,Catalan,entity_or_value,88234300000.0,88234300000.0,2,13,1,88234300000.0,13,1.0,False,"{""88234300000.0"": 13}"
ca,Catalan,entity_or_value,89.0,89.0,2,21,1,89.0,21,1.0,False,"{""89.0"": 21}"
ca,Catalan,entity_or_value,896.0,896.0,2,2,1,896.0,2,1.0,False,"{""896.0"": 2}"
ca,Catalan,entity_or_value,89646863,89646863,2,10,1,89646863,10,1.0,False,"{""89646863"": 10}"
ca,Catalan,entity_or_value,9-speed zf 9hp automatic (v6),"""9-speed ZF 9HP automatic (V6)""",2,2,1,9 velocitats zf 9hp automàtic (v6),2,1.0,False,"{""9 velocitats zf 9hp automàtic (v6)"": 2}"
ca,Catalan,entity_or_value,9.7,9.7,2,2,1,9.7,2,1.0,False,"{""9.7"": 2}"
ca,Catalan,entity_or_value,9.8 (kilograms),9.8 (kilograms),2,8,1,9.8 (quilograms),8,1.0,False,"{""9.8 (quilograms)"": 8}"
ca,Catalan,entity_or_value,900.0,900.0,2,8,1,900.0,8,1.0,False,"{""900.0"": 8}"
ca,Catalan,entity_or_value,9001,9001,2,2,1,9001,2,1.0,False,"{""9001"": 2}"
ca,Catalan,entity_or_value,90640840,"""90640840""",2,3,1,90640840,3,1.0,False,"{""90640840"": 3}"
ca,Catalan,entity_or_value,911.0,911.0,2,14,1,911.0,14,1.0,False,"{""911.0"": 14}"
ca,Catalan,entity_or_value,914.8 (inhabitants per square kilometre),914.8 (inhabitants per square kilometre),2,5,1,914. 8 (habitants per quilòmetre quadrat),5,1.0,False,"{""914. 8 (habitants per quilòmetre quadrat)"": 5}"
ca,Catalan,entity_or_value,925,925,2,5,1,925,5,1.0,False,"{""925"": 5}"
ca,Catalan,entity_or_value,929.0,929.0,2,2,1,929.0,2,1.0,False,"{""929.0"": 2}"
ca,Catalan,entity_or_value,9312,9312,2,3,1,9312,3,1.0,False,"{""9312"": 3}"
ca,Catalan,entity_or_value,93645978,93645978,2,11,1,93645978,11,1.0,False,"{""93645978"": 11}"
ca,Catalan,entity_or_value,94,94,2,5,1,94,5,1.0,False,"{""94"": 5}"
ca,Catalan,entity_or_value,94.0,94.0,2,23,1,94.0,23,1.0,False,"{""94.0"": 23}"
ca,Catalan,entity_or_value,94.8024 (kilograms),94.8024 (kilograms),2,8,1,94.8024 (kilograms),8,1.0,False,"{""94.8024 (kilograms)"": 8}"
ca,Catalan,entity_or_value,9400,9400,2,10,1,9400,10,1.0,False,"{""9400"": 10}"
ca,Catalan,entity_or_value,"94509, 94531","94509, 94531",2,4,1,"94509, 94531",4,1.0,False,"{""94509, 94531"": 4}"
ca,Catalan,entity_or_value,95040.0,95040.0,2,3,1,95040.0,3,1.0,False,"{""95040.0"": 3}"
ca,Catalan,entity_or_value,96.1632 (kilograms),96.1632 (kilograms),2,2,1,96.1632 (kilograms),2,1.0,False,"{""96.1632 (kilograms)"": 2}"
ca,Catalan,entity_or_value,973.0,973.0,2,16,1,973.0,16,1.0,False,"{""973.0"": 16}"
ca,Catalan,entity_or_value,978-0-15-204770-2,"""978-0-15-204770-2""",2,9,1,978-0-15-204770-2,9,1.0,False,"{""978-0-15-204770-2"": 9}"
ca,Catalan,entity_or_value,978-1-4165-4253-7,"""978-1-4165-4253-7""",2,13,1,978-1-4165-4253-7,13,1.0,False,"{""978-1-4165-4253-7"": 13}"
ca,Catalan,entity_or_value,98.0,98.0,2,17,1,98.0,17,1.0,False,"{""98.0"": 17}"
ca,Catalan,entity_or_value,9833516.63 (square kilometres),9833516.63 (square kilometres),2,6,1,9833516.63 (kilòmetres quadrats),6,1.0,False,"{""9833516.63 (kilòmetres quadrats)"": 6}"
ca,Catalan,entity_or_value,9833520000000.0,9833520000000.0,2,3,1,9833520000000.0,3,1.0,False,"{""9833520000000.0"": 3}"
ca,Catalan,entity_or_value,99.83,99.83,2,10,1,99.83,10,1.0,False,"{""99.83"": 10}"
ca,Catalan,entity_or_value,992.6 (inhabitants per square kilometre),992.6 (inhabitants per square kilometre),2,5,1,"992,6 (habitants per quilòmetre quadrat)",5,1.0,False,"{""992,6 (habitants per quilòmetre quadrat)"": 5}"
ca,Catalan,entity_or_value,9953.28,9953.28,2,3,1,9953.28,3,1.0,False,"{""9953.28"": 3}"
ca,Catalan,entity_or_value,<http://www.ghampara.gov.lk/>,<http://www.ghampara.gov.lk/>,2,2,1,<http://www.ghampara.gov.lk/>,2,1.0,False,"{""<http://www.ghampara.gov.lk/>"": 2}"
ca,Catalan,entity_or_value,a epsth 2nd group,A_EPSTH_2nd_GROUP,2,3,1,un epsth 2è grup,3,1.0,False,"{""un epsth 2è grup"": 3}"
ca,Catalan,entity_or_value,a fortress of grey ice,A_Fortress_of_Grey_Ice,2,97,1,una fortalesa de gel gris,97,1.0,False,"{""una fortalesa de gel gris"": 97}"
ca,Catalan,entity_or_value,a glastonbury romance,A_Glastonbury_Romance,2,93,1,un romanç de glastonbury,93,1.0,False,"{""un romanç de glastonbury"": 93}"
ca,Catalan,entity_or_value,a long long way,A_Long_Long_Way,2,126,1,un llarg llarg camí,126,1.0,False,"{""un llarg llarg camí"": 126}"
ca,Catalan,entity_or_value,a loyal character dancer,A_Loyal_Character_Dancer,2,119,1,una ballarina de caràcter lleial,119,1.0,False,"{""una ballarina de caràcter lleial"": 119}"
ca,Catalan,entity_or_value,a severed wasp,A_Severed_Wasp,2,107,1,una vespa tallada,107,1.0,False,"{""una vespa tallada"": 107}"
ca,Catalan,entity_or_value,a wizard of mars,A_Wizard_of_Mars,2,111,1,un mag de mart,111,1.0,False,"{""un mag de mart"": 111}"
ca,Catalan,entity_or_value,a-rosa luna,A-Rosa_Luna,2,123,1,a-rosa luna,123,1.0,False,"{""a-rosa luna"": 123}"
ca,Catalan,entity_or_value,a. nugetre,"""A. Nugetre""",2,3,1,a. nugetre,3,1.0,False,"{""a. nugetre"": 3}"
ca,Catalan,entity_or_value,a. storrs,A._Storrs,2,4,1,a. storrs,4,1.0,False,"{""a. storrs"": 4}"
ca,Catalan,entity_or_value,a.c. cesena,A.C._Cesena,2,64,1,a.c. cesena,64,1.0,False,"{""a.c. cesena"": 64}"
ca,Catalan,entity_or_value,a.c. chievo verona,A.C._Chievo_Verona,2,82,1,a.c. chievo verona,82,1.0,False,"{""a.c. chievo verona"": 82}"
ca,Catalan,entity_or_value,a.c. lumezzane,A.C._Lumezzane,2,59,1,ac lumezzane,59,1.0,False,"{""ac lumezzane"": 59}"
ca,Catalan,entity_or_value,a.c. milan,A.C._Milan,2,86,1,a.c. milan,86,1.0,False,"{""a.c. milan"": 86}"
ca,Catalan,entity_or_value,a.d. isidro metapán,A.D._Isidro_Metapán,2,58,1,ad isidro metapán,58,1.0,False,"{""ad isidro metapán"": 58}"
ca,Catalan,entity_or_value,a.e dimitra efxeinoupolis,A.E_Dimitra_Efxeinoupolis,2,69,1,a.e. dimitra efxeinoupolis,69,1.0,False,"{""a.e. dimitra efxeinoupolis"": 69}"
ca,Catalan,entity_or_value,a.f.c. blackpool,A.F.C._Blackpool,2,91,1,a.f.c. blackpool,91,1.0,False,"{""a.f.c. blackpool"": 91}"
ca,Catalan,entity_or_value,a.f.c. fylde,A.F.C._Fylde,2,65,1,a.f.c. fylde,65,1.0,False,"{""a.f.c. fylde"": 65}"
ca,Catalan,entity_or_value,a.s. gubbio 1910,A.S._Gubbio_1910,2,69,1,a.s. gubbio 1910,69,1.0,False,"{""a.s. gubbio 1910"": 69}"
ca,Catalan,entity_or_value,a.s. livorno calcio,A.S._Livorno_Calcio,2,68,1,a.s. livorno calcio,68,1.0,False,"{""a.s. livorno calcio"": 68}"
ca,Catalan,entity_or_value,a.s. roma,A.S._Roma,2,119,1,a.s. roma,119,1.0,False,"{""a.s. roma"": 119}"
ca,Catalan,entity_or_value,a.s.d. licata 1931,A.S.D._Licata_1931,2,4,1,a.s.d. licata 1931 (italià),4,1.0,False,"{""a.s.d. licata 1931 (italià)"": 4}"
ca,Catalan,entity_or_value,a.s.d. s.s. nola 1925,A.S.D._S.S._Nola_1925,2,2,1,a.s.d. s.s. nola 1925,2,1.0,False,"{""a.s.d. s.s. nola 1925"": 2}"
ca,Catalan,entity_or_value,a.t. charlie johnson,A.T._Charlie_Johnson,2,94,1,a.t. charlie johnson,94,1.0,False,"{""a.t. charlie johnson"": 94}"
ca,Catalan,entity_or_value,a894 va; a904 vd;,"""A894 VA; A904 VD;""",2,6,1,a894 va; a904 vd;,6,1.0,False,"{""a894 va; a904 vd;"": 6}"
ca,Catalan,entity_or_value,a900 ga,"""A900 GA""",2,7,1,a900 ga,7,1.0,False,"{""a900 ga"": 7}"
ca,Catalan,entity_or_value,a911 md,"""A911 MD""",2,7,1,a911 md,7,1.0,False,"{""a911 md"": 7}"
ca,Catalan,entity_or_value,a919 ha; 1927 wb;,"""A919 HA; 1927 WB;""",2,7,1,a919 ha; 1927 wb;,7,1.0,False,"{""a919 ha; 1927 wb;"": 7}"
ca,Catalan,entity_or_value,aaidbi,"""AAIDBI""",2,5,1,aaidbiconstellation name (optional),5,1.0,False,"{""aaidbiconstellation name (optional)"": 5}"
ca,Catalan,entity_or_value,aarhus,Aarhus,2,71,1,aarhus,71,1.0,False,"{""aarhus"": 71}"
ca,Catalan,entity_or_value,aarhus airport,Aarhus_Airport,2,136,1,aeroport d'aarhus,136,1.0,False,"{""aeroport d'aarhus"": 136}"
ca,Catalan,entity_or_value,aarhus lufthavn a/s,"""Aarhus Lufthavn A/S""",2,15,1,aeroport d' aarhusdenmark counties. kgm,15,1.0,False,"{""aeroport d' aarhusdenmark counties. kgm"": 15}"
ca,Catalan,entity_or_value,"aarhus, denmark","""Aarhus, Denmark""",2,8,1,"aarhus, dinamarca",8,1.0,False,"{""aarhus, dinamarca"": 8}"
ca,Catalan,entity_or_value,aaron bertram,Aaron_Bertram,2,77,1,aaron bertram,77,1.0,False,"{""aaron bertram"": 77}"
ca,Catalan,entity_or_value,aaron boogaard,Aaron_Boogaard,2,76,1,aaron boogaard,76,1.0,False,"{""aaron boogaard"": 76}"
ca,Catalan,entity_or_value,aaron deer,Aaron_Deer,2,145,1,aaron deer,145,1.0,False,"{""aaron deer"": 145}"
ca,Catalan,entity_or_value,aaron hunt,Aaron_Hunt,2,98,1,aaron hunt,98,1.0,False,"{""aaron hunt"": 98}"
ca,Catalan,entity_or_value,aaron s. daggett,Aaron_S._Daggett,2,107,1,aaron smith daggett,107,1.0,False,"{""aaron smith daggett"": 107}"
ca,Catalan,entity_or_value,aaron turner,Aaron_Turner,2,403,1,aaron turner,403,1.0,False,"{""aaron turner"": 403}"
ca,Catalan,entity_or_value,ab klink,Ab_Klink,2,153,1,ab klink,153,1.0,False,"{""ab klink"": 153}"
ca,Catalan,entity_or_value,abarth,Abarth,2,33,1,abarth,33,1.0,False,"{""abarth"": 33}"
ca,Catalan,entity_or_value,abarth 1000 gt coupé,Abarth_1000_GT_Coupé,2,107,1,abarth 1000 gt coupé,107,1.0,False,"{""abarth 1000 gt coupé"": 107}"
ca,Catalan,entity_or_value,abdul halim of kedah,Abdul_Halim_of_Kedah,2,7,1,abdul halim de kedah,7,1.0,False,"{""abdul halim de kedah"": 7}"
ca,Catalan,entity_or_value,abdul rahman ya'kub,Abdul_Rahman_Ya'kub,2,27,1,abdul rahman ya'kub,27,1.0,False,"{""abdul rahman ya'kub"": 27}"
ca,Catalan,entity_or_value,abdul taib mahmud,Abdul_Taib_Mahmud,2,244,1,abdul taib mahmud,244,1.0,False,"{""abdul taib mahmud"": 244}"
ca,Catalan,entity_or_value,abdulsalami abubakar,Abdulsalami_Abubakar,2,101,1,abdulsalami abubakar,101,1.0,False,"{""abdulsalami abubakar"": 101}"
ca,Catalan,entity_or_value,abel caballero,Abel_Caballero,2,142,1,abel ramón caballero álvarez,142,1.0,False,"{""abel ramón caballero álvarez"": 142}"
ca,Catalan,entity_or_value,abel hernández,Abel_Hernández,2,98,1,abel mathías hernández platero,98,1.0,False,"{""abel mathías hernández platero"": 98}"
ca,Catalan,entity_or_value,aberdeen,Aberdeen,2,3,1,aberdeen,3,1.0,False,"{""aberdeen"": 3}"
ca,Catalan,entity_or_value,abh. math. semin. univ. hambg.,"""Abh. Math. Semin. Univ. Hambg.""",2,11,1,abh. math. semin. univ. hambg.,11,1.0,False,"{""abh. math. semin. univ. hambg."": 11}"
ca,Catalan,entity_or_value,abhandlungen aus dem mathematischen seminar der universität hamburg,Abhandlungen_aus_dem_Mathematischen_Seminar_der_Universität_Hamburg,2,34,1,abhandlungen aus dem mathematischen seminar der universität hamburg,34,1.0,False,"{""abhandlungen aus dem mathematischen seminar der universität hamburg"": 34}"
ca,Catalan,entity_or_value,abi,"""ABI""",2,2,1,abi,2,1.0,False,"{""abi"": 2}"
ca,Catalan,entity_or_value,abilene regional airport,Abilene_Regional_Airport,2,88,1,aeroport regional d' abilene,88,1.0,False,"{""aeroport regional d' abilene"": 88}"
ca,Catalan,entity_or_value,"abilene, texas","Abilene,_Texas",2,159,1,"abilene, texas",159,1.0,False,"{""abilene, texas"": 159}"
ca,Catalan,entity_or_value,abner (footballer),Abner_(footballer),2,54,1,adrià (futbolista),54,1.0,False,"{""adrià (futbolista)"": 54}"
ca,Catalan,entity_or_value,abner w. sibal,Abner_W._Sibal,2,98,1,abner w. sibal,98,1.0,False,"{""abner w. sibal"": 98}"
ca,Catalan,entity_or_value,above the veil,Above_the_Veil,2,77,1,al damunt del vel,77,1.0,False,"{""al damunt del vel"": 77}"
ca,Catalan,entity_or_value,abradab,Abradab,2,72,1,abradab,72,1.0,False,"{""abradab"": 72}"
ca,Catalan,entity_or_value,abraham a. ribicoff,Abraham_A._Ribicoff,2,372,1,abraham a. ribicoff,372,1.0,False,"{""abraham a. ribicoff"": 372}"
ca,Catalan,entity_or_value,abraham lincoln,Abraham_Lincoln,2,28,1,abraham lincoln,28,1.0,False,"{""abraham lincoln"": 28}"
ca,Catalan,entity_or_value,abu zahar ujang,Abu_Zahar_Ujang,2,7,1,abu zahar ujang,7,1.0,False,"{""abu zahar ujang"": 7}"
ca,Catalan,entity_or_value,ac hotel bella sky copenhagen,AC_Hotel_Bella_Sky_Copenhagen,2,117,1,ac hotel bella sky copenhagen,117,1.0,False,"{""ac hotel bella sky copenhagen"": 117}"
ca,Catalan,entity_or_value,academy of comic book arts,Academy_of_Comic_Book_Arts,2,4,1,acadèmia d'arts del còmic,4,1.0,False,"{""acadèmia d'arts del còmic"": 4}"
ca,Catalan,entity_or_value,accademia di architettura di mendrisio,Accademia_di_Architettura_di_Mendrisio,2,298,1,accademia di architettura di mendrisio,298,1.0,False,"{""accademia di architettura di mendrisio"": 298}"
ca,Catalan,entity_or_value,accrington,Accrington,2,7,1,accrington,7,1.0,False,"{""accrington"": 7}"
ca,Catalan,entity_or_value,accrington stanley f.c.,Accrington_Stanley_F.C.,2,22,1,accrington stanley football club,22,1.0,False,"{""accrington stanley football club"": 22}"
ca,Catalan,entity_or_value,ace wilder,Ace_Wilder,2,93,1,ace wilder,93,1.0,False,"{""ace wilder"": 93}"
ca,Catalan,entity_or_value,acehnese people,Acehnese_people,2,5,1,persones d'aceh,5,1.0,False,"{""persones d'aceh"": 5}"
ca,Catalan,entity_or_value,acf fiorentina,ACF_Fiorentina,2,23,1,acf fiorentina,23,1.0,False,"{""acf fiorentina"": 23}"
ca,Catalan,entity_or_value,acf fiorentina s.p.a.,"""ACF Fiorentina S.p.A.""",2,3,1,acf fiorentina s.p.a. (italià),3,1.0,False,"{""acf fiorentina s.p.a. (italià)"": 3}"
ca,Catalan,entity_or_value,acharya institute of technology,Acharya_Institute_of_Technology,2,706,1,institut de tecnologia acharya,706,1.0,False,"{""institut de tecnologia acharya"": 706}"
ca,Catalan,entity_or_value,acm trans. inf. syst.,"""ACM Trans. Inf. Syst.""",2,16,1,acm trans. inf. syst.,16,1.0,False,"{""acm trans. inf. syst."": 16}"
ca,Catalan,entity_or_value,acm transactions on information systems,ACM_Transactions_on_Information_Systems,2,53,1,acm transaccions en sistemes d'informació,53,1.0,False,"{""acm transaccions en sistemes d'informació"": 53}"
ca,Catalan,entity_or_value,acoustic music,Acoustic_music,2,11,1,música acústica,11,1.0,False,"{""música acústica"": 11}"
ca,Catalan,entity_or_value,acta math. hungar.,"""Acta Math. Hungar.""",2,14,1,acta math. hungar.,14,1.0,False,"{""acta math. hungar."": 14}"
ca,Catalan,entity_or_value,acta mathematica hungarica,Acta_Mathematica_Hungarica,2,46,1,acta mathematica hungarica,46,1.0,False,"{""acta mathematica hungarica"": 46}"
ca,Catalan,entity_or_value,acta palaeontol. pol.,"""Acta Palaeontol. Pol.""",2,24,1,acta palaeontol. pol.,24,1.0,False,"{""acta palaeontol. pol."": 24}"
ca,Catalan,entity_or_value,acta palaeontologica polonica,Acta_Palaeontologica_Polonica,2,88,1,acta palaeontologica polonica,88,1.0,False,"{""acta palaeontologica polonica"": 88}"
ca,Catalan,entity_or_value,acura,Acura,2,17,1,acura,17,1.0,False,"{""acura"": 17}"
ca,Catalan,entity_or_value,acura tlx,Acura_TLX,2,134,1,acura tlx,134,1.0,False,"{""acura tlx"": 134}"
ca,Catalan,entity_or_value,adam holloway,Adam_Holloway,2,167,1,adam holloway,167,1.0,False,"{""adam holloway"": 167}"
ca,Catalan,entity_or_value,adam koc,Adam_Koc,2,93,1,adam koc,93,1.0,False,"{""adam koc"": 93}"
ca,Catalan,entity_or_value,adam maher,Adam_Maher,2,24,1,adam maher,24,1.0,False,"{""adam maher"": 24}"
ca,Catalan,entity_or_value,adam mcquaid,Adam_McQuaid,2,85,1,adam mcquaid,85,1.0,False,"{""adam mcquaid"": 85}"
ca,Catalan,entity_or_value,adam west,Adam_West,2,9,1,adam west,9,1.0,False,"{""adam west"": 9}"
ca,Catalan,entity_or_value,"adams county, pennsylvania","Adams_County,_Pennsylvania",2,276,1,"comtat d'adams, pennsylvania",276,1.0,False,"{""comtat d'adams, pennsylvania"": 276}"
ca,Catalan,entity_or_value,"adams township, madison county, indiana","Adams_Township,_Madison_County,_Indiana",2,14,1,"adams township, comtat de madison, indiana",14,1.0,False,"{""adams township, comtat de madison, indiana"": 14}"
ca,Catalan,entity_or_value,"adams, fall creek, lafayette, richland, union","""Adams, Fall Creek, Lafayette, Richland, Union""",2,5,1,"adams, fall creek, lafayette, richland, union",5,1.0,False,"{""adams, fall creek, lafayette, richland, union"": 5}"
ca,Catalan,entity_or_value,adare,Adare,2,17,1,adare,17,1.0,False,"{""adare"": 17}"
ca,Catalan,entity_or_value,adare manor,Adare_Manor,2,94,1,adare manor,94,1.0,False,"{""adare manor"": 94}"
ca,Catalan,entity_or_value,addiction,"""Addiction""",2,21,1,addicció,21,1.0,False,"{""addicció"": 21}"
ca,Catalan,entity_or_value,addiction (journal),Addiction_(journal),2,60,1,addiction (journal),60,1.0,False,"{""addiction (journal)"": 60}"
ca,Catalan,entity_or_value,addis ababa,Addis_Ababa,2,54,1,addis abeba,54,1.0,False,"{""addis abeba"": 54}"
ca,Catalan,entity_or_value,addis ababa city hall,Addis_Ababa_City_Hall,2,83,1,ajuntament d'addis abeba,83,1.0,False,"{""ajuntament d'addis abeba"": 83}"
ca,Catalan,entity_or_value,addis ababa stadium,Addis_Ababa_Stadium,2,16,1,estadi d'addis abeba,16,1.0,False,"{""estadi d'addis abeba"": 16}"
ca,Catalan,entity_or_value,adenan satem,Adenan_Satem,2,33,1,adenan satem,33,1.0,False,"{""adenan satem"": 33}"
ca,Catalan,entity_or_value,adice5,"""ADICE5""",2,2,1,adice5constellation name (optional),2,1.0,False,"{""adice5constellation name (optional)"": 2}"
ca,Catalan,entity_or_value,adirondack regional airport,Adirondack_Regional_Airport,2,72,1,aeroport regional d'adirondack,72,1.0,False,"{""aeroport regional d'adirondack"": 72}"
ca,Catalan,entity_or_value,adisham hall,Adisham_Hall,2,120,1,adisham hall,120,1.0,False,"{""adisham hall"": 120}"
ca,Catalan,entity_or_value,admin. sci. q.,"""Admin. Sci. Q.""",2,16,1,administració. ciència. q.,16,1.0,False,"{""administració. ciència. q."": 16}"
ca,Catalan,entity_or_value,administrative science quarterly,Administrative_Science_Quarterly,2,80,1,ciències administratives trimestralment,80,1.0,False,"{""ciències administratives trimestralment"": 80}"
ca,Catalan,entity_or_value,adnan hamad,Adnan_Hamad,2,9,1,adnan hamad,9,1.0,False,"{""adnan hamad"": 9}"
ca,Catalan,entity_or_value,ado den haag,ADO_Den_Haag,2,4,1,ado den haag,4,1.0,False,"{""ado den haag"": 4}"
ca,Catalan,entity_or_value,adolf schärf,Adolf_Schärf,2,11,1,adolf schärf,11,1.0,False,"{""adolf schärf"": 11}"
ca,Catalan,entity_or_value,adolfo suárez madrid–barajas airport,Adolfo_Suárez_Madrid–Barajas_Airport,2,304,1,aeroport adolfo suárez de madrid-barajas,304,1.0,False,"{""aeroport adolfo suárez de madrid-barajas"": 304}"
ca,Catalan,entity_or_value,adonis georgiadis,Adonis_Georgiadis,2,126,1,adonis georgiadis,126,1.0,False,"{""adonis georgiadis"": 126}"
ca,Catalan,entity_or_value,adrián rivera pérez,Adrián_Rivera_Pérez,2,2,1,adrián rivera pérez,2,1.0,False,"{""adrián rivera pérez"": 2}"
ca,Catalan,entity_or_value,aek athens f.c.,AEK_Athens_F.C.,2,67,1,aek atenes fc,67,1.0,False,"{""aek atenes fc"": 67}"
ca,Catalan,entity_or_value,aenir,Aenir,2,83,1,aenir,83,1.0,False,"{""aenir"": 83}"
ca,Catalan,entity_or_value,aermacchi mb-339,Aermacchi_MB-339,2,4,1,aermacchi mb-339,4,1.0,False,"{""aermacchi mb-339"": 4}"
ca,Catalan,entity_or_value,afas stadion,AFAS_Stadion,2,5,1,afas stadion,5,1.0,False,"{""afas stadion"": 5}"
ca,Catalan,entity_or_value,afc ajax,AFC_Ajax,2,42,1,afc ajax,42,1.0,False,"{""afc ajax"": 42}"
ca,Catalan,entity_or_value,afc ajax (amateurs),AFC_Ajax_(amateurs),2,48,1,afc ajax (amateurs),48,1.0,False,"{""afc ajax (amateurs)"": 48}"
ca,Catalan,entity_or_value,afc ajax n.v.,AFC_Ajax_N.V.,2,9,1,afc ajax n.v.,9,1.0,False,"{""afc ajax n.v."": 9}"
ca,Catalan,entity_or_value,"afit, m.s. 1962","""AFIT, M.S. 1962""",2,29,1,"afit, m.s. 1962",29,1.0,False,"{""afit, m.s. 1962"": 29}"
ca,Catalan,entity_or_value,afonso pena international airport,Afonso_Pena_International_Airport,2,116,1,aeroport internacional afonso pena,116,1.0,False,"{""aeroport internacional afonso pena"": 116}"
ca,Catalan,entity_or_value,african americans,African_Americans,2,273,1,negres estatunidencs,273,1.0,False,"{""negres estatunidencs"": 273}"
ca,Catalan,entity_or_value,african-american,African-American,2,2,1,afroamericà,2,1.0,False,"{""afroamericà"": 2}"
ca,Catalan,entity_or_value,afrobeat,Afrobeat,2,16,1,afrobeat,16,1.0,False,"{""afrobeat"": 16}"
ca,Catalan,entity_or_value,afterplay (brian kelly album),Afterplay_(Brian_Kelly_album),2,10,1,afterplay (àlbum de brian kelly),10,1.0,False,"{""afterplay (àlbum de brian kelly)"": 10}"
ca,Catalan,entity_or_value,agm-88 harm,AGM-88_HARM,2,2,1,agm-88 harm,2,1.0,False,"{""agm-88 harm"": 2}"
ca,Catalan,entity_or_value,agnes kant,Agnes_Kant,2,131,1,agnes kant,131,1.0,False,"{""agnes kant"": 131}"
ca,Catalan,entity_or_value,agnes ward white,Agnes_Ward_White,2,35,1,agnes ward white,35,1.0,False,"{""agnes ward white"": 35}"
ca,Catalan,entity_or_value,agr,"""AGR""",2,10,1,agr,10,1.0,False,"{""agr"": 10}"
ca,Catalan,entity_or_value,agra,Agra,2,7,1,agra,7,1.0,False,"{""agra"": 7}"
ca,Catalan,entity_or_value,agra airport,Agra_Airport,2,134,1,aeroport d' agra,134,1.0,False,"{""aeroport d' agra"": 134}"
ca,Catalan,entity_or_value,agremiação sportiva arapiraquense,Agremiação_Sportiva_Arapiraquense,2,274,1,as arapiraquense,274,1.0,False,"{""as arapiraquense"": 274}"
ca,Catalan,entity_or_value,agustín barboza,Agustín_Barboza,2,96,1,agustín barboza,96,1.0,False,"{""agustín barboza"": 96}"
ca,Catalan,entity_or_value,ahmad kadhim assad,Ahmad_Kadhim_Assad,2,56,1,ahmad kadhim assad,56,1.0,False,"{""ahmad kadhim assad"": 56}"
ca,Catalan,entity_or_value,ahmedabad,Ahmedabad,2,30,1,ahmadabad,30,1.0,False,"{""ahmadabad"": 30}"
ca,Catalan,entity_or_value,ahmet davutoğlu,Ahmet_Davutoğlu,2,34,1,ahmet davutoğlu,34,1.0,False,"{""ahmet davutoğlu"": 34}"
ca,Catalan,entity_or_value,ahmet ertegun,Ahmet_Ertegun,2,134,1,ahmet ertegun,134,1.0,False,"{""ahmet ertegun"": 134}"
ca,Catalan,entity_or_value,ahora madrid,Ahora_Madrid,2,2,1,ara madrid,2,1.0,False,"{""ara madrid"": 2}"
ca,Catalan,entity_or_value,ahri'ahn,"""Ahri'ahn""",2,5,1,ahri'ahn,5,1.0,False,"{""ahri'ahn"": 5}"
ca,Catalan,entity_or_value,aida cruises,AIDA_Cruises,2,84,1,aida cruises,84,1.0,False,"{""aida cruises"": 84}"
ca,Catalan,entity_or_value,aidaluna,AIDAluna,2,154,1,aidaluna,154,1.0,False,"{""aidaluna"": 154}"
ca,Catalan,entity_or_value,aidastella,AIDAstella,2,148,1,aidastella,148,1.0,False,"{""aidastella"": 148}"
ca,Catalan,entity_or_value,aids (journal),AIDS_(journal),2,109,1,aids (journal),109,1.0,False,"{""aids (journal)"": 109}"
ca,Catalan,entity_or_value,aileen raymond,Aileen_Raymond,2,2,1,aileen raymond,2,1.0,False,"{""aileen raymond"": 2}"
ca,Catalan,entity_or_value,aip adv.,"""AIP Adv.""",2,11,1,ajuntament d'aiguaviva..,11,1.0,False,"{""ajuntament d'aiguaviva.."": 11}"
ca,Catalan,entity_or_value,aip advances,AIP_Advances,2,70,1,avanços de l' aip,70,1.0,False,"{""avanços de l' aip"": 70}"
ca,Catalan,entity_or_value,airbus defence and space,Airbus_Defence_and_Space,2,13,1,airbus defence and space,13,1.0,False,"{""airbus defence and space"": 13}"
ca,Catalan,entity_or_value,airbus group,Airbus_Group,2,2,1,airbus group,2,1.0,False,"{""airbus group"": 2}"
ca,Catalan,entity_or_value,airey neave,Airey_Neave,2,119,1,airey neave,119,1.0,False,"{""airey neave"": 119}"
ca,Catalan,entity_or_value,airman (comicscharacter),Airman_(comicsCharacter),2,12,1,airman (còmicpersonatge),12,1.0,False,"{""airman (còmicpersonatge)"": 12}"
ca,Catalan,entity_or_value,airports authority of india,Airports_Authority_of_India,2,8,1,autoritat d'aeroports de l'índia,8,1.0,False,"{""autoritat d'aeroports de l'índia"": 8}"
ca,Catalan,entity_or_value,ajax youth academy,Ajax_Youth_Academy,2,11,1,ajax youth academy,11,1.0,False,"{""ajax youth academy"": 11}"
ca,Catalan,entity_or_value,ajo blanco,"""Ajo blanco""",2,16,1,ajo blanco,16,1.0,False,"{""ajo blanco"": 16}"
ca,Catalan,entity_or_value,ajoblanco,Ajoblanco,2,187,1,ajoblanco,187,1.0,False,"{""ajoblanco"": 187}"
ca,Catalan,entity_or_value,akeem adams,Akeem_Adams,2,82,1,akeem adams,82,1.0,False,"{""akeem adams"": 82}"
ca,Catalan,entity_or_value,akeem ayers,Akeem_Ayers,2,158,1,akeem ayers,158,1.0,False,"{""akeem ayers"": 158}"
ca,Catalan,entity_or_value,akeem dent,Akeem_Dent,2,92,1,akeem dent,92,1.0,False,"{""akeem dent"": 92}"
ca,Catalan,entity_or_value,akeem priestley,Akeem_Priestley,2,79,1,akeem priestley,79,1.0,False,"{""akeem priestley"": 79}"
ca,Catalan,entity_or_value,akihito,Akihito,2,5,1,akihito,5,1.0,False,"{""akihito"": 5}"
ca,Catalan,entity_or_value,akita museum of art,Akita_Museum_of_Art,2,90,1,museu d'art d'akita,90,1.0,False,"{""museu d'art d'akita"": 90}"
ca,Catalan,entity_or_value,akita prefecture,Akita_Prefecture,2,48,1,prefectura d'akita,48,1.0,False,"{""prefectura d'akita"": 48}"
ca,Catalan,entity_or_value,"akita, akita","Akita,_Akita",2,74,1,"akita, akita",74,1.0,False,"{""akita, akita"": 74}"
ca,Catalan,entity_or_value,akron metro futbol club summit assault,"""Akron Metro Futbol Club Summit Assault""",2,2,1,akron metro futbol club summit assault,2,1.0,False,"{""akron metro futbol club summit assault"": 2}"
ca,Catalan,entity_or_value,akron summit assault,Akron_Summit_Assault,2,68,1,akron summit assault,68,1.0,False,"{""akron summit assault"": 68}"
ca,Catalan,entity_or_value,"akron, ohio","Akron,_Ohio",2,154,1,"akron, ohio",154,1.0,False,"{""akron, ohio"": 154}"
ca,Catalan,entity_or_value,aktieselskab,Aktieselskab,2,15,1,aktieselskab,15,1.0,False,"{""aktieselskab"": 15}"
ca,Catalan,entity_or_value,"al anbar province, iraq","""Al Anbar Province, Iraq""",2,16,1,"província d'al anbar, iraq",16,1.0,False,"{""província d'al anbar, iraq"": 16}"
ca,Catalan,entity_or_value,al anderson (nrbq band),Al_Anderson_(NRBQ band),2,192,1,al anderson (banda nrbq),192,1.0,False,"{""al anderson (banda nrbq)"": 192}"
ca,Catalan,entity_or_value,al asad airbase,Al_Asad_Airbase,2,171,1,base aèria al asad,171,1.0,False,"{""base aèria al asad"": 171}"
ca,Catalan,entity_or_value,al kharaitiyat sc,Al_Kharaitiyat_SC,2,99,1,al kharaitiyat sc,99,1.0,False,"{""al kharaitiyat sc"": 99}"
ca,Catalan,entity_or_value,al khor,Al_Khor,2,35,1,al khor (municipi),35,1.0,False,"{""al khor (municipi)"": 35}"
ca,Catalan,entity_or_value,al shorta sc,Al_Shorta_SC,2,8,1,al shorta scsudan. kgm,8,1.0,False,"{""al shorta scsudan. kgm"": 8}"
ca,Catalan,entity_or_value,al-amin daggash,Al-Amin_Daggash,2,10,1,al- amin daggashsudan. kgm,10,1.0,False,"{""al- amin daggashsudan. kgm"": 10}"
ca,Catalan,entity_or_value,al-jaish sc (syria),Al-Jaish_SC_(Syria),2,4,1,al-jaish sc (siria),4,1.0,False,"{""al-jaish sc (siria)"": 4}"
ca,Catalan,entity_or_value,al-khor sports club,Al-Khor_Sports_Club,2,27,1,al-khor sc,27,1.0,False,"{""al-khor sc"": 27}"
ca,Catalan,entity_or_value,al-merrikh sc,Al-Merrikh_SC,2,3,1,al-merrikh sc,3,1.0,False,"{""al-merrikh sc"": 3}"
ca,Catalan,entity_or_value,al-naft,Al-Naft,2,5,1,al- naftalgeria. kgm,5,1.0,False,"{""al- naftalgeria. kgm"": 5}"
ca,Catalan,entity_or_value,al-quwa al-jawiya,Al-Quwa_Al-Jawiya,2,5,1,al-quwa al-jawiya,5,1.0,False,"{""al-quwa al-jawiya"": 5}"
ca,Catalan,entity_or_value,al-shamal sports club,Al-Shamal_Sports_Club,2,3,1,al-shamal sc,3,1.0,False,"{""al-shamal sc"": 3}"
ca,Catalan,entity_or_value,al-talaba sc,Al-Talaba_SC,2,2,1,al- talaba scalgeria. kgm,2,1.0,False,"{""al- talaba scalgeria. kgm"": 2}"
ca,Catalan,entity_or_value,al-taqaddum air base,Al-Taqaddum_Air_Base,2,37,1,base aèria al-taqaddum,37,1.0,False,"{""base aèria al-taqaddum"": 37}"
ca,Catalan,entity_or_value,al-wakrah sport club,Al-Wakrah_Sport_Club,2,12,1,club esportiu al-wakrah,12,1.0,False,"{""club esportiu al-wakrah"": 12}"
ca,Catalan,entity_or_value,al-zawra'a sc,Al-Zawra'a_SC,2,12,1,al-zawraa sc bagdad,12,1.0,False,"{""al-zawraa sc bagdad"": 12}"
ca,Catalan,entity_or_value,alaa abdul-zahra,Alaa_Abdul-Zahra,2,117,1,alaa abdul-zahra,117,1.0,False,"{""alaa abdul-zahra"": 117}"
ca,Catalan,entity_or_value,alabama,Alabama,2,56,1,alabama,56,1.0,False,"{""alabama"": 56}"
ca,Catalan,entity_or_value,alagoas,Alagoas,2,3,1,alagoas,3,1.0,False,"{""alagoas"": 3}"
ca,Catalan,entity_or_value,alan b. miller hall,Alan_B._Miller_Hall,2,326,1,alan b. miller hall,326,1.0,False,"{""alan b. miller hall"": 326}"
ca,Catalan,entity_or_value,alan bean,Alan_Bean,2,410,1,alan bean,410,1.0,False,"{""alan bean"": 410}"
ca,Catalan,entity_or_value,alan fitzsimmons,Alan_Fitzsimmons,2,6,1,alan fitzsimmons,6,1.0,False,"{""alan fitzsimmons"": 6}"
ca,Catalan,entity_or_value,alan frew,Alan_Frew,2,98,1,alan frew,98,1.0,False,"{""alan frew"": 98}"
ca,Catalan,entity_or_value,alan jaggs,Alan_Jaggs,2,18,1,alan jaggs,18,1.0,False,"{""alan jaggs"": 18}"
ca,Catalan,entity_or_value,alan lavern bean,"""Alan LaVern Bean""",2,2,1,alan lavern bean,2,1.0,False,"{""alan lavern bean"": 2}"
ca,Catalan,entity_or_value,alan martin (footballer),Alan_Martin_(footballer),2,96,1,alan martin (futbolista),96,1.0,False,"{""alan martin (futbolista)"": 96}"
ca,Catalan,entity_or_value,alan shepard,Alan_Shepard,2,669,1,alan shepard,669,1.0,False,"{""alan shepard"": 669}"
ca,Catalan,entity_or_value,alan tudyk,Alan_Tudyk,2,5,1,alan tudyk,5,1.0,False,"{""alan tudyk"": 5}"
ca,Catalan,entity_or_value,alba,Alba,2,10,1,alba,10,1.0,False,"{""alba"": 10}"
ca,Catalan,entity_or_value,alba county,Alba_County,2,9,1,província d'alba,9,1.0,False,"{""província d'alba"": 9}"
ca,Catalan,entity_or_value,alba iulia,Alba_Iulia,2,41,1,alba iulia,41,1.0,False,"{""alba iulia"": 41}"
ca,Catalan,entity_or_value,"albany, georgia","Albany,_Georgia",2,128,1,"albany, geòrgia",128,1.0,False,"{""albany, geòrgia"": 128}"
ca,Catalan,entity_or_value,"albany, oregon","Albany,_Oregon",2,120,1,"albany, oregon",120,1.0,False,"{""albany, oregon"": 120}"
ca,Catalan,entity_or_value,albennie jones,Albennie_Jones,2,135,1,albennie jones,135,1.0,False,"{""albennie jones"": 135}"
ca,Catalan,entity_or_value,albert b. white,Albert_B._White,2,199,1,albert b. white,199,1.0,False,"{""albert b. white"": 199}"
ca,Catalan,entity_or_value,albert e. austin,Albert_E._Austin,2,10,1,albert e. austin,10,1.0,False,"{""albert e. austin"": 10}"
ca,Catalan,entity_or_value,albert jennings fountain,Albert_Jennings_Fountain,2,169,1,albert jennings fountain,169,1.0,False,"{""albert jennings fountain"": 169}"
ca,Catalan,entity_or_value,albert uderzo,Albert_Uderzo,2,5,1,albert uderzo,5,1.0,False,"{""albert uderzo"": 5}"
ca,Catalan,entity_or_value,alberto teisaire,Alberto_Teisaire,2,154,1,alberto teisaire,154,1.0,False,"{""alberto teisaire"": 154}"
ca,Catalan,entity_or_value,albuquerque city council,Albuquerque_City_Council,2,21,1,ajuntament d'albuquerque,21,1.0,False,"{""ajuntament d'albuquerque"": 21}"
ca,Catalan,entity_or_value,"albuquerque, new mexico","Albuquerque,_New_Mexico",2,182,1,"albuquerque, new mexico",182,1.0,False,"{""albuquerque, new mexico"": 182}"
ca,Catalan,entity_or_value,alcatraz versus the evil librarians,Alcatraz_Versus_the_Evil_Librarians,2,126,1,alcatraz contra els malvats bibliotecaris,126,1.0,False,"{""alcatraz contra els malvats bibliotecaris"": 126}"
ca,Catalan,entity_or_value,alcatraz versus the scrivener's bones,Alcatraz_Versus_the_Scrivener's_Bones,2,6,1,alcatraz versus els ossos de l'escriptor,6,1.0,False,"{""alcatraz versus els ossos de l'escriptor"": 6}"
ca,Catalan,entity_or_value,alco rs-3,ALCO_RS-3,2,272,1,alco rs- 3constellation name (optional),272,1.0,False,"{""alco rs- 3constellation name (optional)"": 272}"
ca,Catalan,entity_or_value,alcobendas,Alcobendas,2,64,1,alcobendas,64,1.0,False,"{""alcobendas"": 64}"
ca,Catalan,entity_or_value,alderney,Alderney,2,26,1,alderney,26,1.0,False,"{""alderney"": 26}"
ca,Catalan,entity_or_value,alderney airport,Alderney_Airport,2,93,1,aeroport d'alderney,93,1.0,False,"{""aeroport d'alderney"": 93}"
ca,Catalan,entity_or_value,aldershot town f.c.,Aldershot_Town_F.C.,2,5,1,aldershot town f.c. (anglès),5,1.0,False,"{""aldershot town f.c. (anglès)"": 5}"
ca,Catalan,entity_or_value,"aleksander barkov, jr.","Aleksander_Barkov,_Jr.",2,52,1,"aleksander barkov, jr.",52,1.0,False,"{""aleksander barkov, jr."": 52}"
ca,Catalan,entity_or_value,aleksandr chumakov,Aleksandr_Chumakov,2,75,1,aleksandr chumakov,75,1.0,False,"{""aleksandr chumakov"": 75}"
ca,Catalan,entity_or_value,aleksandr prudnikov,Aleksandr_Prudnikov,2,216,1,aleksandr prudnikov,216,1.0,False,"{""aleksandr prudnikov"": 216}"
ca,Catalan,entity_or_value,aleksandr tukmanov,Aleksandr_Tukmanov,2,7,1,aleksandr tukmanov,7,1.0,False,"{""aleksandr tukmanov"": 7}"
ca,Catalan,entity_or_value,aleksandra kovač,Aleksandra_Kovač,2,155,1,aleksandra kovač,155,1.0,False,"{""aleksandra kovač"": 155}"
ca,Catalan,entity_or_value,aleksandre guruli,Aleksandre_Guruli,2,91,1,aleksandre guruli,91,1.0,False,"{""aleksandre guruli"": 91}"
ca,Catalan,entity_or_value,aleksey chirikov (icebreaker),Aleksey_Chirikov_(icebreaker),2,117,1,aleksey chirikov (trencaglaç),117,1.0,False,"{""aleksey chirikov (trencaglaç)"": 117}"
ca,Catalan,entity_or_value,alessandro dal canto,Alessandro_Dal_Canto,2,7,1,alessandro dal canto,7,1.0,False,"{""alessandro dal canto"": 7}"
ca,Catalan,entity_or_value,alessio romagnoli,Alessio_Romagnoli,2,136,1,alessio romagnoli,136,1.0,False,"{""alessio romagnoli"": 136}"
ca,Catalan,entity_or_value,alex day,Alex_Day,2,111,1,alex day,111,1.0,False,"{""alex day"": 111}"
ca,Catalan,entity_or_value,alex plante,Alex_Plante,2,54,1,alex plante,54,1.0,False,"{""alex plante"": 54}"
ca,Catalan,entity_or_value,alex tyus,Alex_Tyus,2,56,1,alex tyus,56,1.0,False,"{""alex tyus"": 56}"
ca,Catalan,entity_or_value,alexander l. wolf,Alexander_L._Wolf,2,2,1,alexander l. wolf,2,1.0,False,"{""alexander l. wolf"": 2}"
ca,Catalan,entity_or_value,alexander nouri,Alexander_Nouri,2,7,1,alexander nouri,7,1.0,False,"{""alexander nouri"": 7}"
ca,Catalan,entity_or_value,"alexandria, indiana","Alexandria,_Indiana",2,59,1,"alexandria, indiana",59,1.0,False,"{""alexandria, indiana"": 59}"
ca,Catalan,entity_or_value,"alexandria, virginia","Alexandria,_Virginia",2,5,1,"alexandria, virgínia",5,1.0,False,"{""alexandria, virgínia"": 5}"
ca,Catalan,entity_or_value,alexis tsipras,Alexis_Tsipras,2,22,1,alexis tsipras,22,1.0,False,"{""alexis tsipras"": 22}"
ca,Catalan,entity_or_value,alfa romeo 164,Alfa_Romeo_164,2,169,1,alfa romeo 164,169,1.0,False,"{""alfa romeo 164"": 169}"
ca,Catalan,entity_or_value,alfa romeo 168,"""Alfa Romeo 168""",2,15,1,alfa romeo 168,15,1.0,False,"{""alfa romeo 168"": 15}"
ca,Catalan,entity_or_value,alfons gorbach,Alfons_Gorbach,2,170,1,alfons gorbach,170,1.0,False,"{""alfons gorbach"": 170}"
ca,Catalan,entity_or_value,alfonso xiii of spain,Alfonso_XIII_of_Spain,2,11,1,alfons xiii d'espanya,11,1.0,False,"{""alfons xiii d'espanya"": 11}"
ca,Catalan,entity_or_value,alfred garth jones,Alfred_Garth_Jones,2,152,1,alfred garth jones,152,1.0,False,"{""alfred garth jones"": 152}"
ca,Catalan,entity_or_value,alfred giles (architect),Alfred_Giles_(architect),2,10,1,alfred giles (arquitecte),10,1.0,False,"{""alfred giles (arquitecte)"": 10}"
ca,Catalan,entity_or_value,alfred moore scales,Alfred_Moore_Scales,2,99,1,alfred moore scales,99,1.0,False,"{""alfred moore scales"": 99}"
ca,Catalan,entity_or_value,alfred n. phillips,Alfred_N._Phillips,2,80,1,alfred n. phillips,80,1.0,False,"{""alfred n. phillips"": 80}"
ca,Catalan,entity_or_value,alfred worden,Alfred_Worden,2,18,1,alfred worden,18,1.0,False,"{""alfred worden"": 18}"
ca,Catalan,entity_or_value,alfredo zitarrosa,Alfredo_Zitarrosa,2,142,1,alfredo zitarrosa,142,1.0,False,"{""alfredo zitarrosa"": 142}"
ca,Catalan,entity_or_value,alhambra,Alhambra,2,112,1,alhambra,112,1.0,False,"{""alhambra"": 112}"
ca,Catalan,entity_or_value,alianza f.c.,Alianza_F.C.,2,4,1,"asociación cívica, social y deportiva alianza",4,1.0,False,"{""asociación cívica, social y deportiva alianza"": 4}"
ca,Catalan,entity_or_value,alison o'donnell,Alison_O'Donnell,2,244,1,alison o'donnell,244,1.0,False,"{""alison o'donnell"": 244}"
ca,Catalan,entity_or_value,alkmaar zaanstreek,"""Alkmaar Zaanstreek""",2,4,1,alkmaar zaanstreek,4,1.0,False,"{""alkmaar zaanstreek"": 4}"
ca,Catalan,entity_or_value,all india council for technical education,All_India_Council_for_Technical_Education,2,86,1,all india council for technical education (consell de l'índia per a l'educació tècnica),86,1.0,False,"{""all india council for technical education (consell de l'índia per a l'educació tècnica)"": 86}"
ca,Catalan,entity_or_value,allama iqbal international airport,Allama_Iqbal_International_Airport,2,153,1,aeroport internacional allama iqbal,153,1.0,False,"{""aeroport internacional allama iqbal"": 153}"
ca,Catalan,entity_or_value,allan sandage,Allan_Sandage,2,14,1,allan sandage,14,1.0,False,"{""allan sandage"": 14}"
ca,Catalan,entity_or_value,allan shivers,Allan_Shivers,2,72,1,allan shivers,72,1.0,False,"{""allan shivers"": 72}"
ca,Catalan,entity_or_value,allen forrest,Allen_Forrest,2,133,1,allen forrest,133,1.0,False,"{""allen forrest"": 133}"
ca,Catalan,entity_or_value,alley award,Alley_Award,2,2,1,premi alley,2,1.0,False,"{""premi alley"": 2}"
ca,Catalan,entity_or_value,alliance films corporation,Alliance_Films_Corporation,2,7,1,alliance films corporation,7,1.0,False,"{""alliance films corporation"": 7}"
ca,Catalan,entity_or_value,alliant techsystems,Alliant_Techsystems,2,7,1,alliant techsystems,7,1.0,False,"{""alliant techsystems"": 7}"
ca,Catalan,entity_or_value,alligator records,Alligator_Records,2,49,1,alligator records,49,1.0,False,"{""alligator records"": 49}"
ca,Catalan,entity_or_value,almond,Almond,2,52,1,almond,52,1.0,False,"{""almond"": 52}"
ca,Catalan,entity_or_value,alpena county regional airport,Alpena_County_Regional_Airport,2,96,1,aeroport regional del comtat d' alpena,96,1.0,False,"{""aeroport regional del comtat d' alpena"": 96}"
ca,Catalan,entity_or_value,"alpena county, michigan","Alpena_County,_Michigan",2,2,1,"comtat d'alpena, michigan",2,1.0,False,"{""comtat d'alpena, michigan"": 2}"
ca,Catalan,entity_or_value,"alpena, michigan","Alpena,_Michigan",2,15,1,"alpena, michigan",15,1.0,False,"{""alpena, michigan"": 15}"
ca,Catalan,entity_or_value,"alpharetta, georgia","Alpharetta,_Georgia",2,84,1,"alpharetta, geòrgia",84,1.0,False,"{""alpharetta, geòrgia"": 84}"
ca,Catalan,entity_or_value,alphonse borrelly,Alphonse_Borrelly,2,2,1,alphonse borrelly,2,1.0,False,"{""alphonse borrelly"": 2}"
ca,Catalan,entity_or_value,altar of plagues,Altar_of_Plagues,2,2,1,altar de les plagues,2,1.0,False,"{""altar de les plagues"": 2}"
ca,Catalan,entity_or_value,alternative rock,Alternative_rock,2,84,1,rock alternatiu,84,1.0,False,"{""rock alternatiu"": 84}"
ca,Catalan,entity_or_value,alv x-1,ALV_X-1,2,84,1,alv x-1,84,1.0,False,"{""alv x-1"": 84}"
ca,Catalan,entity_or_value,alvah sabin,Alvah_Sabin,2,163,1,alvah sabin,163,1.0,False,"{""alvah sabin"": 163}"
ca,Catalan,entity_or_value,alvinegro,"""''Alvinegro""",2,13,1,alvinegro,13,1.0,False,"{""alvinegro"": 13}"
ca,Catalan,entity_or_value,alvis car and engineering company,Alvis_Car_and_Engineering_Company,2,24,1,alvis car and engineering company,24,1.0,False,"{""alvis car and engineering company"": 24}"
ca,Catalan,entity_or_value,alvis speed 25,Alvis_Speed_25,2,70,1,alvis speed 25,70,1.0,False,"{""alvis speed 25"": 70}"
ca,Catalan,entity_or_value,am. j. math.,"""Am. J. Math.""",2,18,1,am. j. math. (en anglès).,18,1.0,False,"{""am. j. math. (en anglès)."": 18}"
ca,Catalan,entity_or_value,amahe9,"""AMAHE9""",2,5,1,amahe9constellation name (optional),5,1.0,False,"{""amahe9constellation name (optional)"": 5}"
ca,Catalan,entity_or_value,amar osim,Amar_Osim,2,21,1,amar osim,21,1.0,False,"{""amar osim"": 21}"
ca,Catalan,entity_or_value,"amarillo, texas","Amarillo,_Texas",2,113,1,"amarillo, texas",113,1.0,False,"{""amarillo, texas"": 113}"
ca,Catalan,entity_or_value,amatriciana sauce,Amatriciana_sauce,2,115,1,amatriciana,115,1.0,False,"{""amatriciana"": 115}"
ca,Catalan,entity_or_value,amazing-man (comicscharacter),Amazing-Man_(comicsCharacter),2,4,1,amazing-man (personatge de còmics),4,1.0,False,"{""amazing-man (personatge de còmics)"": 4}"
ca,Catalan,entity_or_value,ambient music,Ambient_music,2,5,1,ambient,5,1.0,False,"{""ambient"": 5}"
ca,Catalan,entity_or_value,ambrose,Ambrose,2,4,1,ambrose,4,1.0,False,"{""ambrose"": 4}"
ca,Catalan,entity_or_value,amc ambassador,AMC_Ambassador,2,11,1,amc ambassador,11,1.0,False,"{""amc ambassador"": 11}"
ca,Catalan,entity_or_value,amc matador,AMC_Matador,2,147,1,amc matador,147,1.0,False,"{""amc matador"": 147}"
ca,Catalan,entity_or_value,amc straight-6 engine,AMC_straight-6_engine,2,8,1,motor amc en línia 6,8,1.0,False,"{""motor amc en línia 6"": 8}"
ca,Catalan,entity_or_value,amc v8 engine,AMC_V8_engine,2,12,1,motor amc v8,12,1.0,False,"{""motor amc v8"": 12}"
ca,Catalan,entity_or_value,amdavad ni gufa,Amdavad_ni_Gufa,2,112,1,amdavad ni gufa,112,1.0,False,"{""amdavad ni gufa"": 112}"
ca,Catalan,entity_or_value,american,American,2,37,1,americà,37,1.0,False,"{""americà"": 37}"
ca,Catalan,entity_or_value,american civil war,American_Civil_War,2,147,1,guerra civil dels estats units,147,1.0,False,"{""guerra civil dels estats units"": 147}"
ca,Catalan,entity_or_value,american craftsman,American_Craftsman,2,4,1,artífic nord-americà,4,1.0,False,"{""artífic nord-americà"": 4}"
ca,Catalan,entity_or_value,american defense service ribbon.svg,"""American Defense Service ribbon.svg""",2,3,1,servei de defensa americana ribbon. svg,3,1.0,False,"{""servei de defensa americana ribbon. svg"": 3}"
ca,Catalan,entity_or_value,american institute of physics,American_Institute_of_Physics,2,10,1,american institute of physics,10,1.0,False,"{""american institute of physics"": 10}"
ca,Catalan,entity_or_value,american journal of mathematics,American_Journal_of_Mathematics,2,75,1,american journal of mathematics,75,1.0,False,"{""american journal of mathematics"": 75}"
ca,Catalan,entity_or_value,american locomotive company,American_Locomotive_Company,2,48,1,american locomotive company,48,1.0,False,"{""american locomotive company"": 48}"
ca,Catalan,entity_or_value,american motors,American_Motors,2,39,1,american motors,39,1.0,False,"{""american motors"": 39}"
ca,Catalan,entity_or_value,american motors matador,"""American Motors Matador""",2,7,1,american motors matador,7,1.0,False,"{""american motors matador"": 7}"
ca,Catalan,entity_or_value,american revolutionary war,American_Revolutionary_War,2,4,1,guerra d'independència dels estats units,4,1.0,False,"{""guerra d'independència dels estats units"": 4}"
ca,Catalan,entity_or_value,american submarine nr-1,American_submarine_NR-1,2,43,1,submarí americà nr-1,43,1.0,False,"{""submarí americà nr-1"": 43}"
ca,Catalan,entity_or_value,americans,Americans,2,143,1,estatunidenc,143,1.0,False,"{""estatunidenc"": 143}"
ca,Catalan,entity_or_value,amerigas,AmeriGas,2,169,1,amerigas,169,1.0,False,"{""amerigas"": 169}"
ca,Catalan,entity_or_value,amhaaj,"""AMHAAJ""",2,5,1,amhaaj,5,1.0,False,"{""amhaaj"": 5}"
ca,Catalan,entity_or_value,amharic,Amharic,2,12,1,amhàric,12,1.0,False,"{""amhàric"": 12}"
ca,Catalan,entity_or_value,ampara,Ampara,2,5,1,ampara,5,1.0,False,"{""ampara"": 5}"
ca,Catalan,entity_or_value,ampara district,Ampara_District,2,13,1,amparai,13,1.0,False,"{""amparai"": 13}"
ca,Catalan,entity_or_value,ampara hospital,Ampara_Hospital,2,92,1,hospital d'ampara,92,1.0,False,"{""hospital d'ampara"": 92}"
ca,Catalan,entity_or_value,amsterdam,Amsterdam,2,32,1,amsterdam,32,1.0,False,"{""amsterdam"": 32}"
ca,Catalan,entity_or_value,amsterdam airport schiphol,Amsterdam_Airport_Schiphol,2,78,1,aeroport d'amsterdam schiphol,78,1.0,False,"{""aeroport d'amsterdam schiphol"": 78}"
ca,Catalan,entity_or_value,amsterdam-centrum,Amsterdam-Centrum,2,3,1,amsterdam-centrum,3,1.0,False,"{""amsterdam-centrum"": 3}"
ca,Catalan,entity_or_value,amsterdam-noord,Amsterdam-Noord,2,3,1,amsterdam-noord,3,1.0,False,"{""amsterdam-noord"": 3}"
ca,Catalan,entity_or_value,amsterdamsche football club ajax,"""Amsterdamsche Football Club Ajax""",2,4,1,club de futbol d'amsterdam ajax,4,1.0,False,"{""club de futbol d'amsterdam ajax"": 4}"
ca,Catalan,entity_or_value,amsterdamsche football club ajax amateurs,"""Amsterdamsche Football Club Ajax Amateurs""",2,6,1,amsterdamsche football club ajax amateurs,6,1.0,False,"{""amsterdamsche football club ajax amateurs"": 6}"
ca,Catalan,entity_or_value,amund bjørklund,Amund_Bjørklund,2,9,1,amund bjørklund,9,1.0,False,"{""amund bjørklund"": 9}"
ca,Catalan,entity_or_value,anadolu efes s.k.,Anadolu_Efes_S.K.,2,8,1,anadolu efes sk,8,1.0,False,"{""anadolu efes sk"": 8}"
ca,Catalan,entity_or_value,"anaheim, california","Anaheim,_California",2,196,1,"anaheim, califòrnia",196,1.0,False,"{""anaheim, califòrnia"": 196}"
ca,Catalan,entity_or_value,anandiben patel,Anandiben_Patel,2,8,1,anandiben patel,8,1.0,False,"{""anandiben patel"": 8}"
ca,Catalan,entity_or_value,anatole de grunwald,Anatole_de_Grunwald,2,45,1,anatole de grunwald,45,1.0,False,"{""anatole de grunwald"": 45}"
ca,Catalan,entity_or_value,andalusia,Andalusia,2,57,1,andalusia,57,1.0,False,"{""andalusia"": 57}"
ca,Catalan,entity_or_value,anders osborne,Anders_Osborne,2,202,1,anders osborne,202,1.0,False,"{""anders osborne"": 202}"
ca,Catalan,entity_or_value,"anderson township, madison county, indiana","Anderson_Township,_Madison_County,_Indiana",2,23,1,"anderson township, comtat de madison, indiana",23,1.0,False,"{""anderson township, comtat de madison, indiana"": 23}"
ca,Catalan,entity_or_value,"anderson, indiana","Anderson,_Indiana",2,148,1,"anderson, indiana",148,1.0,False,"{""anderson, indiana"": 148}"
ca,Catalan,entity_or_value,andra (singer),Andra_(singer),2,134,1,andra (cantant),134,1.0,False,"{""andra (cantant)"": 134}"
ca,Catalan,entity_or_value,andreas vosskuhle,Andreas_Voßkuhle,2,3,1,andreas vosskuhle,3,1.0,False,"{""andreas vosskuhle"": 3}"
ca,Catalan,entity_or_value,andreea bălan,Andreea_Bălan,2,3,1,andreea bălan,3,1.0,False,"{""andreea bălan"": 3}"
ca,Catalan,entity_or_value,andrew mitchell,Andrew_Mitchell,2,5,1,andrew mitchell,5,1.0,False,"{""andrew mitchell"": 5}"
ca,Catalan,entity_or_value,andrew rayel,Andrew_Rayel,2,262,1,andrew rayel,262,1.0,False,"{""andrew rayel"": 262}"
ca,Catalan,entity_or_value,andrew the apostle,Andrew_the_Apostle,2,6,1,andreu apòstol,6,1.0,False,"{""andreu apòstol"": 6}"
ca,Catalan,entity_or_value,andrew white (musician),Andrew_White_(musician),2,100,1,andrew white (músic),100,1.0,False,"{""andrew white (músic)"": 100}"
ca,Catalan,entity_or_value,andrews county airport,Andrews_County_Airport,2,113,1,aeroport del comtat d' andrews,113,1.0,False,"{""aeroport del comtat d' andrews"": 113}"
ca,Catalan,entity_or_value,"andrews county, texas","Andrews_County,_Texas",2,6,1,"comtat d'andrews, texas",6,1.0,False,"{""comtat d'andrews, texas"": 6}"
ca,Catalan,entity_or_value,"andrews, texas","Andrews,_Texas",2,14,1,"andrews, texas",14,1.0,False,"{""andrews, texas"": 14}"
ca,Catalan,entity_or_value,andrzej piotr ruszczyński,Andrzej_Piotr_Ruszczyński,2,19,1,andrzej piotr ruszczyński,19,1.0,False,"{""andrzej piotr ruszczyński"": 19}"
ca,Catalan,entity_or_value,andy warhol's velvet underground featuring nico,Andy_Warhol's_Velvet_Underground_Featuring_Nico,2,3,1,andy warhol's velvet underground featuring nico,3,1.0,False,"{""andy warhol's velvet underground featuring nico"": 3}"
ca,Catalan,entity_or_value,angela merkel,Angela_Merkel,2,4,1,angela merkel,4,1.0,False,"{""angela merkel"": 4}"
ca,Catalan,entity_or_value,angola,Angola,2,19,1,angola,19,1.0,False,"{""angola"": 19}"
ca,Catalan,entity_or_value,angola international airport,Angola_International_Airport,2,98,1,aeroport internacional d'angola,98,1.0,False,"{""aeroport internacional d'angola"": 98}"
ca,Catalan,entity_or_value,"angola, indiana","Angola,_Indiana",2,121,1,"angola, indiana",121,1.0,False,"{""angola, indiana"": 121}"
ca,Catalan,entity_or_value,ankara,Ankara,2,30,1,ankara,30,1.0,False,"{""ankara"": 30}"
ca,Catalan,entity_or_value,"ann arbor, michigan","Ann_Arbor,_Michigan",2,74,1,"ann arbor, michigan",74,1.0,False,"{""ann arbor, michigan"": 74}"
ca,Catalan,entity_or_value,annibale de gasparis,Annibale_de_Gasparis,2,5,1,annibale de gasparis,5,1.0,False,"{""annibale de gasparis"": 5}"
ca,Catalan,entity_or_value,annie dunne,Annie_Dunne,2,8,1,annie dunne,8,1.0,False,"{""annie dunne"": 8}"
ca,Catalan,entity_or_value,antares (rocket),Antares_(rocket),2,203,1,antares (coet),203,1.0,False,"{""antares (coet)"": 203}"
ca,Catalan,entity_or_value,anthony j. celebrezze,Anthony_J._Celebrezze,2,10,1,anthony j. celebrezze,10,1.0,False,"{""anthony j. celebrezze"": 10}"
ca,Catalan,entity_or_value,anthropic principle,Anthropic_principle,2,3,1,principi antròpic,3,1.0,False,"{""principi antròpic"": 3}"
ca,Catalan,entity_or_value,antigua gfc,Antigua_GFC,2,4,1,antigua guatemala fútbol club,4,1.0,False,"{""antigua guatemala fútbol club"": 4}"
ca,Catalan,entity_or_value,"antioch, california","Antioch,_California",2,104,1,"antiòquia, califòrnia",104,1.0,False,"{""antiòquia, califòrnia"": 104}"
ca,Catalan,entity_or_value,antioquia department,Antioquia_Department,2,48,1,departament d'antioquia,48,1.0,False,"{""departament d'antioquia"": 48}"
ca,Catalan,entity_or_value,antonis samaras,Antonis_Samaras,2,72,1,antonis samaràs,72,1.0,False,"{""antonis samaràs"": 72}"
ca,Catalan,entity_or_value,antwerp,Antwerp,2,55,1,anvers,55,1.0,False,"{""anvers"": 55}"
ca,Catalan,entity_or_value,antwerp international airport,Antwerp_International_Airport,2,85,1,aeroport internacional d'anvers,85,1.0,False,"{""aeroport internacional d'anvers"": 85}"
ca,Catalan,entity_or_value,anwar zaheer jamali,Anwar_Zaheer_Jamali,2,5,1,anwar zaheer jamali,5,1.0,False,"{""anwar zaheer jamali"": 5}"
ca,Catalan,entity_or_value,anyang halla,Anyang_Halla,2,12,1,anyang halla,12,1.0,False,"{""anyang halla"": 12}"
ca,Catalan,entity_or_value,anzio,Anzio,2,3,1,antium,3,1.0,False,"{""antium"": 3}"
ca,Catalan,entity_or_value,apgpac,"""APGPAC""",2,9,1,apgpac,9,1.0,False,"{""apgpac"": 9}"
ca,Catalan,entity_or_value,apiaceae,Apiaceae,2,2,1,apiaceae,2,1.0,False,"{""apiaceae"": 2}"
ca,Catalan,entity_or_value,apium,Apium,2,3,1,apium,3,1.0,False,"{""apium"": 3}"
ca,Catalan,entity_or_value,apn,"""APN""",2,2,1,apn,2,1.0,False,"{""apn"": 2}"
ca,Catalan,entity_or_value,apollo 11,Apollo_11,2,140,1,apollo 11,140,1.0,False,"{""apollo 11"": 140}"
ca,Catalan,entity_or_value,apollo 12,Apollo_12,2,156,1,apollo 12,156,1.0,False,"{""apollo 12"": 156}"
ca,Catalan,entity_or_value,apollo 14,Apollo_14,2,57,1,apollo 14,57,1.0,False,"{""apollo 14"": 57}"
ca,Catalan,entity_or_value,apollo 8,Apollo_8,2,143,1,apollo 8,143,1.0,False,"{""apollo 8"": 143}"
ca,Catalan,entity_or_value,apple,Apple,2,3,1,poma,3,1.0,False,"{""poma"": 3}"
ca,Catalan,entity_or_value,appleton international airport,Appleton_International_Airport,2,123,1,aeroport internacional d' appleton,123,1.0,False,"{""aeroport internacional d' appleton"": 123}"
ca,Catalan,entity_or_value,"appleton, wisconsin","Appleton,_Wisconsin",2,61,1,"appleton, wisconsin",61,1.0,False,"{""appleton, wisconsin"": 61}"
ca,Catalan,entity_or_value,april 2014,"""April 2014""",2,5,1,abril de 2014,5,1.0,False,"{""abril de 2014"": 5}"
ca,Catalan,entity_or_value,april o'neil,April_O'Neil,2,3,1,april o'neil,3,1.0,False,"{""april o'neil"": 3}"
ca,Catalan,entity_or_value,aquilino pimentel iii,Aquilino_Pimentel_III,2,3,1,aquilino l. pimentel,3,1.0,False,"{""aquilino l. pimentel"": 3}"
ca,Catalan,entity_or_value,ara veinticinco de mayo (v-2),ARA_Veinticinco_de_Mayo_(V-2),2,42,1,ara veinticinco de mayo (v-2),42,1.0,False,"{""ara veinticinco de mayo (v-2)"": 42}"
ca,Catalan,entity_or_value,arab citizens of israel,Arab_citizens_of_Israel,2,3,1,àrabs d'israel,3,1.0,False,"{""àrabs d'israel"": 3}"
ca,Catalan,entity_or_value,arabian sea,Arabian_Sea,2,18,1,mar d'aràbia,18,1.0,False,"{""mar d'aràbia"": 18}"
ca,Catalan,entity_or_value,arabic,Arabic,2,37,1,àrab,37,1.0,False,"{""àrab"": 37}"
ca,Catalan,entity_or_value,arapiraca,Arapiraca,2,27,1,arapiraca,27,1.0,False,"{""arapiraca"": 27}"
ca,Catalan,entity_or_value,arctech helsinki shipyard,Arctech_Helsinki_Shipyard,2,22,1,arctech estació naval d'helsinki,22,1.0,False,"{""arctech estació naval d'helsinki"": 22}"
ca,Catalan,entity_or_value,ardmore airport (new zealand),Ardmore_Airport_(New_Zealand),2,118,1,aeroport d' ardmore (nova zelanda) oceania. kgm,118,1.0,False,"{""aeroport d' ardmore (nova zelanda) oceania. kgm"": 118}"
ca,Catalan,entity_or_value,arem-arem,Arem-arem,2,117,1,arem-arem,117,1.0,False,"{""arem-arem"": 117}"
ca,Catalan,entity_or_value,arepa,Arepa,2,2,1,arepa,2,1.0,False,"{""arepa"": 2}"
ca,Catalan,entity_or_value,arese,Arese,2,6,1,arese,6,1.0,False,"{""arese"": 6}"
ca,Catalan,entity_or_value,argentina,Argentina,2,63,1,argentina,63,1.0,False,"{""argentina"": 63}"
ca,Catalan,entity_or_value,argentines,Argentines,2,4,1,argentins,4,1.0,False,"{""argentins"": 4}"
ca,Catalan,entity_or_value,ariane 5,Ariane_5,2,171,1,ariane 5,171,1.0,False,"{""ariane 5"": 171}"
ca,Catalan,entity_or_value,arianespace,Arianespace,2,38,1,arianespace,38,1.0,False,"{""arianespace"": 38}"
ca,Catalan,entity_or_value,arifin zakaria,Arifin_Zakaria,2,5,1,arifin zakaria,5,1.0,False,"{""arifin zakaria"": 5}"
ca,Catalan,entity_or_value,arion (comicscharacter),Arion_(comicsCharacter),2,18,1,arion (personatge de còmics),18,1.0,False,"{""arion (personatge de còmics)"": 18}"
ca,Catalan,entity_or_value,"arlington, texas","Arlington,_Texas",2,74,1,"arlington, texas",74,1.0,False,"{""arlington, texas"": 74}"
ca,Catalan,entity_or_value,armin van buuren,Armin_van_Buuren,2,26,1,armin van buuren,26,1.0,False,"{""armin van buuren"": 26}"
ca,Catalan,entity_or_value,"armin van buuren, bobina, mark sixma, jonathan mendelsohn, christian burns, jwaydan, alexander popov, jano, alexandre bergheau, jonny rose, sylvia tosun, lira yin, alexandra badoi","""Armin Van Buuren, Bobina, Mark Sixma, Jonathan Mendelsohn, Christian Burns, Jwaydan, Alexander Popov, Jano, Alexandre Bergheau, Jonny Rose, Sylvia Tosun, Lira Yin, Alexandra Badoi""",2,23,1,"armin van buuren, bobina, mark sixma, jonathan mendelsohn, christian burns, jwaydan, alexander popov, jano, alexandre bergheau, jonny rose, sylvia tosun, lira yin, alexandra badoi",23,1.0,False,"{""armin van buuren, bobina, mark sixma, jonathan mendelsohn, christian burns, jwaydan, alexander popov, jano, alexandre bergheau, jonny rose, sylvia tosun, lira yin, alexandra badoi"": 23}"
ca,Catalan,entity_or_value,arrabbiata sauce,Arrabbiata_sauce,2,79,1,salsa arrabbiata,79,1.0,False,"{""salsa arrabbiata"": 79}"
ca,Catalan,entity_or_value,arrondissement of antwerp,Arrondissement_of_Antwerp,2,2,1,districte d'anvers,2,1.0,False,"{""districte d'anvers"": 2}"
ca,Catalan,entity_or_value,arròs negre,Arròs_negre,2,151,1,arròs negre,151,1.0,False,"{""arròs negre"": 151}"
ca,Catalan,entity_or_value,arthur blank,Arthur_Blank,2,8,1,arthur blank,8,1.0,False,"{""arthur blank"": 8}"
ca,Catalan,entity_or_value,arts and crafts movement,Arts_and_Crafts_movement,2,4,1,arts and crafts,4,1.0,False,"{""arts and crafts"": 4}"
ca,Catalan,entity_or_value,arts and crafts movement and american craftsman bungalows,"""Arts and Crafts Movement and American craftsman Bungalows""",2,6,1,arts and crafts movement i american craftsman bungalows,6,1.0,False,"{""arts and crafts movement i american craftsman bungalows"": 6}"
ca,Catalan,entity_or_value,artur rasizade,Artur_Rasizade,2,28,1,artur rasizade,28,1.0,False,"{""artur rasizade"": 28}"
ca,Catalan,entity_or_value,as lyon-duchère,AS_Lyon-Duchère,2,5,1,as lyon-duchère,5,1.0,False,"{""as lyon-duchère"": 5}"
ca,Catalan,entity_or_value,asa gigante,"""Asa Gigante ''""",2,6,1,asa gigante,6,1.0,False,"{""asa gigante"": 6}"
ca,Catalan,entity_or_value,asajaya,Asajaya,2,12,1,asajaya,12,1.0,False,"{""asajaya"": 12}"
ca,Catalan,entity_or_value,asam padeh,"""Asam padeh""",2,3,1,àcid cítricname,3,1.0,False,"{""àcid cítricname"": 3}"
ca,Catalan,entity_or_value,asam pedas,Asam_pedas,2,133,1,asam pedas,133,1.0,False,"{""asam pedas"": 133}"
ca,Catalan,entity_or_value,asb,"""ASB""",2,2,1,asb,2,1.0,False,"{""asb"": 2}"
ca,Catalan,entity_or_value,ascqag,"""ASCQAG""",2,2,1,ascqagconstellation name (optional),2,1.0,False,"{""ascqagconstellation name (optional)"": 2}"
ca,Catalan,entity_or_value,asher and mary isabelle richardson house,Asher_and_Mary_Isabelle_Richardson_House,2,42,1,casa asher i mary isabelle richardson,42,1.0,False,"{""casa asher i mary isabelle richardson"": 42}"
ca,Catalan,entity_or_value,"asherton, texas","Asherton,_Texas",2,21,1,"asherton, texas",21,1.0,False,"{""asherton, texas"": 21}"
ca,Catalan,entity_or_value,ashgabat,Ashgabat,2,27,1,aşgabat,27,1.0,False,"{""aşgabat"": 27}"
ca,Catalan,entity_or_value,ashgabat international airport,Ashgabat_International_Airport,2,93,1,aeroport internacional d'ashgabat,93,1.0,False,"{""aeroport internacional d'ashgabat"": 93}"
ca,Catalan,entity_or_value,asian americans,Asian_Americans,2,201,1,estatunidencs asiàtics,201,1.0,False,"{""estatunidencs asiàtics"": 201}"
ca,Catalan,entity_or_value,asian canadians,Asian_Canadians,2,6,1,canadencs asiàtics,6,1.0,False,"{""canadencs asiàtics"": 6}"
ca,Catalan,entity_or_value,asian south africans,Asian_South_Africans,2,11,1,sud-africans asiàtics,11,1.0,False,"{""sud-africans asiàtics"": 11}"
ca,Catalan,entity_or_value,"asilomar blvd., pacific grove, california","""Asilomar Blvd., Pacific Grove, California""",2,14,1,"asilomar blvd., pacific grove, califòrnia",14,1.0,False,"{""asilomar blvd., pacific grove, califòrnia"": 14}"
ca,Catalan,entity_or_value,asilomar conference grounds,Asilomar_Conference_Grounds,2,118,1,centre de convencions asilomar,118,1.0,False,"{""centre de convencions asilomar"": 118}"
ca,Catalan,entity_or_value,asilomar state beach,Asilomar_State_Beach,2,15,1,asilomar state beach,15,1.0,False,"{""asilomar state beach"": 15}"
ca,Catalan,entity_or_value,asociación deportiva,"""Asociación Deportiva""",2,7,1,asociación deportiva,7,1.0,False,"{""asociación deportiva"": 7}"
ca,Catalan,entity_or_value,asphalt,Asphalt,2,19,1,asphalt,19,1.0,False,"{""asphalt"": 19}"
ca,Catalan,entity_or_value,asphalt/concrete,"""Asphalt/Concrete""",2,2,1,asfalt/formigó,2,1.0,False,"{""asfalt/formigó"": 2}"
ca,Catalan,entity_or_value,asser levy place and east 23rd street,"""Asser Levy Place and East 23rd Street""",2,5,1,asser levy place i east 23rd street,5,1.0,False,"{""asser levy place i east 23rd street"": 5}"
ca,Catalan,entity_or_value,asser levy public baths,Asser_Levy_Public_Baths,2,111,1,banys públics asser levy,111,1.0,False,"{""banys públics asser levy"": 111}"
ca,Catalan,entity_or_value,association football club blackpool,"""Association Football Club Blackpool""",2,7,1,club de futbol de blackpool,7,1.0,False,"{""club de futbol de blackpool"": 7}"
ca,Catalan,entity_or_value,association football club fylde,"""Association Football Club Fylde""",2,11,1,club de futbol fylde,11,1.0,False,"{""club de futbol fylde"": 11}"
ca,Catalan,entity_or_value,association for computing machinery,Association_for_Computing_Machinery,2,7,1,association for computing machinery,7,1.0,False,"{""association for computing machinery"": 7}"
ca,Catalan,entity_or_value,association of american universities,Association_of_American_Universities,2,13,1,associació d'universitats americanes,13,1.0,False,"{""associació d'universitats americanes"": 13}"
ca,Catalan,entity_or_value,association of mbas,Association_of_MBAs,2,25,1,associació de mba,25,1.0,False,"{""associació de mba"": 25}"
ca,Catalan,entity_or_value,association of public and land-grant universities,Association_of_Public_and_Land-grant_Universities,2,13,1,association of public and land-grant universities,13,1.0,False,"{""association of public and land-grant universities"": 13}"
ca,Catalan,entity_or_value,associazione calcio chievoverona s.r.l.,"""Associazione Calcio ChievoVerona S.r.l.""",2,10,1,associazione calcio chievoverona s.r.l.,10,1.0,False,"{""associazione calcio chievoverona s.r.l."": 10}"
ca,Catalan,entity_or_value,associazione calcio lumezzane spa,"""Associazione Calcio Lumezzane SpA""",2,3,1,associazione calcio lumezzane spa,3,1.0,False,"{""associazione calcio lumezzane spa"": 3}"
ca,Catalan,entity_or_value,associazione sportiva,"""Associazione Sportiva""",2,7,1,associació esportiva,7,1.0,False,"{""associació esportiva"": 7}"
ca,Catalan,entity_or_value,associazione sportiva gubbio 1910 srl,"""Associazione Sportiva Gubbio 1910 Srl""",2,6,1,associazione sportiva gubbio 1910 srl,6,1.0,False,"{""associazione sportiva gubbio 1910 srl"": 6}"
ca,Catalan,entity_or_value,associazione sportiva roma s.p.a.,"""Associazione Sportiva Roma S.p.A.""",2,11,1,associazione sportiva roma s.p.a.,11,1.0,False,"{""associazione sportiva roma s.p.a."": 11}"
ca,Catalan,entity_or_value,asterix (comicscharacter),Asterix_(comicsCharacter),2,18,1,asterix (personatge de còmics),18,1.0,False,"{""asterix (personatge de còmics)"": 18}"
ca,Catalan,entity_or_value,aston martin,Aston_Martin,2,37,1,aston martin,37,1.0,False,"{""aston martin"": 37}"
ca,Catalan,entity_or_value,aston martin dbs,Aston_Martin_DBS,2,60,1,aston martin dbs,60,1.0,False,"{""aston martin dbs"": 60}"
ca,Catalan,entity_or_value,aston martin rham/1,Aston_Martin_RHAM/1,2,24,1,aston martin rham/1,24,1.0,False,"{""aston martin rham/1"": 24}"
ca,Catalan,entity_or_value,aston martin v8,Aston_Martin_V8,2,175,1,aston martin v8,175,1.0,False,"{""aston martin v8"": 175}"
ca,Catalan,entity_or_value,aston martin vantage,Aston_Martin_Vantage,2,8,1,aston martin vantage,8,1.0,False,"{""aston martin vantage"": 8}"
ca,Catalan,entity_or_value,aston martin virage,Aston_Martin_Virage,2,53,1,aston martin virage,53,1.0,False,"{""aston martin virage"": 53}"
ca,Catalan,entity_or_value,astérix,"""Astérix""",2,6,1,astèrix,6,1.0,False,"{""astèrix"": 6}"
ca,Catalan,entity_or_value,asunción,Asunción,2,49,1,asunción,49,1.0,False,"{""asunción"": 49}"
ca,Catalan,entity_or_value,atalanta b.c.,Atalanta_B.C.,2,6,1,atalanta b.c.italià),6,1.0,False,"{""atalanta b.c.italià)"": 6}"
ca,Catalan,entity_or_value,atatürk monument (i̇zmir),Atatürk_Monument_(İzmir),2,133,1,monument a atatürk (izmir),133,1.0,False,"{""monument a atatürk (izmir)"": 133}"
ca,Catalan,entity_or_value,athens,Athens,2,93,1,athens,93,1.0,False,"{""athens"": 93}"
ca,Catalan,entity_or_value,athens international airport,Athens_International_Airport,2,41,1,aeroport internacional d'atenes,41,1.0,False,"{""aeroport internacional d'atenes"": 41}"
ca,Catalan,entity_or_value,atiku abubakar,Atiku_Abubakar,2,9,1,ministre d'adamawa,9,1.0,False,"{""ministre d'adamawa"": 9}"
ca,Catalan,entity_or_value,atiset,"""ATISET""",2,5,1,atisetconstellation name (optional),5,1.0,False,"{""atisetconstellation name (optional)"": 5}"
ca,Catalan,entity_or_value,atlanta,Atlanta,2,152,1,atlanta,152,1.0,False,"{""atlanta"": 152}"
ca,Catalan,entity_or_value,atlanta falcons,Atlanta_Falcons,2,48,1,atlanta falcons,48,1.0,False,"{""atlanta falcons"": 48}"
ca,Catalan,entity_or_value,"atlanta, georgia","""Atlanta, Georgia""",2,14,1,"atlanta, geòrgia",14,1.0,False,"{""atlanta, geòrgia"": 14}"
ca,Catalan,entity_or_value,atlantic city international airport,Atlantic_City_International_Airport,2,116,1,aeroport internacional d'atlantic city,116,1.0,False,"{""aeroport internacional d'atlantic city"": 116}"
ca,Catalan,entity_or_value,"atlantic city, new jersey","Atlantic_City,_New_Jersey",2,94,1,"atlantic city, nova jersey",94,1.0,False,"{""atlantic city, nova jersey"": 94}"
ca,Catalan,entity_or_value,"atlantic county, new jersey","Atlantic_County,_New_Jersey",2,31,1,"comtat d'atlantic, nova jersey",31,1.0,False,"{""comtat d'atlantic, nova jersey"": 31}"
ca,Catalan,entity_or_value,atlas ii,Atlas_II,2,144,1,atlas ii,144,1.0,False,"{""atlas ii"": 144}"
ca,Catalan,entity_or_value,"attica, indiana","Attica,_Indiana",2,112,1,atticausa. kgm,112,1.0,False,"{""atticausa. kgm"": 112}"
ca,Catalan,entity_or_value,"atty. felipe l. gozon, flg","""Atty. Felipe L. Gozon, FLG""",2,2,1,"attorney felipe l. gozon, flg",2,1.0,False,"{""attorney felipe l. gozon, flg"": 2}"
ca,Catalan,entity_or_value,atw,"""ATW""",2,2,1,atw,2,1.0,False,"{""atw"": 2}"
ca,Catalan,entity_or_value,"auburn, alabama","Auburn,_Alabama",2,93,1,"auburn, alabama",93,1.0,False,"{""auburn, alabama"": 93}"
ca,Catalan,entity_or_value,"auburn, washington","Auburn,_Washington",2,114,1,"auburn, washington",114,1.0,False,"{""auburn, washington"": 114}"
ca,Catalan,entity_or_value,auckland,Auckland,2,2,1,auckland,2,1.0,False,"{""auckland"": 2}"
ca,Catalan,entity_or_value,audi,Audi,2,50,1,audi,50,1.0,False,"{""audi"": 50}"
ca,Catalan,entity_or_value,audi a1,Audi_A1,2,77,1,audi a1,77,1.0,False,"{""audi a1"": 77}"
ca,Catalan,entity_or_value,audi brussels,Audi_Brussels,2,6,1,audi brussel,6,1.0,False,"{""audi brussel"": 6}"
ca,Catalan,entity_or_value,audi e-tron,Audi_e-tron,2,8,1,audi e-tron,8,1.0,False,"{""audi e-tron"": 8}"
ca,Catalan,entity_or_value,august horch,August_Horch,2,10,1,august horch,10,1.0,False,"{""august horch"": 10}"
ca,Catalan,entity_or_value,augustus pugin,Augustus_Pugin,2,16,1,augustus welby northmore pugin,16,1.0,False,"{""augustus welby northmore pugin"": 16}"
ca,Catalan,entity_or_value,aurakles,Aurakles,2,26,1,auràcles,26,1.0,False,"{""auràcles"": 26}"
ca,Catalan,entity_or_value,auron (comicscharacter),Auron_(comicsCharacter),2,34,1,auron (personatge de còmics),34,1.0,False,"{""auron (personatge de còmics)"": 34}"
ca,Catalan,entity_or_value,austin fernando,Austin_Fernando,2,15,1,austin fernando,15,1.0,False,"{""austin fernando"": 15}"
ca,Catalan,entity_or_value,"austin, texas","Austin,_Texas",2,144,1,"austin, texas",144,1.0,False,"{""austin, texas"": 144}"
ca,Catalan,entity_or_value,australia,Australia,2,12,1,austràlia,12,1.0,False,"{""austràlia"": 12}"
ca,Catalan,entity_or_value,australian motor industries,Australian_Motor_Industries,2,2,1,australian motor industries (anglès),2,1.0,False,"{""australian motor industries (anglès)"": 2}"
ca,Catalan,entity_or_value,australians,Australians,2,12,1,australians,12,1.0,False,"{""australians"": 12}"
ca,Catalan,entity_or_value,austria,Austria,2,85,1,àustria,85,1.0,False,"{""àustria"": 85}"
ca,Catalan,entity_or_value,austria national football team,Austria_national_football_team,2,4,1,selecció de futbol d'àustria,4,1.0,False,"{""selecció de futbol d'àustria"": 4}"
ca,Catalan,entity_or_value,austria-hungary,Austria-Hungary,2,19,1,àustria-hongria,19,1.0,False,"{""àustria-hongria"": 19}"
ca,Catalan,entity_or_value,austrian german,Austrian_German,2,16,1,alemany austríac,16,1.0,False,"{""alemany austríac"": 16}"
ca,Catalan,entity_or_value,austrian people's party,Austrian_People's_Party,2,5,1,partit popular d'àustria,5,1.0,False,"{""partit popular d'àustria"": 5}"
ca,Catalan,entity_or_value,autoharp,Autoharp,2,5,1,cítara d'acords,5,1.0,False,"{""cítara d'acords"": 5}"
ca,Catalan,entity_or_value,avant-garde metal,Avant-garde_metal,2,5,1,avant-garde metal,5,1.0,False,"{""avant-garde metal"": 5}"
ca,Catalan,entity_or_value,avenue a (manhattan),Avenue_A_(Manhattan),2,4,1,avinguda a (manhattan),4,1.0,False,"{""avinguda a (manhattan)"": 4}"
ca,Catalan,entity_or_value,avocado,Avocado,2,39,1,alvocat,39,1.0,False,"{""alvocat"": 39}"
ca,Catalan,entity_or_value,awadh,Awadh,2,22,1,oudh,22,1.0,False,"{""oudh"": 22}"
ca,Catalan,entity_or_value,awd (vehicle),AWD_(vehicle),2,3,1,awd (vehícle),3,1.0,False,"{""awd (vehícle)"": 3}"
ca,Catalan,entity_or_value,awh engineering college,AWH_Engineering_College,2,148,1,col·legi d'enginyeria awh,148,1.0,False,"{""col·legi d'enginyeria awh"": 148}"
ca,Catalan,entity_or_value,ayam penyet,Ayam_penyet,2,234,1,ayam penyet,234,1.0,False,"{""ayam penyet"": 234}"
ca,Catalan,entity_or_value,ayr united f.c.,Ayr_United_F.C.,2,3,1,ayr united fc,3,1.0,False,"{""ayr united fc"": 3}"
ca,Catalan,entity_or_value,az alkmaar,AZ_Alkmaar,2,61,1,az alkmaar,61,1.0,False,"{""az alkmaar"": 61}"
ca,Catalan,entity_or_value,azal arena,AZAL_Arena,2,21,1,azal arena,21,1.0,False,"{""azal arena"": 21}"
ca,Catalan,entity_or_value,azal peşəkar futbol klubu,"""AZAL Peşəkar Futbol Klubu""",2,3,1,azal peşəkar futbol klubu,3,1.0,False,"{""azal peşəkar futbol klubu"": 3}"
ca,Catalan,entity_or_value,azal pfk,AZAL_PFK,2,55,1,azal pfk,55,1.0,False,"{""azal pfk"": 55}"
ca,Catalan,entity_or_value,azerbaijan,Azerbaijan,2,140,1,azerbaidjan,140,1.0,False,"{""azerbaidjan"": 140}"
ca,Catalan,entity_or_value,azerbaijan premier league,Azerbaijan_Premier_League,2,26,1,lliga azerbaidjanesa de futbol,26,1.0,False,"{""lliga azerbaidjanesa de futbol"": 26}"
ca,Catalan,entity_or_value,b postcode area,B_postcode_area,2,18,1,àrea de codi postal b,18,1.0,False,"{""àrea de codi postal b"": 18}"
ca,Catalan,entity_or_value,b-unique records,B-Unique_Records,2,6,1,b-unique records,6,1.0,False,"{""b-unique records"": 6}"
ca,Catalan,entity_or_value,b. v. doshi,B._V._Doshi,2,3,1,b. v. doshi,3,1.0,False,"{""b. v. doshi"": 3}"
ca,Catalan,entity_or_value,b. zellner,B._Zellner,2,4,1,b. zellner,4,1.0,False,"{""b. zellner"": 4}"
ca,Catalan,entity_or_value,b.m. reddy,"""B.M. Reddy""",2,29,1,b.m. reddy,29,1.0,False,"{""b.m. reddy"": 29}"
ca,Catalan,entity_or_value,bacon,Bacon,2,41,1,bacon,41,1.0,False,"{""bacon"": 41}"
ca,Catalan,entity_or_value,"bacon butty, bacon sarnie, rasher sandwich, bacon sanger, piece 'n bacon, bacon cob, bacon barm, bacon muffin","""Bacon butty, bacon sarnie, rasher sandwich, bacon sanger, piece 'n bacon, bacon cob, bacon barm, bacon muffin""",2,23,1,"bacon butty, bacon sarnie, rasher sandwich, bacon sanger, piece 'n bacon, bacon cob, bacon barm, bacon muffin",23,1.0,False,"{""bacon butty, bacon sarnie, rasher sandwich, bacon sanger, piece 'n bacon, bacon cob, bacon barm, bacon muffin"": 23}"
ca,Catalan,entity_or_value,bacon explosion,Bacon_Explosion,2,193,1,explosió de bacon,193,1.0,False,"{""explosió de bacon"": 193}"
ca,Catalan,entity_or_value,bacon sandwich,Bacon_sandwich,2,176,1,sandwich de pastís,176,1.0,False,"{""sandwich de pastís"": 176}"
ca,Catalan,entity_or_value,"bacon,sausage","""Bacon,sausage""",2,18,1,"cansalada, salsitxa.",18,1.0,False,"{""cansalada, salsitxa."": 18}"
ca,Catalan,entity_or_value,baduy,Baduy,2,12,1,baduy,12,1.0,False,"{""baduy"": 12}"
ca,Catalan,entity_or_value,bajik,Bajik,2,4,1,bajik,4,1.0,False,"{""bajik"": 4}"
ca,Catalan,entity_or_value,baked alaska,Baked_Alaska,2,176,1,baked alaska,176,1.0,False,"{""baked alaska"": 176}"
ca,Catalan,entity_or_value,bakewell pudding,Bakewell_pudding,2,120,1,pudding de bakewell,120,1.0,False,"{""pudding de bakewell"": 120}"
ca,Catalan,entity_or_value,bakewell tart,Bakewell_tart,2,68,1,tarta de bakewell,68,1.0,False,"{""tarta de bakewell"": 68}"
ca,Catalan,entity_or_value,bakso,Bakso,2,130,1,bakso,130,1.0,False,"{""bakso"": 130}"
ca,Catalan,entity_or_value,baku,Baku,2,26,1,bakú,26,1.0,False,"{""bakú"": 26}"
ca,Catalan,entity_or_value,baku turkish martyrs' memorial,Baku_Turkish_Martyrs'_Memorial,2,169,1,memorial dels màrtirs turcs de bakú,169,1.0,False,"{""memorial dels màrtirs turcs de bakú"": 169}"
ca,Catalan,entity_or_value,balder (comicscharacter),Balder_(comicsCharacter),2,20,1,balder (personatge de còmics),20,1.0,False,"{""balder (personatge de còmics)"": 20}"
ca,Catalan,entity_or_value,balder odinson,"""Balder Odinson""",2,6,1,balder odinson,6,1.0,False,"{""balder odinson"": 6}"
ca,Catalan,entity_or_value,balingian,Balingian,2,2,1,llengua balinga,2,1.0,False,"{""llengua balinga"": 2}"
ca,Catalan,entity_or_value,ballistic (comicscharacter),Ballistic_(comicsCharacter),2,12,1,balística (comicscharacter),12,1.0,False,"{""balística (comicscharacter)"": 12}"
ca,Catalan,entity_or_value,banana,Banana,2,22,1,banana,22,1.0,False,"{""banana"": 22}"
ca,Catalan,entity_or_value,banana leaf,Banana_leaf,2,19,1,fulla de banana,19,1.0,False,"{""fulla de banana"": 19}"
ca,Catalan,entity_or_value,bananaman,Bananaman,2,228,1,bananamà,228,1.0,False,"{""bananamà"": 228}"
ca,Catalan,entity_or_value,bandeja paisa,Bandeja_paisa,2,203,1,bandeja paisa,203,1.0,False,"{""bandeja paisa"": 203}"
ca,Catalan,entity_or_value,bangalore,Bangalore,2,111,1,bangalore,111,1.0,False,"{""bangalore"": 111}"
ca,Catalan,entity_or_value,banjo,Banjo,2,6,1,banjo,6,1.0,False,"{""banjo"": 6}"
ca,Catalan,entity_or_value,banking,Banking,2,18,1,serveis bancaris,18,1.0,False,"{""serveis bancaris"": 18}"
ca,Catalan,entity_or_value,banyumasan people,Banyumasan_people,2,15,1,pobles de banyumasan,15,1.0,False,"{""pobles de banyumasan"": 15}"
ca,Catalan,entity_or_value,baptists,Baptists,2,2,1,església baptista,2,1.0,False,"{""església baptista"": 2}"
ca,Catalan,entity_or_value,barack obama,Barack_Obama,2,123,1,barack obama,123,1.0,False,"{""barack obama"": 123}"
ca,Catalan,entity_or_value,barisan ra'ayat jati sarawak,"""Barisan Ra'ayat Jati Sarawak""",2,10,1,barisan ra'ayat jati sarawak,10,1.0,False,"{""barisan ra'ayat jati sarawak"": 10}"
ca,Catalan,entity_or_value,barny cakes,Barny_Cakes,2,93,1,pastissos barny,93,1.0,False,"{""pastissos barny"": 93}"
ca,Catalan,entity_or_value,baroque pop,Baroque_pop,2,2,1,pop barroc,2,1.0,False,"{""pop barroc"": 2}"
ca,Catalan,entity_or_value,barrow a.f.c.,Barrow_A.F.C.,2,5,1,barrow a.f.c.,5,1.0,False,"{""barrow a.f.c."": 5}"
ca,Catalan,entity_or_value,barry ferguson,Barry_Ferguson,2,9,1,barry ferguson,9,1.0,False,"{""barry ferguson"": 9}"
ca,Catalan,entity_or_value,bart de wever,Bart_De_Wever,2,2,1,bart de wever,2,1.0,False,"{""bart de wever"": 2}"
ca,Catalan,entity_or_value,basil,Basil,2,2,1,basil,2,1.0,False,"{""basil"": 2}"
ca,Catalan,entity_or_value,basim qasim,Basim_Qasim,2,3,1,basim qasim,3,1.0,False,"{""basim qasim"": 3}"
ca,Catalan,entity_or_value,bass guitar,Bass_guitar,2,8,1,baix elèctric,8,1.0,False,"{""baix elèctric"": 8}"
ca,Catalan,entity_or_value,batagor,Batagor,2,89,1,batagor,89,1.0,False,"{""batagor"": 89}"
ca,Catalan,entity_or_value,batak,Batak,2,4,1,batak,4,1.0,False,"{""batak"": 4}"
ca,Catalan,entity_or_value,batchoy,Batchoy,2,127,1,batchoykazakhstan. kgm,127,1.0,False,"{""batchoykazakhstan. kgm"": 127}"
ca,Catalan,entity_or_value,battle of antietam,Battle_of_Antietam,2,12,1,batalla d'antietam,12,1.0,False,"{""batalla d'antietam"": 12}"
ca,Catalan,entity_or_value,battle of chancellorsville,Battle_of_Chancellorsville,2,20,1,batalla de chancellorsville,20,1.0,False,"{""batalla de chancellorsville"": 20}"
ca,Catalan,entity_or_value,battle of cold harbor,Battle_of_Cold_Harbor,2,10,1,batalla de cold harbor,10,1.0,False,"{""batalla de cold harbor"": 10}"
ca,Catalan,entity_or_value,battle of france,Battle_of_France,2,23,1,batalla de frança,23,1.0,False,"{""batalla de frança"": 23}"
ca,Catalan,entity_or_value,battle of fredericksburg,Battle_of_Fredericksburg,2,24,1,batalla de fredericksburg,24,1.0,False,"{""batalla de fredericksburg"": 24}"
ca,Catalan,entity_or_value,battle of gettysburg,Battle_of_Gettysburg,2,29,1,batalla de gettysburg,29,1.0,False,"{""batalla de gettysburg"": 29}"
ca,Catalan,entity_or_value,battle of salem church,Battle_of_Salem_Church,2,15,1,batalla de l'església de salem,15,1.0,False,"{""batalla de l'església de salem"": 15}"
ca,Catalan,entity_or_value,battle of the wilderness,Battle_of_the_Wilderness,2,8,1,batalla de wilderness,8,1.0,False,"{""batalla de wilderness"": 8}"
ca,Catalan,entity_or_value,battle of waterloo,Battle_of_Waterloo,2,2,1,batalla de waterloo,2,1.0,False,"{""batalla de waterloo"": 2}"
ca,Catalan,entity_or_value,batumi,Batumi,2,2,1,batumi,2,1.0,False,"{""batumi"": 2}"
ca,Catalan,entity_or_value,baymax,Baymax,2,81,1,baymax,81,1.0,False,"{""baymax"": 81}"
ca,Catalan,entity_or_value,bbc,BBC,2,118,1,bbc,118,1.0,False,"{""bbc"": 118}"
ca,Catalan,entity_or_value,bbc radio,BBC_Radio,2,4,1,bbc radio,4,1.0,False,"{""bbc radio"": 4}"
ca,Catalan,entity_or_value,bebi dol,Bebi_Dol,2,15,1,bebi dol,15,1.0,False,"{""bebi dol"": 15}"
ca,Catalan,entity_or_value,bedford aerodrome,Bedford_Aerodrome,2,161,1,aeròdrom de bedford,161,1.0,False,"{""aeròdrom de bedford"": 161}"
ca,Catalan,entity_or_value,bedford autodrome,Bedford_Autodrome,2,20,1,autòdrom de bedford,20,1.0,False,"{""autòdrom de bedford"": 20}"
ca,Catalan,entity_or_value,beef,Beef,2,7,1,carn de bou,7,1.0,False,"{""carn de bou"": 7}"
ca,Catalan,entity_or_value,beef kway teow,Beef_kway_teow,2,150,1,vedella kway teow,150,1.0,False,"{""vedella kway teow"": 150}"
ca,Catalan,entity_or_value,belgaum,Belgaum,2,33,1,belgaum,33,1.0,False,"{""belgaum"": 33}"
ca,Catalan,entity_or_value,belgium,Belgium,2,66,1,bèlgica,66,1.0,False,"{""bèlgica"": 66}"
ca,Catalan,entity_or_value,belgrade,Belgrade,2,5,1,belgrad,5,1.0,False,"{""belgrad"": 5}"
ca,Catalan,entity_or_value,bella center,Bella_Center,2,14,1,bella center,14,1.0,False,"{""bella center"": 14}"
ca,Catalan,entity_or_value,ben ramsey,Ben_Ramsey,2,5,1,ben ramsey,5,1.0,False,"{""ben ramsey"": 5}"
ca,Catalan,entity_or_value,ben urich,Ben_Urich,2,18,1,ben urich,18,1.0,False,"{""ben urich"": 18}"
ca,Catalan,entity_or_value,benito mussolini,Benito_Mussolini,2,5,1,benito mussolini,5,1.0,False,"{""benito mussolini"": 5}"
ca,Catalan,entity_or_value,benitoite,Benitoite,2,4,1,benitoïta,4,1.0,False,"{""benitoïta"": 4}"
ca,Catalan,entity_or_value,benjamin urich,"""Benjamin Urich""",2,3,1,benjamin urich,3,1.0,False,"{""benjamin urich"": 3}"
ca,Catalan,entity_or_value,"benton county, oregon","Benton_County,_Oregon",2,16,1,"comtat de benton, oregon",16,1.0,False,"{""comtat de benton, oregon"": 16}"
ca,Catalan,entity_or_value,berlin,Berlin,2,7,1,berlín,7,1.0,False,"{""berlín"": 7}"
ca,Catalan,entity_or_value,berliner ak 07,Berliner_AK_07,2,10,1,berliner ak 07,10,1.0,False,"{""berliner ak 07"": 10}"
ca,Catalan,entity_or_value,"bernalillo county, new mexico","Bernalillo_County,_New_Mexico",2,12,1,"comtat de bernalillo, nou mèxic",12,1.0,False,"{""comtat de bernalillo, nou mèxic"": 12}"
ca,Catalan,entity_or_value,bernard knowles,Bernard_Knowles,2,11,1,bernard knowles,11,1.0,False,"{""bernard knowles"": 11}"
ca,Catalan,entity_or_value,"bethesda, maryland","Bethesda,_Maryland",2,7,1,"bethesda, maryland",7,1.0,False,"{""bethesda, maryland"": 7}"
ca,Catalan,entity_or_value,"beverly hills, california","Beverly_Hills,_California",2,2,1,"beverly hills, califòrnia",2,1.0,False,"{""beverly hills, califòrnia"": 2}"
ca,Catalan,entity_or_value,"bhaji, bajji","""Bhaji, bajji""",2,11,1,"bhaji, bajji",11,1.0,False,"{""bhaji, bajji"": 11}"
ca,Catalan,entity_or_value,bhajji,Bhajji,2,138,1,bhajji,138,1.0,False,"{""bhajji"": 138}"
ca,Catalan,entity_or_value,bhangra (music),Bhangra_(music),2,58,1,bhangra (música),58,1.0,False,"{""bhangra (música)"": 58}"
ca,Catalan,entity_or_value,bibbo bibbowski,Bibbo_Bibbowski,2,12,1,bibbo bibbowski,12,1.0,False,"{""bibbo bibbowski"": 12}"
ca,Catalan,entity_or_value,big 12 conference,Big_12_Conference,2,37,1,big 12 conference,37,1.0,False,"{""big 12 conference"": 37}"
ca,Catalan,entity_or_value,big hero 6 (film),Big_Hero_6_(film),2,69,1,big hero 6 (pel·lícula),69,1.0,False,"{""big hero 6 (pel·lícula)"": 69}"
ca,Catalan,entity_or_value,bill everett,Bill_Everett,2,3,1,bill everett,3,1.0,False,"{""bill everett"": 3}"
ca,Catalan,entity_or_value,bill marriott,Bill_Marriott,2,11,1,"j. w. ""bill"" marriott",11,1.0,False,"{""j. w. \""bill\"" marriott"": 11}"
ca,Catalan,entity_or_value,bill oddie,Bill_Oddie,2,44,1,bill oddie,44,1.0,False,"{""bill oddie"": 44}"
ca,Catalan,entity_or_value,billy iuso,Billy_Iuso,2,19,1,billy iuso,19,1.0,False,"{""billy iuso"": 19}"
ca,Catalan,entity_or_value,bimonthly,"""Bimonthly""",2,4,1,bimestral,4,1.0,False,"{""bimestral"": 4}"
ca,Catalan,entity_or_value,binali yıldırım,Binali_Yıldırım,2,2,1,binali yıldırım,2,1.0,False,"{""binali yıldırım"": 2}"
ca,Catalan,entity_or_value,binignit,Binignit,2,223,1,estableix el color de fons de la barra d' eines,223,1.0,False,"{""estableix el color de fons de la barra d' eines"": 223}"
ca,Catalan,entity_or_value,bionico,Bionico,2,359,1,bionico,359,1.0,False,"{""bionico"": 359}"
ca,Catalan,entity_or_value,birmingham,Birmingham,2,102,1,birmingham,102,1.0,False,"{""birmingham"": 102}"
ca,Catalan,entity_or_value,birmingham city council,Birmingham_City_Council,2,10,1,ajuntament de birmingham,10,1.0,False,"{""ajuntament de birmingham"": 10}"
ca,Catalan,entity_or_value,black canadians,Black_Canadians,2,5,1,afrocanadencs,5,1.0,False,"{""afrocanadencs"": 5}"
ca,Catalan,entity_or_value,black metal,Black_metal,2,97,1,black metal,97,1.0,False,"{""black metal"": 97}"
ca,Catalan,entity_or_value,black pirate,Black_Pirate,2,10,1,pirata negre,10,1.0,False,"{""pirata negre"": 10}"
ca,Catalan,entity_or_value,black pudding,Black_pudding,2,2,1,pudding negre,2,1.0,False,"{""pudding negre"": 2}"
ca,Catalan,entity_or_value,blackburn rovers f.c.,Blackburn_Rovers_F.C.,2,4,1,blackburn rovers,4,1.0,False,"{""blackburn rovers"": 4}"
ca,Catalan,entity_or_value,blackpool,Blackpool,2,34,1,blackpool,34,1.0,False,"{""blackpool"": 34}"
ca,Catalan,entity_or_value,blackpool f.c.,Blackpool_F.C.,2,4,1,blackpool fc,4,1.0,False,"{""blackpool fc"": 4}"
ca,Catalan,entity_or_value,blockbuster (comicscharacter),Blockbuster_(comicsCharacter),2,45,1,blockbuster (comicscharacter),45,1.0,False,"{""blockbuster (comicscharacter)"": 45}"
ca,Catalan,entity_or_value,"bloomington, maryland","Bloomington,_Maryland",2,14,1,"bloomington, maryland",14,1.0,False,"{""bloomington, maryland"": 14}"
ca,Catalan,entity_or_value,bloomsbury,Bloomsbury,2,4,1,bloomsbury,4,1.0,False,"{""bloomsbury"": 4}"
ca,Catalan,entity_or_value,blt,BLT,2,78,1,blt,78,1.0,False,"{""blt"": 78}"
ca,Catalan,entity_or_value,blue,Blue,2,10,1,blue,10,1.0,False,"{""blue"": 10}"
ca,Catalan,entity_or_value,"blue, white and orange","""Blue, White and Orange""",2,3,1,"blau, blanc i taronja",3,1.0,False,"{""blau, blanc i taronja"": 3}"
ca,Catalan,entity_or_value,blues,Blues,2,110,1,blues,110,1.0,False,"{""blues"": 110}"
ca,Catalan,entity_or_value,bo bibbowski,"""Bo Bibbowski""",2,3,1,bo bibbowski,3,1.0,False,"{""bo bibbowski"": 3}"
ca,Catalan,entity_or_value,bob mcnair,Bob_McNair,2,7,1,bob mcnair,7,1.0,False,"{""bob mcnair"": 7}"
ca,Catalan,entity_or_value,bobina,Bobina,2,24,1,bobina,24,1.0,False,"{""bobina"": 24}"
ca,Catalan,entity_or_value,bodhrán,Bodhrán,2,8,1,bodhrán,8,1.0,False,"{""bodhrán"": 8}"
ca,Catalan,entity_or_value,boeing c-17 globemaster iii,Boeing_C-17_Globemaster_III,2,25,1,boeing c-17 globemaster iii,25,1.0,False,"{""boeing c-17 globemaster iii"": 25}"
ca,Catalan,entity_or_value,bologna,Bologna,2,5,1,bolonya,5,1.0,False,"{""bolonya"": 5}"
ca,Catalan,entity_or_value,bolt (comicscharacter),Bolt_(comicsCharacter),2,58,1,bolt (personatge de còmics),58,1.0,False,"{""bolt (personatge de còmics)"": 58}"
ca,Catalan,entity_or_value,bondareva–shapley theorem,Bondareva–Shapley_theorem,2,15,1,teorema de bondareva-shapley,15,1.0,False,"{""teorema de bondareva-shapley"": 15}"
ca,Catalan,entity_or_value,bootleg series volume 1: the quine tapes,Bootleg_Series_Volume_1:_The_Quine_Tapes,2,171,1,bootleg series volume 1: the quine tapes (en anglès).,171,1.0,False,"{""bootleg series volume 1: the quine tapes (en anglès)."": 171}"
ca,Catalan,entity_or_value,boris johnson,Boris_Johnson,2,36,1,boris johnson,36,1.0,False,"{""boris johnson"": 36}"
ca,Catalan,entity_or_value,boston,Boston,2,14,1,boston,14,1.0,False,"{""boston"": 14}"
ca,Catalan,entity_or_value,boston bruins,Boston_Bruins,2,20,1,boston bruins,20,1.0,False,"{""boston bruins"": 20}"
ca,Catalan,entity_or_value,botany,Botany,2,8,1,botànica,8,1.0,False,"{""botànica"": 8}"
ca,Catalan,entity_or_value,bozo the iron man,Bozo_the_Iron_Man,2,4,1,bozo l'home de ferro,4,1.0,False,"{""bozo l'home de ferro"": 4}"
ca,Catalan,entity_or_value,brandon carter,Brandon_Carter,2,105,1,brandon carter,105,1.0,False,"{""brandon carter"": 105}"
ca,Catalan,entity_or_value,brandon sanderson,Brandon_Sanderson,2,10,1,brandon sanderson,10,1.0,False,"{""brandon sanderson"": 10}"
ca,Catalan,entity_or_value,"brandon, manitoba","Brandon,_Manitoba",2,13,1,brandoncanada. kgm,13,1.0,False,"{""brandoncanada. kgm"": 13}"
ca,Catalan,entity_or_value,brasília,Brasília,2,5,1,brasília,5,1.0,False,"{""brasília"": 5}"
ca,Catalan,entity_or_value,brazil,Brazil,2,102,1,brasil,102,1.0,False,"{""brasil"": 102}"
ca,Catalan,entity_or_value,brazil national under-17 football team,Brazil_national_under-17_football_team,2,6,1,brasil sub-17,6,1.0,False,"{""brasil sub-17"": 6}"
ca,Catalan,entity_or_value,brazil national under-20 football team,Brazil_national_under-20_football_team,2,5,1,brasil sub-20,5,1.0,False,"{""brasil sub-20"": 5}"
ca,Catalan,entity_or_value,brazilians in japan,Brazilians_in_Japan,2,7,1,els brasilers al japó,7,1.0,False,"{""els brasilers al japó"": 7}"
ca,Catalan,entity_or_value,bread,Bread,2,18,1,pa,18,1.0,False,"{""pa"": 18}"
ca,Catalan,entity_or_value,"bread and bacon, with a condiment, often ketchup or brown sauce","""Bread and bacon, with a condiment, often ketchup or brown sauce""",2,9,1,"pan i tocín, amb un condiment, sovint ketchup o salsa marró",9,1.0,False,"{""pan i tocín, amb un condiment, sovint ketchup o salsa marró"": 9}"
ca,Catalan,entity_or_value,"bread, almonds, garlic, water, olive oil","""Bread, almonds, garlic, water, olive oil""",2,11,1,"pa, amandes, all, aigua, oli d'oliva",11,1.0,False,"{""pa, amandes, all, aigua, oli d'oliva"": 11}"
ca,Catalan,entity_or_value,breaz valer daniel,"""Breaz Valer Daniel""",2,8,1,breaz valer daniel,8,1.0,False,"{""breaz valer daniel"": 8}"
ca,Catalan,entity_or_value,brian kelly (composer & pianist),Brian_Kelly_(composer_&_pianist),2,25,1,brian kelly (compositor i pianista),25,1.0,False,"{""brian kelly (compositor i pianista)"": 25}"
ca,Catalan,entity_or_value,brian robertson (trombonist),Brian_Robertson_(trombonist),2,7,1,brian robertson (trombonista),7,1.0,False,"{""brian robertson (trombonista)"": 7}"
ca,Catalan,entity_or_value,british arabs,British_Arabs,2,14,1,àrabs britànics,14,1.0,False,"{""àrabs britànics"": 14}"
ca,Catalan,entity_or_value,british hong kong,British_Hong_Kong,2,67,1,hong kong britànic,67,1.0,False,"{""hong kong britànic"": 67}"
ca,Catalan,entity_or_value,british people,British_people,2,15,1,persones britàniques,15,1.0,False,"{""persones britàniques"": 15}"
ca,Catalan,entity_or_value,broadcast programming,Broadcast_programming,2,2,1,programació de difusió,2,1.0,False,"{""programació de difusió"": 2}"
ca,Catalan,entity_or_value,broadcasting house,Broadcasting_House,2,28,1,centre emissor,28,1.0,False,"{""centre emissor"": 28}"
ca,Catalan,entity_or_value,broadwood stadium,Broadwood_Stadium,2,8,1,estadi broadwood,8,1.0,False,"{""estadi broadwood"": 8}"
ca,Catalan,entity_or_value,bronze,"""Bronze""",2,25,1,bronze,25,1.0,False,"{""bronze"": 25}"
ca,Catalan,entity_or_value,brooklyn,Brooklyn,2,11,1,brooklyn,11,1.0,False,"{""brooklyn"": 11}"
ca,Catalan,entity_or_value,brown sauce,Brown_sauce,2,12,1,salsa marró,12,1.0,False,"{""salsa marró"": 12}"
ca,Catalan,entity_or_value,brussels,Brussels,2,27,1,brussel·les,27,1.0,False,"{""brussel·les"": 27}"
ca,Catalan,entity_or_value,"brussels, belgium","""Brussels, Belgium""",2,8,1,"brussels, bèlgica",8,1.0,False,"{""brussels, bèlgica"": 8}"
ca,Catalan,entity_or_value,brutalist architecture,Brutalist_architecture,2,3,1,brutalisme,3,1.0,False,"{""brutalisme"": 3}"
ca,Catalan,entity_or_value,bryning lane,"""Bryning Lane""",2,4,1,bryning lane,4,1.0,False,"{""bryning lane"": 4}"
ca,Catalan,entity_or_value,bucharest,Bucharest,2,30,1,bucarest,30,1.0,False,"{""bucarest"": 30}"
ca,Catalan,entity_or_value,budapest,Budapest,2,12,1,budapest,12,1.0,False,"{""budapest"": 12}"
ca,Catalan,entity_or_value,buenos aires,Buenos_Aires,2,58,1,buenos aires,58,1.0,False,"{""buenos aires"": 58}"
ca,Catalan,entity_or_value,buenos aires city legislature,Buenos_Aires_City_Legislature,2,8,1,legislatura de la ciutat de buenos aires,8,1.0,False,"{""legislatura de la ciutat de buenos aires"": 8}"
ca,Catalan,entity_or_value,"buffalo, new york","Buffalo,_New_York",2,25,1,"buffalo, nova york",25,1.0,False,"{""buffalo, nova york"": 25}"
ca,Catalan,entity_or_value,buick,Buick,2,3,1,buick,3,1.0,False,"{""buick"": 3}"
ca,Catalan,entity_or_value,building management system,Building_Management_System,2,28,1,edifici intel·ligent,28,1.0,False,"{""edifici intel·ligent"": 28}"
ca,Catalan,entity_or_value,building materials,Building_materials,2,16,1,materials de construcció,16,1.0,False,"{""materials de construcció"": 16}"
ca,Catalan,entity_or_value,bundelkhand,Bundelkhand,2,24,1,bundelkhand,24,1.0,False,"{""bundelkhand"": 24}"
ca,Catalan,entity_or_value,bundesliga,Bundesliga,2,17,1,lliga alemanya de futbol,17,1.0,False,"{""lliga alemanya de futbol"": 17}"
ca,Catalan,entity_or_value,"burbank, california","Burbank,_California",2,25,1,"burbank, califòrnia",25,1.0,False,"{""burbank, califòrnia"": 25}"
ca,Catalan,entity_or_value,"burlington, vermont","Burlington,_Vermont",2,26,1,"burlington, vermont",26,1.0,False,"{""burlington, vermont"": 26}"
ca,Catalan,entity_or_value,bury f.c.,Bury_F.C.,2,7,1,bury fc,7,1.0,False,"{""bury fc"": 7}"
ca,Catalan,entity_or_value,buxton,Buxton,2,2,1,buxton,2,1.0,False,"{""buxton"": 2}"
ca,Catalan,entity_or_value,buzz aldrin,Buzz_Aldrin,2,442,1,buzz aldrin,442,1.0,False,"{""buzz aldrin"": 442}"
ca,Catalan,entity_or_value,byron brown,Byron_Brown,2,4,1,byron brown,4,1.0,False,"{""byron brown"": 4}"
ca,Catalan,entity_or_value,c. 1944,"""c. 1944""",2,2,1,c. 1944,2,1.0,False,"{""c. 1944"": 2}"
ca,Catalan,entity_or_value,c. woods,C._Woods,2,4,1,c. woods,4,1.0,False,"{""c. woods"": 4}"
ca,Catalan,entity_or_value,c.d. fas,C.D._FAS,2,15,1,cd fas,15,1.0,False,"{""cd fas"": 15}"
ca,Catalan,entity_or_value,c.d. águila,C.D._Águila,2,3,1,cd águila,3,1.0,False,"{""cd águila"": 3}"
ca,Catalan,entity_or_value,cake,Cake,2,12,1,pastís,12,1.0,False,"{""pastís"": 12}"
ca,Catalan,entity_or_value,calcio catania,Calcio_Catania,2,8,1,calcio catania,8,1.0,False,"{""calcio catania"": 8}"
ca,Catalan,entity_or_value,california,California,2,276,1,califòrnia,276,1.0,False,"{""califòrnia"": 276}"
ca,Catalan,entity_or_value,california 37 (train album),California_37_(Train_album),2,7,1,califòrnia 37 (àlbum de train),7,1.0,False,"{""califòrnia 37 (àlbum de train)"": 7}"
ca,Catalan,entity_or_value,california state assembly,California_State_Assembly,2,33,1,assemblea estatal de califòrnia,33,1.0,False,"{""assemblea estatal de califòrnia"": 33}"
ca,Catalan,entity_or_value,california state capitol,California_State_Capitol,2,13,1,capitoli estatal de califòrnia,13,1.0,False,"{""capitoli estatal de califòrnia"": 13}"
ca,Catalan,entity_or_value,california state legislature,California_State_Legislature,2,7,1,parlament estatal de califòrnia,7,1.0,False,"{""parlament estatal de califòrnia"": 7}"
ca,Catalan,entity_or_value,california state senate,California_State_Senate,2,14,1,senat de califòrnia,14,1.0,False,"{""senat de califòrnia"": 14}"
ca,Catalan,entity_or_value,cammell laird,Cammell_Laird,2,4,1,cammell laird,4,1.0,False,"{""cammell laird"": 4}"
ca,Catalan,entity_or_value,campeonato brasileiro série c,Campeonato_Brasileiro_Série_C,2,152,1,campionat brasiler sèrie c,152,1.0,False,"{""campionat brasiler sèrie c"": 152}"
ca,Catalan,entity_or_value,canada,Canada,2,181,1,canadà,181,1.0,False,"{""canadà"": 181}"
ca,Catalan,entity_or_value,candombe,Candombe,2,14,1,candombe,14,1.0,False,"{""candombe"": 14}"
ca,Catalan,entity_or_value,"canyon, texas","Canyon,_Texas",2,4,1,"canyon, texas",4,1.0,False,"{""canyon, texas"": 4}"
ca,Catalan,entity_or_value,cape canaveral air force station,Cape_Canaveral_Air_Force_Station,2,25,1,estació de la força aèria de cape canaveral,25,1.0,False,"{""estació de la força aèria de cape canaveral"": 25}"
ca,Catalan,entity_or_value,cape canaveral air force station space launch complex 17,Cape_Canaveral_Air_Force_Station_Space_Launch_Complex_17,2,5,1,complex de llançament espacial de la estació de la força aèria de cape canaveral 17,5,1.0,False,"{""complex de llançament espacial de la estació de la força aèria de cape canaveral 17"": 5}"
ca,Catalan,entity_or_value,cape town,Cape_Town,2,18,1,ciutat del cap,18,1.0,False,"{""ciutat del cap"": 18}"
ca,Catalan,entity_or_value,capital city,Capital_city,2,3,1,capital,3,1.0,False,"{""capital"": 3}"
ca,Catalan,entity_or_value,carl a. wirtanen,Carl_A._Wirtanen,2,3,1,carl alvar wirtanen,3,1.0,False,"{""carl alvar wirtanen"": 3}"
ca,Catalan,entity_or_value,carles puigdemont,Carles_Puigdemont,2,9,1,carles puigdemont i casamajó,9,1.0,False,"{""carles puigdemont i casamajó"": 9}"
ca,Catalan,entity_or_value,carlo abarth,Carlo_Abarth,2,6,1,carlo abarth,6,1.0,False,"{""carlo abarth"": 6}"
ca,Catalan,entity_or_value,carmine infantino,Carmine_Infantino,2,7,1,carmine infantino,7,1.0,False,"{""carmine infantino"": 7}"
ca,Catalan,entity_or_value,carnival corporation & plc,Carnival_Corporation_&_plc,2,6,1,carnival corporation & plc,6,1.0,False,"{""carnival corporation & plc"": 6}"
ca,Catalan,entity_or_value,carpi f.c. 1909,Carpi_F.C._1909,2,11,1,carpi f.c. 1909 (italià),11,1.0,False,"{""carpi f.c. 1909 (italià)"": 11}"
ca,Catalan,entity_or_value,carrarese calcio,Carrarese_Calcio,2,10,1,carrarese calcio,10,1.0,False,"{""carrarese calcio"": 10}"
ca,Catalan,entity_or_value,carrie lam (politician),Carrie_Lam_(politician),2,7,1,carrie lam (polític),7,1.0,False,"{""carrie lam (polític)"": 7}"
ca,Catalan,entity_or_value,"carroll county, maryland","Carroll_County,_Maryland",2,57,1,"comtat de carroll, maryland",57,1.0,False,"{""comtat de carroll, maryland"": 57}"
ca,Catalan,entity_or_value,carter constant,Carter_constant,2,12,1,carter constant,12,1.0,False,"{""carter constant"": 12}"
ca,Catalan,entity_or_value,casey ribicoff,Casey_Ribicoff,2,55,1,casey ribicoff,55,1.0,False,"{""casey ribicoff"": 55}"
ca,Catalan,entity_or_value,castle (novel),Castle_(novel),2,9,1,castle (novel·la),9,1.0,False,"{""castle (novel·la)"": 9}"
ca,Catalan,entity_or_value,catalonia,Catalonia,2,44,1,catalunya,44,1.0,False,"{""catalunya"": 44}"
ca,Catalan,entity_or_value,caterpillar inc.,Caterpillar_Inc.,2,141,1,caterpillar tractor company,141,1.0,False,"{""caterpillar tractor company"": 141}"
ca,Catalan,entity_or_value,cauliflower,Cauliflower,2,2,1,coliflor,2,1.0,False,"{""coliflor"": 2}"
ca,Catalan,entity_or_value,cecil parker,Cecil_Parker,2,24,1,cecil parker,24,1.0,False,"{""cecil parker"": 24}"
ca,Catalan,entity_or_value,celery,Celery,2,16,1,celeriac,16,1.0,False,"{""celeriac"": 16}"
ca,Catalan,entity_or_value,cello,Cello,2,7,1,violoncel,7,1.0,False,"{""violoncel"": 7}"
ca,Catalan,entity_or_value,census-designated place,Census-designated_place,2,3,1,lloc designat pel cens,3,1.0,False,"{""lloc designat pel cens"": 3}"
ca,Catalan,entity_or_value,central denmark region,Central_Denmark_Region,2,20,1,regió de dinamarca central,20,1.0,False,"{""regió de dinamarca central"": 20}"
ca,Catalan,entity_or_value,central español,Central_Español,2,28,1,central español,28,1.0,False,"{""central español"": 28}"
ca,Catalan,entity_or_value,central european summer time,Central_European_Summer_Time,2,3,1,hora d'estiu d'europa central,3,1.0,False,"{""hora d'estiu d'europa central"": 3}"
ca,Catalan,entity_or_value,central european time,Central_European_Time,2,4,1,hora central europea,4,1.0,False,"{""hora central europea"": 4}"
ca,Catalan,entity_or_value,central f.c.,Central_F.C.,2,9,1,fc central,9,1.0,False,"{""fc central"": 9}"
ca,Catalan,entity_or_value,centre (ice hockey),Centre_(ice_hockey),2,3,1,centre (hoquei sobre gel),3,1.0,False,"{""centre (hoquei sobre gel)"": 3}"
ca,Catalan,entity_or_value,ceo,CEO,2,27,1,ceoconstellation name (optional),27,1.0,False,"{""ceoconstellation name (optional)"": 27}"
ca,Catalan,entity_or_value,cephalopod ink,Cephalopod_ink,2,6,1,tinta de cefalòpode,6,1.0,False,"{""tinta de cefalòpode"": 6}"
ca,Catalan,entity_or_value,cesena,Cesena,2,6,1,cesena,6,1.0,False,"{""cesena"": 6}"
ca,Catalan,entity_or_value,chameleon circuit (band),Chameleon_Circuit_(band),2,17,1,chameleon circuit (banda),17,1.0,False,"{""chameleon circuit (banda)"": 17}"
ca,Catalan,entity_or_value,charles elkin mathews,Charles_Elkin_Mathews,2,2,1,charles elkin mathews,2,1.0,False,"{""charles elkin mathews"": 2}"
ca,Catalan,entity_or_value,charles michel,Charles_Michel,2,12,1,charles michel,12,1.0,False,"{""charles michel"": 12}"
ca,Catalan,entity_or_value,"charleston, west virginia","Charleston,_West_Virginia",2,10,1,"charleston, virgínia occidental",10,1.0,False,"{""charleston, virgínia occidental"": 10}"
ca,Catalan,entity_or_value,charlie colin,Charlie_Colin,2,2,1,charlie colin,2,1.0,False,"{""charlie colin"": 2}"
ca,Catalan,entity_or_value,charlie mcdonnell,Charlie_McDonnell,2,17,1,charlie mcdonnell,17,1.0,False,"{""charlie mcdonnell"": 17}"
ca,Catalan,entity_or_value,charlottetown,Charlottetown,2,7,1,charlottetown,7,1.0,False,"{""charlottetown"": 7}"
ca,Catalan,entity_or_value,chelsea f.c.,Chelsea_F.C.,2,8,1,chelsea fc,8,1.0,False,"{""chelsea fc"": 8}"
ca,Catalan,entity_or_value,chennai,Chennai,2,15,1,chennai,15,1.0,False,"{""chennai"": 15}"
ca,Catalan,entity_or_value,chesterfield f.c.,Chesterfield_F.C.,2,10,1,chesterfield fc,10,1.0,False,"{""chesterfield fc"": 10}"
ca,Catalan,entity_or_value,chiang kai-shek,Chiang_Kai-shek,2,6,1,chiang kai-shek,6,1.0,False,"{""chiang kai-shek"": 6}"
ca,Catalan,entity_or_value,chicago,Chicago,2,166,1,chicago,166,1.0,False,"{""chicago"": 166}"
ca,Catalan,entity_or_value,chicharrón,Chicharrón,2,13,1,chicharrón (plat),13,1.0,False,"{""chicharrón (plat)"": 13}"
ca,Catalan,entity_or_value,chicken,Chicken,2,18,1,gall,18,1.0,False,"{""gall"": 18}"
ca,Catalan,entity_or_value,chief justice,Chief Justice,2,2,1,jutge president,2,1.0,False,"{""jutge president"": 2}"
ca,Catalan,entity_or_value,chief of the astronaut office,Chief_of_the_Astronaut_Office,2,3,1,cap de l'oficina d'astronautes,3,1.0,False,"{""cap de l'oficina d'astronautes"": 3}"
ca,Catalan,entity_or_value,chief of the defence staff (nigeria),Chief_of_the_Defence_Staff_(Nigeria),2,9,1,cap de l'estat major de defensa (nigèria),9,1.0,False,"{""cap de l'estat major de defensa (nigèria)"": 9}"
ca,Catalan,entity_or_value,chili pepper,Chili_pepper,2,6,1,bitxo,6,1.0,False,"{""bitxo"": 6}"
ca,Catalan,entity_or_value,china,China,2,9,1,xina,9,1.0,False,"{""xina"": 9}"
ca,Catalan,entity_or_value,chinabank,Chinabank,2,178,1,chinabank,178,1.0,False,"{""chinabank"": 178}"
ca,Catalan,entity_or_value,"chinatown, san francisco","Chinatown,_San_Francisco",2,11,1,"barri xinès, san francisco",11,1.0,False,"{""barri xinès, san francisco"": 11}"
ca,Catalan,entity_or_value,chinese cuisine,Chinese_cuisine,2,20,1,gastronomia de la xina,20,1.0,False,"{""gastronomia de la xina"": 20}"
ca,Catalan,entity_or_value,chinese filipino,Chinese_Filipino,2,16,1,filipinos xinesos,16,1.0,False,"{""filipinos xinesos"": 16}"
ca,Catalan,entity_or_value,chinese language,Chinese_language,2,19,1,idioma xinès,19,1.0,False,"{""idioma xinès"": 19}"
ca,Catalan,entity_or_value,chinese people in japan,Chinese_people_in_Japan,2,4,1,xinesos al japó,4,1.0,False,"{""xinesos al japó"": 4}"
ca,Catalan,entity_or_value,"chișinău, moldova","""Chișinău, Moldova""",2,9,1,"chișinău, moldàvia",9,1.0,False,"{""chișinău, moldàvia"": 9}"
ca,Catalan,entity_or_value,chocolate,Chocolate,2,2,1,xocolata,2,1.0,False,"{""xocolata"": 2}"
ca,Catalan,entity_or_value,"chopped fruits, sour cream, condensed milk, granola, shredded coconut, raisins","""Chopped Fruits, Sour Cream, Condensed Milk, Granola, Shredded Coconut, Raisins""",2,20,1,"fruita picada, crema agra, llet condensada, granola, coco ratllat, panses",20,1.0,False,"{""fruita picada, crema agra, llet condensada, granola, coco ratllat, panses"": 20}"
ca,Catalan,entity_or_value,chorizo,Chorizo,2,6,1,xoriço,6,1.0,False,"{""xoriço"": 6}"
ca,Catalan,entity_or_value,chris patten,Chris_Patten,2,6,1,chris patten,6,1.0,False,"{""chris patten"": 6}"
ca,Catalan,entity_or_value,christian alternative rock,Christian_alternative_rock,2,7,1,rock alternatiu cristià,7,1.0,False,"{""rock alternatiu cristià"": 7}"
ca,Catalan,entity_or_value,christian burns,Christian_Burns,2,62,1,christian burns,62,1.0,False,"{""christian burns"": 62}"
ca,Catalan,entity_or_value,christian democratic appeal,Christian_Democratic_Appeal,2,19,1,crida demòcrata cristiana,19,1.0,False,"{""crida demòcrata cristiana"": 19}"
ca,Catalan,entity_or_value,christian panucci,Christian_Panucci,2,38,1,christian panucci,38,1.0,False,"{""christian panucci"": 38}"
ca,Catalan,entity_or_value,christmas pudding,Christmas_pudding,2,8,1,christmas pudding,8,1.0,False,"{""christmas pudding"": 8}"
ca,Catalan,entity_or_value,christopher taylor (politician),Christopher_Taylor_(politician),2,3,1,christopher taylor (polític),3,1.0,False,"{""christopher taylor (polític)"": 3}"
ca,Catalan,entity_or_value,chrysler,Chrysler,2,7,1,chrysler,7,1.0,False,"{""chrysler"": 7}"
ca,Catalan,entity_or_value,chrysler newport,Chrysler_Newport,2,6,1,chrysler newport,6,1.0,False,"{""chrysler newport"": 6}"
ca,Catalan,entity_or_value,chuck fletcher,Chuck_Fletcher,2,2,1,chuck fletcher,2,1.0,False,"{""chuck fletcher"": 2}"
ca,Catalan,entity_or_value,church of denmark,Church_of_Denmark,2,8,1,església de dinamarca,8,1.0,False,"{""església de dinamarca"": 8}"
ca,Catalan,entity_or_value,church of england,Church_of_England,2,12,1,església d'anglaterra,12,1.0,False,"{""església d'anglaterra"": 12}"
ca,Catalan,entity_or_value,ciro pérez,Ciro_Pérez,2,6,1,ciro pérez,6,1.0,False,"{""ciro pérez"": 6}"
ca,Catalan,entity_or_value,cities of the philippines,Cities_of_the_Philippines,2,2,1,ciutats de les filipines,2,1.0,False,"{""ciutats de les filipines"": 2}"
ca,Catalan,entity_or_value,citrus,Citrus,2,6,1,cítric,6,1.0,False,"{""cítric"": 6}"
ca,Catalan,entity_or_value,city,City,2,18,1,ciutat,18,1.0,False,"{""ciutat"": 18}"
ca,Catalan,entity_or_value,city administrator,"""City Administrator""",2,4,1,administrador de la ciutat,4,1.0,False,"{""administrador de la ciutat"": 4}"
ca,Catalan,entity_or_value,city council,"""City Council""",2,2,1,consell comunal,2,1.0,False,"{""consell comunal"": 2}"
ca,Catalan,entity_or_value,city manager,"""City Manager""",2,21,1,gerent municipal,21,1.0,False,"{""gerent municipal"": 21}"
ca,Catalan,entity_or_value,city of brussels,City_of_Brussels,2,3,1,brussel·les,3,1.0,False,"{""brussel·les"": 3}"
ca,Catalan,entity_or_value,ciudad ayala,Ciudad_Ayala,2,235,1,ciudad ayala,235,1.0,False,"{""ciudad ayala"": 235}"
ca,Catalan,entity_or_value,civil aviation authority of new zealand,Civil_Aviation_Authority_of_New_Zealand,2,11,1,autoritat d' aviació civil de nova zelanda,11,1.0,False,"{""autoritat d' aviació civil de nova zelanda"": 11}"
ca,Catalan,entity_or_value,clarinet,Clarinet,2,4,1,clarinet,4,1.0,False,"{""clarinet"": 4}"
ca,Catalan,entity_or_value,claude bartolone,Claude_Bartolone,2,15,1,claude bartolone,15,1.0,False,"{""claude bartolone"": 15}"
ca,Catalan,entity_or_value,"clayton, winnebago county, wisconsin","Clayton,_Winnebago_County,_Wisconsin",2,6,1,"clayton, comtat de winnebago, wisconsin",6,1.0,False,"{""clayton, comtat de winnebago, wisconsin"": 6}"
ca,Catalan,entity_or_value,clerk (municipal official),Clerk_(municipal_official),2,4,1,secretari (oficial municipal),4,1.0,False,"{""secretari (oficial municipal)"": 4}"
ca,Catalan,entity_or_value,cleveland,Cleveland,2,145,1,cleveland,145,1.0,False,"{""cleveland"": 145}"
ca,Catalan,entity_or_value,cleveland city council,Cleveland_City_Council,2,11,1,ajuntament de cleveland,11,1.0,False,"{""ajuntament de cleveland"": 11}"
ca,Catalan,entity_or_value,"cleveland, ohio 44114","""Cleveland, Ohio 44114""",2,4,1,"cleveland, ohio 44114",4,1.0,False,"{""cleveland, ohio 44114"": 4}"
ca,Catalan,entity_or_value,club sandwich,Club_sandwich,2,24,1,club sandwich,24,1.0,False,"{""club sandwich"": 24}"
ca,Catalan,entity_or_value,clyde f.c.,Clyde_F.C.,2,32,1,clyde fc,32,1.0,False,"{""clyde fc"": 32}"
ca,Catalan,entity_or_value,coatbridge,Coatbridge,2,3,1,coatbridge,3,1.0,False,"{""coatbridge"": 3}"
ca,Catalan,entity_or_value,coconut milk,Coconut_milk,2,18,1,llet de coco,18,1.0,False,"{""llet de coco"": 18}"
ca,Catalan,entity_or_value,colin powell,Colin_Powell,2,6,1,colin powell,6,1.0,False,"{""colin powell"": 6}"
ca,Catalan,entity_or_value,college of william & mary,College_of_William_&_Mary,2,58,1,college of william and mary,58,1.0,False,"{""college of william and mary"": 58}"
ca,Catalan,entity_or_value,"collin county, texas","Collin_County,_Texas",2,5,1,"comtat de collin, texas",5,1.0,False,"{""comtat de collin, texas"": 5}"
ca,Catalan,entity_or_value,colmore row,Colmore_Row,2,10,1,colmore row,10,1.0,False,"{""colmore row"": 10}"
ca,Catalan,entity_or_value,"colmore row, birmingham, england","""Colmore Row, Birmingham, England""",2,11,1,"colmore row, birmingham, anglaterra",11,1.0,False,"{""colmore row, birmingham, anglaterra"": 11}"
ca,Catalan,entity_or_value,colombia,Colombia,2,13,1,colòmbia,13,1.0,False,"{""colòmbia"": 13}"
ca,Catalan,entity_or_value,colombian cuisine,Colombian_cuisine,2,52,1,gastronomia de colòmbia,52,1.0,False,"{""gastronomia de colòmbia"": 52}"
ca,Catalan,entity_or_value,coloured,Coloured,2,10,1,coloured,10,1.0,False,"{""coloured"": 10}"
ca,Catalan,entity_or_value,columbia records,Columbia_Records,2,14,1,columbia records,14,1.0,False,"{""columbia records"": 14}"
ca,Catalan,entity_or_value,columbus blue jackets,Columbus_Blue_Jackets,2,28,1,columbus blue jackets,28,1.0,False,"{""columbus blue jackets"": 28}"
ca,Catalan,entity_or_value,"columbus, ohio","Columbus,_Ohio",2,9,1,"columbus, ohio",9,1.0,False,"{""columbus, ohio"": 9}"
ca,Catalan,entity_or_value,colwyn bay f.c.,Colwyn_Bay_F.C.,2,5,1,colwyn bay f.c.,5,1.0,False,"{""colwyn bay f.c."": 5}"
ca,Catalan,entity_or_value,commelinids,Commelinids,2,20,1,commelínides,20,1.0,False,"{""commelínides"": 20}"
ca,Catalan,entity_or_value,community of madrid,Community_of_Madrid,2,33,1,comunitat de madrid,33,1.0,False,"{""comunitat de madrid"": 33}"
ca,Catalan,entity_or_value,compilation album,Compilation_Album,2,10,1,àlbum recopilatori,10,1.0,False,"{""àlbum recopilatori"": 10}"
ca,Catalan,entity_or_value,compressed rice cooked in banana leaf with vegetables or minced meat fillings,"""compressed rice cooked in banana leaf with vegetables or minced meat fillings""",2,16,1,arròs comprimit cuinat en fulles de plàtan amb verdures o farcits de carn picada,16,1.0,False,"{""arròs comprimit cuinat en fulles de plàtan amb verdures o farcits de carn picada"": 16}"
ca,Catalan,entity_or_value,computer science,Computer_science,2,7,1,ciències de la computació,7,1.0,False,"{""ciències de la computació"": 7}"
ca,Catalan,entity_or_value,concert and events venue,"""Concert and events venue""",2,8,1,lloc de concerts i esdeveniments,8,1.0,False,"{""lloc de concerts i esdeveniments"": 8}"
ca,Catalan,entity_or_value,concrete,Concrete,2,11,1,formigó,11,1.0,False,"{""formigó"": 11}"
ca,Catalan,entity_or_value,condensed milk,Condensed_milk,2,11,1,llet condensada,11,1.0,False,"{""llet condensada"": 11}"
ca,Catalan,entity_or_value,condiment,Condiment,2,10,1,condiment,10,1.0,False,"{""condiment"": 10}"
ca,Catalan,entity_or_value,congress poland,Congress_Poland,2,5,1,tsarat de polònia,5,1.0,False,"{""tsarat de polònia"": 5}"
ca,Catalan,entity_or_value,connecticut,Connecticut,2,40,1,connecticut,40,1.0,False,"{""connecticut"": 40}"
ca,Catalan,entity_or_value,connecticut huskies,Connecticut_Huskies,2,5,1,huskies de connecticut,5,1.0,False,"{""huskies de connecticut"": 5}"
ca,Catalan,entity_or_value,connecticut's 4th congressional district,Connecticut's_4th_congressional_district,2,3,1,4t districte congressional de connecticut,3,1.0,False,"{""4t districte congressional de connecticut"": 3}"
ca,Catalan,entity_or_value,conservative party (uk),Conservative_Party_(UK),2,25,1,partit conservador (regne unit),25,1.0,False,"{""partit conservador (regne unit)"": 25}"
ca,Catalan,entity_or_value,"contra costa county, california","Contra_Costa_County,_California",2,43,1,"comtat de contra costa, califòrnia",43,1.0,False,"{""comtat de contra costa, califòrnia"": 43}"
ca,Catalan,entity_or_value,contributing property,Contributing_property,2,87,1,propietat contribuïdora,87,1.0,False,"{""propietat contribuïdora"": 87}"
ca,Catalan,entity_or_value,convertible,Convertible,2,4,1,descapotable,4,1.0,False,"{""descapotable"": 4}"
ca,Catalan,entity_or_value,"cook county, illinois","Cook_County,_Illinois",2,7,1,"comtat de cook, illinois",7,1.0,False,"{""comtat de cook, illinois"": 7}"
ca,Catalan,entity_or_value,cookie,Cookie,2,28,1,cookie,28,1.0,False,"{""cookie"": 28}"
ca,Catalan,entity_or_value,cooking plantain,Cooking_plantain,2,3,1,cuinar plàtan,3,1.0,False,"{""cuinar plàtan"": 3}"
ca,Catalan,entity_or_value,copenhagen,Copenhagen,2,13,1,copenhaguen,13,1.0,False,"{""copenhaguen"": 13}"
ca,Catalan,entity_or_value,coritiba foot ball club,Coritiba_Foot_Ball_Club,2,13,1,club de futbol de coritiba,13,1.0,False,"{""club de futbol de coritiba"": 13}"
ca,Catalan,entity_or_value,cornell big red,Cornell_Big_Red,2,7,1,cornell big red,7,1.0,False,"{""cornell big red"": 7}"
ca,Catalan,entity_or_value,cornell university,Cornell_University,2,93,1,universitat cornell,93,1.0,False,"{""universitat cornell"": 93}"
ca,Catalan,entity_or_value,cornish language,Cornish_language,2,14,1,llengua de cornualles,14,1.0,False,"{""llengua de cornualles"": 14}"
ca,Catalan,entity_or_value,"corvallis, oregon","Corvallis,_Oregon",2,2,1,"corvallis, oregon",2,1.0,False,"{""corvallis, oregon"": 2}"
ca,Catalan,entity_or_value,cosmetics,Cosmetics,2,11,1,cosmètica,11,1.0,False,"{""cosmètica"": 11}"
ca,Catalan,entity_or_value,costa crociere,Costa_Crociere,2,39,1,costa crociere,39,1.0,False,"{""costa crociere"": 39}"
ca,Catalan,entity_or_value,cottage cheese,Cottage_cheese,2,10,1,cottage (formatge),10,1.0,False,"{""cottage (formatge)"": 10}"
ca,Catalan,entity_or_value,council-manager government,Council-manager_government,2,18,1,govern dirigit pel consell,18,1.0,False,"{""govern dirigit pel consell"": 18}"
ca,Catalan,entity_or_value,country music,Country_music,2,57,1,country,57,1.0,False,"{""country"": 57}"
ca,Catalan,entity_or_value,county limerick,County_Limerick,2,15,1,comtat de limerick,15,1.0,False,"{""comtat de limerick"": 15}"
ca,Catalan,entity_or_value,county manager,"""County Manager""",2,3,1,county manager,3,1.0,False,"{""county manager"": 3}"
ca,Catalan,entity_or_value,county of tyrol,County_of_Tyrol,2,10,1,comtat del tirol,10,1.0,False,"{""comtat del tirol"": 10}"
ca,Catalan,entity_or_value,coupe,Coupe,2,9,1,cupè,9,1.0,False,"{""cupè"": 9}"
ca,Catalan,entity_or_value,coupé,Coupé,2,17,1,coupé,17,1.0,False,"{""coupé"": 17}"
ca,Catalan,entity_or_value,courcouronnes,Courcouronnes,2,7,1,courcouronnes,7,1.0,False,"{""courcouronnes"": 7}"
ca,Catalan,entity_or_value,coventry,Coventry,2,9,1,coventry,9,1.0,False,"{""coventry"": 9}"
ca,Catalan,entity_or_value,"covington, indiana","Covington,_Indiana",2,7,1,"covington, indiana",7,1.0,False,"{""covington, indiana"": 7}"
ca,Catalan,entity_or_value,crbl,CRBL,2,4,1,crbl,4,1.0,False,"{""crbl"": 4}"
ca,Catalan,entity_or_value,crewe alexandra f.c.,Crewe_Alexandra_F.C.,2,16,1,crewe alexandra,16,1.0,False,"{""crewe alexandra"": 16}"
ca,Catalan,entity_or_value,cross of independence,Cross_of_Independence,2,7,1,creu de la independència,7,1.0,False,"{""creu de la independència"": 7}"
ca,Catalan,entity_or_value,cross of valour (poland),Cross_of_Valour_(Poland),2,10,1,creu de valor (polònia),10,1.0,False,"{""creu de valor (polònia)"": 10}"
ca,Catalan,entity_or_value,crucial blast,Crucial_Blast,2,14,1,crucial blast,14,1.0,False,"{""crucial blast"": 14}"
ca,Catalan,entity_or_value,cruise ship,Cruise_ship,2,5,1,creuer,5,1.0,False,"{""creuer"": 5}"
ca,Catalan,entity_or_value,críona ní dhálaigh,Críona_Ní_Dhálaigh,2,7,1,críona ní dhálaigh,7,1.0,False,"{""críona ní dhálaigh"": 7}"
ca,Catalan,entity_or_value,cubanelle,Cubanelle,2,6,1,cubanelle,6,1.0,False,"{""cubanelle"": 6}"
ca,Catalan,entity_or_value,cuernavaca,Cuernavaca,2,2,1,cuernavaca,2,1.0,False,"{""cuernavaca"": 2}"
ca,Catalan,entity_or_value,"cumberland county, pennsylvania","Cumberland_County,_Pennsylvania",2,53,1,"comtat de cumberland, pennsylvania",53,1.0,False,"{""comtat de cumberland, pennsylvania"": 53}"
ca,Catalan,entity_or_value,curitiba,Curitiba,2,44,1,curitiba,44,1.0,False,"{""curitiba"": 44}"
ca,Catalan,entity_or_value,cuttlefish,Cuttlefish,2,7,1,sèpia,7,1.0,False,"{""sèpia"": 7}"
ca,Catalan,entity_or_value,"cuyahoga county, ohio","Cuyahoga_County,_Ohio",2,17,1,"comtat de cuyahoga, ohio",17,1.0,False,"{""comtat de cuyahoga, ohio"": 17}"
ca,Catalan,entity_or_value,cyril bruce,Cyril_Bruce,2,14,1,cyril bruce,14,1.0,False,"{""cyril bruce"": 14}"
ca,Catalan,entity_or_value,cyril frankel,Cyril_Frankel,2,27,1,cyril frankel,27,1.0,False,"{""cyril frankel"": 27}"
ca,Catalan,entity_or_value,cyril ramaphosa,Cyril_Ramaphosa,2,18,1,cyril ramaphosa,18,1.0,False,"{""cyril ramaphosa"": 18}"
ca,Catalan,entity_or_value,"cyrus vance, jr.","Cyrus_Vance,_Jr.",2,6,1,"cyrus vance, jr.",6,1.0,False,"{""cyrus vance, jr."": 6}"
ca,Catalan,entity_or_value,câmpia turzii,Câmpia_Turzii,2,8,1,câmpia turzii,8,1.0,False,"{""câmpia turzii"": 8}"
ca,Catalan,entity_or_value,dale tallon,Dale_Tallon,2,3,1,dale tallon,3,1.0,False,"{""dale tallon"": 3}"
ca,Catalan,entity_or_value,"dale, wisconsin","Dale,_Wisconsin",2,9,1,"dale, wisconsin",9,1.0,False,"{""dale, wisconsin"": 9}"
ca,Catalan,entity_or_value,dallas,Dallas,2,94,1,dallas,94,1.0,False,"{""dallas"": 94}"
ca,Catalan,entity_or_value,"damon wayans, jr.","Damon_Wayans,_Jr.",2,4,1,"damon wayans, jr.",4,1.0,False,"{""damon wayans, jr."": 4}"
ca,Catalan,entity_or_value,dan horrigan,Dan_Horrigan,2,8,1,dan horrigan,8,1.0,False,"{""dan horrigan"": 8}"
ca,Catalan,entity_or_value,dan mishkin,Dan_Mishkin,2,10,1,dan mishkin,10,1.0,False,"{""dan mishkin"": 10}"
ca,Catalan,entity_or_value,dan quinn (american football),Dan_Quinn_(American_football),2,2,1,dan quinn (futbol americà),2,1.0,False,"{""dan quinn (futbol americà)"": 2}"
ca,Catalan,entity_or_value,dance-pop,Dance-pop,2,11,1,pop dance,11,1.0,False,"{""pop dance"": 11}"
ca,Catalan,entity_or_value,dane whitman,"""Dane Whitman""",2,4,1,dane whitman,4,1.0,False,"{""dane whitman"": 4}"
ca,Catalan,entity_or_value,dane whitman black knight (comicscharacter),Dane_Whitman_Black_Knight_(comicsCharacter),2,15,1,dane whitman black knight (personatge de còmic),15,1.0,False,"{""dane whitman black knight (personatge de còmic)"": 15}"
ca,Catalan,entity_or_value,daniel gould fowle,Daniel_Gould_Fowle,2,7,1,daniel gould fowle,7,1.0,False,"{""daniel gould fowle"": 7}"
ca,Catalan,entity_or_value,daniel martínez (politician),Daniel_Martínez_(politician),2,15,1,daniel martínez (polític),15,1.0,False,"{""daniel martínez (polític)"": 15}"
ca,Catalan,entity_or_value,daniel webster,Daniel_Webster,2,8,1,daniel webster,8,1.0,False,"{""daniel webster"": 8}"
ca,Catalan,entity_or_value,daniele zoratto,Daniele_Zoratto,2,5,1,daniele zoratto,5,1.0,False,"{""daniele zoratto"": 5}"
ca,Catalan,entity_or_value,danielle harris,Danielle_Harris,2,2,1,danielle harris,2,1.0,False,"{""danielle harris"": 2}"
ca,Catalan,entity_or_value,danish language,Danish_language,2,5,1,llengua danesa,5,1.0,False,"{""llengua danesa"": 5}"
ca,Catalan,entity_or_value,"darien, connecticut","Darien,_Connecticut",2,10,1,"darien, connecticut",10,1.0,False,"{""darien, connecticut"": 10}"
ca,Catalan,entity_or_value,darinka dentcheva,Darinka_Dentcheva,2,114,1,darinka dentcheva,114,1.0,False,"{""darinka dentcheva"": 114}"
ca,Catalan,entity_or_value,darlington,Darlington,2,31,1,darlington,31,1.0,False,"{""darlington"": 31}"
ca,Catalan,entity_or_value,dave challinor,Dave_Challinor,2,25,1,dave challinor,25,1.0,False,"{""dave challinor"": 25}"
ca,Catalan,entity_or_value,dave laughlin,Dave_Laughlin,2,2,1,dave laughlin,2,1.0,False,"{""dave laughlin"": 2}"
ca,Catalan,entity_or_value,david cameron,David_Cameron,2,20,1,david cameron,20,1.0,False,"{""david cameron"": 20}"
ca,Catalan,entity_or_value,"david sainsbury, baron sainsbury of turville","David_Sainsbury,_Baron_Sainsbury_of_Turville",2,4,1,david sainsbury,4,1.0,False,"{""david sainsbury"": 4}"
ca,Catalan,entity_or_value,david scott,David_Scott,2,24,1,david randolph scott,24,1.0,False,"{""david randolph scott"": 24}"
ca,Catalan,entity_or_value,david weber,David_Weber,2,4,1,david weber,4,1.0,False,"{""david weber"": 4}"
ca,Catalan,entity_or_value,dayton dutch lions,Dayton_Dutch_Lions,2,7,1,dayton dutch lions,7,1.0,False,"{""dayton dutch lions"": 7}"
ca,Catalan,entity_or_value,de graafschap,De_Graafschap,2,6,1,vbv de graafschap,6,1.0,False,"{""vbv de graafschap"": 6}"
ca,Catalan,entity_or_value,dead man's plack,Dead_Man's_Plack,2,58,1,placa de l'home mort,58,1.0,False,"{""placa de l'home mort"": 58}"
ca,Catalan,entity_or_value,death metal,Death_metal,2,36,1,death metal,36,1.0,False,"{""death metal"": 36}"
ca,Catalan,entity_or_value,death on a factory farm,Death_on_a_Factory_Farm,2,122,1,mort en una granja industrial,122,1.0,False,"{""mort en una granja industrial"": 122}"
ca,Catalan,entity_or_value,debbie wasserman schultz,Debbie_Wasserman_Schultz,2,2,1,debbie wasserman schultz,2,1.0,False,"{""debbie wasserman schultz"": 2}"
ca,Catalan,entity_or_value,deceased,"""Deceased""",2,73,1,defunció,73,1.0,False,"{""defunció"": 73}"
ca,Catalan,entity_or_value,december 2008,"""December 2008""",2,15,1,desembre de 2008,15,1.0,False,"{""desembre de 2008"": 15}"
ca,Catalan,entity_or_value,defender (football),Defender_(football),2,10,1,defensor (futbol),10,1.0,False,"{""defensor (futbol)"": 10}"
ca,Catalan,entity_or_value,"dekalb county, georgia","DeKalb_County,_Georgia",2,31,1,"comtat de dekalb, geòrgia",31,1.0,False,"{""comtat de dekalb, geòrgia"": 31}"
ca,Catalan,entity_or_value,"dekalb county, illinois","DeKalb_County,_Illinois",2,5,1,"comtat de dekalb, illinois",5,1.0,False,"{""comtat de dekalb, illinois"": 5}"
ca,Catalan,entity_or_value,delfino pescara 1936,Delfino_Pescara_1936,2,4,1,delfino pescara,4,1.0,False,"{""delfino pescara"": 4}"
ca,Catalan,entity_or_value,delta ii,Delta_II,2,107,1,delta ii,107,1.0,False,"{""delta ii"": 107}"
ca,Catalan,entity_or_value,"demak jaya, jalan bako, kuching, sarawak","""Demak Jaya, Jalan Bako, Kuching, Sarawak""",2,19,1,"demak jaya, jalan bako, kuching, sarawak",19,1.0,False,"{""demak jaya, jalan bako, kuching, sarawak"": 19}"
ca,Catalan,entity_or_value,demarce short stories in the the grantville gazettes,"""DeMarce short stories in the The Grantville Gazettes""",2,11,1,històries curtes de demarce a the grantville gazettes,11,1.0,False,"{""històries curtes de demarce a the grantville gazettes"": 11}"
ca,Catalan,entity_or_value,demo 2004 (year of no light album),Demo_2004_(Year_of_No_Light_album),2,6,1,demo 2004 (àlbum year of no light),6,1.0,False,"{""demo 2004 (àlbum year of no light)"": 6}"
ca,Catalan,entity_or_value,democratic labour party (brazil),Democratic_Labour_Party_(Brazil),2,5,1,partit democràtic del treball (brasil),5,1.0,False,"{""partit democràtic del treball (brasil)"": 5}"
ca,Catalan,entity_or_value,democratic party (united states),Democratic_Party_(United_States),2,57,1,partit demòcrata (estats units),57,1.0,False,"{""partit demòcrata (estats units)"": 57}"
ca,Catalan,entity_or_value,"denham, buckinghamshire","Denham,_Buckinghamshire",2,3,1,"denham, buckinghamshire",3,1.0,False,"{""denham, buckinghamshire"": 3}"
ca,Catalan,entity_or_value,denmark,Denmark,2,211,1,dinamarca,211,1.0,False,"{""dinamarca"": 211}"
ca,Catalan,entity_or_value,dennis william sciama,Dennis_William_Sciama,2,17,1,dennis william sciama,17,1.0,False,"{""dennis william sciama"": 17}"
ca,Catalan,entity_or_value,denzil antonio,Denzil_Antonio,2,7,1,denzil antonio,7,1.0,False,"{""denzil antonio"": 7}"
ca,Catalan,entity_or_value,department of commerce gold medal,Department_of_Commerce_Gold_Medal,2,33,1,medalla d'or del departament de comerç,33,1.0,False,"{""medalla d'or del departament de comerç"": 33}"
ca,Catalan,entity_or_value,deptford,Deptford,2,8,1,deptford,8,1.0,False,"{""deptford"": 8}"
ca,Catalan,entity_or_value,"deputy minister for development, competitiveness and shipping","""Deputy Minister for Development, Competitiveness and Shipping""",2,2,1,"viceministre de desenvolupament, competitivitat i transport marítim",2,1.0,False,"{""viceministre de desenvolupament, competitivitat i transport marítim"": 2}"
ca,Catalan,entity_or_value,deputy parliamentary spokesman of popular orthodox rally,"""Deputy Parliamentary Spokesman of Popular Orthodox Rally""",2,2,1,vice portaveu parlamentari de rally popular ortodoxa,2,1.0,False,"{""vice portaveu parlamentari de rally popular ortodoxa"": 2}"
ca,Catalan,entity_or_value,deram records,Deram_Records,2,47,1,deram records,47,1.0,False,"{""deram records"": 47}"
ca,Catalan,entity_or_value,derbyshire,Derbyshire,2,14,1,derbyshire,14,1.0,False,"{""derbyshire"": 14}"
ca,Catalan,entity_or_value,derbyshire dales,Derbyshire_Dales,2,68,1,derbyshire dales,68,1.0,False,"{""derbyshire dales"": 68}"
ca,Catalan,entity_or_value,desoto (automobile),DeSoto_(automobile),2,7,1,desoto (automòbil),7,1.0,False,"{""desoto (automòbil)"": 7}"
ca,Catalan,entity_or_value,desoto custom,DeSoto_Custom,2,49,1,desoto a mida,49,1.0,False,"{""desoto a mida"": 49}"
ca,Catalan,entity_or_value,desoto firedome,DeSoto_Firedome,2,6,1,desoto firedome,6,1.0,False,"{""desoto firedome"": 6}"
ca,Catalan,entity_or_value,dessert,Dessert,2,238,1,postres,238,1.0,False,"{""postres"": 238}"
ca,Catalan,entity_or_value,detroit,Detroit,2,24,1,detroit,24,1.0,False,"{""detroit"": 24}"
ca,Catalan,entity_or_value,"deșteaptă-te, române!","Deșteaptă-te,_române!",2,12,1,"deșteaptă-te, române!",12,1.0,False,"{""deșteaptă-te, române!"": 12}"
ca,Catalan,entity_or_value,diane duane,Diane_Duane,2,12,1,diane duane,12,1.0,False,"{""diane duane"": 12}"
ca,Catalan,entity_or_value,dianne feinstein,Dianne_Feinstein,2,9,1,dianne feinstein,9,1.0,False,"{""dianne feinstein"": 9}"
ca,Catalan,entity_or_value,dick dillin,Dick_Dillin,2,13,1,dick dillin,13,1.0,False,"{""dick dillin"": 13}"
ca,Catalan,entity_or_value,diego santilli,Diego_Santilli,2,8,1,diego santilli,8,1.0,False,"{""diego santilli"": 8}"
ca,Catalan,entity_or_value,diemen,Diemen,2,2,1,diemen,2,1.0,False,"{""diemen"": 2}"
ca,Catalan,entity_or_value,diesel-electric transmission,Diesel-electric_transmission,2,21,1,transmissió dièsel-elèctric,21,1.0,False,"{""transmissió dièsel-elèctric"": 21}"
ca,Catalan,entity_or_value,dieter hecking,Dieter_Hecking,2,10,1,dieter hecking,10,1.0,False,"{""dieter hecking"": 10}"
ca,Catalan,entity_or_value,"digify, inc.","Digify,_Inc.",2,9,1,"digify, inc.",9,1.0,False,"{""digify, inc."": 9}"
ca,Catalan,entity_or_value,digital distribution,Digital_distribution,2,2,1,distribució digital,2,1.0,False,"{""distribució digital"": 2}"
ca,Catalan,entity_or_value,dijon,Dijon,2,40,1,dijon,40,1.0,False,"{""dijon"": 40}"
ca,Catalan,entity_or_value,diliman,Diliman,2,2,1,diliman,2,1.0,False,"{""diliman"": 2}"
ca,Catalan,entity_or_value,"dimmit county, texas","Dimmit_County,_Texas",2,4,1,"comtat de dimmit, texas",4,1.0,False,"{""comtat de dimmit, texas"": 4}"
ca,Catalan,entity_or_value,disco,Disco,2,124,1,música disco,124,1.0,False,"{""música disco"": 124}"
ca,Catalan,entity_or_value,distinguished service medal (united states navy),Distinguished_Service_Medal_(United_States_Navy),2,87,1,medalla de servei distingit (marina dels estats units),87,1.0,False,"{""medalla de servei distingit (marina dels estats units)"": 87}"
ca,Catalan,entity_or_value,distinguished service order,Distinguished_Service_Order,2,3,1,orde del servei distingit,3,1.0,False,"{""orde del servei distingit"": 3}"
ca,Catalan,entity_or_value,dnipropetrovsk,Dnipropetrovsk,2,2,1,dnipropetrovsk,2,1.0,False,"{""dnipropetrovsk"": 2}"
ca,Catalan,entity_or_value,dodge,Dodge,2,19,1,dodge,19,1.0,False,"{""dodge"": 19}"
ca,Catalan,entity_or_value,dodge coronet,Dodge_Coronet,2,13,1,dodge coronet,13,1.0,False,"{""dodge coronet"": 13}"
ca,Catalan,entity_or_value,dodge custom royal,"""Dodge Custom Royal""",2,3,1,dodge custom royal,3,1.0,False,"{""dodge custom royal"": 3}"
ca,Catalan,entity_or_value,dodge suburban,"""Dodge Suburban""",2,2,1,dodge suburban,2,1.0,False,"{""dodge suburban"": 2}"
ca,Catalan,entity_or_value,doesburg,Doesburg,2,7,1,doesburg,7,1.0,False,"{""doesburg"": 7}"
ca,Catalan,entity_or_value,don guardian,Don_Guardian,2,9,1,don guardian,9,1.0,False,"{""don guardian"": 9}"
ca,Catalan,entity_or_value,don sweeney,Don_Sweeney,2,3,1,don sweeney,3,1.0,False,"{""don sweeney"": 3}"
ca,Catalan,entity_or_value,don tripp,Don_Tripp,2,2,1,don tripp,2,1.0,False,"{""don tripp"": 2}"
ca,Catalan,entity_or_value,donabate,Donabate,2,2,1,donabate,2,1.0,False,"{""donabate"": 2}"
ca,Catalan,entity_or_value,donal o'ceallaigh,Donal_O'Ceallaigh,2,6,1,donal o'ceallaigh,6,1.0,False,"{""donal o'ceallaigh"": 6}"
ca,Catalan,entity_or_value,donald j. irwin,Donald_J._Irwin,2,9,1,donald j. irwin,9,1.0,False,"{""donald j. irwin"": 9}"
ca,Catalan,entity_or_value,doom metal,Doom_metal,2,3,1,doom metal,3,1.0,False,"{""doom metal"": 3}"
ca,Catalan,entity_or_value,doomsday argument,Doomsday_argument,2,3,1,argument de l'apocalipsi,3,1.0,False,"{""argument de l'apocalipsi"": 3}"
ca,Catalan,entity_or_value,doris bures,Doris_Bures,2,26,1,doris bures,26,1.0,False,"{""doris bures"": 26}"
ca,Catalan,entity_or_value,"dothan, alabama","Dothan,_Alabama",2,10,1,"dothan, alabama",10,1.0,False,"{""dothan, alabama"": 10}"
ca,Catalan,entity_or_value,doug moench,Doug_Moench,2,6,1,doug moench,6,1.0,False,"{""doug moench"": 6}"
ca,Catalan,entity_or_value,"dougherty county, georgia","Dougherty_County,_Georgia",2,24,1,"comtat de dougherty, geòrgia",24,1.0,False,"{""comtat de dougherty, geòrgia"": 24}"
ca,Catalan,entity_or_value,douglas r. oberhelman,Douglas_R._Oberhelman,2,24,1,douglas r. oberhelman,24,1.0,False,"{""douglas r. oberhelman"": 24}"
ca,Catalan,entity_or_value,"doña ana county, new mexico","Doña_Ana_County,_New_Mexico",2,18,1,"comtat de doña ana, new mexico",18,1.0,False,"{""comtat de doña ana, new mexico"": 18}"
ca,Catalan,entity_or_value,dr. g. p. prabhukumar,"""Dr. G. P. Prabhukumar""",2,49,1,dr. g. p. prabhukumar,49,1.0,False,"{""dr. g. p. prabhukumar"": 49}"
ca,Catalan,entity_or_value,drake stevens,"""Drake Stevens""",2,4,1,drake stevens,4,1.0,False,"{""drake stevens"": 4}"
ca,Catalan,entity_or_value,drew caldwell,Drew_Caldwell,2,2,1,drew caldwell,2,1.0,False,"{""drew caldwell"": 2}"
ca,Catalan,entity_or_value,drogheda united f.c.,Drogheda_United_F.C.,2,8,1,drogheda united f.c.,8,1.0,False,"{""drogheda united f.c."": 8}"
ca,Catalan,entity_or_value,drone music,Drone_music,2,3,1,drone,3,1.0,False,"{""drone"": 3}"
ca,Catalan,entity_or_value,drugs,Drugs,2,29,1,drogues,29,1.0,False,"{""drogues"": 29}"
ca,Catalan,entity_or_value,drum and bass,Drum_and_bass,2,39,1,drum and bass,39,1.0,False,"{""drum and bass"": 39}"
ca,Catalan,entity_or_value,drum kit,Drum_kit,2,2,1,bateria,2,1.0,False,"{""bateria"": 2}"
ca,Catalan,entity_or_value,dublin,Dublin,2,68,1,dublín,68,1.0,False,"{""dublín"": 68}"
ca,Catalan,entity_or_value,dublin (european parliament constituency),Dublin_(European_Parliament_constituency),2,2,1,dublín (districte electoral del parlament europeu),2,1.0,False,"{""dublín (districte electoral del parlament europeu)"": 2}"
ca,Catalan,entity_or_value,ducati,Ducati,2,5,1,ducati,5,1.0,False,"{""ducati"": 5}"
ca,Catalan,entity_or_value,duhok sc,Duhok_SC,2,4,1,duhok sc,4,1.0,False,"{""duhok sc"": 4}"
ca,Catalan,entity_or_value,duncan rouleau,Duncan_Rouleau,2,40,1,duncan rouleau,40,1.0,False,"{""duncan rouleau"": 40}"
ca,Catalan,entity_or_value,"dunwoody, georgia","Dunwoody,_Georgia",2,6,1,"dunwoody, geòrgia",6,1.0,False,"{""dunwoody, geòrgia"": 6}"
ca,Catalan,entity_or_value,"dupage county, illinois","DuPage_County,_Illinois",2,7,1,"comtat de dupage, illinois",7,1.0,False,"{""comtat de dupage, illinois"": 7}"
ca,Catalan,entity_or_value,dutch language,Dutch_language,2,3,1,idioma holandès,3,1.0,False,"{""idioma holandès"": 3}"
ca,Catalan,entity_or_value,dušan ivković,Dušan_Ivković,2,3,1,dušan ivković,3,1.0,False,"{""dušan ivković"": 3}"
ca,Catalan,entity_or_value,dáil éireann,Dáil_Éireann,2,5,1,dáil eireann,5,1.0,False,"{""dáil eireann"": 5}"
ca,Catalan,entity_or_value,e-book,E-book,2,9,1,llibre electrònic,9,1.0,False,"{""llibre electrònic"": 9}"
ca,Catalan,entity_or_value,e-vinyl,E-Vinyl,2,7,1,e-vinyl,7,1.0,False,"{""e-vinyl"": 7}"
ca,Catalan,entity_or_value,e. wells,E._Wells,2,5,1,e. wells,5,1.0,False,"{""e. wells"": 5}"
ca,Catalan,entity_or_value,e11,"""E11""",2,2,1,e11,2,1.0,False,"{""e11"": 2}"
ca,Catalan,entity_or_value,eagle (automobile),Eagle_(automobile),2,7,1,àguila (automòbil),7,1.0,False,"{""àguila (automòbil)"": 7}"
ca,Catalan,entity_or_value,eagle award (comics),Eagle_Award_(comics),2,3,1,eagle award (comics),3,1.0,False,"{""eagle award (comics)"": 3}"
ca,Catalan,entity_or_value,east african campaign (world war ii),East_African_Campaign_(World_War_II),2,2,1,campanya d'àfrica oriental (segona guerra mundial),2,1.0,False,"{""campanya d'àfrica oriental (segona guerra mundial)"": 2}"
ca,Catalan,entity_or_value,east link bridge,"""East Link Bridge""",2,7,1,pont de l'enllaç est,7,1.0,False,"{""pont de l'enllaç est"": 7}"
ca,Catalan,entity_or_value,eastern european summer time,Eastern_European_Summer_Time,2,3,1,horari d'estiu de l'europa oriental,3,1.0,False,"{""horari d'estiu de l'europa oriental"": 3}"
ca,Catalan,entity_or_value,eastern european time,Eastern_European_Time,2,3,1,hora d'europa de l'est,3,1.0,False,"{""hora d'europa de l'est"": 3}"
ca,Catalan,entity_or_value,"eastern province, sri lanka","Eastern_Province,_Sri_Lanka",2,47,1,"província oriental, sri lanka",47,1.0,False,"{""província oriental, sri lanka"": 47}"
ca,Catalan,entity_or_value,eastern provincial council,Eastern_Provincial_Council,2,5,1,consell provincial de l'est,5,1.0,False,"{""consell provincial de l'est"": 5}"
ca,Catalan,entity_or_value,easy listening,Easy_listening,2,8,1,música lleugera,8,1.0,False,"{""música lleugera"": 8}"
ca,Catalan,entity_or_value,eberhard van der laan,Eberhard_van_der_Laan,2,4,1,eberhard van der laan,4,1.0,False,"{""eberhard van der laan"": 4}"
ca,Catalan,entity_or_value,economics,Economics,2,10,1,economia,10,1.0,False,"{""economia"": 10}"
ca,Catalan,entity_or_value,ed lee (politician),Ed_Lee_(politician),2,2,1,ed lee (polític),2,1.0,False,"{""ed lee (polític)"": 2}"
ca,Catalan,entity_or_value,edmund j. davis,Edmund_J._Davis,2,7,1,edmund j. davis,7,1.0,False,"{""edmund j. davis"": 7}"
ca,Catalan,entity_or_value,"edwin e. aldrin, jr.","""Edwin E. Aldrin, Jr.""",2,14,1,edwin e. aldrin jr.,14,1.0,False,"{""edwin e. aldrin jr."": 14}"
ca,Catalan,entity_or_value,edwin eugene aldrin jr.,"""Edwin Eugene Aldrin Jr.""",2,4,1,edwin eugene aldrin jr.,4,1.0,False,"{""edwin eugene aldrin jr."": 4}"
ca,Catalan,entity_or_value,efxeinoupoli,Efxeinoupoli,2,7,1,efxenoupoligreece prefectures. kgm,7,1.0,False,"{""efxenoupoligreece prefectures. kgm"": 7}"
ca,Catalan,entity_or_value,egbf,EGBF,2,25,1,egbf,25,1.0,False,"{""egbf"": 25}"
ca,Catalan,entity_or_value,"egg harbor township, new jersey","Egg_Harbor_Township,_New_Jersey",2,91,1,"egg harbor township, nova jersey",91,1.0,False,"{""egg harbor township, nova jersey"": 91}"
ca,Catalan,entity_or_value,eisner award,Eisner_Award,2,6,1,premi eisner,6,1.0,False,"{""premi eisner"": 6}"
ca,Catalan,entity_or_value,el salvador national football team,El_Salvador_national_football_team,2,6,1,equipa nacional de futbol d'el salvador,6,1.0,False,"{""equipa nacional de futbol d'el salvador"": 6}"
ca,Catalan,entity_or_value,ela-3,ELA-3,2,84,1,ela-3,84,1.0,False,"{""ela-3"": 84}"
ca,Catalan,entity_or_value,electric guitar,Electric_guitar,2,29,1,guitarra elèctrica,29,1.0,False,"{""guitarra elèctrica"": 29}"
ca,Catalan,entity_or_value,electroacoustic music,Electroacoustic_music,2,5,1,música electroacústica,5,1.0,False,"{""música electroacústica"": 5}"
ca,Catalan,entity_or_value,electronic music,Electronic_music,2,4,1,música electrònica,4,1.0,False,"{""música electrònica"": 4}"
ca,Catalan,entity_or_value,electropop,Electropop,2,4,1,electropop,4,1.0,False,"{""electropop"": 4}"
ca,Catalan,entity_or_value,elizabeth garrett,Elizabeth_Garrett,2,8,1,elizabeth garrett,8,1.0,False,"{""elizabeth garrett"": 8}"
ca,Catalan,entity_or_value,elizabeth ii,Elizabeth_II,2,79,1,elisabet ii del regne unit,79,1.0,False,"{""elisabet ii del regne unit"": 79}"
ca,Catalan,entity_or_value,"ellington, wisconsin","Ellington,_Wisconsin",2,14,1,"ellington, wisconsin",14,1.0,False,"{""ellington, wisconsin"": 14}"
ca,Catalan,entity_or_value,elliot see,Elliot_See,2,474,1,elliot see,474,1.0,False,"{""elliot see"": 474}"
ca,Catalan,entity_or_value,emi records,EMI_Records,2,3,1,emi records,3,1.0,False,"{""emi records"": 3}"
ca,Catalan,entity_or_value,emile roemer,Emile_Roemer,2,17,1,emile roemer,17,1.0,False,"{""emile roemer"": 17}"
ca,Catalan,entity_or_value,empoli f.c.,Empoli_F.C.,2,4,1,empoli f.c. (italià),4,1.0,False,"{""empoli f.c. (italià)"": 4}"
ca,Catalan,entity_or_value,enaire,ENAIRE,2,93,1,enaire,93,1.0,False,"{""enaire"": 93}"
ca,Catalan,entity_or_value,enda kenny,Enda_Kenny,2,12,1,enda kenny,12,1.0,False,"{""enda kenny"": 12}"
ca,Catalan,entity_or_value,energy industry,Energy_industry,2,24,1,indústria energètica,24,1.0,False,"{""indústria energètica"": 24}"
ca,Catalan,entity_or_value,england,England,2,143,1,anglaterra,143,1.0,False,"{""anglaterra"": 143}"
ca,Catalan,entity_or_value,english americans,English_Americans,2,5,1,angloamericans,5,1.0,False,"{""angloamericans"": 5}"
ca,Catalan,entity_or_value,english football league system,English_football_league_system,2,2,1,sistema de lligues de futbol angleses,2,1.0,False,"{""sistema de lligues de futbol angleses"": 2}"
ca,Catalan,entity_or_value,english language,English_language,2,606,1,llengua anglesa,606,1.0,False,"{""llengua anglesa"": 606}"
ca,Catalan,entity_or_value,english without tears,English_Without_Tears,2,153,1,l'anglès sense llàgrimes,153,1.0,False,"{""l'anglès sense llàgrimes"": 153}"
ca,Catalan,entity_or_value,enrique peña nieto,Enrique_Peña_Nieto,2,18,1,enrique peña nieto,18,1.0,False,"{""enrique peña nieto"": 18}"
ca,Catalan,entity_or_value,entertainment,Entertainment,2,22,1,entreteniment,22,1.0,False,"{""entreteniment"": 22}"
ca,Catalan,entity_or_value,erasmus university rotterdam,Erasmus_University_Rotterdam,2,61,1,universitat erasme de rotterdam,61,1.0,False,"{""universitat erasme de rotterdam"": 61}"
ca,Catalan,entity_or_value,eric flint,Eric_Flint,2,111,1,eric flint,111,1.0,False,"{""eric flint"": 111}"
ca,Catalan,entity_or_value,"eric flint, virginia demarce, et al.","""Eric Flint, Virginia DeMarce, et al.""",2,6,1,"eric flint, virginia demarce, et al.",6,1.0,False,"{""eric flint, virginia demarce, et al."": 6}"
ca,Catalan,entity_or_value,"erie county, new york","Erie_County,_New_York",2,3,1,"comtat d'erie, nova york",3,1.0,False,"{""comtat d'erie, nova york"": 3}"
ca,Catalan,entity_or_value,ernie colón,Ernie_Colón,2,21,1,ernie colón,21,1.0,False,"{""ernie colón"": 21}"
ca,Catalan,entity_or_value,erosi manjgaladze stadium,Erosi_Manjgaladze_Stadium,2,6,1,estadi erosi manjgaladze,6,1.0,False,"{""estadi erosi manjgaladze"": 6}"
ca,Catalan,entity_or_value,"errata, mississippi","Errata,_Mississippi",2,17,1,"errata, mississipí",17,1.0,False,"{""errata, mississipí"": 17}"
ca,Catalan,entity_or_value,esa and arianespace,"""ESA and Arianespace""",2,7,1,esa i arianespace,7,1.0,False,"{""esa i arianespace"": 7}"
ca,Catalan,entity_or_value,espen lind,Espen_Lind,2,11,1,espen lind,11,1.0,False,"{""espen lind"": 11}"
ca,Catalan,entity_or_value,espionage (production team),Espionage_(production_team),2,15,1,espionatge (equip de producció),15,1.0,False,"{""espionatge (equip de producció)"": 15}"
ca,Catalan,entity_or_value,"essex county, new jersey","Essex_County,_New_Jersey",2,10,1,"comtat d'essex, nova jersey",10,1.0,False,"{""comtat d'essex, nova jersey"": 10}"
ca,Catalan,entity_or_value,"essex county, new york","Essex_County,_New_York",2,11,1,"comtat d'essex, nova york",11,1.0,False,"{""comtat d'essex, nova york"": 11}"
ca,Catalan,entity_or_value,estadio jorge calero suárez,Estadio_Jorge_Calero_Suárez,2,6,1,estadio jorge calero suárez,6,1.0,False,"{""estadio jorge calero suárez"": 6}"
ca,Catalan,entity_or_value,esteghlal ahvaz f.c.,Esteghlal_Ahvaz_F.C.,2,21,1,esteghlal ahvaz fc,21,1.0,False,"{""esteghlal ahvaz fc"": 21}"
ca,Catalan,entity_or_value,estádio municipal coaracy da mata fonseca,Estádio_Municipal_Coaracy_da_Mata_Fonseca,2,71,1,estádio municipal coaracy da mata fonseca,71,1.0,False,"{""estádio municipal coaracy da mata fonseca"": 71}"
ca,Catalan,entity_or_value,ethiopia,Ethiopia,2,72,1,etiòpia,72,1.0,False,"{""etiòpia"": 72}"
ca,Catalan,entity_or_value,ethiopian birr,Ethiopian_birr,2,2,1,birr etíop,2,1.0,False,"{""birr etíop"": 2}"
ca,Catalan,entity_or_value,euro,Euro,2,55,1,euro,55,1.0,False,"{""euro"": 55}"
ca,Catalan,entity_or_value,euroleague,Euroleague,2,7,1,eurolliga de bàsquet,7,1.0,False,"{""eurolliga de bàsquet"": 7}"
ca,Catalan,entity_or_value,europe,Europe,2,8,1,europa,8,1.0,False,"{""europa"": 8}"
ca,Catalan,entity_or_value,european parliament,European_Parliament,2,28,1,parlament europeu,28,1.0,False,"{""parlament europeu"": 28}"
ca,Catalan,entity_or_value,european space agency,European_Space_Agency,2,14,1,agència espacial europea,14,1.0,False,"{""agència espacial europea"": 14}"
ca,Catalan,entity_or_value,european university association,European_University_Association,2,80,1,associació d'universitats europees,80,1.0,False,"{""associació d'universitats europees"": 80}"
ca,Catalan,entity_or_value,eva perón,Eva_Perón,2,8,1,eva perón,8,1.0,False,"{""eva perón"": 8}"
ca,Catalan,entity_or_value,evangelos venizelos,Evangelos_Venizelos,2,12,1,evànguelos venizelos,12,1.0,False,"{""evànguelos venizelos"": 12}"
ca,Catalan,entity_or_value,exchange national bank building,"""Exchange National Bank Building""",2,2,1,edifici del banc nacional de canvis,2,1.0,False,"{""edifici del banc nacional de canvis"": 2}"
ca,Catalan,entity_or_value,executive car,Executive_car,2,5,1,segment e,5,1.0,False,"{""segment e"": 5}"
ca,Catalan,entity_or_value,expect a miracle,Expect_a_Miracle,2,104,1,espera un miracle,104,1.0,False,"{""espera un miracle"": 104}"
ca,Catalan,entity_or_value,f. vilas,F._Vilas,2,3,1,f. vilas,3,1.0,False,"{""f. vilas"": 3}"
ca,Catalan,entity_or_value,f.c. bari 1908,F.C._Bari_1908,2,9,1,fc barcelona 1908.,9,1.0,False,"{""fc barcelona 1908."": 9}"
ca,Catalan,entity_or_value,faber and faber,Faber_and_Faber,2,7,1,faber i faber,7,1.0,False,"{""faber i faber"": 7}"
ca,Catalan,entity_or_value,"fall creek township, madison county, indiana","Fall_Creek_Township,_Madison_County,_Indiana",2,17,1,"fall creek township, comtat de madison, indiana",17,1.0,False,"{""fall creek township, comtat de madison, indiana"": 17}"
ca,Catalan,entity_or_value,fallujah,Fallujah,2,33,1,falluja,33,1.0,False,"{""falluja"": 33}"
ca,Catalan,entity_or_value,fantasy (genre),Fantasy_(genre),2,12,1,fantasia (gènere),12,1.0,False,"{""fantasia (gènere)"": 12}"
ca,Catalan,entity_or_value,fantasy literature,Fantasy_literature,2,3,1,literatura fantàstica,3,1.0,False,"{""literatura fantàstica"": 3}"
ca,Catalan,entity_or_value,faroese language,Faroese_language,2,8,1,llengua faresa,8,1.0,False,"{""llengua faresa"": 8}"
ca,Catalan,entity_or_value,"farrar, straus and giroux","Farrar,_Straus_and_Giroux",2,3,1,"farrar, straus i giroux",3,1.0,False,"{""farrar, straus i giroux"": 3}"
ca,Catalan,entity_or_value,faversham,Faversham,2,12,1,faversham,12,1.0,False,"{""faversham"": 12}"
ca,Catalan,entity_or_value,"faversham, kent, england","""Faversham, Kent, England""",2,13,1,"faversham, kent, anglaterra",13,1.0,False,"{""faversham, kent, anglaterra"": 13}"
ca,Catalan,entity_or_value,favoritner ac,Favoritner_AC,2,3,1,ac preferit,3,1.0,False,"{""ac preferit"": 3}"
ca,Catalan,entity_or_value,fc admira wacker mödling,FC_Admira_Wacker_Mödling,2,7,1,fc admira wacker mödling,7,1.0,False,"{""fc admira wacker mödling"": 7}"
ca,Catalan,entity_or_value,fc alania vladikavkaz,FC_Alania_Vladikavkaz,2,6,1,spartak vladikavkaz,6,1.0,False,"{""spartak vladikavkaz"": 6}"
ca,Catalan,entity_or_value,fc amkar perm,FC_Amkar_Perm,2,48,1,fk amkar perm,48,1.0,False,"{""fk amkar perm"": 48}"
ca,Catalan,entity_or_value,fc anzhi makhachkala,FC_Anzhi_Makhachkala,2,3,1,anži makhatxkalà,3,1.0,False,"{""anži makhatxkalà"": 3}"
ca,Catalan,entity_or_value,fc barcelona,FC_Barcelona,2,2,1,futbol club barcelona,2,1.0,False,"{""futbol club barcelona"": 2}"
ca,Catalan,entity_or_value,fc dallas,FC_Dallas,2,3,1,fc dallas,3,1.0,False,"{""fc dallas"": 3}"
ca,Catalan,entity_or_value,fc dila gori,FC_Dila_Gori,2,3,1,sk dila gori,3,1.0,False,"{""sk dila gori"": 3}"
ca,Catalan,entity_or_value,fc dinamo batumi,FC_Dinamo_Batumi,2,17,1,sk dinamo batumi,17,1.0,False,"{""sk dinamo batumi"": 17}"
ca,Catalan,entity_or_value,fc dynamo moscow,FC_Dynamo_Moscow,2,7,1,fc dinamo moscou,7,1.0,False,"{""fc dinamo moscou"": 7}"
ca,Catalan,entity_or_value,fc karpaty lviv,FC_Karpaty_Lviv,2,25,1,fc karpaty lviv,25,1.0,False,"{""fc karpaty lviv"": 25}"
ca,Catalan,entity_or_value,fc kuban krasnodar,FC_Kuban_Krasnodar,2,13,1,fc kuban krasnodar,13,1.0,False,"{""fc kuban krasnodar"": 13}"
ca,Catalan,entity_or_value,fc rubin kazan,FC_Rubin_Kazan,2,5,1,fc rubin kazan,5,1.0,False,"{""fc rubin kazan"": 5}"
ca,Catalan,entity_or_value,fc sachsen leipzig,FC_Sachsen_Leipzig,2,9,1,fussball-club sachsen leipzig 1990,9,1.0,False,"{""fussball-club sachsen leipzig 1990"": 9}"
ca,Catalan,entity_or_value,fc samtredia,FC_Samtredia,2,13,1,sk samtredia,13,1.0,False,"{""sk samtredia"": 13}"
ca,Catalan,entity_or_value,fc spartak moscow,FC_Spartak_Moscow,2,98,1,fc spartak moscou,98,1.0,False,"{""fc spartak moscou"": 98}"
ca,Catalan,entity_or_value,fc terek grozny,FC_Terek_Grozny,2,85,1,fc terek grozny,85,1.0,False,"{""fc terek grozny"": 85}"
ca,Catalan,entity_or_value,fc tom tomsk,FC_Tom_Tomsk,2,13,1,fk tom tomsk,13,1.0,False,"{""fk tom tomsk"": 13}"
ca,Catalan,entity_or_value,fc torpedo moscow,FC_Torpedo_Moscow,2,53,1,fc torpedo moscou,53,1.0,False,"{""fc torpedo moscou"": 53}"
ca,Catalan,entity_or_value,fc zestafoni,FC_Zestafoni,2,3,1,fc zestafoni,3,1.0,False,"{""fc zestafoni"": 3}"
ca,Catalan,entity_or_value,federal assembly (switzerland),Federal_Assembly_(Switzerland),2,11,1,assemblea federal (suïssa),11,1.0,False,"{""assemblea federal (suïssa)"": 11}"
ca,Catalan,entity_or_value,federal chancellor of switzerland,Federal_Chancellor_of_Switzerland,2,28,1,canceller federal de suïssa,28,1.0,False,"{""canceller federal de suïssa"": 28}"
ca,Catalan,entity_or_value,federalism,Federalism,2,5,1,federalisme,5,1.0,False,"{""federalisme"": 5}"
ca,Catalan,entity_or_value,felipe gonzález,Felipe_González,2,20,1,felipe gonzález márquez,20,1.0,False,"{""felipe gonzález márquez"": 20}"
ca,Catalan,entity_or_value,felipe gozon,Felipe_Gozon,2,28,1,felipe gozon,28,1.0,False,"{""felipe gozon"": 28}"
ca,Catalan,entity_or_value,felipe vi of spain,Felipe_VI_of_Spain,2,58,1,felip vi d'espanya,58,1.0,False,"{""felip vi d'espanya"": 58}"
ca,Catalan,entity_or_value,ferencvárosi tc,Ferencvárosi_TC,2,39,1,ferencvárosi tc,39,1.0,False,"{""ferencvárosi tc"": 39}"
ca,Catalan,entity_or_value,fiat croma,Fiat_Croma,2,35,1,fiat croma,35,1.0,False,"{""fiat croma"": 35}"
ca,Catalan,entity_or_value,fiction,Fiction,2,7,1,ficció,7,1.0,False,"{""ficció"": 7}"
ca,Catalan,entity_or_value,fighter pilot,Fighter_pilot,2,93,1,aviador de combat,93,1.0,False,"{""aviador de combat"": 93}"
ca,Catalan,entity_or_value,filipino language,Filipino_language,2,2,1,idioma filipí,2,1.0,False,"{""idioma filipí"": 2}"
ca,Catalan,entity_or_value,filipinos in japan,Filipinos_in_Japan,2,8,1,filipinos al japó,8,1.0,False,"{""filipinos al japó"": 8}"
ca,Catalan,entity_or_value,film director,Film_director,2,2,1,director de cinema,2,1.0,False,"{""director de cinema"": 2}"
ca,Catalan,entity_or_value,fimi,FIMI,2,3,1,fimiconstellation name (optional),3,1.0,False,"{""fimiconstellation name (optional)"": 3}"
ca,Catalan,entity_or_value,finland,Finland,2,74,1,finlàndia,74,1.0,False,"{""finlàndia"": 74}"
ca,Catalan,entity_or_value,finns,Finns,2,11,1,finlandesos,11,1.0,False,"{""finlandesos"": 11}"
ca,Catalan,entity_or_value,fir park,Fir_Park,2,5,1,parc de fers,5,1.0,False,"{""parc de fers"": 5}"
ca,Catalan,entity_or_value,first vienna fc,First_Vienna_FC,2,4,1,first vienna fc,4,1.0,False,"{""first vienna fc"": 4}"
ca,Catalan,entity_or_value,fish cooked in sour and hot sauce,"""Fish cooked in sour and hot sauce""",2,12,1,peix cuinat en salsa agre i picant,12,1.0,False,"{""peix cuinat en salsa agre i picant"": 12}"
ca,Catalan,entity_or_value,fk austria wien,FK_Austria_Wien,2,7,1,fk austria wien,7,1.0,False,"{""fk austria wien"": 7}"
ca,Catalan,entity_or_value,fk mughan,FK_Mughan,2,3,1,fk mughan (anglès),3,1.0,False,"{""fk mughan (anglès)"": 3}"
ca,Catalan,entity_or_value,flanders,Flanders,2,2,1,flanders,2,1.0,False,"{""flanders"": 2}"
ca,Catalan,entity_or_value,flemish department of mobility and public works,"""Flemish department of Mobility and Public Works""",2,8,1,departament flamenc de mobilitat i obras públiques,8,1.0,False,"{""departament flamenc de mobilitat i obras públiques"": 8}"
ca,Catalan,entity_or_value,flemish government,Flemish_Government,2,18,1,govern flamenc,18,1.0,False,"{""govern flamenc"": 18}"
ca,Catalan,entity_or_value,flemish region,Flemish_Region,2,18,1,regió flamenca,18,1.0,False,"{""regió flamenca"": 18}"
ca,Catalan,entity_or_value,flibbertigibbet,Flibbertigibbet,2,19,1,flibbertigibbet,19,1.0,False,"{""flibbertigibbet"": 19}"
ca,Catalan,entity_or_value,floating world records,Floating_World_Records,2,11,1,rècords mundials flotants,11,1.0,False,"{""rècords mundials flotants"": 11}"
ca,Catalan,entity_or_value,florida gators men's basketball,Florida_Gators_men's_basketball,2,4,1,florida gators,4,1.0,False,"{""florida gators"": 4}"
ca,Catalan,entity_or_value,florida panthers,Florida_Panthers,2,16,1,florida panthers,16,1.0,False,"{""florida panthers"": 16}"
ca,Catalan,entity_or_value,flowering plant,Flowering_plant,2,40,1,planta amb flors,40,1.0,False,"{""planta amb flors"": 40}"
ca,Catalan,entity_or_value,folk music,Folk_music,2,29,1,folk,29,1.0,False,"{""folk"": 29}"
ca,Catalan,entity_or_value,folk music of ireland,Folk_music_of_Ireland,2,7,1,música popular d'irlanda,7,1.0,False,"{""música popular d'irlanda"": 7}"
ca,Catalan,entity_or_value,folk rock,Folk_rock,2,8,1,folk rock,8,1.0,False,"{""folk rock"": 8}"
ca,Catalan,entity_or_value,fort campbell,Fort_Campbell,2,11,1,fort campbell,11,1.0,False,"{""fort campbell"": 11}"
ca,Catalan,entity_or_value,"fort campbell, ky, raised in dothan, al","""Fort Campbell, KY, raised in Dothan, AL""",2,8,1,"fort campbell, ky, va créixer a dothan, al",8,1.0,False,"{""fort campbell, ky, va créixer a dothan, al"": 8}"
ca,Catalan,entity_or_value,"fort worth, texas","Fort_Worth,_Texas",2,17,1,"fort worth, texas",17,1.0,False,"{""fort worth, texas"": 17}"
ca,Catalan,entity_or_value,forward (football),Forward_(football),2,2,1,endavant (futbol),2,1.0,False,"{""endavant (futbol)"": 2}"
ca,Catalan,entity_or_value,"fountain county, indiana","Fountain_County,_Indiana",2,39,1,"comtat de fountain, indiana",39,1.0,False,"{""comtat de fountain, indiana"": 39}"
ca,Catalan,entity_or_value,four world trade center,Four_World_Trade_Center,2,5,1,quatre world trade center,5,1.0,False,"{""quatre world trade center"": 5}"
ca,Catalan,entity_or_value,four-stroke engine,Four-stroke_engine,2,26,1,motor de quatre temps,26,1.0,False,"{""motor de quatre temps"": 26}"
ca,Catalan,entity_or_value,france,France,2,207,1,frança,207,1.0,False,"{""frança"": 207}"
ca,Catalan,entity_or_value,"france, united states or china","""France, United States or China""",2,11,1,"frança, estats units o la xina",11,1.0,False,"{""frança, estats units o la xina"": 11}"
ca,Catalan,entity_or_value,francis g. slay,Francis_G._Slay,2,12,1,francis g. slay,12,1.0,False,"{""francis g. slay"": 12}"
ca,Catalan,entity_or_value,francisco franco,Francisco_Franco,2,8,1,francisco franco bahamonde,8,1.0,False,"{""francisco franco bahamonde"": 8}"
ca,Catalan,entity_or_value,frangipane,Frangipane,2,10,1,frangipane,10,1.0,False,"{""frangipane"": 10}"
ca,Catalan,entity_or_value,frank borman,Frank_Borman,2,35,1,frank borman,35,1.0,False,"{""frank borman"": 35}"
ca,Catalan,entity_or_value,frank de boer,Frank_de_Boer,2,17,1,frank de boer,17,1.0,False,"{""frank de boer"": 17}"
ca,Catalan,entity_or_value,frank g. jackson,Frank_G._Jackson,2,11,1,frank jackson,11,1.0,False,"{""frank jackson"": 11}"
ca,Catalan,entity_or_value,"franklin county, pennsylvania","Franklin_County,_Pennsylvania",2,32,1,"comtat de franklin, pennsylvania",32,1.0,False,"{""comtat de franklin, pennsylvania"": 32}"
ca,Catalan,entity_or_value,franklin d. roosevelt,Franklin_D._Roosevelt,2,6,1,franklin d. roosevelt,6,1.0,False,"{""franklin d. roosevelt"": 6}"
ca,Catalan,entity_or_value,françois hollande,François_Hollande,2,14,1,françois hollande,14,1.0,False,"{""françois hollande"": 14}"
ca,Catalan,entity_or_value,"frederick county, maryland","Frederick_County,_Maryland",2,44,1,"comtat de frederick, maryland",44,1.0,False,"{""comtat de frederick, maryland"": 44}"
ca,Catalan,entity_or_value,"frederick, maryland","Frederick,_Maryland",2,16,1,"frederick, maryland",16,1.0,False,"{""frederick, maryland"": 16}"
ca,Catalan,entity_or_value,french first republic,French_First_Republic,2,3,1,primera república francesa,3,1.0,False,"{""primera república francesa"": 3}"
ca,Catalan,entity_or_value,french guiana,French_Guiana,2,12,1,guaiana francesa,12,1.0,False,"{""guaiana francesa"": 12}"
ca,Catalan,entity_or_value,french language,French_language,2,54,1,llengua francesa,54,1.0,False,"{""llengua francesa"": 54}"
ca,Catalan,entity_or_value,french people,French_people,2,4,1,persones franceses,4,1.0,False,"{""persones franceses"": 4}"
ca,Catalan,entity_or_value,french republic,"""French Republic""",2,2,1,república francesa,2,1.0,False,"{""república francesa"": 2}"
ca,Catalan,entity_or_value,fried chicken,Fried_chicken,2,60,1,pollastre fregit,60,1.0,False,"{""pollastre fregit"": 60}"
ca,Catalan,entity_or_value,fried egg,Fried_egg,2,3,1,ou ferrat,3,1.0,False,"{""ou ferrat"": 3}"
ca,Catalan,entity_or_value,fried fish dumpling with tofu and vegetables in peanut sauce,"""fried fish dumpling with tofu and vegetables in peanut sauce""",2,6,1,pastissos de peix frits amb tofu i verdures en salsa de cacahuetes,6,1.0,False,"{""pastissos de peix frits amb tofu i verdures en salsa de cacahuetes"": 6}"
ca,Catalan,entity_or_value,friedrichshafen,Friedrichshafen,2,8,1,friedrichshafen,8,1.0,False,"{""friedrichshafen"": 8}"
ca,Catalan,entity_or_value,front-engine design,Front-engine_design,2,5,1,disseny de motor davanter,5,1.0,False,"{""disseny de motor davanter"": 5}"
ca,Catalan,entity_or_value,"front-engine, front-wheel-drive layout","Front-engine,_front-wheel-drive_layout",2,4,1,"motor frontal, tracció davantera",4,1.0,False,"{""motor frontal, tracció davantera"": 4}"
ca,Catalan,entity_or_value,front-wheel drive,Front-wheel_drive,2,3,1,tracció al davant,3,1.0,False,"{""tracció al davant"": 3}"
ca,Catalan,entity_or_value,front-wheel drive / all-wheel drive,"""front-wheel drive / all-wheel drive""",2,7,1,tracció davantera / tracció a totes les rodes,7,1.0,False,"{""tracció davantera / tracció a totes les rodes"": 7}"
ca,Catalan,entity_or_value,fruit preserves,Fruit_preserves,2,8,1,conserva de fruita,8,1.0,False,"{""conserva de fruita"": 8}"
ca,Catalan,entity_or_value,fruits de mer records,Fruits_de_Mer_Records,2,9,1,fruits de mer records,9,1.0,False,"{""fruits de mer records"": 9}"
ca,Catalan,entity_or_value,fsv zwickau,FSV_Zwickau,2,3,1,fsv zwickau,3,1.0,False,"{""fsv zwickau"": 3}"
ca,Catalan,entity_or_value,fuad masum,Fuad_Masum,2,9,1,fuad masum,9,1.0,False,"{""fuad masum"": 9}"
ca,Catalan,entity_or_value,full-size car,Full-size_car,2,10,1,cotxe de mida completa,10,1.0,False,"{""cotxe de mida completa"": 10}"
ca,Catalan,entity_or_value,full-size luxury car,"""Full-size luxury car""",2,7,1,cotxe de luxe de mida completa,7,1.0,False,"{""cotxe de luxe de mida completa"": 7}"
ca,Catalan,entity_or_value,"fulton county, georgia","Fulton_County,_Georgia",2,59,1,"comtat de fulton, geòrgia",59,1.0,False,"{""comtat de fulton, geòrgia"": 59}"
ca,Catalan,entity_or_value,funk,Funk,2,76,1,funk,76,1.0,False,"{""funk"": 76}"
ca,Catalan,entity_or_value,gabriela michetti,Gabriela_Michetti,2,12,1,gabriela michetti,12,1.0,False,"{""gabriela michetti"": 12}"
ca,Catalan,entity_or_value,gadzhi gadzhiyev,Gadzhi_Gadzhiyev,2,16,1,gadzhi gadzhiyev,16,1.0,False,"{""gadzhi gadzhiyev"": 16}"
ca,Catalan,entity_or_value,galactic,Galactic,2,11,1,galàctic,11,1.0,False,"{""galàctic"": 11}"
ca,Catalan,entity_or_value,gale brewer,Gale_Brewer,2,7,1,gale brewer,7,1.0,False,"{""gale brewer"": 7}"
ca,Catalan,entity_or_value,galicia (spain),Galicia_(Spain),2,24,1,galícia (espanya),24,1.0,False,"{""galícia (espanya)"": 24}"
ca,Catalan,entity_or_value,ganges,Ganges,2,18,1,gange,18,1.0,False,"{""gange"": 18}"
ca,Catalan,entity_or_value,gangsta rap,Gangsta_rap,2,16,1,gangsta rap,16,1.0,False,"{""gangsta rap"": 16}"
ca,Catalan,entity_or_value,garage rock,Garage_rock,2,21,1,garage rock,21,1.0,False,"{""garage rock"": 21}"
ca,Catalan,entity_or_value,gardner fox,Gardner_Fox,2,9,1,gardner fox,9,1.0,False,"{""gardner fox"": 9}"
ca,Catalan,entity_or_value,garlic,Garlic,2,17,1,all,17,1.0,False,"{""all"": 17}"
ca,Catalan,entity_or_value,garth nix,Garth_Nix,2,25,1,garth nix,25,1.0,False,"{""garth nix"": 25}"
ca,Catalan,entity_or_value,gary cohn (comics),Gary_Cohn_(comics),2,8,1,gary cohn (còmic),8,1.0,False,"{""gary cohn (còmic)"": 8}"
ca,Catalan,entity_or_value,"gdynia, poland","Gdynia,_Poland",2,24,1,"gdynia, polònia",24,1.0,False,"{""gdynia, polònia"": 24}"
ca,Catalan,entity_or_value,"geared steam engine humphrys, tennant and dykes 140hp","""Geared steam engine Humphrys, Tennant and Dykes 140hp""",2,2,1,"motor de vapor humphrys, tennant i dykes 140hp",2,1.0,False,"{""motor de vapor humphrys, tennant i dykes 140hp"": 2}"
ca,Catalan,entity_or_value,gene colan,Gene_Colan,2,12,1,gene colan,12,1.0,False,"{""gene colan"": 12}"
ca,Catalan,entity_or_value,general dynamics,General_Dynamics,2,4,1,general dynamics,4,1.0,False,"{""general dynamics"": 4}"
ca,Catalan,entity_or_value,general dynamics electric boat,General_Dynamics_Electric_Boat,2,16,1,general dynamics barca elèctrica,16,1.0,False,"{""general dynamics barca elèctrica"": 16}"
ca,Catalan,entity_or_value,general dynamics f-16 fighting falcon,General_Dynamics_F-16_Fighting_Falcon,2,17,1,lockheed martin f-16 fighting falcon,17,1.0,False,"{""lockheed martin f-16 fighting falcon"": 17}"
ca,Catalan,entity_or_value,general motors,General_Motors,2,4,1,general motors,4,1.0,False,"{""general motors"": 4}"
ca,Catalan,entity_or_value,general relativity,General_relativity,2,13,1,relativitat general,13,1.0,False,"{""relativitat general"": 13}"
ca,Catalan,entity_or_value,genoa,Genoa,2,3,1,gènova,3,1.0,False,"{""gènova"": 3}"
ca,Catalan,entity_or_value,genoa c.f.c.,Genoa_C.F.C.,2,7,1,genoa c.f.c.,7,1.0,False,"{""genoa c.f.c."": 7}"
ca,Catalan,entity_or_value,geof bartz,Geof_Bartz,2,15,1,geof bartz,15,1.0,False,"{""geof bartz"": 15}"
ca,Catalan,entity_or_value,george allen & unwin,George_Allen_&_Unwin,2,16,1,george allen & unwin,16,1.0,False,"{""george allen & unwin"": 16}"
ca,Catalan,entity_or_value,george brenner,George_Brenner,2,2,1,george brenner,2,1.0,False,"{""george brenner"": 2}"
ca,Catalan,entity_or_value,george h. w. bush,George_H._W._Bush,2,4,1,george herbert walker bush,4,1.0,False,"{""george herbert walker bush"": 4}"
ca,Catalan,entity_or_value,george kapitan,George_Kapitan,2,4,1,george kapitan,4,1.0,False,"{""george kapitan"": 4}"
ca,Catalan,entity_or_value,george macdonald,George_MacDonald,2,2,1,george macdonald,2,1.0,False,"{""george macdonald"": 2}"
ca,Catalan,entity_or_value,george monson,George_Monson,2,11,1,george monson,11,1.0,False,"{""george monson"": 11}"
ca,Catalan,entity_or_value,george richard pain,George_Richard_Pain,2,3,1,george richard pain,3,1.0,False,"{""george richard pain"": 3}"
ca,Catalan,entity_or_value,george winkler,George_Winkler,2,5,1,george winkler,5,1.0,False,"{""george winkler"": 5}"
ca,Catalan,entity_or_value,"georgetown, texas","Georgetown,_Texas",2,9,1,"georgetown, texas",9,1.0,False,"{""georgetown, texas"": 9}"
ca,Catalan,entity_or_value,georgia,"""Georgia""",2,10,1,geòrgia,10,1.0,False,"{""geòrgia"": 10}"
ca,Catalan,entity_or_value,georgia (u.s. state),Georgia_(U.S._state),2,65,1,georgia (estat dels estats units),65,1.0,False,"{""georgia (estat dels estats units)"": 65}"
ca,Catalan,entity_or_value,georgia national football team,Georgia_national_football_team,2,2,1,equip nacional de futbol de geòrgia,2,1.0,False,"{""equip nacional de futbol de geòrgia"": 2}"
ca,Catalan,entity_or_value,"georgia, vermont","Georgia,_Vermont",2,20,1,"georgia, vermont",20,1.0,False,"{""georgia, vermont"": 20}"
ca,Catalan,entity_or_value,georgian architecture,Georgian_architecture,2,9,1,arquitectura georgiana,9,1.0,False,"{""arquitectura georgiana"": 9}"
ca,Catalan,entity_or_value,georgian soviet socialist republic,Georgian_Soviet_Socialist_Republic,2,3,1,república socialista soviètica de geòrgia,3,1.0,False,"{""república socialista soviètica de geòrgia"": 3}"
ca,Catalan,entity_or_value,georgy poltavchenko,Georgy_Poltavchenko,2,2,1,gueórgui poltàvtxenko,2,1.0,False,"{""gueórgui poltàvtxenko"": 2}"
ca,Catalan,entity_or_value,gerd von rundstedt,Gerd_von_Rundstedt,2,3,1,gerd von rundstedt,3,1.0,False,"{""gerd von rundstedt"": 3}"
ca,Catalan,entity_or_value,german empire,German_Empire,2,42,1,imperi alemany,42,1.0,False,"{""imperi alemany"": 42}"
ca,Catalan,entity_or_value,german language,German_language,2,17,1,idioma alemany,17,1.0,False,"{""idioma alemany"": 17}"
ca,Catalan,entity_or_value,german papiermark,German_Papiermark,2,2,1,papiermark alemany,2,1.0,False,"{""papiermark alemany"": 2}"
ca,Catalan,entity_or_value,germans,Germans,2,7,1,alemanys,7,1.0,False,"{""alemanys"": 7}"
ca,Catalan,entity_or_value,germans of romania,Germans_of_Romania,2,26,1,alemanys de romania,26,1.0,False,"{""alemanys de romania"": 26}"
ca,Catalan,entity_or_value,germany,Germany,2,79,1,alemanya,79,1.0,False,"{""alemanya"": 79}"
ca,Catalan,entity_or_value,germany national under-21 football team,Germany_national_under-21_football_team,2,3,1,alemanya sub-21,3,1.0,False,"{""alemanya sub-21"": 3}"
ca,Catalan,entity_or_value,germany national youth football team,Germany_national_youth_football_team,2,2,1,selecció nacional de futbol juvenil d'alemanya,2,1.0,False,"{""selecció nacional de futbol juvenil d'alemanya"": 2}"
ca,Catalan,entity_or_value,"gettysburg, pennsylvania","Gettysburg,_Pennsylvania",2,56,1,gettysburgusa. kgm,56,1.0,False,"{""gettysburgusa. kgm"": 56}"
ca,Catalan,entity_or_value,gilbert taylor,Gilbert_Taylor,2,14,1,gilbert taylor,14,1.0,False,"{""gilbert taylor"": 14}"
ca,Catalan,entity_or_value,giorgos kaminis,Giorgos_Kaminis,2,5,1,giorgos kaminis,5,1.0,False,"{""giorgos kaminis"": 5}"
ca,Catalan,entity_or_value,giovanni bertone,Giovanni_Bertone,2,9,1,giovanni bertone,9,1.0,False,"{""giovanni bertone"": 9}"
ca,Catalan,entity_or_value,giuseppe iachini,Giuseppe_Iachini,2,14,1,giuseppe iachini,14,1.0,False,"{""giuseppe iachini"": 14}"
ca,Catalan,entity_or_value,glass tiger,Glass_Tiger,2,4,1,glass tiger,4,1.0,False,"{""glass tiger"": 4}"
ca,Catalan,entity_or_value,"glen ridge, new jersey","Glen_Ridge,_New_Jersey",2,77,1,"glen ridge, nova jersey",77,1.0,False,"{""glen ridge, nova jersey"": 77}"
ca,Catalan,entity_or_value,gma network (company),GMA_Network_(company),2,21,1,gma network (empresa),21,1.0,False,"{""gma network (empresa)"": 21}"
ca,Catalan,entity_or_value,gma network center,GMA_Network_Center,2,24,1,centre de la xarxa gma,24,1.0,False,"{""centre de la xarxa gma"": 24}"
ca,Catalan,entity_or_value,gma new media,GMA_New_Media,2,265,1,gma new media,265,1.0,False,"{""gma new media"": 265}"
ca,Catalan,entity_or_value,gordon marsden,Gordon_Marsden,2,7,1,gordon marsden,7,1.0,False,"{""gordon marsden"": 7}"
ca,Catalan,entity_or_value,goslarer sc 08,Goslarer_SC_08,2,13,1,goslarer sc 08,13,1.0,False,"{""goslarer sc 08"": 13}"
ca,Catalan,entity_or_value,governator,Governator,2,18,1,governador,18,1.0,False,"{""governador"": 18}"
ca,Catalan,entity_or_value,government of addis ababa,"""Government of Addis Ababa""",2,6,1,govern d'addis abeba,6,1.0,False,"{""govern d'addis abeba"": 6}"
ca,Catalan,entity_or_value,governor,Governor,2,4,1,governador,4,1.0,False,"{""governador"": 4}"
ca,Catalan,entity_or_value,governor of connecticut,"""Governor of Connecticut""",2,15,1,governador de connecticut,15,1.0,False,"{""governador de connecticut"": 15}"
ca,Catalan,entity_or_value,governor of north carolina,"""Governor of North Carolina""",2,11,1,governador de carolina del nord,11,1.0,False,"{""governador de carolina del nord"": 11}"
ca,Catalan,entity_or_value,governor of texas,"""Governor of Texas""",2,5,1,governador de texas,5,1.0,False,"{""governador de texas"": 5}"
ca,Catalan,entity_or_value,governor of west virginia,"""Governor of West Virginia""",2,2,1,governador de virgínia de l'oest,2,1.0,False,"{""governador de virgínia de l'oest"": 2}"
ca,Catalan,entity_or_value,graeme garden,Graeme_Garden,2,15,1,graeme garden,15,1.0,False,"{""graeme garden"": 15}"
ca,Catalan,entity_or_value,gram flour,Gram_flour,2,13,1,farina de gram,13,1.0,False,"{""farina de gram"": 13}"
ca,Catalan,entity_or_value,"gram flour, vegetables","""Gram flour, vegetables""",2,13,1,"farina de gram, verdures",13,1.0,False,"{""farina de gram, verdures"": 13}"
ca,Catalan,entity_or_value,gran asunción,Gran_Asunción,2,14,1,gran asunción,14,1.0,False,"{""gran asunción"": 14}"
ca,Catalan,entity_or_value,"grand chute, wisconsin","Grand_Chute,_Wisconsin",2,17,1,"grand chute, wisconsin",17,1.0,False,"{""grand chute, wisconsin"": 17}"
ca,Catalan,entity_or_value,granola,Granola,2,23,1,granola,23,1.0,False,"{""granola"": 23}"
ca,Catalan,entity_or_value,grantville gazette ii,Grantville_Gazette_II,2,15,1,grantville gazette ii,15,1.0,False,"{""grantville gazette ii"": 15}"
ca,Catalan,entity_or_value,grantville gazette iii,Grantville_Gazette_III,2,12,1,grantville gazette iii,12,1.0,False,"{""grantville gazette iii"": 12}"
ca,Catalan,entity_or_value,gravesend,Gravesend,2,2,1,gravesend,2,1.0,False,"{""gravesend"": 2}"
ca,Catalan,entity_or_value,graz,Graz,2,24,1,graz,24,1.0,False,"{""graz"": 24}"
ca,Catalan,entity_or_value,great britain,Great_Britain,2,124,1,gran bretanya,124,1.0,False,"{""gran bretanya"": 124}"
ca,Catalan,entity_or_value,greater london authority,Greater_London_Authority,2,6,1,autoritat del gran londres,6,1.0,False,"{""autoritat del gran londres"": 6}"
ca,Catalan,entity_or_value,greater los angeles area,Greater_Los_Angeles_Area,2,13,1,àrea metropolitana de los angeles,13,1.0,False,"{""àrea metropolitana de los angeles"": 13}"
ca,Catalan,entity_or_value,greater st. louis,Greater_St._Louis,2,2,1,gran st. louisusa. kgm,2,1.0,False,"{""gran st. louisusa. kgm"": 2}"
ca,Catalan,entity_or_value,greece,Greece,2,194,1,grècia,194,1.0,False,"{""grècia"": 194}"
ca,Catalan,entity_or_value,greek language,Greek_language,2,19,1,llengua grega,19,1.0,False,"{""llengua grega"": 19}"
ca,Catalan,entity_or_value,greeks,Greeks,2,6,1,grecs,6,1.0,False,"{""grecs"": 6}"
ca,Catalan,entity_or_value,"greene, maine","Greene,_Maine",2,7,1,"greene, maineusa. kgm",7,1.0,False,"{""greene, maineusa. kgm"": 7}"
ca,Catalan,entity_or_value,greenlandic language,Greenlandic_language,2,7,1,llengua groenlandesa,7,1.0,False,"{""llengua groenlandesa"": 7}"
ca,Catalan,entity_or_value,"greenville, wisconsin","Greenville,_Wisconsin",2,109,1,"greenville, wisconsin",109,1.0,False,"{""greenville, wisconsin"": 109}"
ca,Catalan,entity_or_value,gregory allen,Gregory_Allen,2,2,1,gregory allen,2,1.0,False,"{""gregory allen"": 2}"
ca,Catalan,entity_or_value,gregory l. fenves,Gregory_L._Fenves,2,12,1,gregory l. fenves,12,1.0,False,"{""gregory l. fenves"": 12}"
ca,Catalan,entity_or_value,grenadier guards,Grenadier_Guards,2,29,1,grenadier guards,29,1.0,False,"{""grenadier guards"": 29}"
ca,Catalan,entity_or_value,greymachine,Greymachine,2,21,1,greymachine,21,1.0,False,"{""greymachine"": 21}"
ca,Catalan,entity_or_value,grigory neujmin,Grigory_Neujmin,2,26,1,grigori neüimin,26,1.0,False,"{""grigori neüimin"": 26}"
ca,Catalan,entity_or_value,"groton, connecticut","Groton,_Connecticut",2,5,1,"groton, connecticut",5,1.0,False,"{""groton, connecticut"": 5}"
ca,Catalan,entity_or_value,"ground almond, jam, butter, eggs","""Ground almond, jam, butter, eggs""",2,22,1,"ametlla mòlta, melmelada, mantega, ous",22,1.0,False,"{""ametlla mòlta, melmelada, mantega, ous"": 22}"
ca,Catalan,entity_or_value,ground beef,Ground_beef,2,3,1,carn picada,3,1.0,False,"{""carn picada"": 3}"
ca,Catalan,entity_or_value,"ground beef, tapioca, noodle, rice vermicelli, beef broth, kailan, celery, salted vegetables, fried shallots","""Ground beef, tapioca, noodle, rice vermicelli, beef broth, kailan, celery, salted vegetables, fried shallots""",2,10,1,"carn de boví molat, tapioca, fideus, vermicelli de arròs, caldo de carn de boví, kailan, selleri, verdures salines, escalots frits",10,1.0,False,"{""carn de boví molat, tapioca, fideus, vermicelli de arròs, caldo de carn de boví, kailan, selleri, verdures salines, escalots frits"": 10}"
ca,Catalan,entity_or_value,ground meat,Ground_meat,2,3,1,carns triturades,3,1.0,False,"{""carns triturades"": 3}"
ca,Catalan,entity_or_value,grozny,Grozny,2,24,1,grozni,24,1.0,False,"{""grozni"": 24}"
ca,Catalan,entity_or_value,gruppo bertone,Gruppo_Bertone,2,61,1,gruppo bertone,61,1.0,False,"{""gruppo bertone"": 61}"
ca,Catalan,entity_or_value,guadalajara,Guadalajara,2,33,1,guadalajara,33,1.0,False,"{""guadalajara"": 33}"
ca,Catalan,entity_or_value,guanciale,Guanciale,2,6,1,guanciale,6,1.0,False,"{""guanciale"": 6}"
ca,Catalan,entity_or_value,guarania (music),Guarania_(music),2,7,1,guarania (música),7,1.0,False,"{""guarania (música)"": 7}"
ca,Catalan,entity_or_value,gubbio,Gubbio,2,3,1,gubbio,3,1.0,False,"{""gubbio"": 3}"
ca,Catalan,entity_or_value,guiana space centre,Guiana_Space_Centre,2,63,1,port espacial europeu de kourou,63,1.0,False,"{""port espacial europeu de kourou"": 63}"
ca,Catalan,entity_or_value,guitar,Guitar,2,35,1,guitarra,35,1.0,False,"{""guitarra"": 35}"
ca,Catalan,entity_or_value,guitarist,Guitarist,2,4,1,guitarrista,4,1.0,False,"{""guitarrista"": 4}"
ca,Catalan,entity_or_value,gujarat,Gujarat,2,44,1,gujarat,44,1.0,False,"{""gujarat"": 44}"
ca,Catalan,entity_or_value,gujarat legislative assembly,Gujarat_Legislative_Assembly,2,7,1,assemblea legislativa del gujarat,7,1.0,False,"{""assemblea legislativa del gujarat"": 7}"
ca,Catalan,entity_or_value,gulf war,Gulf_War,2,32,1,guerra del golf,32,1.0,False,"{""guerra del golf"": 32}"
ca,Catalan,entity_or_value,gus poyet,Gus_Poyet,2,22,1,gustavo poyet domínguez,22,1.0,False,"{""gustavo poyet domínguez"": 22}"
ca,Catalan,entity_or_value,gábor kubatov,Gábor_Kubatov,2,7,1,gábor kubatov,7,1.0,False,"{""gábor kubatov"": 7}"
ca,Catalan,entity_or_value,gérard larcher,Gérard_Larcher,2,31,1,gérard larcher,31,1.0,False,"{""gérard larcher"": 31}"
ca,Catalan,entity_or_value,göttingen,Göttingen,2,11,1,göttingen,11,1.0,False,"{""göttingen"": 11}"
ca,Catalan,entity_or_value,haarlemmermeer,Haarlemmermeer,2,2,1,haarlemmermeer,2,1.0,False,"{""haarlemmermeer"": 2}"
ca,Catalan,entity_or_value,habbaniyah,Habbaniyah,2,3,1,habbaniyah,3,1.0,False,"{""habbaniyah"": 3}"
ca,Catalan,entity_or_value,haider al-abadi,Haider_al-Abadi,2,8,1,haider al-abadi,8,1.0,False,"{""haider al-abadi"": 8}"
ca,Catalan,entity_or_value,hailemariam desalegn,Hailemariam_Desalegn,2,14,1,hailemariam desalegn,14,1.0,False,"{""hailemariam desalegn"": 14}"
ca,Catalan,entity_or_value,hal light combat helicopter,HAL_Light_Combat_Helicopter,2,6,1,helicòpter de combat lleuger hal,6,1.0,False,"{""helicòpter de combat lleuger hal"": 6}"
ca,Catalan,entity_or_value,halimah yacob,Halimah_Yacob,2,30,1,halimah yacob,30,1.0,False,"{""halimah yacob"": 30}"
ca,Catalan,entity_or_value,halton arp,Halton_Arp,2,18,1,halton arp,18,1.0,False,"{""halton arp"": 18}"
ca,Catalan,entity_or_value,hamburger sv,Hamburger_SV,2,20,1,hamburger sv,20,1.0,False,"{""hamburger sv"": 20}"
ca,Catalan,entity_or_value,hamilton academical f.c.,Hamilton_Academical_F.C.,2,26,1,hamilton academical fc,26,1.0,False,"{""hamilton academical fc"": 26}"
ca,Catalan,entity_or_value,"hamilton, south lanarkshire","Hamilton,_South_Lanarkshire",2,4,1,"hamilton, lanarkshire del sud",4,1.0,False,"{""hamilton, lanarkshire del sud"": 4}"
ca,Catalan,entity_or_value,happy xmas (war is over),Happy_Xmas_(War_Is_Over),2,8,1,happy xmas (war is over),8,1.0,False,"{""happy xmas (war is over)"": 8}"
ca,Catalan,entity_or_value,haputale,Haputale,2,14,1,haputalezimbabwe districts. kgm,14,1.0,False,"{""haputalezimbabwe districts. kgm"": 14}"
ca,Catalan,entity_or_value,"haputale, sri lanka","""Haputale, Sri Lanka""",2,18,1,"haputale, sri lanka",18,1.0,False,"{""haputale, sri lanka"": 18}"
ca,Catalan,entity_or_value,harbour view f.c.,Harbour_View_F.C.,2,12,1,harbour view fc,12,1.0,False,"{""harbour view fc"": 12}"
ca,Catalan,entity_or_value,harcourt (publisher),Harcourt_(publisher),2,4,1,harcourt (editor),4,1.0,False,"{""harcourt (editor)"": 4}"
ca,Catalan,entity_or_value,hardcover,Hardcover,2,69,1,enquadernació cartoné,69,1.0,False,"{""enquadernació cartoné"": 69}"
ca,Catalan,entity_or_value,hardtop,Hardtop,2,10,1,hardtop,10,1.0,False,"{""hardtop"": 10}"
ca,Catalan,entity_or_value,harold french,Harold_French,2,26,1,harold french,26,1.0,False,"{""harold french"": 26}"
ca,Catalan,entity_or_value,"harrietstown, new york","Harrietstown,_New_York",2,42,1,"harrietstown, nova york",42,1.0,False,"{""harrietstown, nova york"": 42}"
ca,Catalan,entity_or_value,harry carey (actor born 1878),Harry_Carey_(actor_born_1878),2,40,1,harry carey (actor nascut el 1878),40,1.0,False,"{""harry carey (actor nascut el 1878)"": 40}"
ca,Catalan,entity_or_value,harry sahle,Harry_Sahle,2,4,1,harry sahle,4,1.0,False,"{""harry sahle"": 4}"
ca,Catalan,entity_or_value,harvard university,Harvard_University,2,14,1,universitat harvard,14,1.0,False,"{""universitat harvard"": 14}"
ca,Catalan,entity_or_value,hatchback,Hatchback,2,9,1,cotxe amb porta posterior,9,1.0,False,"{""cotxe amb porta posterior"": 9}"
ca,Catalan,entity_or_value,"hays county, texas","Hays_County,_Texas",2,16,1,"comtat de hays, texas",16,1.0,False,"{""comtat de hays, texas"": 16}"
ca,Catalan,entity_or_value,hbo,HBO,2,25,1,hbo,25,1.0,False,"{""hbo"": 25}"
ca,Catalan,entity_or_value,"hbo east, hbo west","HBO East, HBO West",2,2,1,"hbo est, hbo oest",2,1.0,False,"{""hbo est, hbo oest"": 2}"
ca,Catalan,entity_or_value,head south by weaving,Head_South_By_Weaving,2,4,1,cap al sud per teixits,4,1.0,False,"{""cap al sud per teixits"": 4}"
ca,Catalan,entity_or_value,healthcare,Healthcare,2,20,1,atenció sanitària,20,1.0,False,"{""atenció sanitària"": 20}"
ca,Catalan,entity_or_value,hearst castle,Hearst_Castle,2,9,1,hearst castle,9,1.0,False,"{""hearst castle"": 9}"
ca,Catalan,entity_or_value,helipad,"""Helipad""",2,2,1,helipad,2,1.0,False,"{""helipad"": 2}"
ca,Catalan,entity_or_value,helmut jahn,Helmut_Jahn,2,8,1,helmut jahn,8,1.0,False,"{""helmut jahn"": 8}"
ca,Catalan,entity_or_value,helsinki,Helsinki,2,20,1,hèlsinki,20,1.0,False,"{""hèlsinki"": 20}"
ca,Catalan,entity_or_value,henry clay,Henry_Clay,2,8,1,henry clay,8,1.0,False,"{""henry clay"": 8}"
ca,Catalan,entity_or_value,hessisch oldendorf,Hessisch_Oldendorf,2,10,1,hessisch oldendorf,10,1.0,False,"{""hessisch oldendorf"": 10}"
ca,Catalan,entity_or_value,high fantasy,High_fantasy,2,2,1,alta fantasia,2,1.0,False,"{""alta fantasia"": 2}"
ca,Catalan,entity_or_value,hilario pérez,Hilario_Pérez,2,3,1,hilario pérez,3,1.0,False,"{""hilario pérez"": 3}"
ca,Catalan,entity_or_value,hip hop music,Hip_hop_music,2,188,1,música hip hop,188,1.0,False,"{""música hip hop"": 188}"
ca,Catalan,entity_or_value,historic districts in the united states,Historic_districts_in_the_United_States,2,25,1,districtes històrics dels estats units,25,1.0,False,"{""districtes històrics dels estats units"": 25}"
ca,Catalan,entity_or_value,hiv,HIV,2,24,1,virus de la immunodeficiència humana,24,1.0,False,"{""virus de la immunodeficiència humana"": 24}"
ca,Catalan,entity_or_value,hiv/aids,HIV/AIDS,2,13,1,vih/sida,13,1.0,False,"{""vih/sida"": 13}"
ca,Catalan,entity_or_value,hogao,Hogao,2,4,1,hogaochina. kgm,4,1.0,False,"{""hogaochina. kgm"": 4}"
ca,Catalan,entity_or_value,hohne,Hohne,2,6,1,hohne,6,1.0,False,"{""hohne"": 6}"
ca,Catalan,entity_or_value,hok (firm),HOK_(firm),2,2,1,hok (empresa),2,1.0,False,"{""hok (empresa)"": 2}"
ca,Catalan,entity_or_value,hok sve,"""HOK SVE""",2,11,1,hok sve,11,1.0,False,"{""hok sve"": 11}"
ca,Catalan,entity_or_value,homer elihu royce,Homer_Elihu_Royce,2,11,1,homer elihu royce,11,1.0,False,"{""homer elihu royce"": 11}"
ca,Catalan,entity_or_value,honda,Honda,2,45,1,honda,45,1.0,False,"{""honda"": 45}"
ca,Catalan,entity_or_value,honda accord,Honda_Accord,2,11,1,honda accord,11,1.0,False,"{""honda accord"": 11}"
ca,Catalan,entity_or_value,honda j engine,Honda_J_engine,2,9,1,motor honda j,9,1.0,False,"{""motor honda j"": 9}"
ca,Catalan,entity_or_value,honda k engine,Honda_K_engine,2,18,1,motor honda k,18,1.0,False,"{""motor honda k"": 18}"
ca,Catalan,entity_or_value,honey,Honey,2,10,1,honey,10,1.0,False,"{""honey"": 10}"
ca,Catalan,entity_or_value,hong kong,Hong_Kong,2,25,1,hong kong,25,1.0,False,"{""hong kong"": 25}"
ca,Catalan,entity_or_value,hoofdklasse,Hoofdklasse,2,3,1,lliga surinamesa de futbol,3,1.0,False,"{""lliga surinamesa de futbol"": 3}"
ca,Catalan,entity_or_value,hook 'em (mascot),Hook_'em_(mascot),2,9,1,hook 'em (mascota),9,1.0,False,"{""hook 'em (mascota)"": 9}"
ca,Catalan,entity_or_value,horacio rodríguez larreta,Horacio_Rodríguez_Larreta,2,7,1,horacio rodríguez larreta,7,1.0,False,"{""horacio rodríguez larreta"": 7}"
ca,Catalan,entity_or_value,hornchurch,Hornchurch,2,4,1,hornchurch,4,1.0,False,"{""hornchurch"": 4}"
ca,Catalan,entity_or_value,hortensio quijano,Hortensio_Quijano,2,6,1,juan hortensio quijano,6,1.0,False,"{""juan hortensio quijano"": 6}"
ca,Catalan,entity_or_value,hot,"""Hot""",2,9,1,hot,9,1.0,False,"{""hot"": 9}"
ca,Catalan,entity_or_value,house music,House_music,2,46,1,house,46,1.0,False,"{""house"": 46}"
ca,Catalan,entity_or_value,house of low culture,House_of_Low_Culture,2,9,1,casa de la cultura baixa,9,1.0,False,"{""casa de la cultura baixa"": 9}"
ca,Catalan,entity_or_value,house of representatives (netherlands),House_of_Representatives_(Netherlands),2,20,1,cambra de representants (països baixos),20,1.0,False,"{""cambra de representants (països baixos)"": 20}"
ca,Catalan,entity_or_value,houston,Houston,2,54,1,houston,54,1.0,False,"{""houston"": 54}"
ca,Catalan,entity_or_value,houston texans,Houston_Texans,2,56,1,houston texans,56,1.0,False,"{""houston texans"": 56}"
ca,Catalan,entity_or_value,hubei,Hubei,2,16,1,hubei,16,1.0,False,"{""hubei"": 16}"
ca,Catalan,entity_or_value,hugh hazzard,"""Hugh Hazzard""",2,2,1,hugh hazzard,2,1.0,False,"{""hugh hazzard"": 2}"
ca,Catalan,entity_or_value,hugo sperrle,Hugo_Sperrle,2,2,1,hugo sperrle,2,1.0,False,"{""hugo sperrle"": 2}"
ca,Catalan,entity_or_value,hull city a.f.c.,Hull_City_A.F.C.,2,12,1,hull city afc,12,1.0,False,"{""hull city afc"": 12}"
ca,Catalan,entity_or_value,humboldt university,Humboldt_University,2,13,1,universitat humboldt,13,1.0,False,"{""universitat humboldt"": 13}"
ca,Catalan,entity_or_value,"humphrys, tennant and dykes","Humphrys,_Tennant_and_Dykes",2,38,1,"humphrys, tennant i dykes",38,1.0,False,"{""humphrys, tennant i dykes"": 38}"
ca,Catalan,entity_or_value,hungary,Hungary,2,6,1,hongria,6,1.0,False,"{""hongria"": 6}"
ca,Catalan,entity_or_value,hvac,HVAC,2,23,1,hvac,23,1.0,False,"{""hvac"": 23}"
ca,Catalan,entity_or_value,hypermarcas,Hypermarcas,2,301,1,hypermarcas,301,1.0,False,"{""hypermarcas"": 301}"
ca,Catalan,entity_or_value,héctor numa moraes,Héctor_Numa_Moraes,2,6,1,héctor numa moraes,6,1.0,False,"{""héctor numa moraes"": 6}"
ca,Catalan,entity_or_value,hüseyin bütüner and hilmi güner,"""Hüseyin Bütüner and Hilmi Güner""",2,33,1,hüseyin bütüner i hilmi güner,33,1.0,False,"{""hüseyin bütüner i hilmi güner"": 33}"
ca,Catalan,entity_or_value,ice cream,Ice_cream,2,20,1,gelat,20,1.0,False,"{""gelat"": 20}"
ca,Catalan,entity_or_value,igorot people,Igorot_people,2,17,1,pobles d'igorot,17,1.0,False,"{""pobles d'igorot"": 17}"
ca,Catalan,entity_or_value,illinois,Illinois,2,72,1,illinois,72,1.0,False,"{""illinois"": 72}"
ca,Catalan,entity_or_value,illustration,Illustration,2,2,1,il·lustració,2,1.0,False,"{""il·lustració"": 2}"
ca,Catalan,entity_or_value,ilocano people,Ilocano_people,2,22,1,ilocanoname,22,1.0,False,"{""ilocanoname"": 22}"
ca,Catalan,entity_or_value,imagine (john lennon album),Imagine_(John_Lennon_album),2,2,1,imagine (àlbum de john lennon),2,1.0,False,"{""imagine (àlbum de john lennon)"": 2}"
ca,Catalan,entity_or_value,imagine (john lennon song),Imagine_(John_Lennon_song),2,49,1,imagine (cançó de john lennon),49,1.0,False,"{""imagine (cançó de john lennon)"": 49}"
ca,Catalan,entity_or_value,imst,Imst,2,27,1,imst,27,1.0,False,"{""imst"": 27}"
ca,Catalan,entity_or_value,in god we trust,"""In God we trust""",2,3,1,in god we trust,3,1.0,False,"{""in god we trust"": 3}"
ca,Catalan,entity_or_value,in service,"""In service""",2,14,1,en servei,14,1.0,False,"{""en servei"": 14}"
ca,Catalan,entity_or_value,"in soldevanahalli, acharya dr. sarvapalli radhakrishnan road, hessarghatta main road, bangalore – 560090.","""In Soldevanahalli, Acharya Dr. Sarvapalli Radhakrishnan Road, Hessarghatta Main Road, Bangalore – 560090.""",2,83,1,"soldevanahalli, acharya dr. sarvapalli radhakrishnan road, hessarghatta main road, bangalore - 560090.",83,1.0,False,"{""soldevanahalli, acharya dr. sarvapalli radhakrishnan road, hessarghatta main road, bangalore - 560090."": 83}"
ca,Catalan,entity_or_value,india,India,2,415,1,índia,415,1.0,False,"{""índia"": 415}"
ca,Catalan,entity_or_value,indian,Indian,2,2,1,indi,2,1.0,False,"{""indi"": 2}"
ca,Catalan,entity_or_value,indian air force,Indian_Air_Force,2,44,1,força aèria índia,44,1.0,False,"{""força aèria índia"": 44}"
ca,Catalan,entity_or_value,indian people,Indian_people,2,17,1,gent de l'índia,17,1.0,False,"{""gent de l'índia"": 17}"
ca,Catalan,entity_or_value,indian rupee,Indian_rupee,2,10,1,rupia índia,10,1.0,False,"{""rupia índia"": 10}"
ca,Catalan,entity_or_value,indiana,Indiana,2,183,1,indiana,183,1.0,False,"{""indiana"": 183}"
ca,Catalan,entity_or_value,indianapolis,Indianapolis,2,54,1,indianàpolis,54,1.0,False,"{""indianàpolis"": 54}"
ca,Catalan,entity_or_value,indie rock,Indie_rock,2,84,1,indie rock,84,1.0,False,"{""indie rock"": 84}"
ca,Catalan,entity_or_value,indonesia,Indonesia,2,277,1,indonèsia,277,1.0,False,"{""indonèsia"": 277}"
ca,Catalan,entity_or_value,indonesia and malaysia,"""Indonesia and Malaysia""",2,9,1,indonèsia i malàisia,9,1.0,False,"{""indonèsia i malàisia"": 9}"
ca,Catalan,entity_or_value,indonesian language,Indonesian_language,2,22,1,llengua indonesiana,22,1.0,False,"{""llengua indonesiana"": 22}"
ca,Catalan,entity_or_value,indonesian rupiah,Indonesian_rupiah,2,9,1,rupia indonesiana,9,1.0,False,"{""rupia indonesiana"": 9}"
ca,Catalan,entity_or_value,infraero,Infraero,2,25,1,infraero,25,1.0,False,"{""infraero"": 25}"
ca,Catalan,entity_or_value,inkpot award,Inkpot_Award,2,8,1,premi inkpot,8,1.0,False,"{""premi inkpot"": 8}"
ca,Catalan,entity_or_value,inline-four engine,Inline-four_engine,2,5,1,motor en línia de quatre,5,1.0,False,"{""motor en línia de quatre"": 5}"
ca,Catalan,entity_or_value,"institute of paleobiology, polish academy of sciences","""Institute of Paleobiology, Polish Academy of Sciences""",2,5,1,institut de paleobiologia roman kozłowski,5,1.0,False,"{""institut de paleobiologia roman kozłowski"": 5}"
ca,Catalan,entity_or_value,instrumental music,Instrumental_music,2,16,1,música instrumental,16,1.0,False,"{""música instrumental"": 16}"
ca,Catalan,entity_or_value,insular government of the philippine islands,Insular_Government_of_the_Philippine_Islands,2,24,1,govern insular de les illes filipines,24,1.0,False,"{""govern insular de les illes filipines"": 24}"
ca,Catalan,entity_or_value,inter milan,Inter_Milan,2,6,1,fc inter de milà,6,1.0,False,"{""fc inter de milà"": 6}"
ca,Catalan,entity_or_value,international tennis federation,International_Tennis_Federation,2,15,1,federació internacional de tennis,15,1.0,False,"{""federació internacional de tennis"": 15}"
ca,Catalan,entity_or_value,into battle (novel),Into_Battle_(novel),2,14,1,into battle (novel·la),14,1.0,False,"{""into battle (novel·la)"": 14}"
ca,Catalan,entity_or_value,inuktitut,Inuktitut,2,4,1,inuktitut,4,1.0,False,"{""inuktitut"": 4}"
ca,Catalan,entity_or_value,invasion of grenada,Invasion_of_Grenada,2,21,1,invasió de grenada,21,1.0,False,"{""invasió de grenada"": 21}"
ca,Catalan,entity_or_value,iran football's 3rd division,Iran_Football's_3rd_Division,2,3,1,tercera divisió de futbol d'iran,3,1.0,False,"{""tercera divisió de futbol d'iran"": 3}"
ca,Catalan,entity_or_value,iraq,Iraq,2,64,1,iraq,64,1.0,False,"{""iraq"": 64}"
ca,Catalan,entity_or_value,iraq national under-20 football team,Iraq_national_under-20_football_team,2,6,1,iraq u20,6,1.0,False,"{""iraq u20"": 6}"
ca,Catalan,entity_or_value,iraq national under-23 football team,Iraq_national_under-23_football_team,2,5,1,equipa nacional de futbol sub-23 d'iraq,5,1.0,False,"{""equipa nacional de futbol sub-23 d'iraq"": 5}"
ca,Catalan,entity_or_value,iraqi dinar,Iraqi_dinar,2,2,1,dinar iraquià,2,1.0,False,"{""dinar iraquià"": 2}"
ca,Catalan,entity_or_value,ireland,Ireland,2,68,1,irlanda,68,1.0,False,"{""irlanda"": 68}"
ca,Catalan,entity_or_value,irish language,Irish_language,2,7,1,idioma irlandès,7,1.0,False,"{""idioma irlandès"": 7}"
ca,Catalan,entity_or_value,irish people,Irish_people,2,8,1,irlandesos,8,1.0,False,"{""irlandesos"": 8}"
ca,Catalan,entity_or_value,irlam town f.c.,Irlam_Town_F.C.,2,5,1,irlam town f.c. (anglès),5,1.0,False,"{""irlam town f.c. (anglès)"": 5}"
ca,Catalan,entity_or_value,irreligion,Irreligion,2,2,1,irreligió,2,1.0,False,"{""irreligió"": 2}"
ca,Catalan,entity_or_value,isaac rojas,Isaac_Rojas,2,17,1,isaac rojas,17,1.0,False,"{""isaac rojas"": 17}"
ca,Catalan,entity_or_value,isidro metapán,"""Isidro Metapán""",2,4,1,isidro metapán,4,1.0,False,"{""isidro metapán"": 4}"
ca,Catalan,entity_or_value,isis (band),Isis_(band),2,13,1,isis (grup),13,1.0,False,"{""isis (grup)"": 13}"
ca,Catalan,entity_or_value,israel,Israel,2,69,1,israel,69,1.0,False,"{""israel"": 69}"
ca,Catalan,entity_or_value,istanbul,Istanbul,2,53,1,istanbul,53,1.0,False,"{""istanbul"": 53}"
ca,Catalan,entity_or_value,"istanbul, turkey","""Istanbul, Turkey""",2,2,1,"istanbul, turquia",2,1.0,False,"{""istanbul, turquia"": 2}"
ca,Catalan,entity_or_value,it's great to be young (1956 film),It's_Great_to_Be_Young_(1956_film),2,155,1,it's great to be young (pel·lícula de 1956),155,1.0,False,"{""it's great to be young (pel·lícula de 1956)"": 155}"
ca,Catalan,entity_or_value,italian language,Italian_language,2,47,1,llengua italiana,47,1.0,False,"{""llengua italiana"": 47}"
ca,Catalan,entity_or_value,italian meal structure,Italian_meal_structure,2,5,1,estructura del menjar italià,5,1.0,False,"{""estructura del menjar italià"": 5}"
ca,Catalan,entity_or_value,italians,Italians,2,31,1,italians,31,1.0,False,"{""italians"": 31}"
ca,Catalan,entity_or_value,italy,Italy,2,444,1,itàlia,444,1.0,False,"{""itàlia"": 444}"
ca,Catalan,entity_or_value,italy national football team,Italy_national_football_team,2,5,1,selecció de futbol d'itàlia,5,1.0,False,"{""selecció de futbol d'itàlia"": 5}"
ca,Catalan,entity_or_value,italy national under-16 football team,Italy_national_under-16_football_team,2,22,1,itàlia sub-16,22,1.0,False,"{""itàlia sub-16"": 22}"
ca,Catalan,entity_or_value,italy national under-17 football team,Italy_national_under-17_football_team,2,23,1,itàlia sub-17,23,1.0,False,"{""itàlia sub-17"": 23}"
ca,Catalan,entity_or_value,italy national under-19 football team,Italy_national_under-19_football_team,2,10,1,itàlia sub-19,10,1.0,False,"{""itàlia sub-19"": 10}"
ca,Catalan,entity_or_value,"ithaca, new york","Ithaca,_New_York",2,16,1,"ítaca, nova york",16,1.0,False,"{""ítaca, nova york"": 16}"
ca,Catalan,entity_or_value,itzik braverman,Itzik_Braverman,2,2,1,itzik braverman,2,1.0,False,"{""itzik braverman"": 2}"
ca,Catalan,entity_or_value,iwan p. williams,Iwan_P._Williams,2,6,1,iwan p. williams,6,1.0,False,"{""iwan p. williams"": 6}"
ca,Catalan,entity_or_value,i̇stanbulspor a.ş.,İstanbulspor_A.Ş.,2,6,1,istanbulspor as,6,1.0,False,"{""istanbulspor as"": 6}"
ca,Catalan,entity_or_value,j. p. mcmanus,J._P._McManus,2,3,1,j. p. mcmanus,3,1.0,False,"{""j. p. mcmanus"": 3}"
ca,Catalan,entity_or_value,j. r. r. tolkien,J._R._R._Tolkien,2,20,1,j. r. r. tolkien,20,1.0,False,"{""j. r. r. tolkien"": 20}"
ca,Catalan,entity_or_value,j. v. jones,J._V._Jones,2,11,1,j. v. jones,11,1.0,False,"{""j. v. jones"": 11}"
ca,Catalan,entity_or_value,jack kirby,Jack_Kirby,2,13,1,jack kirby,13,1.0,False,"{""jack kirby"": 13}"
ca,Catalan,entity_or_value,jacksonville dolphins,Jacksonville_Dolphins,2,18,1,jacksonville dolphins,18,1.0,False,"{""jacksonville dolphins"": 18}"
ca,Catalan,entity_or_value,jacksonville university,Jacksonville_University,2,2,1,universitat de jacksonville,2,1.0,False,"{""universitat de jacksonville"": 2}"
ca,Catalan,entity_or_value,"jacksonville, florida","Jacksonville,_Florida",2,2,1,"jacksonville, florida",2,1.0,False,"{""jacksonville, florida"": 2}"
ca,Catalan,entity_or_value,jacob bundsgaard,Jacob_Bundsgaard,2,2,1,jacob bundsgaard,2,1.0,False,"{""jacob bundsgaard"": 2}"
ca,Catalan,entity_or_value,jacob zuma,Jacob_Zuma,2,15,1,jacob zuma,15,1.0,False,"{""jacob zuma"": 15}"
ca,Catalan,entity_or_value,jakarta,Jakarta,2,17,1,jakarta,17,1.0,False,"{""jakarta"": 17}"
ca,Catalan,entity_or_value,jalisco,Jalisco,2,26,1,jalisco,26,1.0,False,"{""jalisco"": 26}"
ca,Catalan,entity_or_value,jamaica,Jamaica,2,10,1,jamaica,10,1.0,False,"{""jamaica"": 10}"
ca,Catalan,entity_or_value,jamaica national football team,Jamaica_national_football_team,2,5,1,equip nacional de futbol de jamaica,5,1.0,False,"{""equip nacional de futbol de jamaica"": 5}"
ca,Catalan,entity_or_value,james craig watson,James_Craig_Watson,2,201,1,james craig watson,201,1.0,False,"{""james craig watson"": 201}"
ca,Catalan,entity_or_value,james madison leach,James_Madison_Leach,2,5,1,james madison leach,5,1.0,False,"{""james madison leach"": 5}"
ca,Catalan,entity_or_value,james pain,James_Pain,2,4,1,"james, the younger pain",4,1.0,False,"{""james, the younger pain"": 4}"
ca,Catalan,entity_or_value,"james pain and george richard pain,","""James Pain and George Richard Pain,""",2,4,1,"james pain i george richard pain,",4,1.0,False,"{""james pain i george richard pain,"": 4}"
ca,Catalan,entity_or_value,james pallotta,James_Pallotta,2,6,1,james pallotta,6,1.0,False,"{""james pallotta"": 6}"
ca,Catalan,entity_or_value,james w. reid (politician),James_W._Reid_(politician),2,5,1,james w. reid (polític),5,1.0,False,"{""james w. reid (polític)"": 5}"
ca,Catalan,entity_or_value,jamie chung,Jamie_Chung,2,5,1,jamie chung,5,1.0,False,"{""jamie chung"": 5}"
ca,Catalan,entity_or_value,jamie lawrence,Jamie_Lawrence,2,20,1,jamie lawrence,20,1.0,False,"{""jamie lawrence"": 20}"
ca,Catalan,entity_or_value,jan duursema,Jan_Duursema,2,11,1,jan duursema,11,1.0,False,"{""jan duursema"": 11}"
ca,Catalan,entity_or_value,january 2009,"""January 2009""",2,3,1,gener del 2009,3,1.0,False,"{""gener del 2009"": 3}"
ca,Catalan,entity_or_value,"january, 2014","""January, 2014""",2,10,1,"janvier, 2014",10,1.0,False,"{""janvier, 2014"": 10}"
ca,Catalan,entity_or_value,japan,Japan,2,90,1,japó,90,1.0,False,"{""japó"": 90}"
ca,Catalan,entity_or_value,japanese occupation of british borneo,Japanese_occupation_of_British_Borneo,2,7,1,ocupació japonesa de borneo britànic,7,1.0,False,"{""ocupació japonesa de borneo britànic"": 7}"
ca,Catalan,entity_or_value,japanese people,Japanese_people,2,3,1,japonesos,3,1.0,False,"{""japonesos"": 3}"
ca,Catalan,entity_or_value,jarmo kekäläinen,Jarmo_Kekäläinen,2,6,1,jarmo kekäläinen,6,1.0,False,"{""jarmo kekäläinen"": 6}"
ca,Catalan,entity_or_value,java,Java,2,108,1,java,108,1.0,False,"{""java"": 108}"
ca,Catalan,entity_or_value,javanese cuisine,Javanese_cuisine,2,16,1,cuina javanesa,16,1.0,False,"{""cuina javanesa"": 16}"
ca,Catalan,entity_or_value,javanese people,Javanese_people,2,18,1,pobles javanesos,18,1.0,False,"{""pobles javanesos"": 18}"
ca,Catalan,entity_or_value,jazz,Jazz,2,126,1,jazz,126,1.0,False,"{""jazz"": 126}"
ca,Catalan,entity_or_value,jean-michel aulas,Jean-Michel_Aulas,2,7,1,jean-michel aulas,7,1.0,False,"{""jean-michel aulas"": 7}"
ca,Catalan,entity_or_value,jeff fisher,Jeff_Fisher,2,8,1,jeff fisher,8,1.0,False,"{""jeff fisher"": 8}"
ca,Catalan,entity_or_value,jefferson davis,Jefferson_Davis,2,27,1,jefferson davis,27,1.0,False,"{""jefferson davis"": 27}"
ca,Catalan,entity_or_value,jens härtel,Jens_Härtel,2,87,1,jens härtel,87,1.0,False,"{""jens härtel"": 87}"
ca,Catalan,entity_or_value,"jepson way,","""Jepson Way,""",2,4,1,"jepson way,",4,1.0,False,"{""jepson way,"": 4}"
ca,Catalan,entity_or_value,jerry ordway,Jerry_Ordway,2,9,1,jerry ordway,9,1.0,False,"{""jerry ordway"": 9}"
ca,Catalan,entity_or_value,jesús casillas romero,Jesús_Casillas_Romero,2,2,1,jesús casillas romero,2,1.0,False,"{""jesús casillas romero"": 2}"
ca,Catalan,entity_or_value,jill shilling,Jill_Shilling,2,8,1,jill shilling,8,1.0,False,"{""jill shilling"": 8}"
ca,Catalan,entity_or_value,jinnah international airport,Jinnah_International_Airport,2,8,1,aeroport internacional jinnah,8,1.0,False,"{""aeroport internacional jinnah"": 8}"
ca,Catalan,entity_or_value,joachim gauck,Joachim_Gauck,2,4,1,joachim gauck,4,1.0,False,"{""joachim gauck"": 4}"
ca,Catalan,entity_or_value,joe biden,Joe_Biden,2,43,1,"joseph robinette biden, jr.",43,1.0,False,"{""joseph robinette biden, jr."": 43}"
ca,Catalan,entity_or_value,joe vitt,Joe_Vitt,2,2,1,joe vitt,2,1.0,False,"{""joe vitt"": 2}"
ca,Catalan,entity_or_value,johann schneider-ammann,Johann_Schneider-Ammann,2,45,1,johann schneider-ammann,45,1.0,False,"{""johann schneider-ammann"": 45}"
ca,Catalan,entity_or_value,john aman,"""John Aman""",2,2,1,john aman,2,1.0,False,"{""john aman"": 2}"
ca,Catalan,entity_or_value,john buscema,John_Buscema,2,13,1,john buscema,13,1.0,False,"{""john buscema"": 13}"
ca,Catalan,entity_or_value,john clancy (labour politician),John_Clancy_(Labour_politician),2,6,1,john clancy (polític laborista),6,1.0,False,"{""john clancy (polític laborista)"": 6}"
ca,Catalan,entity_or_value,john cowper powys,John_Cowper_Powys,2,47,1,john cowper powys,47,1.0,False,"{""john cowper powys"": 47}"
ca,Catalan,entity_or_value,john digweed,John_Digweed,2,10,1,john digweed,10,1.0,False,"{""john digweed"": 10}"
ca,Catalan,entity_or_value,john f. kennedy,John_F._Kennedy,2,11,1,john fitzgerald kennedy,11,1.0,False,"{""john fitzgerald kennedy"": 11}"
ca,Catalan,entity_or_value,john geering,John_Geering,2,8,1,john geering,8,1.0,False,"{""john geering"": 8}"
ca,Catalan,entity_or_value,john lennon,John_Lennon,2,3,1,john lennon,3,1.0,False,"{""john lennon"": 3}"
ca,Catalan,entity_or_value,john madin,John_Madin,2,81,1,john madin,81,1.0,False,"{""john madin"": 81}"
ca,Catalan,entity_or_value,john major,John_Major,2,5,1,john major,5,1.0,False,"{""john major"": 5}"
ca,Catalan,entity_or_value,john mills,John_Mills,2,35,1,john mills,35,1.0,False,"{""john mills"": 35}"
ca,Catalan,entity_or_value,john n. dempsey,John_N._Dempsey,2,14,1,john n. dempsey,14,1.0,False,"{""john n. dempsey"": 14}"
ca,Catalan,entity_or_value,"john reith, 1st baron reith","John_Reith,_1st_Baron_Reith",2,7,1,john reith,7,1.0,False,"{""john reith"": 7}"
ca,Catalan,entity_or_value,john roberts,John_Roberts,2,24,1,john roberts,24,1.0,False,"{""john roberts"": 24}"
ca,Catalan,entity_or_value,john sessions stadium,John_Sessions_Stadium,2,2,1,estadi john sessions,2,1.0,False,"{""estadi john sessions"": 2}"
ca,Catalan,entity_or_value,john sánchez,John_Sánchez,2,8,1,john sánchez,8,1.0,False,"{""john sánchez"": 8}"
ca,Catalan,entity_or_value,john van den brom,John_van_den_Brom,2,70,1,john van den brom,70,1.0,False,"{""john van den brom"": 70}"
ca,Catalan,entity_or_value,john wiley & sons,John_Wiley_&_Sons,2,7,1,john wiley & sons,7,1.0,False,"{""john wiley & sons"": 7}"
ca,Catalan,entity_or_value,john wilkes booze,John_Wilkes_Booze,2,2,1,john wilkes booze,2,1.0,False,"{""john wilkes booze"": 2}"
ca,Catalan,entity_or_value,johnny sansone,Johnny_Sansone,2,5,1,johnny sansone,5,1.0,False,"{""johnny sansone"": 5}"
ca,Catalan,entity_or_value,johns hopkins university,Johns_Hopkins_University,2,7,1,universitat johns hopkins,7,1.0,False,"{""universitat johns hopkins"": 7}"
ca,Catalan,entity_or_value,johns hopkins university press,Johns_Hopkins_University_Press,2,33,1,johns hopkins university press,33,1.0,False,"{""johns hopkins university press"": 33}"
ca,Catalan,entity_or_value,joko widodo,Joko_Widodo,2,30,1,joko widodo,30,1.0,False,"{""joko widodo"": 30}"
ca,Catalan,entity_or_value,jon feltheimer,Jon_Feltheimer,2,2,1,jon feltheimer,2,1.0,False,"{""jon feltheimer"": 2}"
ca,Catalan,entity_or_value,jon valor,"""Jon Valor""",2,3,1,jon valor,3,1.0,False,"{""jon valor"": 3}"
ca,Catalan,entity_or_value,jonathan mendelsohn,Jonathan_Mendelsohn,2,16,1,jonathan mendelsohn,16,1.0,False,"{""jonathan mendelsohn"": 16}"
ca,Catalan,entity_or_value,"jones county, texas","Jones_County,_Texas",2,25,1,"comtat de jones, texas",25,1.0,False,"{""comtat de jones, texas"": 25}"
ca,Catalan,entity_or_value,jong ajax,Jong_Ajax,2,9,1,jong ajax,9,1.0,False,"{""jong ajax"": 9}"
ca,Catalan,entity_or_value,jordan premier league,Jordan_Premier_League,2,3,1,lliga jordana de futbol,3,1.0,False,"{""lliga jordana de futbol"": 3}"
ca,Catalan,entity_or_value,jorge humberto rodríguez,Jorge_Humberto_Rodríguez,2,32,1,jorge humberto rodríguez,32,1.0,False,"{""jorge humberto rodríguez"": 32}"
ca,Catalan,entity_or_value,jorge orosmán da silva,Jorge_Orosmán_da_Silva,2,10,1,jorge orosmán da silva echeverrito,10,1.0,False,"{""jorge orosmán da silva echeverrito"": 10}"
ca,Catalan,entity_or_value,josef klaus,Josef_Klaus,2,4,1,josef klaus,4,1.0,False,"{""josef klaus"": 4}"
ca,Catalan,entity_or_value,joseph stalin,Joseph_Stalin,2,13,1,ióssif stalin,13,1.0,False,"{""ióssif stalin"": 13}"
ca,Catalan,entity_or_value,juan afara,Juan_Afara,2,19,1,juan afara,19,1.0,False,"{""juan afara"": 19}"
ca,Catalan,entity_or_value,juan carlos i of spain,Juan_Carlos_I_of_Spain,2,61,1,joan carles i d'espanya,61,1.0,False,"{""joan carles i d'espanya"": 61}"
ca,Catalan,entity_or_value,juan nolasco,Juan_Nolasco,2,6,1,juan nolasco,6,1.0,False,"{""juan nolasco"": 6}"
ca,Catalan,entity_or_value,juan perón,Juan_Perón,2,59,1,juan domingo perón,59,1.0,False,"{""juan domingo perón"": 59}"
ca,Catalan,entity_or_value,juha sipilä,Juha_Sipilä,2,10,1,juha sipilä,10,1.0,False,"{""juha sipilä"": 10}"
ca,Catalan,entity_or_value,julia morgan,Julia_Morgan,2,122,1,julia morgan,122,1.0,False,"{""julia morgan"": 122}"
ca,Catalan,entity_or_value,julius springer,Julius_Springer,2,2,1,julius springer,2,1.0,False,"{""julius springer"": 2}"
ca,Catalan,entity_or_value,june 1981,"""June 1981""",2,6,1,juny de 1981,6,1.0,False,"{""juny de 1981"": 6}"
ca,Catalan,entity_or_value,justicialist party,Justicialist_Party,2,20,1,partit justicialista,20,1.0,False,"{""partit justicialista"": 20}"
ca,Catalan,entity_or_value,justin whalin,Justin_Whalin,2,9,1,justin whalin,9,1.0,False,"{""justin whalin"": 9}"
ca,Catalan,entity_or_value,jusuf kalla,Jusuf_Kalla,2,33,1,jusuf kalla,33,1.0,False,"{""jusuf kalla"": 33}"
ca,Catalan,entity_or_value,juvenile fantasy,Juvenile_fantasy,2,2,1,fantasia juvenil,2,1.0,False,"{""fantasia juvenil"": 2}"
ca,Catalan,entity_or_value,juventus f.c.,Juventus_F.C.,2,22,1,juventus f.c.,22,1.0,False,"{""juventus f.c."": 22}"
ca,Catalan,entity_or_value,jwaydan moyine,Jwaydan_Moyine,2,50,1,jwaydan moyine,50,1.0,False,"{""jwaydan moyine"": 50}"
ca,Catalan,entity_or_value,k-w united fc,K-W_United_FC,2,9,1,k-w united fc,9,1.0,False,"{""k-w united fc"": 9}"
ca,Catalan,entity_or_value,k2 (kovač sisters duo),K2_(Kovač_sisters_duo),2,7,1,k2 (duo de les germanes kovač),7,1.0,False,"{""k2 (duo de les germanes kovač)"": 7}"
ca,Catalan,entity_or_value,kabi,"""KABI""",2,5,1,kabi,5,1.0,False,"{""kabi"": 5}"
ca,Catalan,entity_or_value,kacy,"""KACY""",2,4,1,kacy,4,1.0,False,"{""kacy"": 4}"
ca,Catalan,entity_or_value,kaiser chiefs,Kaiser_Chiefs,2,17,1,kaiser chiefs,17,1.0,False,"{""kaiser chiefs"": 17}"
ca,Catalan,entity_or_value,kaliber 44,Kaliber_44,2,8,1,calibre 44,8,1.0,False,"{""calibre 44"": 8}"
ca,Catalan,entity_or_value,kansas city metropolitan area,Kansas_City_metropolitan_area,2,18,1,àrea metropolitana de kansas city,18,1.0,False,"{""àrea metropolitana de kansas city"": 18}"
ca,Catalan,entity_or_value,karl kesel,Karl_Kesel,2,17,1,karl kesel,17,1.0,False,"{""karl kesel"": 17}"
ca,Catalan,entity_or_value,karlsruhe,Karlsruhe,2,35,1,karlsruhe,35,1.0,False,"{""karlsruhe"": 35}"
ca,Catalan,entity_or_value,karnataka,Karnataka,2,135,1,karnataka,135,1.0,False,"{""karnataka"": 135}"
ca,Catalan,entity_or_value,karysun / year of no light,Karysun_/_Year_of_No_Light,2,2,1,karysun / any sense llum,2,1.0,False,"{""karysun / any sense llum"": 2}"
ca,Catalan,entity_or_value,kashubian language,Kashubian_language,2,4,1,kashubian language,4,1.0,False,"{""kashubian language"": 4}"
ca,Catalan,entity_or_value,kashubians,Kashubians,2,5,1,caixubis,5,1.0,False,"{""caixubis"": 5}"
ca,Catalan,entity_or_value,kate hardie,Kate_Hardie,2,3,1,kate hardie,3,1.0,False,"{""kate hardie"": 3}"
ca,Catalan,entity_or_value,katowice,Katowice,2,9,1,katowice,9,1.0,False,"{""katowice"": 9}"
ca,Catalan,entity_or_value,kellamergh park,"""Kellamergh Park""",2,4,1,kellamergh park,4,1.0,False,"{""kellamergh park"": 4}"
ca,Catalan,entity_or_value,kelvin mao,"""Kelvin Mao""",2,4,1,kelvin mao,4,1.0,False,"{""kelvin mao"": 4}"
ca,Catalan,entity_or_value,kempe gowda i,Kempe_Gowda_I,2,14,1,kempe gowda i,14,1.0,False,"{""kempe gowda i"": 14}"
ca,Catalan,entity_or_value,"kendall county, texas","Kendall_County,_Texas",2,3,1,"comtat de kendall, texas",3,1.0,False,"{""comtat de kendall, texas"": 3}"
ca,Catalan,entity_or_value,"kenosha, wisconsin","Kenosha,_Wisconsin",2,5,1,"kenosha, wisconsin",5,1.0,False,"{""kenosha, wisconsin"": 5}"
ca,Catalan,entity_or_value,kent,Kent,2,11,1,kent,11,1.0,False,"{""kent"": 11}"
ca,Catalan,entity_or_value,kerala,Kerala,2,64,1,kerala,64,1.0,False,"{""kerala"": 64}"
ca,Catalan,entity_or_value,ketchup,Ketchup,2,11,1,quètxup,11,1.0,False,"{""quètxup"": 11}"
ca,Catalan,entity_or_value,keyboard instrument,Keyboard_instrument,2,8,1,instrument de teclat,8,1.0,False,"{""instrument de teclat"": 8}"
ca,Catalan,entity_or_value,khadija arib,Khadija_Arib,2,5,1,khadija arib,5,1.0,False,"{""khadija arib"": 5}"
ca,Catalan,entity_or_value,khalid mahmood (british politician),Khalid_Mahmood_(British_politician),2,6,1,khalid mahmood (polític britànic),6,1.0,False,"{""khalid mahmood (polític britànic)"": 6}"
ca,Catalan,entity_or_value,kheria air force station,"""Kheria Air Force Station""",2,2,1,estació de la força aèria de kheria,2,1.0,False,"{""estació de la força aèria de kheria"": 2}"
ca,Catalan,entity_or_value,kidney bean,Kidney_bean,2,3,1,fava de ronyó,3,1.0,False,"{""fava de ronyó"": 3}"
ca,Catalan,entity_or_value,kids imagine nation,Kids_Imagine_Nation,2,23,1,els nens imaginen una nació,23,1.0,False,"{""els nens imaginen una nació"": 23}"
ca,Catalan,entity_or_value,kill rock stars,Kill_Rock_Stars,2,5,1,matar estrelles de rock,5,1.0,False,"{""matar estrelles de rock"": 5}"
ca,Catalan,entity_or_value,"kimberly, wisconsin","Kimberly,_Wisconsin",2,8,1,"kimberly, wisconsin",8,1.0,False,"{""kimberly, wisconsin"": 8}"
ca,Catalan,entity_or_value,"king county, washington","King_County,_Washington",2,42,1,"comtat de king, washington",42,1.0,False,"{""comtat de king, washington"": 42}"
ca,Catalan,entity_or_value,"king of prussia, pennsylvania","King_of_Prussia,_Pennsylvania",2,30,1,"rei de prússia, pensilvània",30,1.0,False,"{""rei de prússia, pensilvània"": 30}"
ca,Catalan,entity_or_value,kingdom of england,Kingdom_of_England,2,42,1,regne d'anglaterra,42,1.0,False,"{""regne d'anglaterra"": 42}"
ca,Catalan,entity_or_value,kingdom of france,Kingdom_of_France,2,9,1,regne de frança,9,1.0,False,"{""regne de frança"": 9}"
ca,Catalan,entity_or_value,kingdom of sarawak,Kingdom_of_Sarawak,2,32,1,regne de sarawak,32,1.0,False,"{""regne de sarawak"": 32}"
ca,Catalan,entity_or_value,kinsealy,Kinsealy,2,2,1,kinsealy,2,1.0,False,"{""kinsealy"": 2}"
ca,Catalan,entity_or_value,kissing spell records,Kissing_Spell_Records,2,6,1,enregistraments d'encantament de besos,6,1.0,False,"{""enregistraments d'encantament de besos"": 6}"
ca,Catalan,entity_or_value,klaus iohannis,Klaus_Iohannis,2,30,1,klaus iohannis,30,1.0,False,"{""klaus iohannis"": 30}"
ca,Catalan,entity_or_value,knightsbridge,Knightsbridge,2,7,1,knightsbridge,7,1.0,False,"{""knightsbridge"": 7}"
ca,Catalan,entity_or_value,"knightsbridge, london","""Knightsbridge, London""",2,6,1,"knightsbridge, londres",6,1.0,False,"{""knightsbridge, londres"": 6}"
ca,Catalan,entity_or_value,kochi,Kochi,2,15,1,kōchi,15,1.0,False,"{""kōchi"": 15}"
ca,Catalan,entity_or_value,konstantinos mitsotakis,Konstantinos_Mitsotakis,2,24,1,konstantinos mitsotakis,24,1.0,False,"{""konstantinos mitsotakis"": 24}"
ca,Catalan,entity_or_value,korean war,Korean_War,2,23,1,guerra de corea,23,1.0,False,"{""guerra de corea"": 23}"
ca,Catalan,entity_or_value,koreans in japan,Koreans_in_Japan,2,3,1,coreans al japó,3,1.0,False,"{""coreans al japó"": 3}"
ca,Catalan,entity_or_value,kornelije kovač,Kornelije_Kovač,2,17,1,kornelije kovač,17,1.0,False,"{""kornelije kovač"": 17}"
ca,Catalan,entity_or_value,kota samarahan,Kota_Samarahan,2,5,1,samarkandkazakhstan. kgm,5,1.0,False,"{""samarkandkazakhstan. kgm"": 5}"
ca,Catalan,entity_or_value,"kourou, french guiana","Kourou,_French_Guiana",2,13,1,"kourou, guiana francesa",13,1.0,False,"{""kourou, guiana francesa"": 13}"
ca,Catalan,entity_or_value,kristina kovač,Kristina_Kovač,2,11,1,kristina kovač,11,1.0,False,"{""kristina kovač"": 11}"
ca,Catalan,entity_or_value,kuala lumpur,Kuala_Lumpur,2,10,1,kuala lumpur,10,1.0,False,"{""kuala lumpur"": 10}"
ca,Catalan,entity_or_value,kuching,Kuching,2,14,1,kuching,14,1.0,False,"{""kuching"": 14}"
ca,Catalan,entity_or_value,kurdish languages,Kurdish_languages,2,5,1,llengües kurdes,5,1.0,False,"{""llengües kurdes"": 5}"
ca,Catalan,entity_or_value,kuttikkattoor,"""Kuttikkattoor""",2,29,1,kuttikkattoor,29,1.0,False,"{""kuttikkattoor"": 29}"
ca,Catalan,entity_or_value,kv mechelen,KV_Mechelen,2,13,1,rykv mechelen,13,1.0,False,"{""rykv mechelen"": 13}"
ca,Catalan,entity_or_value,"kway teow, beef tender loin, gula melaka, sliced, dried black beans, garlic, dark soy sauce, lengkuas, oyster sauce, soya sauce, chilli and sesame oil","""Kway teow, beef tender loin, gula Melaka, sliced, dried black beans, garlic, dark soy sauce, lengkuas, oyster sauce, soya sauce, chilli and sesame oil""",2,12,1,"kway teow, llit de carn de vaca, gula melaka, fesols negres tallats, secs, agulles, salsa de soja fosca, lengkuas, salsa d'ostre, salsa de soja, piment i oli de sésam",12,1.0,False,"{""kway teow, llit de carn de vaca, gula melaka, fesols negres tallats, secs, agulles, salsa de soja fosca, lengkuas, salsa d'ostre, salsa de soja, piment i oli de sésam"": 12}"
ca,Catalan,entity_or_value,"la crosse county, wisconsin","La_Crosse_County,_Wisconsin",2,2,1,"comtat de la crosse, wisconsin",2,1.0,False,"{""comtat de la crosse, wisconsin"": 2}"
ca,Catalan,entity_or_value,"la crosse, wisconsin","La_Crosse,_Wisconsin",2,41,1,"la crosse, wisconsin",41,1.0,False,"{""la crosse, wisconsin"": 41}"
ca,Catalan,entity_or_value,"la paz, iloilo city","La_Paz,_Iloilo_City",2,8,1,"la paz, iloilo city",8,1.0,False,"{""la paz, iloilo city"": 8}"
ca,Catalan,entity_or_value,labour party (argentina),Labour_Party_(Argentina),2,15,1,partit del treball (argentina),15,1.0,False,"{""partit del treball (argentina)"": 15}"
ca,Catalan,entity_or_value,labour party (uk),Labour_Party_(UK),2,17,1,partit laborista (regne unit),17,1.0,False,"{""partit laborista (regne unit)"": 17}"
ca,Catalan,entity_or_value,lady anne monson,Lady_Anne_Monson,2,126,1,lady anne monson,126,1.0,False,"{""lady anne monson"": 126}"
ca,Catalan,entity_or_value,"lafayette township, madison county, indiana","Lafayette_Township,_Madison_County,_Indiana",2,9,1,"lafayette township, madison county, indiana",9,1.0,False,"{""lafayette township, madison county, indiana"": 9}"
ca,Catalan,entity_or_value,lahore,Lahore,2,53,1,lahore,53,1.0,False,"{""lahore"": 53}"
ca,Catalan,entity_or_value,"lake placid, new york","Lake_Placid,_New_York",2,28,1,"lake placid, nova york",28,1.0,False,"{""lake placid, nova york"": 28}"
ca,Catalan,entity_or_value,"lalbhai dalpatbhai campus, near cept university, opp. gujarat university, university road","""Lalbhai Dalpatbhai Campus, near CEPT University, opp. Gujarat University, University Road""",2,5,1,"lalbhai dalpatbhai campus, prop de la cept university, op. gujarat university, university road",5,1.0,False,"{""lalbhai dalpatbhai campus, prop de la cept university, op. gujarat university, university road"": 5}"
ca,Catalan,entity_or_value,lambien,"""Lambien""",2,8,1,lambien,8,1.0,False,"{""lambien"": 8}"
ca,Catalan,entity_or_value,lamborghini,Lamborghini,2,5,1,lamborghini,5,1.0,False,"{""lamborghini"": 5}"
ca,Catalan,entity_or_value,lancashire,Lancashire,2,8,1,lancashire,8,1.0,False,"{""lancashire"": 8}"
ca,Catalan,entity_or_value,lancia thema,Lancia_Thema,2,22,1,tema lancia,22,1.0,False,"{""tema lancia"": 22}"
ca,Catalan,entity_or_value,"lansing, michigan","Lansing,_Michigan",2,14,1,"lansing, michigan",14,1.0,False,"{""lansing, michigan"": 14}"
ca,Catalan,entity_or_value,larry bolatinsky,"""Larry Bolatinsky""",2,10,1,larry bolatinsky,10,1.0,False,"{""larry bolatinsky"": 10}"
ca,Catalan,entity_or_value,larry maguire,Larry_Maguire,2,2,1,larry maguire,2,1.0,False,"{""larry maguire"": 2}"
ca,Catalan,entity_or_value,lars løkke rasmussen,Lars_Løkke_Rasmussen,2,36,1,lars løkke rasmussen,36,1.0,False,"{""lars løkke rasmussen"": 36}"
ca,Catalan,entity_or_value,lask linz,LASK_Linz,2,3,1,lask linz,3,1.0,False,"{""lask linz"": 3}"
ca,Catalan,entity_or_value,laura boldrini,Laura_Boldrini,2,12,1,laura boldrini,12,1.0,False,"{""laura boldrini"": 12}"
ca,Catalan,entity_or_value,lauraceae,Lauraceae,2,11,1,lauràcies,11,1.0,False,"{""lauràcies"": 11}"
ca,Catalan,entity_or_value,laurales,Laurales,2,5,1,laurals,5,1.0,False,"{""laurals"": 5}"
ca,Catalan,entity_or_value,lazio,Lazio,2,15,1,laci,15,1.0,False,"{""laci"": 15}"
ca,Catalan,entity_or_value,"lee county, alabama","Lee_County,_Alabama",2,73,1,"comtat de lee, alabama",73,1.0,False,"{""comtat de lee, alabama"": 73}"
ca,Catalan,entity_or_value,leeds united f.c.,Leeds_United_F.C.,2,2,1,leeds united,2,1.0,False,"{""leeds united"": 2}"
ca,Catalan,entity_or_value,left ecology freedom,Left_Ecology_Freedom,2,2,1,llibertat de l'ecologia de l'esquerra,2,1.0,False,"{""llibertat de l'ecologia de l'esquerra"": 2}"
ca,Catalan,entity_or_value,lega basket serie a,Lega_Basket_Serie_A,2,2,1,lega basket serie a,2,1.0,False,"{""lega basket serie a"": 2}"
ca,Catalan,entity_or_value,lega pro,Lega_Pro,2,5,1,lega pro,5,1.0,False,"{""lega pro"": 5}"
ca,Catalan,entity_or_value,lega pro/a,"""Lega Pro/A""",2,4,1,lega pro/a,4,1.0,False,"{""lega pro/a"": 4}"
ca,Catalan,entity_or_value,legacy recordings,Legacy_Recordings,2,2,1,legacy,2,1.0,False,"{""legacy"": 2}"
ca,Catalan,entity_or_value,legion of honour,Legion_of_Honour,2,3,1,legió d'honor,3,1.0,False,"{""legió d'honor"": 3}"
ca,Catalan,entity_or_value,legion of merit ribbon.svg,"""Legion of Merit ribbon.svg""",2,2,1,línia de la legió del mérit.svg,2,1.0,False,"{""línia de la legió del mérit.svg"": 2}"
ca,Catalan,entity_or_value,leiden university,Leiden_University,2,8,1,universitat de leiden,8,1.0,False,"{""universitat de leiden"": 8}"
ca,Catalan,entity_or_value,leinster,Leinster,2,12,1,leinster,12,1.0,False,"{""leinster"": 12}"
ca,Catalan,entity_or_value,lemon,Lemon,2,46,1,limó,46,1.0,False,"{""limó"": 46}"
ca,Catalan,entity_or_value,lemper,Lemper,2,4,1,lemper,4,1.0,False,"{""lemper"": 4}"
ca,Catalan,entity_or_value,len wein,Len_Wein,2,8,1,len wein,8,1.0,False,"{""len wein"": 8}"
ca,Catalan,entity_or_value,leni robredo,Leni_Robredo,2,2,1,leni robredo,2,1.0,False,"{""leni robredo"": 2}"
ca,Catalan,entity_or_value,leningrad state university,Leningrad_State_University,2,16,1,universitat estatal de leningrad,16,1.0,False,"{""universitat estatal de leningrad"": 16}"
ca,Catalan,entity_or_value,"leningrad, ussr","Leningrad,_USSR",2,13,1,"leningrad, urss",13,1.0,False,"{""leningrad, urss"": 13}"
ca,Catalan,entity_or_value,lentivirus,Lentivirus,2,3,1,lentivirus,3,1.0,False,"{""lentivirus"": 3}"
ca,Catalan,entity_or_value,leon trotsky,Leon_Trotsky,2,9,1,lev trotski,9,1.0,False,"{""lev trotski"": 9}"
ca,Catalan,entity_or_value,leszek borysiewicz,Leszek_Borysiewicz,2,2,1,leszek borysiewicz,2,1.0,False,"{""leszek borysiewicz"": 2}"
ca,Catalan,entity_or_value,let it breed,Let_It_Breed,2,13,1,deixa que es reprodueixi,13,1.0,False,"{""deixa que es reprodueixi"": 13}"
ca,Catalan,entity_or_value,lettuce,Lettuce,2,5,1,lletuga,5,1.0,False,"{""lletuga"": 5}"
ca,Catalan,entity_or_value,levan khomeriki,Levan_Khomeriki,2,5,1,levan khomeriki,5,1.0,False,"{""levan khomeriki"": 5}"
ca,Catalan,entity_or_value,lewis nockalls cottingham,Lewis_Nockalls_Cottingham,2,5,1,lewis nockalls cottingham,5,1.0,False,"{""lewis nockalls cottingham"": 5}"
ca,Catalan,entity_or_value,liberal democrats,Liberal_Democrats,2,5,1,liberal demòcrates,5,1.0,False,"{""liberal demòcrates"": 5}"
ca,Catalan,entity_or_value,liberal party (philippines),Liberal_Party_(Philippines),2,2,1,partit liberal (filipines),2,1.0,False,"{""partit liberal (filipines)"": 2}"
ca,Catalan,entity_or_value,lieutenant governor of texas,"""Lieutenant Governor of Texas""",2,6,1,tinent governador de texas,6,1.0,False,"{""tinent governador de texas"": 6}"
ca,Catalan,entity_or_value,limerick city and county council,Limerick_City_and_County_Council,2,2,1,consell de la ciutat i el comtat de limerick,2,1.0,False,"{""consell de la ciutat i el comtat de limerick"": 2}"
ca,Catalan,entity_or_value,lincoln near-earth asteroid research,Lincoln_Near-Earth_Asteroid_Research,2,5,1,lincoln near-earth asteroid research,5,1.0,False,"{""lincoln near-earth asteroid research"": 5}"
ca,Catalan,entity_or_value,"lincoln, nebraska","Lincoln,_Nebraska",2,4,1,"lincoln, nebraska",4,1.0,False,"{""lincoln, nebraska"": 4}"
ca,Catalan,entity_or_value,linebacker,Linebacker,2,6,1,linebacker,6,1.0,False,"{""linebacker"": 6}"
ca,Catalan,entity_or_value,"linn county, oregon","Linn_County,_Oregon",2,13,1,"comtat de linn, oregon",13,1.0,False,"{""comtat de linn, oregon"": 13}"
ca,Catalan,entity_or_value,lionsgate,Lionsgate,2,29,1,lionsgate,29,1.0,False,"{""lionsgate"": 29}"
ca,Catalan,entity_or_value,lippincott williams & wilkins,Lippincott_Williams_&_Wilkins,2,44,1,lippincott williams & wilkins,44,1.0,False,"{""lippincott williams & wilkins"": 44}"
ca,Catalan,entity_or_value,liselotte grschebina,Liselotte_Grschebina,2,186,1,liselotte grjebina,186,1.0,False,"{""liselotte grjebina"": 186}"
ca,Catalan,entity_or_value,list of counties in texas,List_of_counties_in_Texas,2,8,1,llista de comtats de texas,8,1.0,False,"{""llista de comtats de texas"": 8}"
ca,Catalan,entity_or_value,"little chute, wisconsin","Little_Chute,_Wisconsin",2,7,1,little chuteusa. kgm,7,1.0,False,"{""little chuteusa. kgm"": 7}"
ca,Catalan,entity_or_value,live at roadburn 2008 (year of no light album),Live_at_Roadburn_2008_(Year_of_No_Light_album),2,22,1,live at roadburn 2008 (àlbum year of no light),22,1.0,False,"{""live at roadburn 2008 (àlbum year of no light)"": 22}"
ca,Catalan,entity_or_value,live nation entertainment,Live_Nation_Entertainment,2,26,1,live nation,26,1.0,False,"{""live nation"": 26}"
ca,Catalan,entity_or_value,livorno,Livorno,2,5,1,liorna,5,1.0,False,"{""liorna"": 5}"
ca,Catalan,entity_or_value,livorno calcio s.p.a.,"""Livorno Calcio S.p.A.""",2,5,1,livorno calcio s.p.a.,5,1.0,False,"{""livorno calcio s.p.a."": 5}"
ca,Catalan,entity_or_value,"livorno, italy","""Livorno, Italy""",2,5,1,"livorno, itàlia",5,1.0,False,"{""livorno, itàlia"": 5}"
ca,Catalan,entity_or_value,lockheed ac-130,Lockheed_AC-130,2,34,1,lockheed ac-130,34,1.0,False,"{""lockheed ac-130"": 34}"
ca,Catalan,entity_or_value,lockheed c-130 hercules,Lockheed_C-130_Hercules,2,7,1,lockheed c-130 hercules,7,1.0,False,"{""lockheed c-130 hercules"": 7}"
ca,Catalan,entity_or_value,lockheed martin,Lockheed_Martin,2,14,1,lockheed martin,14,1.0,False,"{""lockheed martin"": 14}"
ca,Catalan,entity_or_value,"logan township, fountain county, indiana","Logan_Township,_Fountain_County,_Indiana",2,13,1,"logan township, comtat de fountain, indiana",13,1.0,False,"{""logan township, comtat de fountain, indiana"": 13}"
ca,Catalan,entity_or_value,"lompoc, california","Lompoc,_California",2,3,1,"lompoc, califòrnia",3,1.0,False,"{""lompoc, califòrnia"": 3}"
ca,Catalan,entity_or_value,london,London,2,250,1,londres,250,1.0,False,"{""londres"": 250}"
ca,Catalan,entity_or_value,london borough of havering,London_Borough_of_Havering,2,6,1,havering,6,1.0,False,"{""havering"": 6}"
ca,Catalan,entity_or_value,longfield,Longfield,2,2,1,longfield,2,1.0,False,"{""longfield"": 2}"
ca,Catalan,entity_or_value,los angeles,Los_Angeles,2,9,1,los angeles,9,1.0,False,"{""los angeles"": 9}"
ca,Catalan,entity_or_value,los angeles herald-examiner,Los_Angeles_Herald-Examiner,2,11,1,los angeles herald-examiner,11,1.0,False,"{""los angeles herald-examiner"": 11}"
ca,Catalan,entity_or_value,los angeles memorial coliseum,Los_Angeles_Memorial_Coliseum,2,10,1,los angeles memorial coliseum,10,1.0,False,"{""los angeles memorial coliseum"": 10}"
ca,Catalan,entity_or_value,los angeles rams,Los_Angeles_Rams,2,51,1,los angeles rams,51,1.0,False,"{""los angeles rams"": 51}"
ca,Catalan,entity_or_value,lotus eaters (band),Lotus_Eaters_(band),2,33,1,lotus eaters (grup),33,1.0,False,"{""lotus eaters (grup)"": 33}"
ca,Catalan,entity_or_value,lou reed,Lou_Reed,2,2,1,lou reed,2,1.0,False,"{""lou reed"": 2}"
ca,Catalan,entity_or_value,louis levy,Louis_Levy,2,22,1,louis levy,22,1.0,False,"{""louis levy"": 22}"
ca,Catalan,entity_or_value,love american style (album),Love_American_Style_(album),2,2,1,love american style (àlbum),2,1.0,False,"{""love american style (àlbum)"": 2}"
ca,Catalan,entity_or_value,luanda,Luanda,2,15,1,luanda,15,1.0,False,"{""luanda"": 15}"
ca,Catalan,entity_or_value,luanda province,Luanda_Province,2,13,1,província de luanda,13,1.0,False,"{""província de luanda"": 13}"
ca,Catalan,entity_or_value,lucian grainge,Lucian_Grainge,2,3,1,lucian grainge,3,1.0,False,"{""lucian grainge"": 3}"
ca,Catalan,entity_or_value,luciano spalletti,Luciano_Spalletti,2,24,1,luciano spalletti,24,1.0,False,"{""luciano spalletti"": 24}"
ca,Catalan,entity_or_value,lucky ajax,"""Lucky Ajax""",2,2,1,lucky ajax,2,1.0,False,"{""lucky ajax"": 2}"
ca,Catalan,entity_or_value,"lufkin, texas","Lufkin,_Texas",2,9,1,"lufkin, texas",9,1.0,False,"{""lufkin, texas"": 9}"
ca,Catalan,entity_or_value,luis miguel ramis,Luis_Miguel_Ramis,2,7,1,lluís miquel ramis montfort,7,1.0,False,"{""lluís miquel ramis montfort"": 7}"
ca,Catalan,entity_or_value,luxury vehicle,Luxury_vehicle,2,12,1,cotxe de luxe,12,1.0,False,"{""cotxe de luxe"": 12}"
ca,Catalan,entity_or_value,m. gaffey,M._Gaffey,2,4,1,m. gaffey,4,1.0,False,"{""m. gaffey"": 4}"
ca,Catalan,entity_or_value,maccabi ashdod b.c.,Maccabi_Ashdod_B.C.,2,5,1,maccabi asdod bc,5,1.0,False,"{""maccabi asdod bc"": 5}"
ca,Catalan,entity_or_value,maccabi tel aviv b.c.,Maccabi_Tel_Aviv_B.C.,2,8,1,maccabi tel aviv bc,8,1.0,False,"{""maccabi tel aviv bc"": 8}"
ca,Catalan,entity_or_value,maccabi tel aviv f.c.,Maccabi_Tel_Aviv_F.C.,2,4,1,maccabi tel aviv fc,4,1.0,False,"{""maccabi tel aviv fc"": 4}"
ca,Catalan,entity_or_value,macmillan publishers,Macmillan_Publishers,2,3,1,macmillan publishers,3,1.0,False,"{""macmillan publishers"": 3}"
ca,Catalan,entity_or_value,madeleine l'engle,Madeleine_L'Engle,2,4,1,madeleine l'engle,4,1.0,False,"{""madeleine l'engle"": 4}"
ca,Catalan,entity_or_value,"madison county, indiana","Madison_County,_Indiana",2,55,1,"comtat de madison, indiana",55,1.0,False,"{""comtat de madison, indiana"": 55}"
ca,Catalan,entity_or_value,"madison, wisconsin","Madison,_Wisconsin",2,40,1,"madison, wisconsin",40,1.0,False,"{""madison, wisconsin"": 40}"
ca,Catalan,entity_or_value,madrid,Madrid,2,84,1,madrid,84,1.0,False,"{""madrid"": 84}"
ca,Catalan,entity_or_value,"madrid, paracuellos de jarama, san sebastián de los reyes and alcobendas","""Madrid, Paracuellos de Jarama, San Sebastián de los Reyes and Alcobendas""",2,16,1,"madrid, paracuellos de jarama, san sebastián de los reyes i alcobendas",16,1.0,False,"{""madrid, paracuellos de jarama, san sebastián de los reyes i alcobendas"": 16}"
ca,Catalan,entity_or_value,"magdalene college, cambridge","Magdalene_College,_Cambridge",2,25,1,"magdalene college, cambridge (anglès)",25,1.0,False,"{""magdalene college, cambridge (anglès)"": 25}"
ca,Catalan,entity_or_value,magik (rapper),Magik_(rapper),2,8,1,magik (raper),8,1.0,False,"{""magik (raper)"": 8}"
ca,Catalan,entity_or_value,magistrate,Magistrate,2,9,1,magistrat,9,1.0,False,"{""magistrat"": 9}"
ca,Catalan,entity_or_value,"mahé, india","Mahé,_India",2,15,1,"mahé, índia",15,1.0,False,"{""mahé, índia"": 15}"
ca,Catalan,entity_or_value,maiden castle (novel),Maiden_Castle_(novel),2,13,1,maiden castle (novel·la),13,1.0,False,"{""maiden castle (novel·la)"": 13}"
ca,Catalan,entity_or_value,main course,"""Main course""",2,23,1,plat principal,23,1.0,False,"{""plat principal"": 23}"
ca,Catalan,entity_or_value,maine,Maine,2,10,1,maine,10,1.0,False,"{""maine"": 10}"
ca,Catalan,entity_or_value,"maka-diyos, maka-tao, makakalikasan at makabansa","""Maka-Diyos, Maka-Tao, Makakalikasan at Makabansa""",2,2,1,"maka-diyos, maka-tao, makakalikasan at makabansa",2,1.0,False,"{""maka-diyos, maka-tao, makakalikasan at makabansa"": 2}"
ca,Catalan,entity_or_value,makis voridis,Makis_Voridis,2,26,1,makis voridis,26,1.0,False,"{""makis voridis"": 26}"
ca,Catalan,entity_or_value,malay peninsula,Malay_Peninsula,2,16,1,península de malaca,16,1.0,False,"{""península de malaca"": 16}"
ca,Catalan,entity_or_value,malays (ethnic group),Malays_(ethnic_group),2,5,1,malays (grup ètnic),5,1.0,False,"{""malays (grup ètnic)"": 5}"
ca,Catalan,entity_or_value,malaysia,Malaysia,2,174,1,malàisia,174,1.0,False,"{""malàisia"": 174}"
ca,Catalan,entity_or_value,malaysian chinese,Malaysian_Chinese,2,28,1,xinesos malais,28,1.0,False,"{""xinesos malais"": 28}"
ca,Catalan,entity_or_value,malaysian indian,Malaysian_Indian,2,7,1,malaisia índia,7,1.0,False,"{""malaisia índia"": 7}"
ca,Catalan,entity_or_value,malaysian malay,Malaysian_Malay,2,18,1,malai malaisi,18,1.0,False,"{""malai malaisi"": 18}"
ca,Catalan,entity_or_value,malik muhammad rafique rajwana,Malik_Muhammad_Rafique_Rajwana,2,2,1,malik muhammad rafique rajwana,2,1.0,False,"{""malik muhammad rafique rajwana"": 2}"
ca,Catalan,entity_or_value,mamiffer,Mamiffer,2,13,1,mamífer,13,1.0,False,"{""mamífer"": 13}"
ca,Catalan,entity_or_value,mamnoon hussain,Mamnoon_Hussain,2,8,1,mamnoon hussain,8,1.0,False,"{""mamnoon hussain"": 8}"
ca,Catalan,entity_or_value,management,Management,2,7,1,gestió,7,1.0,False,"{""gestió"": 7}"
ca,Catalan,entity_or_value,manchester,Manchester,2,39,1,manchester,39,1.0,False,"{""manchester"": 39}"
ca,Catalan,entity_or_value,manhattan,Manhattan,2,44,1,manhattan,44,1.0,False,"{""manhattan"": 44}"
ca,Catalan,entity_or_value,manila,Manila,2,35,1,manila,35,1.0,False,"{""manila"": 35}"
ca,Catalan,entity_or_value,manitoba,Manitoba,2,7,1,manitoba,7,1.0,False,"{""manitoba"": 7}"
ca,Catalan,entity_or_value,mantecorp,Mantecorp,2,21,1,mantecorp,21,1.0,False,"{""mantecorp"": 21}"
ca,Catalan,entity_or_value,manuel valls,Manuel_Valls,2,28,1,manuel valls,28,1.0,False,"{""manuel valls"": 28}"
ca,Catalan,entity_or_value,"maple ridge township, alpena county, michigan","Maple_Ridge_Township,_Alpena_County,_Michigan",2,18,1,"maple ridge township, comtat d'alpena, michigan",18,1.0,False,"{""maple ridge township, comtat d'alpena, michigan"": 18}"
ca,Catalan,entity_or_value,margrethe ii of denmark,Margrethe_II_of_Denmark,2,14,1,margarida ii de dinamarca,14,1.0,False,"{""margarida ii de dinamarca"": 14}"
ca,Catalan,entity_or_value,maria lourdes sereno,Maria_Lourdes_Sereno,2,3,1,maria lourdes sereno,3,1.0,False,"{""maria lourdes sereno"": 3}"
ca,Catalan,entity_or_value,"marietta, ohio","Marietta,_Ohio",2,7,1,"marietta, ohio",7,1.0,False,"{""marietta, ohio"": 7}"
ca,Catalan,entity_or_value,mario botta,Mario_Botta,2,33,1,mario botta,33,1.0,False,"{""mario botta"": 33}"
ca,Catalan,entity_or_value,marius moga,Marius_Moga,2,8,1,marius moga,8,1.0,False,"{""marius moga"": 8}"
ca,Catalan,entity_or_value,marjorie farmer,Marjorie_Farmer,2,9,1,marjorie farmer,9,1.0,False,"{""marjorie farmer"": 9}"
ca,Catalan,entity_or_value,mark desmond,"""Mark Desmond""",2,6,1,mark desmond,6,1.0,False,"{""mark desmond"": 6}"
ca,Catalan,entity_or_value,mark rutte,Mark_Rutte,2,33,1,mark rutte,33,1.0,False,"{""mark rutte"": 33}"
ca,Catalan,entity_or_value,mark sixma,Mark_Sixma,2,14,1,mark sixma,14,1.0,False,"{""mark sixma"": 14}"
ca,Catalan,entity_or_value,marousi,Marousi,2,3,1,marussi,3,1.0,False,"{""marussi"": 3}"
ca,Catalan,entity_or_value,marriott international,Marriott_International,2,79,1,marriott international,79,1.0,False,"{""marriott international"": 79}"
ca,Catalan,entity_or_value,marry banilow,Marry_Banilow,2,15,1,casar-se amb banilow,15,1.0,False,"{""casar-se amb banilow"": 15}"
ca,Catalan,entity_or_value,marv wolfman,Marv_Wolfman,2,15,1,marv wolfman,15,1.0,False,"{""marv wolfman"": 15}"
ca,Catalan,entity_or_value,mary hayley bell,Mary_Hayley_Bell,2,2,1,mary hayley bell,2,1.0,False,"{""mary hayley bell"": 2}"
ca,Catalan,entity_or_value,maryland,"""Maryland""",2,2,1,maryland,2,1.0,False,"{""maryland"": 2}"
ca,Catalan,entity_or_value,marysville auto plant,Marysville_Auto_Plant,2,11,1,marysville auto plant,11,1.0,False,"{""marysville auto plant"": 11}"
ca,Catalan,entity_or_value,"marysville, ohio","Marysville,_Ohio",2,10,1,"marysville, ohio",10,1.0,False,"{""marysville, ohio"": 10}"
ca,Catalan,entity_or_value,mason school of business,Mason_School_of_Business,2,101,1,escola mason de negocis,101,1.0,False,"{""escola mason de negocis"": 101}"
ca,Catalan,entity_or_value,mass media,Mass_Media,2,21,1,mitjà de comunicació de massa,21,1.0,False,"{""mitjà de comunicació de massa"": 21}"
ca,Catalan,entity_or_value,massachusetts,Massachusetts,2,13,1,massachusetts,13,1.0,False,"{""massachusetts"": 13}"
ca,Catalan,entity_or_value,"massachusetts institute of technology, sc.d. 1963","""Massachusetts Institute of Technology, Sc.D. 1963""",2,43,1,"institut de tecnologia de massachusetts, sc.d. 1963",43,1.0,False,"{""institut de tecnologia de massachusetts, sc.d. 1963"": 43}"
ca,Catalan,entity_or_value,massimo drago,Massimo_Drago,2,50,1,massimo drago,50,1.0,False,"{""massimo drago"": 50}"
ca,Catalan,entity_or_value,"matchstik, match, allan, forrester, alan, foster, forest matchstick, matchstix, allen forrest","""Matchstik, Match, Allan, Forrester, Alan, Foster, Forest Matchstick, Matchstix, Allen Forrest""",2,2,1,"matchstik, match, allan, forrester, alan, foster, forest matchstick, matchstix, allen forrest",2,1.0,False,"{""matchstik, match, allan, forrester, alan, foster, forest matchstick, matchstix, allen forrest"": 2}"
ca,Catalan,entity_or_value,mathematical optimization,Mathematical_optimization,2,17,1,optimització matemàtica,17,1.0,False,"{""optimització matemàtica"": 17}"
ca,Catalan,entity_or_value,mathematics,Mathematics,2,23,1,matemàtiques,23,1.0,False,"{""matemàtiques"": 23}"
ca,Catalan,entity_or_value,matteo renzi,Matteo_Renzi,2,12,1,matteo renzi,12,1.0,False,"{""matteo renzi"": 12}"
ca,Catalan,entity_or_value,mauricio macri,Mauricio_Macri,2,4,1,mauricio macri,4,1.0,False,"{""mauricio macri"": 4}"
ca,Catalan,entity_or_value,max benedict,Max_Benedict,2,11,1,max benedict,11,1.0,False,"{""max benedict"": 11}"
ca,Catalan,entity_or_value,max huiberts,Max_Huiberts,2,5,1,max huiberts,5,1.0,False,"{""max huiberts"": 5}"
ca,Catalan,entity_or_value,may 1950 - august 1956,"""May 1950 - August 1956""",2,38,1,maig 1950 - agost 1956,38,1.0,False,"{""maig 1950 - agost 1956"": 38}"
ca,Catalan,entity_or_value,maya rudolph,Maya_Rudolph,2,5,1,maya rudolph,5,1.0,False,"{""maya rudolph"": 5}"
ca,Catalan,entity_or_value,mayor,Mayor,2,25,1,alcalde,25,1.0,False,"{""alcalde"": 25}"
ca,Catalan,entity_or_value,mayor of albuquerque,Mayor_of_Albuquerque,2,6,1,alcalde d'albuquerque,6,1.0,False,"{""alcalde d'albuquerque"": 6}"
ca,Catalan,entity_or_value,"mayor of stamford, connecticut","Mayor_of_Stamford,_Connecticut",2,6,1,"alcalde de stamford, connecticut",6,1.0,False,"{""alcalde de stamford, connecticut"": 6}"
ca,Catalan,entity_or_value,mayor of vigo,"""Mayor of Vigo""",2,3,1,alcalde de vigo,3,1.0,False,"{""alcalde de vigo"": 3}"
ca,Catalan,entity_or_value,"mayors of atlantic city, new jersey","Mayors_of_Atlantic_City,_New_Jersey",2,2,1,"alcaldes d'atlantic city, nova jersey",2,1.0,False,"{""alcaldes d'atlantic city, nova jersey"": 2}"
ca,Catalan,entity_or_value,mcdonnell douglas f-15 eagle,McDonnell_Douglas_F-15_Eagle,2,13,1,mcdonnell douglas f-15 eagle,13,1.0,False,"{""mcdonnell douglas f-15 eagle"": 13}"
ca,Catalan,entity_or_value,mcveagh of the south seas,McVeagh_of_the_South_Seas,2,85,1,mcveagh dels mars del sud,85,1.0,False,"{""mcveagh dels mars del sud"": 85}"
ca,Catalan,entity_or_value,media company,Media_company,2,24,1,empresa de comunicació,24,1.0,False,"{""empresa de comunicació"": 24}"
ca,Catalan,entity_or_value,medium expendable launch system,"""Medium expendable launch system""",2,4,1,sistema de llançament expendable mitjà,4,1.0,False,"{""sistema de llançament expendable mitjà"": 4}"
ca,Catalan,entity_or_value,mellow candle,Mellow_Candle,2,15,1,candela suau,15,1.0,False,"{""candela suau"": 15}"
ca,Catalan,entity_or_value,member of parliament,Member_of_parliament,2,5,1,parlamentari,5,1.0,False,"{""parlamentari"": 5}"
ca,Catalan,entity_or_value,member of parliament for gravesham,Member_of_Parliament_for_Gravesham,2,5,1,membre del parlament per gravesham,5,1.0,False,"{""membre del parlament per gravesham"": 5}"
ca,Catalan,entity_or_value,member of the congress of deputies,"""Member of the Congress of Deputies""",2,4,1,diputat al congrés dels diputats,4,1.0,False,"{""diputat al congrés dels diputats"": 4}"
ca,Catalan,entity_or_value,member of the connecticut senate from the 26th district,"""Member of the Connecticut Senate from the 26th District""",2,21,1,membre del senat de connecticut del 26è districte,21,1.0,False,"{""membre del senat de connecticut del 26è districte"": 21}"
ca,Catalan,entity_or_value,member of the hellenic parliament,"""Member of the Hellenic Parliament""",2,2,1,diputat al parlament hel·lènic,2,1.0,False,"{""diputat al parlament hel·lènic"": 2}"
ca,Catalan,entity_or_value,member of the house of representatives,"""Member of the House of Representatives""",2,18,1,membre de la cambra de representants de les filipines,18,1.0,False,"{""membre de la cambra de representants de les filipines"": 18}"
ca,Catalan,entity_or_value,member of the senate,"""Member of the Senate""",2,6,1,membre del senat,6,1.0,False,"{""membre del senat"": 6}"
ca,Catalan,entity_or_value,member of the texas state senate from district 4 (port arthur),"""Member of the Texas State Senate from District 4 (Port Arthur)""",2,10,1,membre del senat de l'estat de texas del districte 4 (port arthur),10,1.0,False,"{""membre del senat de l'estat de texas del districte 4 (port arthur)"": 10}"
ca,Catalan,entity_or_value,member of the u.s. house of representatives from connecticut's 4th district,"""Member of the U.S. House of Representatives from Connecticut's 4th district""",2,10,1,membre de la cambra de representants dels estats units del 4è districte de connecticut,10,1.0,False,"{""membre de la cambra de representants dels estats units del 4è districte de connecticut"": 10}"
ca,Catalan,entity_or_value,"menasha (town), wisconsin","Menasha_(town),_Wisconsin",2,10,1,"menasha (ciutat), wisconsin",10,1.0,False,"{""menasha (ciutat), wisconsin"": 10}"
ca,Catalan,entity_or_value,"mendoza, argentina","Mendoza,_Argentina",2,22,1,"mendoza, argentina",22,1.0,False,"{""mendoza, argentina"": 22}"
ca,Catalan,entity_or_value,mendrisio,Mendrisio,2,63,1,mendrisio,63,1.0,False,"{""mendrisio"": 63}"
ca,Catalan,entity_or_value,meride,Meride,2,9,1,meride,9,1.0,False,"{""meride"": 9}"
ca,Catalan,entity_or_value,meringue,Meringue,2,8,1,merenga,8,1.0,False,"{""merenga"": 8}"
ca,Catalan,entity_or_value,"meringue, ice cream, sponge cake or christmas pudding","""Meringue, ice cream, sponge cake or Christmas pudding""",2,13,1,"merengue, gelat, pastís d'esponja o puding de nadal",13,1.0,False,"{""merengue, gelat, pastís d'esponja o puding de nadal"": 13}"
ca,Catalan,entity_or_value,mermaid (train song),Mermaid_(Train_song),2,190,1,sirena (cançó de tren),190,1.0,False,"{""sirena (cançó de tren)"": 190}"
ca,Catalan,entity_or_value,mestizo,Mestizo,2,8,1,mestís,8,1.0,False,"{""mestís"": 8}"
ca,Catalan,entity_or_value,metapán,Metapán,2,6,1,metapan,6,1.0,False,"{""metapan"": 6}"
ca,Catalan,entity_or_value,"metapán, el salvador","""Metapán, El Salvador""",2,6,1,"metapán, el salvador",6,1.0,False,"{""metapán, el salvador"": 6}"
ca,Catalan,entity_or_value,metro manila,Metro_Manila,2,3,1,metro manila,3,1.0,False,"{""metro manila"": 3}"
ca,Catalan,entity_or_value,mexican peso,Mexican_peso,2,33,1,peso mexicà,33,1.0,False,"{""peso mexicà"": 33}"
ca,Catalan,entity_or_value,mexican spanish,Mexican_Spanish,2,7,1,castellà de mèxic,7,1.0,False,"{""castellà de mèxic"": 7}"
ca,Catalan,entity_or_value,mexicans,Mexicans,2,27,1,mexicans,27,1.0,False,"{""mexicans"": 27}"
ca,Catalan,entity_or_value,mexico,Mexico,2,266,1,mèxic,266,1.0,False,"{""mèxic"": 266}"
ca,Catalan,entity_or_value,mexico city,Mexico_City,2,6,1,ciutat de mèxic,6,1.0,False,"{""ciutat de mèxic"": 6}"
ca,Catalan,entity_or_value,meyer werft,Meyer_Werft,2,47,1,meyer werft,47,1.0,False,"{""meyer werft"": 47}"
ca,Catalan,entity_or_value,michael manley,"""Michael Manley""",2,4,1,norman michael manley,4,1.0,False,"{""norman michael manley"": 4}"
ca,Catalan,entity_or_value,michael r. burns,Michael_R._Burns,2,2,1,michael burns,2,1.0,False,"{""michael burns"": 2}"
ca,Catalan,entity_or_value,michael rooker,Michael_Rooker,2,26,1,michael rooker,26,1.0,False,"{""michael rooker"": 26}"
ca,Catalan,entity_or_value,michael tinkham,Michael_Tinkham,2,12,1,michael tinkham,12,1.0,False,"{""michael tinkham"": 12}"
ca,Catalan,entity_or_value,michel temer,Michel_Temer,2,2,1,michel temer,2,1.0,False,"{""michel temer"": 2}"
ca,Catalan,entity_or_value,michele marcolini,Michele_Marcolini,2,68,1,michele marcolini,68,1.0,False,"{""michele marcolini"": 68}"
ca,Catalan,entity_or_value,michigan,Michigan,2,77,1,michigan,77,1.0,False,"{""michigan"": 77}"
ca,Catalan,entity_or_value,mid-atlantic regional spaceport,Mid-Atlantic_Regional_Spaceport,2,32,1,mid-atlantic regional spaceport,32,1.0,False,"{""mid-atlantic regional spaceport"": 32}"
ca,Catalan,entity_or_value,mid-atlantic regional spaceport launch pad 0,Mid-Atlantic_Regional_Spaceport_Launch_Pad_0,2,55,1,plataforma de llançament 0,55,1.0,False,"{""plataforma de llançament 0"": 55}"
ca,Catalan,entity_or_value,mid-size car,Mid-size_car,2,14,1,mid size,14,1.0,False,"{""mid size"": 14}"
ca,Catalan,entity_or_value,mid-size luxury / executive car,"""Mid-size luxury / Executive car""",2,9,1,automòbil de luxe de mida mitjana / executiu,9,1.0,False,"{""automòbil de luxe de mida mitjana / executiu"": 9}"
ca,Catalan,entity_or_value,mike akhigbe,Mike_Akhigbe,2,52,1,mike akhigbe,52,1.0,False,"{""mike akhigbe"": 52}"
ca,Catalan,entity_or_value,mike mularkey,Mike_Mularkey,2,4,1,mike mularkey,4,1.0,False,"{""mike mularkey"": 4}"
ca,Catalan,entity_or_value,milan,Milan,2,13,1,milan,13,1.0,False,"{""milan"": 13}"
ca,Catalan,entity_or_value,milk,Milk,2,2,1,llet,2,1.0,False,"{""llet"": 2}"
ca,Catalan,entity_or_value,milonga (music),Milonga_(music),2,5,1,milonga (música),5,1.0,False,"{""milonga (música)"": 5}"
ca,Catalan,entity_or_value,minangkabau people,Minangkabau_people,2,4,1,minangkabau,4,1.0,False,"{""minangkabau"": 4}"
ca,Catalan,entity_or_value,mindanao,Mindanao,2,3,1,mindanao,3,1.0,False,"{""mindanao"": 3}"
ca,Catalan,entity_or_value,minister for health,"""Minister for Health""",2,3,1,ministre de salut d'austràlia,3,1.0,False,"{""ministre de salut d'austràlia"": 3}"
ca,Catalan,entity_or_value,minister of transport,"""Minister of Transport""",2,6,1,ministre de transport,6,1.0,False,"{""ministre de transport"": 6}"
ca,Catalan,entity_or_value,"ministry of economy, development and tourism (greece)","Ministry_of_Economy,_Development_and_Tourism_(Greece)",2,2,1,"ministeri d' economia, desenvolupament i turisme (grècia)",2,1.0,False,"{""ministeri d' economia, desenvolupament i turisme (grècia)"": 2}"
ca,Catalan,entity_or_value,ministry of health (greece),Ministry_of_Health_(Greece),2,2,1,ministeri de salut de grècia,2,1.0,False,"{""ministeri de salut de grècia"": 2}"
ca,Catalan,entity_or_value,"ministry of health, welfare and sport (netherlands)","Ministry_of_Health,_Welfare_and_Sport_(Netherlands)",2,4,1,"ministeri de salut, benestar i esport (països baixos)",4,1.0,False,"{""ministeri de salut, benestar i esport (països baixos)"": 4}"
ca,Catalan,entity_or_value,ministry of public works and transport (spain),Ministry_of_Public_Works_and_Transport_(Spain),2,2,1,ministeri d' obres públiques i transports (espanya),2,1.0,False,"{""ministeri d' obres públiques i transports (espanya)"": 2}"
ca,Catalan,entity_or_value,minna,Minna,2,4,1,minna,4,1.0,False,"{""minna"": 4}"
ca,Catalan,entity_or_value,minnesota wild,Minnesota_Wild,2,4,1,minnesota wild,4,1.0,False,"{""minnesota wild"": 4}"
ca,Catalan,entity_or_value,minotaur iv,Minotaur_IV,2,6,1,minotaure ivconstellation name (optional),6,1.0,False,"{""minotaure ivconstellation name (optional)"": 6}"
ca,Catalan,entity_or_value,minotaur v,Minotaur_V,2,7,1,minotaure v,7,1.0,False,"{""minotaure v"": 7}"
ca,Catalan,entity_or_value,"miri, malaysia","Miri,_Malaysia",2,31,1,"miri, malàisia",31,1.0,False,"{""miri, malàisia"": 31}"
ca,Catalan,entity_or_value,mk44,MK44,2,4,1,mk44,4,1.0,False,"{""mk44"": 4}"
ca,Catalan,entity_or_value,mobile applications,Mobile_Applications,2,21,1,aplicacions mòbils,21,1.0,False,"{""aplicacions mòbils"": 21}"
ca,Catalan,entity_or_value,modern hebrew,Modern_Hebrew,2,4,1,hebreu modern,4,1.0,False,"{""hebreu modern"": 4}"
ca,Catalan,entity_or_value,modern standard arabic,Modern_Standard_Arabic,2,2,1,àrab estàndard modern,2,1.0,False,"{""àrab estàndard modern"": 2}"
ca,Catalan,entity_or_value,mols,Mols,2,10,1,mols,10,1.0,False,"{""mols"": 10}"
ca,Catalan,entity_or_value,monarch (band),Monarch_(band),2,2,1,monarca (banda),2,1.0,False,"{""monarca (banda)"": 2}"
ca,Catalan,entity_or_value,monarchy of denmark,Monarchy_of_Denmark,2,7,1,monarquia de dinamarca,7,1.0,False,"{""monarquia de dinamarca"": 7}"
ca,Catalan,entity_or_value,mondelez international,Mondelez_International,2,22,1,mondelēz international,22,1.0,False,"{""mondelēz international"": 22}"
ca,Catalan,entity_or_value,monocacy national battlefield,Monocacy_National_Battlefield,2,65,1,monocacy national battlefield,65,1.0,False,"{""monocacy national battlefield"": 65}"
ca,Catalan,entity_or_value,monocotyledon,Monocotyledon,2,22,1,monocotiledònia,22,1.0,False,"{""monocotiledònia"": 22}"
ca,Catalan,entity_or_value,"monroe township, madison county, indiana","Monroe_Township,_Madison_County,_Indiana",2,26,1,"monroe township, comtat de madison, indiana",26,1.0,False,"{""monroe township, comtat de madison, indiana"": 26}"
ca,Catalan,entity_or_value,montevideo,Montevideo,2,77,1,montevideo,77,1.0,False,"{""montevideo"": 77}"
ca,Catalan,entity_or_value,montreal canadiens,Montreal_Canadiens,2,2,1,canadiens de montréal,2,1.0,False,"{""canadiens de montréal"": 2}"
ca,Catalan,entity_or_value,montreal locomotive works,Montreal_Locomotive_Works,2,27,1,montreal locomotive works,27,1.0,False,"{""montreal locomotive works"": 27}"
ca,Catalan,entity_or_value,morelos,Morelos,2,32,1,morelos,32,1.0,False,"{""morelos"": 32}"
ca,Catalan,entity_or_value,moro people,Moro_people,2,12,1,moro,12,1.0,False,"{""moro"": 12}"
ca,Catalan,entity_or_value,moscow,Moscow,2,17,1,moscou,17,1.0,False,"{""moscou"": 17}"
ca,Catalan,entity_or_value,"moscow, russia","""Moscow, Russia""",2,2,1,"moscou, rússia",2,1.0,False,"{""moscou, rússia"": 2}"
ca,Catalan,entity_or_value,motherwell f.c.,Motherwell_F.C.,2,12,1,motherwell fc,12,1.0,False,"{""motherwell fc"": 12}"
ca,Catalan,entity_or_value,motorsport vision,MotorSport_Vision,2,34,1,motorsport vision,34,1.0,False,"{""motorsport vision"": 34}"
ca,Catalan,entity_or_value,movieplay,Movieplay,2,3,1,pel·lícula,3,1.0,False,"{""pel·lícula"": 3}"
ca,Catalan,entity_or_value,mtu friedrichshafen,MTU_Friedrichshafen,2,31,1,mtu friedrichshafen,31,1.0,False,"{""mtu friedrichshafen"": 31}"
ca,Catalan,entity_or_value,mulatu teshome,Mulatu_Teshome,2,14,1,mulatu teschome,14,1.0,False,"{""mulatu teschome"": 14}"
ca,Catalan,entity_or_value,mumbai,Mumbai,2,58,1,bombai,58,1.0,False,"{""bombai"": 58}"
ca,Catalan,entity_or_value,munster,Munster,2,7,1,munster,7,1.0,False,"{""munster"": 7}"
ca,Catalan,entity_or_value,music download,Music_download,2,6,1,descàrrega digital,6,1.0,False,"{""descàrrega digital"": 6}"
ca,Catalan,entity_or_value,musician,Musician,2,3,1,músic,3,1.0,False,"{""músic"": 3}"
ca,Catalan,entity_or_value,n. r. pogson,N._R._Pogson,2,64,1,norman pogson,64,1.0,False,"{""norman pogson"": 64}"
ca,Catalan,entity_or_value,najib razak,Najib_Razak,2,4,1,najib razak,4,1.0,False,"{""najib razak"": 4}"
ca,Catalan,entity_or_value,narendra modi,Narendra_Modi,2,32,1,narendra modi,32,1.0,False,"{""narendra modi"": 32}"
ca,Catalan,entity_or_value,nasa,NASA,2,124,1,nasa,124,1.0,False,"{""nasa"": 124}"
ca,Catalan,entity_or_value,"nashville, tennessee","Nashville,_Tennessee",2,14,1,"nashville, tennessee",14,1.0,False,"{""nashville, tennessee"": 14}"
ca,Catalan,entity_or_value,national and kapodistrian university of athens,National_and_Kapodistrian_University_of_Athens,2,3,1,universitat d'atenes,3,1.0,False,"{""universitat d'atenes"": 3}"
ca,Catalan,entity_or_value,national anthem of uruguay,National_Anthem_of_Uruguay,2,2,1,"orientales, la patria o la tumba",2,1.0,False,"{""orientales, la patria o la tumba"": 2}"
ca,Catalan,entity_or_value,national assembly (azerbaijan),National_Assembly_(Azerbaijan),2,14,1,assemblea nacional (azerbaidjan),14,1.0,False,"{""assemblea nacional (azerbaidjan)"": 14}"
ca,Catalan,entity_or_value,national hockey league,National_Hockey_League,2,4,1,nhl,4,1.0,False,"{""nhl"": 4}"
ca,Catalan,entity_or_value,national league north,National_League_North,2,4,1,lliga nacional nord,4,1.0,False,"{""lliga nacional nord"": 4}"
ca,Catalan,entity_or_value,national park service,National_Park_Service,2,16,1,servei de parcs nacionals,16,1.0,False,"{""servei de parcs nacionals"": 16}"
ca,Catalan,entity_or_value,"nationwide in indonesia, also popular in neighboring southeast asian countries","""Nationwide in Indonesia, also popular in neighboring Southeast Asian countries""",2,12,1,"a tot el país d'indonèsia, també popular als països veïns del sud-est asiàtic",12,1.0,False,"{""a tot el país d'indonèsia, també popular als països veïns del sud-est asiàtic"": 12}"
ca,Catalan,entity_or_value,"nationwide in indonesia, but more specific to java","""Nationwide in Indonesia, but more specific to Java""",2,16,1,"nacional a indonèsia, però més específic a java",16,1.0,False,"{""nacional a indonèsia, però més específic a java"": 16}"
ca,Catalan,entity_or_value,nationwide in singapore and indonesia,"""Nationwide in Singapore and Indonesia""",2,10,1,a tot el país a singapur i indonèsia,10,1.0,False,"{""a tot el país a singapur i indonèsia"": 10}"
ca,Catalan,entity_or_value,"nationwide, also can be found in malaysia and singapore","""Nationwide, also can be found in Malaysia and Singapore""",2,18,1,"a nivell nacional, també es pot trobar a malàisia i singapur",18,1.0,False,"{""a nivell nacional, també es pot trobar a malàisia i singapur"": 18}"
ca,Catalan,entity_or_value,native american,Native_American,2,2,1,natiu americà,2,1.0,False,"{""natiu americà"": 2}"
ca,Catalan,entity_or_value,native americans in the united states,Native_Americans_in_the_United_States,2,231,1,amerindis dels estats units,231,1.0,False,"{""amerindis dels estats units"": 231}"
ca,Catalan,entity_or_value,navajo language,Navajo_language,2,3,1,llengua navajo,3,1.0,False,"{""llengua navajo"": 3}"
ca,Catalan,entity_or_value,nawaz sharif,Nawaz_Sharif,2,7,1,nawaz sharif,7,1.0,False,"{""nawaz sharif"": 7}"
ca,Catalan,entity_or_value,neptun werft,Neptun_Werft,2,45,1,neptun werft,45,1.0,False,"{""neptun werft"": 45}"
ca,Catalan,entity_or_value,"neptun werft, warnemünde,","""Neptun Werft, Warnemünde,""",2,9,1,"neptun werft, warnemünde,",9,1.0,False,"{""neptun werft, warnemünde,"": 9}"
ca,Catalan,entity_or_value,netherlands,Netherlands,2,121,1,països baixos,121,1.0,False,"{""països baixos"": 121}"
ca,Catalan,entity_or_value,netherlands national football team,Netherlands_national_football_team,2,6,1,selecció de futbol dels països baixos,6,1.0,False,"{""selecció de futbol dels països baixos"": 6}"
ca,Catalan,entity_or_value,netherlands national under-17 football team,Netherlands_national_under-17_football_team,2,4,1,països baixos sub-17,4,1.0,False,"{""països baixos sub-17"": 4}"
ca,Catalan,entity_or_value,"new britain, connecticut","New_Britain,_Connecticut",2,17,1,"nova bretanya, connecticut",17,1.0,False,"{""nova bretanya, connecticut"": 17}"
ca,Catalan,entity_or_value,new democracy (greece),New_Democracy_(Greece),2,23,1,nova democràcia (grècia),23,1.0,False,"{""nova democràcia (grècia)"": 23}"
ca,Catalan,entity_or_value,new douglas park,New_Douglas_Park,2,5,1,new douglas park,5,1.0,False,"{""new douglas park"": 5}"
ca,Catalan,entity_or_value,new england patriots,New_England_Patriots,2,9,1,new england patriots,9,1.0,False,"{""new england patriots"": 9}"
ca,Catalan,entity_or_value,new hampshire,New_Hampshire,2,137,1,nou hampshire,137,1.0,False,"{""nou hampshire"": 137}"
ca,Catalan,entity_or_value,new jersey,New_Jersey,2,92,1,nova jersey,92,1.0,False,"{""nova jersey"": 92}"
ca,Catalan,entity_or_value,new mexico,New_Mexico,2,14,1,nou mèxic,14,1.0,False,"{""nou mèxic"": 14}"
ca,Catalan,entity_or_value,new mexico house of representatives,New_Mexico_House_of_Representatives,2,8,1,cambra de representants de nou mèxic,8,1.0,False,"{""cambra de representants de nou mèxic"": 8}"
ca,Catalan,entity_or_value,new mexico senate,New_Mexico_Senate,2,20,1,senat de nou mèxic,20,1.0,False,"{""senat de nou mèxic"": 20}"
ca,Catalan,entity_or_value,new mexico territory,New_Mexico_Territory,2,15,1,territori de nou mèxic,15,1.0,False,"{""territori de nou mèxic"": 15}"
ca,Catalan,entity_or_value,new netherland,New_Netherland,2,7,1,nous països baixos,7,1.0,False,"{""nous països baixos"": 7}"
ca,Catalan,entity_or_value,new wave music,New_wave_music,2,42,1,música de nova onada,42,1.0,False,"{""música de nova onada"": 42}"
ca,Catalan,entity_or_value,new york,New_York,2,101,1,nova york,101,1.0,False,"{""nova york"": 101}"
ca,Catalan,entity_or_value,new york city,New_York_City,2,160,1,nova york,160,1.0,False,"{""nova york"": 160}"
ca,Catalan,entity_or_value,"new york city, new york, u.s.","""New York City, New York, U.S.""",2,5,1,"ciutat de nova york, nova york, eua",5,1.0,False,"{""ciutat de nova york, nova york, eua"": 5}"
ca,Catalan,entity_or_value,"newark, new jersey","Newark,_New_Jersey",2,11,1,"newark, nova jersey",11,1.0,False,"{""newark, nova jersey"": 11}"
ca,Catalan,entity_or_value,"newmarket, ontario","Newmarket,_Ontario",2,12,1,"newmarket, ontario",12,1.0,False,"{""newmarket, ontario"": 12}"
ca,Catalan,entity_or_value,newport pagnell,Newport_Pagnell,2,10,1,newport pagnell,10,1.0,False,"{""newport pagnell"": 10}"
ca,Catalan,entity_or_value,"newport pagnell, buckinghamshire, england, united kingdom","""Newport Pagnell, Buckinghamshire, England, United Kingdom""",2,8,1,"newport pagnell, buckinghamshire, anglaterra, regne unit",8,1.0,False,"{""newport pagnell, buckinghamshire, anglaterra, regne unit"": 8}"
ca,Catalan,entity_or_value,nicholas brodszky,Nicholas_Brodszky,2,22,1,nicholas brodszky,22,1.0,False,"{""nicholas brodszky"": 22}"
ca,Catalan,entity_or_value,nie haisheng,Nie_Haisheng,2,85,1,nie haisheng,85,1.0,False,"{""nie haisheng"": 85}"
ca,Catalan,entity_or_value,niger state,Niger_State,2,4,1,estat del níger,4,1.0,False,"{""estat del níger"": 4}"
ca,Catalan,entity_or_value,nigeria,Nigeria,2,4,1,nigèria,4,1.0,False,"{""nigèria"": 4}"
ca,Catalan,entity_or_value,nigerian air force,Nigerian_Air_Force,2,23,1,força aèria nigeriana,23,1.0,False,"{""força aèria nigeriana"": 23}"
ca,Catalan,entity_or_value,nigerian army,Nigerian_Army,2,6,1,exèrcit de nigèria,6,1.0,False,"{""exèrcit de nigèria"": 6}"
ca,Catalan,entity_or_value,nigerian navy,Nigerian_Navy,2,4,1,marina nigeriana,4,1.0,False,"{""marina nigeriana"": 4}"
ca,Catalan,entity_or_value,nikolai chernykh,Nikolai_Chernykh,2,8,1,nikolai stepànovitx txernikh,8,1.0,False,"{""nikolai stepànovitx txernikh"": 8}"
ca,Catalan,entity_or_value,nikos voutsis,Nikos_Voutsis,2,25,1,nikos voutsis,25,1.0,False,"{""nikos voutsis"": 25}"
ca,Catalan,entity_or_value,no-hair theorem,No-hair_theorem,2,10,1,teorema de no- cabell,10,1.0,False,"{""teorema de no- cabell"": 10}"
ca,Catalan,entity_or_value,noise music,Noise_music,2,2,1,noise,2,1.0,False,"{""noise"": 2}"
ca,Catalan,entity_or_value,noise pop,Noise_pop,2,3,1,noise pop,3,1.0,False,"{""noise pop"": 3}"
ca,Catalan,entity_or_value,noise rock,Noise_rock,2,22,1,noise rock,22,1.0,False,"{""noise rock"": 22}"
ca,Catalan,entity_or_value,non performing personnel,"""non_performing_personnel""",2,18,1,personal no executiu,18,1.0,False,"{""personal no executiu"": 18}"
ca,Catalan,entity_or_value,non vocal instrumentalist,"""non_vocal_instrumentalist""",2,5,1,instrumentista no vocal,5,1.0,False,"{""instrumentista no vocal"": 5}"
ca,Catalan,entity_or_value,noodle,Noodle,2,12,1,noodle,12,1.0,False,"{""noodle"": 12}"
ca,Catalan,entity_or_value,"noodles, pork organs, vegetables, chicken, shrimp, beef","""noodles, pork organs, vegetables, chicken, shrimp, beef""",2,17,1,"fideus, òrgans de porc, verdures, pollastre, gambes, vedella",17,1.0,False,"{""fideus, òrgans de porc, verdures, pollastre, gambes, vedella"": 17}"
ca,Catalan,entity_or_value,norbert lammert,Norbert_Lammert,2,3,1,norbert lammert,3,1.0,False,"{""norbert lammert"": 3}"
ca,Catalan,entity_or_value,nord (year of no light album),Nord_(Year_of_No_Light_album),2,141,1,nord (àlbum de year of no light),141,1.0,False,"{""nord (àlbum de year of no light)"": 141}"
ca,Catalan,entity_or_value,north american eastern time zone,North_American_Eastern_Time_Zone,2,2,1,zona horària de l'est d'amèrica del nord,2,1.0,False,"{""zona horària de l'est d'amèrica del nord"": 2}"
ca,Catalan,entity_or_value,north east england,North_East_England,2,2,1,north east england,2,1.0,False,"{""north east england"": 2}"
ca,Catalan,entity_or_value,north wall quay,"""North Wall Quay""",2,6,1,quay de la muralla nord,6,1.0,False,"{""quay de la muralla nord"": 6}"
ca,Catalan,entity_or_value,"north wall, dublin","North_Wall,_Dublin",2,9,1,"mur del nord, dublín",9,1.0,False,"{""mur del nord, dublín"": 9}"
ca,Catalan,entity_or_value,north west counties football league,North_West_Counties_Football_League,2,2,1,north west counties football league,2,1.0,False,"{""north west counties football league"": 2}"
ca,Catalan,entity_or_value,nottingham,Nottingham,2,17,1,nottingham,17,1.0,False,"{""nottingham"": 17}"
ca,Catalan,entity_or_value,nrbq,NRBQ,2,41,1,nrbq,41,1.0,False,"{""nrbq"": 41}"
ca,Catalan,entity_or_value,nu metal,Nu_metal,2,19,1,nu metal,19,1.0,False,"{""nu metal"": 19}"
ca,Catalan,entity_or_value,nurhan atasoy,Nurhan_Atasoy,2,117,1,nurhan atasoy,117,1.0,False,"{""nurhan atasoy"": 117}"
ca,Catalan,entity_or_value,nurturing excellence,"""Nurturing Excellence""",2,12,1,cultivar l' excel· lència,12,1.0,False,"{""cultivar l' excel· lència"": 12}"
ca,Catalan,entity_or_value,"nwc, m.a. 1957","""NWC, M.A. 1957""",2,63,1,"nwc, m.a. 1957",63,1.0,False,"{""nwc, m.a. 1957"": 63}"
ca,Catalan,entity_or_value,nz289147,NZ289147,2,3,1,nz289147,3,1.0,False,"{""nz289147"": 3}"
ca,Catalan,entity_or_value,o canada,O_Canada,2,15,1,o canada,15,1.0,False,"{""o canada"": 15}"
ca,Catalan,entity_or_value,oberbürgermeister,Oberbürgermeister,2,3,1,oberbürgermeister,3,1.0,False,"{""oberbürgermeister"": 3}"
ca,Catalan,entity_or_value,odeon records,Odeon_Records,2,8,1,disc d'odeon,8,1.0,False,"{""disc d'odeon"": 8}"
ca,Catalan,entity_or_value,"officer's star ""parasol","Officer's_Star_""Parasol""",2,2,1,"estrella de l'oficial ""parasol",2,1.0,False,"{""estrella de l'oficial \""parasol"": 2}"
ca,Catalan,entity_or_value,ohio,Ohio,2,28,1,ohio,28,1.0,False,"{""ohio"": 28}"
ca,Catalan,entity_or_value,okeh records,Okeh_Records,2,12,1,okeh,12,1.0,False,"{""okeh"": 12}"
ca,Catalan,entity_or_value,oladipo diya,Oladipo_Diya,2,16,1,oladipo diya,16,1.0,False,"{""oladipo diya"": 16}"
ca,Catalan,entity_or_value,old man gloom,Old_Man_Gloom,2,24,1,l'home vell sombria,24,1.0,False,"{""l'home vell sombria"": 24}"
ca,Catalan,entity_or_value,oleh luzhny,Oleh_Luzhny,2,4,1,per luzhny,4,1.0,False,"{""per luzhny"": 4}"
ca,Catalan,entity_or_value,olga bondareva,Olga_Bondareva,2,120,1,olga bondareva,120,1.0,False,"{""olga bondareva"": 120}"
ca,Catalan,entity_or_value,olga nikolaevna bondareva,"""Olga Nikolaevna Bondareva""",2,13,1,olga nikolaevna bondareva,13,1.0,False,"{""olga nikolaevna bondareva"": 13}"
ca,Catalan,entity_or_value,olive oil,Olive_oil,2,20,1,oli d'oliva,20,1.0,False,"{""oli d'oliva"": 20}"
ca,Catalan,entity_or_value,oliver wyss,Oliver_Wyss,2,15,1,oliver wyss,15,1.0,False,"{""oliver wyss"": 15}"
ca,Catalan,entity_or_value,olusegun obasanjo,Olusegun_Obasanjo,2,20,1,olusegun obasanjo,20,1.0,False,"{""olusegun obasanjo"": 20}"
ca,Catalan,entity_or_value,"olympia, washington","Olympia,_Washington",2,7,1,olympiausa. kgm,7,1.0,False,"{""olympiausa. kgm"": 7}"
ca,Catalan,entity_or_value,olympiacos f.c.,Olympiacos_F.C.,2,11,1,olympiakos fc,11,1.0,False,"{""olympiakos fc"": 11}"
ca,Catalan,entity_or_value,olympic stadium (athens),Olympic_Stadium_(Athens),2,25,1,estadi olímpic (atenes),25,1.0,False,"{""estadi olímpic (atenes)"": 25}"
ca,Catalan,entity_or_value,olympique lyonnais,Olympique_Lyonnais,2,40,1,olympique lyonnais,40,1.0,False,"{""olympique lyonnais"": 40}"
ca,Catalan,entity_or_value,onion,Onion,2,2,1,cebera,2,1.0,False,"{""cebera"": 2}"
ca,Catalan,entity_or_value,"onion, garlic, black pepper, chili","""Onion, garlic, black pepper, chili""",2,3,1,"ceba, all, pebre negre, chili.",3,1.0,False,"{""ceba, all, pebre negre, chili."": 3}"
ca,Catalan,entity_or_value,online game,Online_Game,2,12,1,videojoc en línia,12,1.0,False,"{""videojoc en línia"": 12}"
ca,Catalan,entity_or_value,opel vectra,Opel_Vectra,2,7,1,opel vectra,7,1.0,False,"{""opel vectra"": 7}"
ca,Catalan,entity_or_value,"opelika, alabama","Opelika,_Alabama",2,9,1,"opelika, alabama",9,1.0,False,"{""opelika, alabama"": 9}"
ca,Catalan,entity_or_value,opening of hope,"""Opening of hope""",2,2,1,obertura de l'esperança,2,1.0,False,"{""obertura de l'esperança"": 2}"
ca,Catalan,entity_or_value,operation enduring freedom,Operation_Enduring_Freedom,2,16,1,operació llibertat duradora,16,1.0,False,"{""operació llibertat duradora"": 16}"
ca,Catalan,entity_or_value,oraa,"""ORAA""",2,8,1,oraa,8,1.0,False,"{""oraa"": 8}"
ca,Catalan,entity_or_value,orange county blues fc,Orange_County_Blues_FC,2,30,1,orange county blues fc,30,1.0,False,"{""orange county blues fc"": 30}"
ca,Catalan,entity_or_value,"orange county, california","Orange_County,_California",2,47,1,"comtat d'orange, califòrnia",47,1.0,False,"{""comtat d'orange, califòrnia"": 47}"
ca,Catalan,entity_or_value,orbital atk,Orbital_ATK,2,12,1,orbital atk,12,1.0,False,"{""orbital atk"": 12}"
ca,Catalan,entity_or_value,order of polonia restituta,Order_of_Polonia_Restituta,2,7,1,orde polònia restituta,7,1.0,False,"{""orde polònia restituta"": 7}"
ca,Catalan,entity_or_value,order of the british empire,Order_of_the_British_Empire,2,3,1,orde de l'imperi britànic,3,1.0,False,"{""orde de l'imperi britànic"": 3}"
ca,Catalan,entity_or_value,oregano,Oregano,2,4,1,orenga,4,1.0,False,"{""orenga"": 4}"
ca,Catalan,entity_or_value,oregon,Oregon,2,32,1,oregon,32,1.0,False,"{""oregon"": 32}"
ca,Catalan,entity_or_value,orfeo (uruguayan record label),Orfeo_(Uruguayan_record_label),2,2,1,orfeo (empresa discogràfica uruguaiana),2,1.0,False,"{""orfeo (empresa discogràfica uruguaiana)"": 2}"
ca,Catalan,entity_or_value,orthoretrovirinae,Orthoretrovirinae,2,3,1,orthoretrovirinae,3,1.0,False,"{""orthoretrovirinae"": 3}"
ca,Catalan,entity_or_value,osmosys records,Osmosys_Records,2,4,1,discos osmosys,4,1.0,False,"{""discos osmosys"": 4}"
ca,Catalan,entity_or_value,otkrytiye arena,Otkrytiye_Arena,2,33,1,otkrytiye arena,33,1.0,False,"{""otkrytiye arena"": 33}"
ca,Catalan,entity_or_value,ottoman army soldiers killed in the battle of baku,"""Ottoman Army soldiers killed in the Battle of Baku""",2,36,1,soldats de l'exèrcit otomà morts a la batalla de bakú,36,1.0,False,"{""soldats de l'exèrcit otomà morts a la batalla de bakú"": 36}"
ca,Catalan,entity_or_value,"outagamie county, wisconsin","Outagamie_County,_Wisconsin",2,4,1,"comtat d'outagamie, wisconsin",4,1.0,False,"{""comtat d'outagamie, wisconsin"": 4}"
ca,Catalan,entity_or_value,owen glendower (novel),Owen_Glendower_(novel),2,3,1,owen glendower (novel·la),3,1.0,False,"{""owen glendower (novel·la)"": 3}"
ca,Catalan,entity_or_value,oyster sauce,Oyster_sauce,2,9,1,salsa d'ostres,9,1.0,False,"{""salsa d'ostres"": 9}"
ca,Catalan,entity_or_value,p&o (company),P&O_(company),2,20,1,p&o (empresa),20,1.0,False,"{""p&o (empresa)"": 20}"
ca,Catalan,entity_or_value,pacific daylight time,Pacific_Daylight_Time,2,18,1,hora d'estiu del pacífic,18,1.0,False,"{""hora d'estiu del pacífic"": 18}"
ca,Catalan,entity_or_value,"pacific grove, california","Pacific_Grove,_California",2,18,1,"pacific grove, califòrnia",18,1.0,False,"{""pacific grove, califòrnia"": 18}"
ca,Catalan,entity_or_value,pacific standard time zone,Pacific_Standard_Time_Zone,2,10,1,hora estàndard del pacífic,10,1.0,False,"{""hora estàndard del pacífic"": 10}"
ca,Catalan,entity_or_value,paisa region,Paisa_Region,2,21,1,regió de paisa,21,1.0,False,"{""regió de paisa"": 21}"
ca,Catalan,entity_or_value,pakistan,Pakistan,2,69,1,pakistan,69,1.0,False,"{""pakistan"": 69}"
ca,Catalan,entity_or_value,pakistan civil aviation authority,Pakistan_Civil_Aviation_Authority,2,39,1,autoritat d'aviació civil del pakistan,39,1.0,False,"{""autoritat d'aviació civil del pakistan"": 39}"
ca,Catalan,entity_or_value,pakora,Pakora,2,7,1,pakora,7,1.0,False,"{""pakora"": 7}"
ca,Catalan,entity_or_value,pakora and other fritters made from wheat or corn flour,"""Pakora and other fritters made from wheat or corn flour""",2,3,1,pakora i altres frites fetes amb farina de blat o blat de moro,3,1.0,False,"{""pakora i altres frites fetes amb farina de blat o blat de moro"": 3}"
ca,Catalan,entity_or_value,palace of westminster,Palace_of_Westminster,2,4,1,palau de westminster,4,1.0,False,"{""palau de westminster"": 4}"
ca,Catalan,entity_or_value,paleobiology,Paleobiology,2,5,1,paleobiologia,5,1.0,False,"{""paleobiologia"": 5}"
ca,Catalan,entity_or_value,paleontology,Paleontology,2,8,1,paleontologia,8,1.0,False,"{""paleontologia"": 8}"
ca,Catalan,entity_or_value,pallacanestro cantù,Pallacanestro_Cantù,2,7,1,pallacanestro cantù,7,1.0,False,"{""pallacanestro cantù"": 7}"
ca,Catalan,entity_or_value,palm sugar,Palm_sugar,2,9,1,sucre de palma,9,1.0,False,"{""sucre de palma"": 9}"
ca,Catalan,entity_or_value,palo seco,Palo_Seco,2,11,1,palo seco,11,1.0,False,"{""palo seco"": 11}"
ca,Catalan,entity_or_value,palo seco velodrome,Palo_Seco_Velodrome,2,8,1,palo seco velodrome (en anglès).,8,1.0,False,"{""palo seco velodrome (en anglès)."": 8}"
ca,Catalan,entity_or_value,paneer,Paneer,2,2,1,panir,2,1.0,False,"{""panir"": 2}"
ca,Catalan,entity_or_value,pangasinense people,Pangasinense_people,2,3,1,pangasinenses,3,1.0,False,"{""pangasinenses"": 3}"
ca,Catalan,entity_or_value,pantaleon alvarez,Pantaleon_Alvarez,2,2,1,pantaleón álvarez,2,1.0,False,"{""pantaleón álvarez"": 2}"
ca,Catalan,entity_or_value,papenburg,Papenburg,2,6,1,papenburg,6,1.0,False,"{""papenburg"": 6}"
ca,Catalan,entity_or_value,paperback,Paperback,2,9,1,enquadernació rústica,9,1.0,False,"{""enquadernació rústica"": 9}"
ca,Catalan,entity_or_value,paracuellos de jarama,Paracuellos_de_Jarama,2,28,1,paracuellos de jarama,28,1.0,False,"{""paracuellos de jarama"": 28}"
ca,Catalan,entity_or_value,paraguay,Paraguay,2,68,1,paraguai,68,1.0,False,"{""paraguai"": 68}"
ca,Catalan,entity_or_value,paraná (state),Paraná_(state),2,15,1,paraná (estat),15,1.0,False,"{""paraná (estat)"": 15}"
ca,Catalan,entity_or_value,parc olympique lyonnais,Parc_Olympique_Lyonnais,2,16,1,parc olympique lyonnais,16,1.0,False,"{""parc olympique lyonnais"": 16}"
ca,Catalan,entity_or_value,paris cullins,Paris_Cullins,2,24,1,paris cullins,24,1.0,False,"{""paris cullins"": 24}"
ca,Catalan,entity_or_value,"paris, new york or hong kong","""Paris, New York or Hong Kong""",2,10,1,"parís, nova york o hong kong",10,1.0,False,"{""parís, nova york o hong kong"": 10}"
ca,Catalan,entity_or_value,"parkersburg, west virginia","Parkersburg,_West_Virginia",2,31,1,"parkersburg, virgínia occidental",31,1.0,False,"{""parkersburg, virgínia occidental"": 31}"
ca,Catalan,entity_or_value,parliament of catalonia,Parliament_of_Catalonia,2,8,1,parlament de catalunya,8,1.0,False,"{""parlament de catalunya"": 8}"
ca,Catalan,entity_or_value,parliament of the united kingdom,Parliament_of_the_United_Kingdom,2,20,1,parlament del regne unit,20,1.0,False,"{""parlament del regne unit"": 20}"
ca,Catalan,entity_or_value,parliamentary group leader,Parliamentary_group_leader,2,6,1,líder del grup parlamentari,6,1.0,False,"{""líder del grup parlamentari"": 6}"
ca,Catalan,entity_or_value,parti bumiputera sarawak,"""Parti Bumiputera Sarawak""",2,4,1,parti bumiputera sarawak,4,1.0,False,"{""parti bumiputera sarawak"": 4}"
ca,Catalan,entity_or_value,parti pesaka bumiputera bersatu,Parti_Pesaka_Bumiputera_Bersatu,2,38,1,parti pesaka bumiputera bersatu,38,1.0,False,"{""parti pesaka bumiputera bersatu"": 38}"
ca,Catalan,entity_or_value,pas tehran f.c.,PAS_Tehran_F.C.,2,3,1,pas tehran fc,3,1.0,False,"{""pas tehran fc"": 3}"
ca,Catalan,entity_or_value,pat monahan,Pat_Monahan,2,3,1,pat monahan,3,1.0,False,"{""pat monahan"": 3}"
ca,Catalan,entity_or_value,patrick allen (politician),Patrick_Allen_(politician),2,3,1,patrick allen (polític),3,1.0,False,"{""patrick allen (polític)"": 3}"
ca,Catalan,entity_or_value,patrick mcloughlin,Patrick_McLoughlin,2,15,1,patrick mcloughlin,15,1.0,False,"{""patrick mcloughlin"": 15}"
ca,Catalan,entity_or_value,paul gustavson,Paul_Gustavson,2,3,1,paul gustavson,3,1.0,False,"{""paul gustavson"": 3}"
ca,Catalan,entity_or_value,paul kupperberg,Paul_Kupperberg,2,6,1,paul kupperberg,6,1.0,False,"{""paul kupperberg"": 6}"
ca,Catalan,entity_or_value,paul ryan,Paul_Ryan,2,31,1,paul ryan,31,1.0,False,"{""paul ryan"": 31}"
ca,Catalan,entity_or_value,paulo sousa,Paulo_Sousa,2,20,1,paulo manuel carvalho sousa,20,1.0,False,"{""paulo manuel carvalho sousa"": 20}"
ca,Catalan,entity_or_value,peanut sauce,Peanut_sauce,2,22,1,salsa de cacauet,22,1.0,False,"{""salsa de cacauet"": 22}"
ca,Catalan,entity_or_value,pecorino romano,Pecorino_Romano,2,6,1,pecorino romano,6,1.0,False,"{""pecorino romano"": 6}"
ca,Catalan,entity_or_value,penguin random house,Penguin_Random_House,2,8,1,penguin random house,8,1.0,False,"{""penguin random house"": 8}"
ca,Catalan,entity_or_value,pennsylvania,"""Pennsylvania""",2,34,1,pennsilvània,34,1.0,False,"{""pennsilvània"": 34}"
ca,Catalan,entity_or_value,people's party (spain),People's_Party_(Spain),2,8,1,partit popular (espanya),8,1.0,False,"{""partit popular (espanya)"": 8}"
ca,Catalan,entity_or_value,people's republic of china,People's_Republic_of_China,2,14,1,república popular de la xina,14,1.0,False,"{""república popular de la xina"": 14}"
ca,Catalan,entity_or_value,"peoria, illinois","Peoria,_Illinois",2,13,1,"peoria, illinois",13,1.0,False,"{""peoria, illinois"": 13}"
ca,Catalan,entity_or_value,peritonitis,Peritonitis,2,20,1,peritonitis,20,1.0,False,"{""peritonitis"": 20}"
ca,Catalan,entity_or_value,persea,Persea,2,5,1,persea,5,1.0,False,"{""persea"": 5}"
ca,Catalan,entity_or_value,perth,Perth,2,18,1,perth,18,1.0,False,"{""perth"": 18}"
ca,Catalan,entity_or_value,petah tikva,Petah_Tikva,2,18,1,pétah tiqvà,18,1.0,False,"{""pétah tiqvà"": 18}"
ca,Catalan,entity_or_value,peter laird,Peter_Laird,2,2,1,peter laird,2,1.0,False,"{""peter laird"": 2}"
ca,Catalan,entity_or_value,peter ogden,Peter_Ogden,2,3,1,peter ogden,3,1.0,False,"{""peter ogden"": 3}"
ca,Catalan,entity_or_value,peter stöger,Peter_Stöger,2,73,1,peter stöger,73,1.0,False,"{""peter stöger"": 73}"
ca,Catalan,entity_or_value,petrol,"""Petrol""",2,2,1,benzina,2,1.0,False,"{""benzina"": 2}"
ca,Catalan,entity_or_value,peñarol,Peñarol,2,46,1,peñarol,46,1.0,False,"{""peñarol"": 46}"
ca,Catalan,entity_or_value,pharmaceuticals,Pharmaceuticals,2,29,1,productes farmacèutics,29,1.0,False,"{""productes farmacèutics"": 29}"
ca,Catalan,entity_or_value,phil lesh and friends,Phil_Lesh_and_Friends,2,2,1,phil lesh and friends,2,1.0,False,"{""phil lesh and friends"": 2}"
ca,Catalan,entity_or_value,phil spector,Phil_Spector,2,2,1,phil spector,2,1.0,False,"{""phil spector"": 2}"
ca,Catalan,entity_or_value,philip charles hardwick,Philip_Charles_Hardwick,2,4,1,philip charles hardwick,4,1.0,False,"{""philip charles hardwick"": 4}"
ca,Catalan,entity_or_value,philippe of belgium,Philippe_of_Belgium,2,11,1,felip i de bèlgica,11,1.0,False,"{""felip i de bèlgica"": 11}"
ca,Catalan,entity_or_value,philippine english,Philippine_English,2,22,1,anglès filipí,22,1.0,False,"{""anglès filipí"": 22}"
ca,Catalan,entity_or_value,philippine entertainment portal,Philippine_Entertainment_Portal,2,19,1,portal d'entreteniment de filipines,19,1.0,False,"{""portal d'entreteniment de filipines"": 19}"
ca,Catalan,entity_or_value,philippine spanish,Philippine_Spanish,2,24,1,castellà filipí,24,1.0,False,"{""castellà filipí"": 24}"
ca,Catalan,entity_or_value,philippines,Philippines,2,342,1,filipines,342,1.0,False,"{""filipines"": 342}"
ca,Catalan,entity_or_value,philips records,Philips_Records,2,10,1,philips records,10,1.0,False,"{""philips records"": 10}"
ca,Catalan,entity_or_value,phillip cocu,Phillip_Cocu,2,5,1,phillip john william cocu,5,1.0,False,"{""phillip john william cocu"": 5}"
ca,Catalan,entity_or_value,photographer,Photographer,2,11,1,fotògraf,11,1.0,False,"{""fotògraf"": 11}"
ca,Catalan,entity_or_value,physics,Physics,2,2,1,física,2,1.0,False,"{""física"": 2}"
ca,Catalan,entity_or_value,piano,Piano,2,10,1,piano,10,1.0,False,"{""piano"": 10}"
ca,Catalan,entity_or_value,pickard chilton,Pickard_Chilton,2,6,1,pickard chilton,6,1.0,False,"{""pickard chilton"": 6}"
ca,Catalan,entity_or_value,"pierce county, washington","Pierce_County,_Washington",2,27,1,"comtat de pierce, washington",27,1.0,False,"{""comtat de pierce, washington"": 27}"
ca,Catalan,entity_or_value,pietro canonica,Pietro_Canonica,2,24,1,pietro canonica,24,1.0,False,"{""pietro canonica"": 24}"
ca,Catalan,entity_or_value,pietro grasso,Pietro_Grasso,2,46,1,pietro grasso,46,1.0,False,"{""pietro grasso"": 46}"
ca,Catalan,entity_or_value,piotr hallmann,Piotr_Hallmann,2,38,1,piotr hallmann,38,1.0,False,"{""piotr hallmann"": 38}"
ca,Catalan,entity_or_value,plastik mak,Plastik_Mak,2,7,1,plastik mak,7,1.0,False,"{""plastik mak"": 7}"
ca,Catalan,entity_or_value,"pleasant township, steuben county, indiana","Pleasant_Township,_Steuben_County,_Indiana",2,18,1,"pleasant township, comtat de steuben, indiana",18,1.0,False,"{""pleasant township, comtat de steuben, indiana"": 18}"
ca,Catalan,entity_or_value,plymouth (automobile),Plymouth_(automobile),2,5,1,plymouth (automòbil),5,1.0,False,"{""plymouth (automòbil)"": 5}"
ca,Catalan,entity_or_value,plymouth plaza,Plymouth_Plaza,2,19,1,plymouth plaza,19,1.0,False,"{""plymouth plaza"": 19}"
ca,Catalan,entity_or_value,plymouth satellite,Plymouth_Satellite,2,3,1,satèl·lit de plymouth,3,1.0,False,"{""satèl·lit de plymouth"": 3}"
ca,Catalan,entity_or_value,poaceae,Poaceae,2,157,1,poàcies,157,1.0,False,"{""poàcies"": 157}"
ca,Catalan,entity_or_value,poales,Poales,2,20,1,poals,20,1.0,False,"{""poals"": 20}"
ca,Catalan,entity_or_value,"point fortin, trinidad and tobago","""Point Fortin, Trinidad and Tobago""",2,5,1,"point fortin, trinidad i tobago",5,1.0,False,"{""point fortin, trinidad i tobago"": 5}"
ca,Catalan,entity_or_value,poland,Poland,2,43,1,polònia,43,1.0,False,"{""polònia"": 43}"
ca,Catalan,entity_or_value,polish academy of sciences,Polish_Academy_of_Sciences,2,14,1,acadèmia polonesa de les ciències,14,1.0,False,"{""acadèmia polonesa de les ciències"": 14}"
ca,Catalan,entity_or_value,polish language,Polish_language,2,6,1,llengua polonesa,6,1.0,False,"{""llengua polonesa"": 6}"
ca,Catalan,entity_or_value,polish–soviet war,Polish–Soviet_War,2,51,1,guerra polonesosoviètica,51,1.0,False,"{""guerra polonesosoviètica"": 51}"
ca,Catalan,entity_or_value,polydor records,Polydor_Records,2,44,1,polydor records,44,1.0,False,"{""polydor records"": 44}"
ca,Catalan,entity_or_value,ponteareas,Ponteareas,2,18,1,ponteareas,18,1.0,False,"{""ponteareas"": 18}"
ca,Catalan,entity_or_value,pontiac,Pontiac,2,19,1,pontiac,19,1.0,False,"{""pontiac"": 19}"
ca,Catalan,entity_or_value,pontiac rageous,Pontiac_Rageous,2,66,1,pontiac rageous,66,1.0,False,"{""pontiac rageous"": 66}"
ca,Catalan,entity_or_value,pools of light (brian kelly album),Pools_of_Light_(Brian_Kelly_album),2,17,1,pools of light (àlbum de brian kelly),17,1.0,False,"{""pools of light (àlbum de brian kelly)"": 17}"
ca,Catalan,entity_or_value,pop music,Pop_music,2,87,1,pop,87,1.0,False,"{""pop"": 87}"
ca,Catalan,entity_or_value,pop rock,Pop_rock,2,20,1,pop-rock,20,1.0,False,"{""pop-rock"": 20}"
ca,Catalan,entity_or_value,populous (company),Populous_(company),2,12,1,populous (empresa),12,1.0,False,"{""populous (empresa)"": 12}"
ca,Catalan,entity_or_value,porius: a romance of the dark ages,Porius:_A_Romance_of_the_Dark_Ages,2,2,1,porius: un romanç de l'edat fosca,2,1.0,False,"{""porius: un romanç de l'edat fosca"": 2}"
ca,Catalan,entity_or_value,pork,Pork,2,4,1,carn de porc,4,1.0,False,"{""carn de porc"": 4}"
ca,Catalan,entity_or_value,pork belly,Pork_belly,2,5,1,cansalada de porc,5,1.0,False,"{""cansalada de porc"": 5}"
ca,Catalan,entity_or_value,port authority of new york and new jersey,Port_Authority_of_New_York_and_New_Jersey,2,38,1,autoritat portuària de nova york i nova jersey,38,1.0,False,"{""autoritat portuària de nova york i nova jersey"": 38}"
ca,Catalan,entity_or_value,"port melbourne, victoria","Port_Melbourne,_Victoria",2,7,1,"port melbourne, victòria",7,1.0,False,"{""port melbourne, victòria"": 7}"
ca,Catalan,entity_or_value,"portland, oregon","Portland,_Oregon",2,4,1,"portland, oregon",4,1.0,False,"{""portland, oregon"": 4}"
ca,Catalan,entity_or_value,portugal national football team,Portugal_national_football_team,2,4,1,selecció de futbol de portugal,4,1.0,False,"{""selecció de futbol de portugal"": 4}"
ca,Catalan,entity_or_value,post-metal,Post-metal,2,61,1,post-metal,61,1.0,False,"{""post-metal"": 61}"
ca,Catalan,entity_or_value,postmodern architecture,Postmodern_architecture,2,3,1,arquitectura postmoderna,3,1.0,False,"{""arquitectura postmoderna"": 3}"
ca,Catalan,entity_or_value,"potter county, texas","Potter_County,_Texas",2,76,1,"comtat de potter, texas",76,1.0,False,"{""comtat de potter, texas"": 76}"
ca,Catalan,entity_or_value,pound sterling,Pound_sterling,2,8,1,lliura esterlina,8,1.0,False,"{""lliura esterlina"": 8}"
ca,Catalan,entity_or_value,power to the people (song),Power_to_the_People_(song),2,2,1,power to the people (cançó),2,1.0,False,"{""power to the people (cançó)"": 2}"
ca,Catalan,entity_or_value,pr6031.o867,"""PR6031.O867""",2,2,1,pr6031.o867,2,1.0,False,"{""pr6031.o867"": 2}"
ca,Catalan,entity_or_value,pranab mukherjee,Pranab_Mukherjee,2,2,1,pranab mukherjee,2,1.0,False,"{""pranab mukherjee"": 2}"
ca,Catalan,entity_or_value,premier development league,Premier_Development_League,2,18,1,premier development league,18,1.0,False,"{""premier development league"": 18}"
ca,Catalan,entity_or_value,president,President,2,10,1,president,10,1.0,False,"{""president"": 10}"
ca,Catalan,entity_or_value,president of the chamber of deputies,"""President of the Chamber of Deputies""",2,2,1,president de la cambra de diputats,2,1.0,False,"{""president de la cambra de diputats"": 2}"
ca,Catalan,entity_or_value,president of the senate,"""President of the Senate""",2,2,1,president del senat,2,1.0,False,"{""president del senat"": 2}"
ca,Catalan,entity_or_value,president of the supreme federal court,"""President of the Supreme Federal Court""",2,5,1,president del tribunal suprem federal,5,1.0,False,"{""president del tribunal suprem federal"": 5}"
ca,Catalan,entity_or_value,president of the united states,President_of_the_United_States,2,133,1,president dels estats units,133,1.0,False,"{""president dels estats units"": 133}"
ca,Catalan,entity_or_value,president of turkey,President_of_Turkey,2,19,1,president de turquia,19,1.0,False,"{""president de turquia"": 19}"
ca,Catalan,entity_or_value,president pro tempore of the texas senate,President_pro_tempore_of_the_Texas_Senate,2,2,1,president pro tempore del senat de texas,2,1.0,False,"{""president pro tempore del senat de texas"": 2}"
ca,Catalan,entity_or_value,preussisch oldendorf,Preußisch_Oldendorf,2,15,1,preussisch oldendorf,15,1.0,False,"{""preussisch oldendorf"": 15}"
ca,Catalan,entity_or_value,price daniel,Price_Daniel,2,8,1,price daniel,8,1.0,False,"{""price daniel"": 8}"
ca,Catalan,entity_or_value,prime minister,"""Prime Minister""",2,3,1,primer ministre,3,1.0,False,"{""primer ministre"": 3}"
ca,Catalan,entity_or_value,prime minister of azerbaijan,Prime_Minister_of_Azerbaijan,2,20,1,primer ministre de l'azerbaidjan,20,1.0,False,"{""primer ministre de l'azerbaidjan"": 20}"
ca,Catalan,entity_or_value,prime minister of romania,Prime_Minister_of_Romania,2,21,1,primer ministre de romania,21,1.0,False,"{""primer ministre de romania"": 21}"
ca,Catalan,entity_or_value,prince edward island,Prince_Edward_Island,2,6,1,illa del príncep eduard,6,1.0,False,"{""illa del príncep eduard"": 6}"
ca,Catalan,entity_or_value,print,"""Print""",2,66,1,estampa,66,1.0,False,"{""estampa"": 66}"
ca,Catalan,entity_or_value,print & paperback,"""Print & Paperback""",2,8,1,imprimir i paperback,8,1.0,False,"{""imprimir i paperback"": 8}"
ca,Catalan,entity_or_value,progressive metal,Progressive_metal,2,2,1,metal progressiu,2,1.0,False,"{""metal progressiu"": 2}"
ca,Catalan,entity_or_value,prokopis pavlopoulos,Prokopis_Pavlopoulos,2,23,1,prokopis pavlópulos,23,1.0,False,"{""prokopis pavlópulos"": 23}"
ca,Catalan,entity_or_value,proto-punk,Proto-punk,2,5,1,proto-punk,5,1.0,False,"{""proto-punk"": 5}"
ca,Catalan,entity_or_value,provided spare parts for nael minas geraisand and remainder was scrapped in 2000,"""Provided spare parts for NAeL Minas Geraisand and remainder was scrapped in 2000""",2,3,1,va subministrar peces de recanvi per al nael minas gerais i la resta es va desballestar l'any 2000,3,1.0,False,"{""va subministrar peces de recanvi per al nael minas gerais i la resta es va desballestar l'any 2000"": 3}"
ca,Catalan,entity_or_value,provincial assembly of the punjab,Provincial_Assembly_of_the_Punjab,2,4,1,assemblea provincial del punjab,4,1.0,False,"{""assemblea provincial del punjab"": 4}"
ca,Catalan,entity_or_value,provisional president of the argentine senate,"""Provisional President of the Argentine Senate""",2,17,1,president provisional del senat argentí,17,1.0,False,"{""president provisional del senat argentí"": 17}"
ca,Catalan,entity_or_value,ps3523.e55 s4 1982,"""PS3523.E55 S4 1982""",2,3,1,ps3523.e55 s4 1982,3,1.0,False,"{""ps3523.e55 s4 1982"": 3}"
ca,Catalan,entity_or_value,psv eindhoven,PSV_Eindhoven,2,13,1,psv eindhoven,13,1.0,False,"{""psv eindhoven"": 13}"
ca,Catalan,entity_or_value,psychedelia,Psychedelia,2,12,1,psicodèlia,12,1.0,False,"{""psicodèlia"": 12}"
ca,Catalan,entity_or_value,psychedelic folk,Psychedelic_folk,2,7,1,folk psicodèlic,7,1.0,False,"{""folk psicodèlic"": 7}"
ca,Catalan,entity_or_value,public company,Public_company,2,22,1,empresa cotitzada,22,1.0,False,"{""empresa cotitzada"": 22}"
ca,Catalan,entity_or_value,public speaking,Public_speaking,2,2,1,oratòria,2,1.0,False,"{""oratòria"": 2}"
ca,Catalan,entity_or_value,"public square, cleveland","Public_Square,_Cleveland",2,4,1,"plaza pública, cleveland",4,1.0,False,"{""plaza pública, cleveland"": 4}"
ca,Catalan,entity_or_value,puerto ricans,Puerto_Ricans,2,7,1,porto-riquenys,7,1.0,False,"{""porto-riquenys"": 7}"
ca,Catalan,entity_or_value,"punjab, pakistan","Punjab,_Pakistan",2,51,1,"punjab, pakistan",51,1.0,False,"{""punjab, pakistan"": 51}"
ca,Catalan,entity_or_value,punk blues,Punk_blues,2,24,1,punk blues,24,1.0,False,"{""punk blues"": 24}"
ca,Catalan,entity_or_value,punk rock,Punk_rock,2,22,1,punk rock,22,1.0,False,"{""punk rock"": 22}"
ca,Catalan,entity_or_value,pure mathematics,Pure_mathematics,2,4,1,matemàtica pura,4,1.0,False,"{""matemàtica pura"": 4}"
ca,Catalan,entity_or_value,purple finch,Purple_finch,2,7,1,pinsà porprat,7,1.0,False,"{""pinsà porprat"": 7}"
ca,Catalan,entity_or_value,purple heart,Purple_Heart,2,23,1,cor porpra,23,1.0,False,"{""cor porpra"": 23}"
ca,Catalan,entity_or_value,putrajaya,Putrajaya,2,10,1,putrajaya,10,1.0,False,"{""putrajaya"": 10}"
ca,Catalan,entity_or_value,puya (singer),Puya_(singer),2,6,1,puya (cantant),6,1.0,False,"{""puya (cantant)"": 6}"
ca,Catalan,entity_or_value,qarabağ fk,Qarabağ_FK,2,13,1,fk karabakh agdam,13,1.0,False,"{""fk karabakh agdam"": 13}"
ca,Catalan,entity_or_value,qatar stars league,Qatar_Stars_League,2,21,1,lliga qatariana de futbol,21,1.0,False,"{""lliga qatariana de futbol"": 21}"
ca,Catalan,entity_or_value,qiu xiaolong,Qiu_Xiaolong,2,11,1,qiu xiaolong,11,1.0,False,"{""qiu xiaolong"": 11}"
ca,Catalan,entity_or_value,quattro gmbh,Quattro_GmbH,2,6,1,quattro gmbh,6,1.0,False,"{""quattro gmbh"": 6}"
ca,Catalan,entity_or_value,queen sofía of spain,Queen_Sofía_of_Spain,2,4,1,sofia de grècia,4,1.0,False,"{""sofia de grècia"": 4}"
ca,Catalan,entity_or_value,quezon city,Quezon_City,2,20,1,quezon city,20,1.0,False,"{""quezon city"": 20}"
ca,Catalan,entity_or_value,r.s.c. anderlecht,R.S.C._Anderlecht,2,5,1,rsc anderlecht,5,1.0,False,"{""rsc anderlecht"": 5}"
ca,Catalan,entity_or_value,rabadash records,Rabadash_Records,2,13,1,rabadash records,13,1.0,False,"{""rabadash records"": 13}"
ca,Catalan,entity_or_value,radboud university nijmegen,Radboud_University_Nijmegen,2,16,1,universitat radboud nijmegen,16,1.0,False,"{""universitat radboud nijmegen"": 16}"
ca,Catalan,entity_or_value,rafael viñoly,Rafael_Viñoly,2,3,1,rafael viñoly,3,1.0,False,"{""rafael viñoly"": 3}"
ca,Catalan,entity_or_value,rahm emanuel,Rahm_Emanuel,2,13,1,rahm emanuel,13,1.0,False,"{""rahm emanuel"": 13}"
ca,Catalan,entity_or_value,raisin,Raisin,2,12,1,raisin,12,1.0,False,"{""raisin"": 12}"
ca,Catalan,entity_or_value,ralph payne,"""Ralph Payne""",2,2,1,ralph payne,2,1.0,False,"{""ralph payne"": 2}"
ca,Catalan,entity_or_value,ram naik,Ram_Naik,2,16,1,ram naik,16,1.0,False,"{""ram naik"": 16}"
ca,Catalan,entity_or_value,rambler matador,"""Rambler Matador""",2,2,1,rambler matador,2,1.0,False,"{""rambler matador"": 2}"
ca,Catalan,entity_or_value,"randall county, texas","Randall_County,_Texas",2,21,1,"comtat de randall, texas",21,1.0,False,"{""comtat de randall, texas"": 21}"
ca,Catalan,entity_or_value,ranil wickremesinghe,Ranil_Wickremesinghe,2,31,1,ranil wickremesinghe,31,1.0,False,"{""ranil wickremesinghe"": 31}"
ca,Catalan,entity_or_value,rashid rakhimov,Rashid_Rakhimov,2,22,1,rashid rakhimov,22,1.0,False,"{""rashid rakhimov"": 22}"
ca,Catalan,entity_or_value,ray griggs (director),Ray_Griggs_(director),2,24,1,ray griggs (director),24,1.0,False,"{""ray griggs (director)"": 24}"
ca,Catalan,entity_or_value,raúl fernando sendic rodríguez,Raúl_Fernando_Sendic_Rodríguez,2,18,1,raúl fernando sendic,18,1.0,False,"{""raúl fernando sendic"": 18}"
ca,Catalan,entity_or_value,rb leipzig,RB_Leipzig,2,5,1,rasenballsport leipzig,5,1.0,False,"{""rasenballsport leipzig"": 5}"
ca,Catalan,entity_or_value,rca records,RCA_Records,2,16,1,rca records,16,1.0,False,"{""rca records"": 16}"
ca,Catalan,entity_or_value,real madrid c.f.,Real_Madrid_C.F.,2,3,1,reial madrid c.f.,3,1.0,False,"{""reial madrid c.f."": 3}"
ca,Catalan,entity_or_value,real madrid castilla,Real_Madrid_Castilla,2,21,1,reial madrid castella,21,1.0,False,"{""reial madrid castella"": 21}"
ca,Catalan,entity_or_value,real zaragoza,Real_Zaragoza,2,6,1,real zaragoza,6,1.0,False,"{""real zaragoza"": 6}"
ca,Catalan,entity_or_value,rear admiral,Rear_admiral,2,6,1,rear admiral,6,1.0,False,"{""rear admiral"": 6}"
ca,Catalan,entity_or_value,rear admiral in the argentine navy,"""Rear Admiral in the Argentine Navy""",2,3,1,contraalmirall de l'armada argentina,3,1.0,False,"{""contraalmirall de l'armada argentina"": 3}"
ca,Catalan,entity_or_value,recep tayyip erdoğan,Recep_Tayyip_Erdoğan,2,2,1,recep tayyip erdoğan,2,1.0,False,"{""recep tayyip erdoğan"": 2}"
ca,Catalan,entity_or_value,red,Red,2,4,1,red,4,1.0,False,"{""red"": 4}"
ca,Catalan,entity_or_value,"red beans, pork belly, white rice, ground meat, chicharon, fried egg, plantain (patacones), chorizo, arepa, hogao sauce, black pudding (morcilla), avocado and lemon","""red beans, pork belly, white rice, ground meat, chicharon, fried egg, plantain (patacones), chorizo, arepa, hogao sauce, black pudding (morcilla), avocado and lemon""",2,14,1,"fabis vermells, ventre de porc, arròs blanc, carn molada, chicharon, ous fregits, plàtanes (patacones), chorizo, arepa, salsa hogao, pudding negre (morcilla), alvocat i llimona",14,1.0,False,"{""fabis vermells, ventre de porc, arròs blanc, carn molada, chicharon, ous fregits, plàtanes (patacones), chorizo, arepa, salsa hogao, pudding negre (morcilla), alvocat i llimona"": 14}"
ca,Catalan,entity_or_value,red granite and white marble,"""Red granite and white marble""",2,27,1,granit vermell i marbre blanc,27,1.0,False,"{""granit vermell i marbre blanc"": 27}"
ca,Catalan,entity_or_value,redefine properties limited,Redefine_Properties_Limited,2,4,1,redefineix les propietats limitades,4,1.0,False,"{""redefineix les propietats limitades"": 4}"
ca,Catalan,entity_or_value,reggae,Reggae,2,19,1,reggae,19,1.0,False,"{""reggae"": 19}"
ca,Catalan,entity_or_value,"regina, saskatchewan","Regina,_Saskatchewan",2,8,1,"regina, saskatchewan",8,1.0,False,"{""regina, saskatchewan"": 8}"
ca,Catalan,entity_or_value,"reidsville, north carolina","Reidsville,_North_Carolina",2,6,1,"reidsville, carolina del nord",6,1.0,False,"{""reidsville, carolina del nord"": 6}"
ca,Catalan,entity_or_value,rené goscinny,René_Goscinny,2,11,1,rené goscinny,11,1.0,False,"{""rené goscinny"": 11}"
ca,Catalan,entity_or_value,republic of ireland,Republic_of_Ireland,2,68,1,república d'irlanda,68,1.0,False,"{""república d'irlanda"": 68}"
ca,Catalan,entity_or_value,republic of turkey,"""Republic of Turkey""",2,2,1,república de turquia,2,1.0,False,"{""república de turquia"": 2}"
ca,Catalan,entity_or_value,republican party (united states),Republican_Party_(United_States),2,20,1,partit republicà (estats units),20,1.0,False,"{""partit republicà (estats units)"": 20}"
ca,Catalan,entity_or_value,retired,"""Retired""",2,85,1,retirat,85,1.0,False,"{""retirat"": 85}"
ca,Catalan,entity_or_value,retrovirus,Retrovirus,2,3,1,retrovirus,3,1.0,False,"{""retrovirus"": 3}"
ca,Catalan,entity_or_value,reuven rivlin,Reuven_Rivlin,2,2,1,reuven rivlin,2,1.0,False,"{""reuven rivlin"": 2}"
ca,Catalan,entity_or_value,reşadiye,Reşadiye,2,12,1,reşadiye,12,1.0,False,"{""reşadiye"": 12}"
ca,Catalan,entity_or_value,rhythm and blues,Rhythm_and_blues,2,258,1,rhythm and blues,258,1.0,False,"{""rhythm and blues"": 258}"
ca,Catalan,entity_or_value,rice,Rice,2,3,1,rice,3,1.0,False,"{""rice"": 3}"
ca,Catalan,entity_or_value,richard a. teague,Richard_A._Teague,2,7,1,richard a. teague,7,1.0,False,"{""richard a. teague"": 7}"
ca,Catalan,entity_or_value,richard j. berry,Richard_J._Berry,2,13,1,richard j. berry,13,1.0,False,"{""richard j. berry"": 13}"
ca,Catalan,entity_or_value,"richland township, madison county, indiana","Richland_Township,_Madison_County,_Indiana",2,3,1,"richland township, madison county, indiana",3,1.0,False,"{""richland township, madison county, indiana"": 3}"
ca,Catalan,entity_or_value,rick parker,"""Rick Parker""",2,2,1,rick parker,2,1.0,False,"{""rick parker"": 2}"
ca,Catalan,entity_or_value,ricky sbragia,Ricky_Sbragia,2,2,1,ricky sbragia,2,1.0,False,"{""ricky sbragia"": 2}"
ca,Catalan,entity_or_value,"ridgewood, queens","Ridgewood,_Queens",2,15,1,"ridgewood, queens",15,1.0,False,"{""ridgewood, queens"": 15}"
ca,Catalan,entity_or_value,ring of fire ii,Ring_of_Fire_II,2,9,1,anell de foc ii,9,1.0,False,"{""anell de foc ii"": 9}"
ca,Catalan,entity_or_value,riverside art museum,Riverside_Art_Museum,2,16,1,museu d'art de riverside,16,1.0,False,"{""museu d'art de riverside"": 16}"
ca,Catalan,entity_or_value,roadburn festival,Roadburn_Festival,2,2,1,festival de roadburn,2,1.0,False,"{""festival de roadburn"": 2}"
ca,Catalan,entity_or_value,roadside attractions,Roadside_Attractions,2,19,1,roadside attractions,19,1.0,False,"{""roadside attractions"": 19}"
ca,Catalan,entity_or_value,robert a. heinlein,Robert_A._Heinlein,2,20,1,robert a. heinlein,20,1.0,False,"{""robert a. heinlein"": 20}"
ca,Catalan,entity_or_value,robert a. m. stern,Robert_A._M._Stern,2,47,1,robert a. m. stern,47,1.0,False,"{""robert a. m. stern"": 47}"
ca,Catalan,entity_or_value,robert e. lee,Robert_E._Lee,2,17,1,robert lee,17,1.0,False,"{""robert lee"": 17}"
ca,Catalan,entity_or_value,robert eenhoorn,Robert_Eenhoorn,2,3,1,robert eenhoorn,3,1.0,False,"{""robert eenhoorn"": 3}"
ca,Catalan,entity_or_value,robert gates,Robert_Gates,2,5,1,robert gates,5,1.0,False,"{""robert gates"": 5}"
ca,Catalan,entity_or_value,rochdale,Rochdale,2,7,1,rochdale,7,1.0,False,"{""rochdale"": 7}"
ca,Catalan,entity_or_value,rock (geology),Rock_(geology),2,15,1,roca (geologia),15,1.0,False,"{""roca (geologia)"": 15}"
ca,Catalan,entity_or_value,rock and roll,Rock_and_roll,2,15,1,rock and roll,15,1.0,False,"{""rock and roll"": 15}"
ca,Catalan,entity_or_value,rock music,Rock_music,2,239,1,rock,239,1.0,False,"{""rock"": 239}"
ca,Catalan,entity_or_value,rodolfo llopis,Rodolfo_Llopis,2,6,1,rodolf llopis ferrándiz,6,1.0,False,"{""rodolf llopis ferrándiz"": 6}"
ca,Catalan,entity_or_value,rodrigo duterte,Rodrigo_Duterte,2,3,1,rodrigo duterte,3,1.0,False,"{""rodrigo duterte"": 3}"
ca,Catalan,entity_or_value,roger mckenzie (comic book writer),Roger_McKenzie_(comic_book_writer),2,11,1,roger mckenzie (escriptor de còmics),11,1.0,False,"{""roger mckenzie (escriptor de còmics)"": 11}"
ca,Catalan,entity_or_value,roger stern,Roger_Stern,2,9,1,roger stern,9,1.0,False,"{""roger stern"": 9}"
ca,Catalan,entity_or_value,roland desmond,"""Roland Desmond""",2,5,1,roland desmond,5,1.0,False,"{""roland desmond"": 5}"
ca,Catalan,entity_or_value,rolando maran,Rolando_Maran,2,46,1,rolando maran,46,1.0,False,"{""rolando maran"": 46}"
ca,Catalan,entity_or_value,rolls-royce holdings,Rolls-Royce_Holdings,2,4,1,rolls-royce holdings,4,1.0,False,"{""rolls-royce holdings"": 4}"
ca,Catalan,entity_or_value,rolls-royce power systems,Rolls-Royce_Power_Systems,2,5,1,rolls-royce power systems,5,1.0,False,"{""rolls-royce power systems"": 5}"
ca,Catalan,entity_or_value,romanesque revival architecture,Romanesque_Revival_architecture,2,6,1,neoromànic,6,1.0,False,"{""neoromànic"": 6}"
ca,Catalan,entity_or_value,romani people,Romani_people,2,3,1,gitanos,3,1.0,False,"{""gitanos"": 3}"
ca,Catalan,entity_or_value,romania,Romania,2,184,1,romania,184,1.0,False,"{""romania"": 184}"
ca,Catalan,entity_or_value,rome,Rome,2,98,1,roma,98,1.0,False,"{""roma"": 98}"
ca,Catalan,entity_or_value,"rome, italy","""Rome, Italy""",2,9,1,"roma, itàlia",9,1.0,False,"{""roma, itàlia"": 9}"
ca,Catalan,entity_or_value,rona fairhead,Rona_Fairhead,2,4,1,rona fairhead,4,1.0,False,"{""rona fairhead"": 4}"
ca,Catalan,entity_or_value,rops,RoPS,2,6,1,rovaniemen palloseura,6,1.0,False,"{""rovaniemen palloseura"": 6}"
ca,Catalan,entity_or_value,roque de los muchachos observatory,Roque_de_los_Muchachos_Observatory,2,6,1,observatori del roque de los muchachos,6,1.0,False,"{""observatori del roque de los muchachos"": 6}"
ca,Catalan,entity_or_value,rosaceae,Rosaceae,2,9,1,rosàcies,9,1.0,False,"{""rosàcies"": 9}"
ca,Catalan,entity_or_value,rosales,Rosales,2,7,1,rosals,7,1.0,False,"{""rosals"": 7}"
ca,Catalan,entity_or_value,rosids,Rosids,2,9,1,ròsides,9,1.0,False,"{""ròsides"": 9}"
ca,Catalan,entity_or_value,rostock,Rostock,2,52,1,rostock,52,1.0,False,"{""rostock"": 52}"
ca,Catalan,entity_or_value,"round rock, texas","Round_Rock,_Texas",2,9,1,"round rock, texas",9,1.0,False,"{""round rock, texas"": 9}"
ca,Catalan,entity_or_value,rover company,Rover_Company,2,6,1,companyia rover,6,1.0,False,"{""companyia rover"": 6}"
ca,Catalan,entity_or_value,"roy d. chapin, jr.","Roy_D._Chapin,_Jr.",2,9,1,"roy d. chapin, jr.",9,1.0,False,"{""roy d. chapin, jr."": 9}"
ca,Catalan,entity_or_value,roy thomas,Roy_Thomas,2,7,1,roy thomas,7,1.0,False,"{""roy thomas"": 7}"
ca,Catalan,entity_or_value,royal artillery,Royal_Artillery,2,15,1,royal artillery,15,1.0,False,"{""royal artillery"": 15}"
ca,Catalan,entity_or_value,runcorn f.c. halton,Runcorn_F.C._Halton,2,6,1,runcorn f.c. halton (anglès),6,1.0,False,"{""runcorn f.c. halton (anglès)"": 6}"
ca,Catalan,entity_or_value,russia,Russia,2,22,1,rússia,22,1.0,False,"{""rússia"": 22}"
ca,Catalan,entity_or_value,russian civil war,Russian_Civil_War,2,8,1,guerra civil russa,8,1.0,False,"{""guerra civil russa"": 8}"
ca,Catalan,entity_or_value,russian football national league,Russian_Football_National_League,2,2,1,lliga nacional de futbol de rússia,2,1.0,False,"{""lliga nacional de futbol de rússia"": 2}"
ca,Catalan,entity_or_value,russian language,Russian_language,2,2,1,llengua russa,2,1.0,False,"{""llengua russa"": 2}"
ca,Catalan,entity_or_value,rutaceae,Rutaceae,2,12,1,rutàcies,12,1.0,False,"{""rutàcies"": 12}"
ca,Catalan,entity_or_value,ruth ribicoff,"""Ruth Ribicoff""",2,33,1,ruth ribicoff,33,1.0,False,"{""ruth ribicoff"": 33}"
ca,Catalan,entity_or_value,"rutland arms, bakewell, in 1820","""Rutland Arms, Bakewell, in 1820""",2,9,1,"rutland arms, bakewell, el 1820",9,1.0,False,"{""rutland arms, bakewell, el 1820"": 9}"
ca,Catalan,entity_or_value,ryan potter,Ryan_Potter,2,5,1,ryan potter,5,1.0,False,"{""ryan potter"": 5}"
ca,Catalan,entity_or_value,s.a. (corporation),S.A._(corporation),2,28,1,s.a. (corporació),28,1.0,False,"{""s.a. (corporació)"": 28}"
ca,Catalan,entity_or_value,s.s. chieti calcio,S.S._Chieti_Calcio,2,3,1,chieti calcio,3,1.0,False,"{""chieti calcio"": 3}"
ca,Catalan,entity_or_value,s.s. robur siena,S.S._Robur_Siena,2,5,1,s.s. robur siena,5,1.0,False,"{""s.s. robur siena"": 5}"
ca,Catalan,entity_or_value,s.s.d. potenza calcio,S.S.D._Potenza_Calcio,2,5,1,s.s.d. potenza calcio,5,1.0,False,"{""s.s.d. potenza calcio"": 5}"
ca,Catalan,entity_or_value,saab 9000,Saab_9000,2,24,1,saab 9000,24,1.0,False,"{""saab 9000"": 24}"
ca,Catalan,entity_or_value,sadique abubakar,Sadique_Abubakar,2,5,1,sadique abubakar,5,1.0,False,"{""sadique abubakar"": 5}"
ca,Catalan,entity_or_value,sage publications,SAGE_Publications,2,9,1,publicacions sage,9,1.0,False,"{""publicacions sage"": 9}"
ca,Catalan,entity_or_value,"sage publications for the samuel curtis johnson graduate school of management, cornell university","""SAGE Publications for the Samuel Curtis Johnson Graduate School of Management, Cornell University""",2,4,1,"sage publications per a la samuel curtis johnson graduate school of management, universitat de cornell",4,1.0,False,"{""sage publications per a la samuel curtis johnson graduate school of management, universitat de cornell"": 4}"
ca,Catalan,entity_or_value,sago,Sago,2,24,1,sago,24,1.0,False,"{""sago"": 24}"
ca,Catalan,entity_or_value,"saint anne, alderney","Saint_Anne,_Alderney",2,2,1,"saint anne, alderney",2,1.0,False,"{""saint anne, alderney"": 2}"
ca,Catalan,entity_or_value,saint petersburg,Saint_Petersburg,2,37,1,sant petersburg,37,1.0,False,"{""sant petersburg"": 37}"
ca,Catalan,entity_or_value,"salem, oregon","Salem,_Oregon",2,9,1,"salem, oregon",9,1.0,False,"{""salem, oregon"": 9}"
ca,Catalan,entity_or_value,salvadoran primera división,Salvadoran_Primera_División,2,7,1,primera divisió salvadorenca,7,1.0,False,"{""primera divisió salvadorenca"": 7}"
ca,Catalan,entity_or_value,sami languages,Sami_languages,2,4,1,llengües sami,4,1.0,False,"{""llengües sami"": 4}"
ca,Catalan,entity_or_value,sammy price,Sammy_Price,2,4,1,sammy price,4,1.0,False,"{""sammy price"": 4}"
ca,Catalan,entity_or_value,samuda brothers,Samuda_Brothers,2,13,1,germans samuda,13,1.0,False,"{""germans samuda"": 13}"
ca,Catalan,entity_or_value,san francisco,San_Francisco,2,32,1,san francisco,32,1.0,False,"{""san francisco"": 32}"
ca,Catalan,entity_or_value,san francisco bay area,San_Francisco_Bay_Area,2,17,1,àrea de la badia de san francisco,17,1.0,False,"{""àrea de la badia de san francisco"": 17}"
ca,Catalan,entity_or_value,"san marcos, texas","San_Marcos,_Texas",2,7,1,"san marcos, texas",7,1.0,False,"{""san marcos, texas"": 7}"
ca,Catalan,entity_or_value,san sebastián de los reyes,San_Sebastián_de_los_Reyes,2,40,1,san sebastián de los reyes,40,1.0,False,"{""san sebastián de los reyes"": 40}"
ca,Catalan,entity_or_value,sanat mes kerman f.c.,Sanat_Mes_Kerman_F.C.,2,5,1,mes kerman fc,5,1.0,False,"{""mes kerman fc"": 5}"
ca,Catalan,entity_or_value,sandesh (confectionery),Sandesh_(confectionery),2,35,1,sandesh (confeccions),35,1.0,False,"{""sandesh (confeccions)"": 35}"
ca,Catalan,entity_or_value,sapindales,Sapindales,2,5,1,sapindals,5,1.0,False,"{""sapindals"": 5}"
ca,Catalan,entity_or_value,sara miller mccune,Sara_Miller_McCune,2,4,1,sara miller mccune,4,1.0,False,"{""sara miller mccune"": 4}"
ca,Catalan,entity_or_value,sarah teale,Sarah_Teale,2,20,1,sarah teale,20,1.0,False,"{""sarah teale"": 20}"
ca,Catalan,entity_or_value,"saranac lake, new york","Saranac_Lake,_New_York",2,71,1,"llac saranac, nova york",71,1.0,False,"{""llac saranac, nova york"": 71}"
ca,Catalan,entity_or_value,sarawak,Sarawak,2,21,1,sarawak,21,1.0,False,"{""sarawak"": 21}"
ca,Catalan,entity_or_value,sardar ayaz sadiq,Sardar_Ayaz_Sadiq,2,5,1,sardar ayaz sadiq,5,1.0,False,"{""sardar ayaz sadiq"": 5}"
ca,Catalan,entity_or_value,saskatchewan,Saskatchewan,2,6,1,saskatchewan,6,1.0,False,"{""saskatchewan"": 6}"
ca,Catalan,entity_or_value,sauli niinistö,Sauli_Niinistö,2,13,1,sauli niinistö,13,1.0,False,"{""sauli niinistö"": 13}"
ca,Catalan,entity_or_value,sausage,Sausage,2,31,1,salsitxa,31,1.0,False,"{""salsitxa"": 31}"
ca,Catalan,entity_or_value,sbct,"""SBCT""",2,4,1,sbct,4,1.0,False,"{""sbct"": 4}"
ca,Catalan,entity_or_value,sc wiener neustadt,SC_Wiener_Neustadt,2,9,1,wiener neustadt,9,1.0,False,"{""wiener neustadt"": 9}"
ca,Catalan,entity_or_value,"schenectady, new york","Schenectady,_New_York",2,3,1,"schenectady, nova york",3,1.0,False,"{""schenectady, nova york"": 3}"
ca,Catalan,entity_or_value,schiphol group,Schiphol_Group,2,2,1,grup schiphol,2,1.0,False,"{""grup schiphol"": 2}"
ca,Catalan,entity_or_value,school of applied arts in stuttgart,School_of_Applied_Arts_in_Stuttgart,2,12,1,escola d'arts aplicades de stuttgart,12,1.0,False,"{""escola d'arts aplicades de stuttgart"": 12}"
ca,Catalan,entity_or_value,school of business and social sciences at the aarhus university,School of Business and Social Sciences at the Aarhus University,2,286,1,escola d'empreses i ciències socials de la universitat d'aarhus,286,1.0,False,"{""escola d'empreses i ciències socials de la universitat d'aarhus"": 286}"
ca,Catalan,entity_or_value,scot gemmill,Scot_Gemmill,2,2,1,scot gemmill,2,1.0,False,"{""scot gemmill"": 2}"
ca,Catalan,entity_or_value,scotland,Scotland,2,2,1,escòcia,2,1.0,False,"{""escòcia"": 2}"
ca,Catalan,entity_or_value,scotland national under-19 football team,Scotland_national_under-19_football_team,2,4,1,escòcia u19,4,1.0,False,"{""escòcia u19"": 4}"
ca,Catalan,entity_or_value,scotland national under-21 football team,Scotland_national_under-21_football_team,2,5,1,escòcia u21,5,1.0,False,"{""escòcia u21"": 5}"
ca,Catalan,entity_or_value,scott adsit,Scott_Adsit,2,11,1,scott adsit,11,1.0,False,"{""scott adsit"": 11}"
ca,Catalan,entity_or_value,seat ibiza,SEAT_Ibiza,2,7,1,seat ibiza,7,1.0,False,"{""seat ibiza"": 7}"
ca,Catalan,entity_or_value,seat of local government,Seat_of_local_government,2,2,1,sede de l'administració local,2,1.0,False,"{""sede de l'administració local"": 2}"
ca,Catalan,entity_or_value,seattle,Seattle,2,12,1,seattle,12,1.0,False,"{""seattle"": 12}"
ca,Catalan,entity_or_value,secretary of state of vermont,Secretary_of_State_of_Vermont,2,20,1,secretari d'estat de vermont,20,1.0,False,"{""secretari d'estat de vermont"": 20}"
ca,Catalan,entity_or_value,sedan (automobile),Sedan_(automobile),2,11,1,sedan (automòbil),11,1.0,False,"{""sedan (automòbil)"": 11}"
ca,Catalan,entity_or_value,seminary ridge,Seminary_Ridge,2,12,1,seminari ridge,12,1.0,False,"{""seminari ridge"": 12}"
ca,Catalan,entity_or_value,senate (netherlands),Senate_(Netherlands),2,2,1,senat (països baixos),2,1.0,False,"{""senat (països baixos)"": 2}"
ca,Catalan,entity_or_value,serbia,Serbia,2,4,1,sèrbia,4,1.0,False,"{""sèrbia"": 4}"
ca,Catalan,entity_or_value,sergey belyavsky,Sergey_Belyavsky,2,7,1,serguei beliavski,7,1.0,False,"{""serguei beliavski"": 7}"
ca,Catalan,entity_or_value,sergey naryshkin,Sergey_Naryshkin,2,5,1,sergey naryshkin,5,1.0,False,"{""sergey naryshkin"": 5}"
ca,Catalan,entity_or_value,sergey rodionov,Sergey_Rodionov,2,3,1,sergey rodionov,3,1.0,False,"{""sergey rodionov"": 3}"
ca,Catalan,entity_or_value,sergey sobyanin,Sergey_Sobyanin,2,5,1,serguei sobianin,5,1.0,False,"{""serguei sobianin"": 5}"
ca,Catalan,entity_or_value,sergio marchionne,Sergio_Marchionne,2,4,1,sergio marchionne,4,1.0,False,"{""sergio marchionne"": 4}"
ca,Catalan,entity_or_value,sergio mattarella,Sergio_Mattarella,2,36,1,sergio mattarella,36,1.0,False,"{""sergio mattarella"": 36}"
ca,Catalan,entity_or_value,serie a,Serie_A,2,76,1,lliga italiana de futbol,76,1.0,False,"{""lliga italiana de futbol"": 76}"
ca,Catalan,entity_or_value,serie b,Serie_B,2,31,1,serie b,31,1.0,False,"{""serie b"": 31}"
ca,Catalan,entity_or_value,serie d,Serie_D,2,10,1,serie d,10,1.0,False,"{""serie d"": 10}"
ca,Catalan,entity_or_value,sesame oil,Sesame_oil,2,12,1,oli de sèsam,12,1.0,False,"{""oli de sèsam"": 12}"
ca,Catalan,entity_or_value,shabab al-ordon club,Shabab_Al-Ordon_Club,2,14,1,shabab al ordon al qadisiya,14,1.0,False,"{""shabab al ordon al qadisiya"": 14}"
ca,Catalan,entity_or_value,shanachie records,Shanachie_Records,2,13,1,shanachie records,13,1.0,False,"{""shanachie records"": 13}"
ca,Catalan,entity_or_value,shehbaz sharif,Shehbaz_Sharif,2,4,1,shahbaz sharif,4,1.0,False,"{""shahbaz sharif"": 4}"
ca,Catalan,entity_or_value,sheikh russel kc,Sheikh_Russel_KC,2,7,1,sheikh russel kc,7,1.0,False,"{""sheikh russel kc"": 7}"
ca,Catalan,entity_or_value,sheldon moldoff,Sheldon_Moldoff,2,16,1,sheldon moldoff,16,1.0,False,"{""sheldon moldoff"": 16}"
ca,Catalan,entity_or_value,shenzhou 10,Shenzhou_10,2,15,1,shenzhou 10,15,1.0,False,"{""shenzhou 10"": 15}"
ca,Catalan,entity_or_value,shenzhou 6,Shenzhou_6,2,13,1,shenzhou 6,13,1.0,False,"{""shenzhou 6"": 13}"
ca,Catalan,entity_or_value,shiitake,Shiitake,2,8,1,shiitake,8,1.0,False,"{""shiitake"": 8}"
ca,Catalan,entity_or_value,shinzō abe,Shinzō_Abe,2,5,1,shinzō abe,5,1.0,False,"{""shinzō abe"": 5}"
ca,Catalan,entity_or_value,"shirley, derbyshire","Shirley,_Derbyshire",2,12,1,"shirley, derbyshire",12,1.0,False,"{""shirley, derbyshire"": 12}"
ca,Catalan,entity_or_value,shortcrust pastry,Shortcrust_pastry,2,9,1,pasta brisada o trencada,9,1.0,False,"{""pasta brisada o trencada"": 9}"
ca,Catalan,entity_or_value,shrimp,Shrimp,2,4,1,caranguejos,4,1.0,False,"{""caranguejos"": 4}"
ca,Catalan,entity_or_value,shumai,Shumai,2,43,1,shumai,43,1.0,False,"{""shumai"": 43}"
ca,Catalan,entity_or_value,shuvalan,Shuvalan,2,3,1,shuvalan,3,1.0,False,"{""shuvalan"": 3}"
ca,Catalan,entity_or_value,"shuvalan, baku, azerbaijan","""Shuvalan, Baku, Azerbaijan""",2,2,1,"shuvalan, baku, azerbaidjan",2,1.0,False,"{""shuvalan, baku, azerbaidjan"": 2}"
ca,Catalan,entity_or_value,sidcup,Sidcup,2,32,1,sidcup,32,1.0,False,"{""sidcup"": 32}"
ca,Catalan,entity_or_value,siege of petersburg,Siege_of_Petersburg,2,14,1,setge de petersburg,14,1.0,False,"{""setge de petersburg"": 14}"
ca,Catalan,entity_or_value,silvano aureoles conejo,Silvano_Aureoles_Conejo,2,28,1,silvano aureoles conejo,28,1.0,False,"{""silvano aureoles conejo"": 28}"
ca,Catalan,entity_or_value,silvio berlusconi,Silvio_Berlusconi,2,10,1,berlusca,10,1.0,False,"{""berlusca"": 10}"
ca,Catalan,entity_or_value,simon & schuster,Simon_&_Schuster,2,2,1,simon & schuster,2,1.0,False,"{""simon & schuster"": 2}"
ca,Catalan,entity_or_value,singapore,Singapore,2,184,1,singapur,184,1.0,False,"{""singapur"": 184}"
ca,Catalan,entity_or_value,singapore and indonesia,"""Singapore and Indonesia""",2,23,1,singapur i indonèsia,23,1.0,False,"{""singapur i indonèsia"": 23}"
ca,Catalan,entity_or_value,singapore dollar,Singapore_dollar,2,3,1,dòlar singapurès,3,1.0,False,"{""dòlar singapurès"": 3}"
ca,Catalan,entity_or_value,"singer, reality television judge","""singer, Reality television judge""",2,9,1,"cantant, jutge de televisió de realitat",9,1.0,False,"{""cantant, jutge de televisió de realitat"": 9}"
ca,Catalan,entity_or_value,singing,Singing,2,61,1,cant,61,1.0,False,"{""cant"": 61}"
ca,Catalan,entity_or_value,"single plate clutch, separate 4-speed gearbox all-silent and all-syncromesh, centre change lever, open tubular propellor shaft with metal joints , spiral bevel fully floating back axle","""single plate clutch, separate 4-speed gearbox all-silent and all-syncromesh, centre change lever, open tubular propellor shaft with metal joints , spiral bevel fully floating back axle""",2,16,1,"embragatge d'una sola placa, caixa de canvis separada de 4 velocitats completament silenciosa i completament sincronitzada, palanca de canvi central, eix d'hèlix tubular obert amb juntes metàl·liques, eix posterior completament flotant amb bisell espiral",16,1.0,False,"{""embragatge d'una sola placa, caixa de canvis separada de 4 velocitats completament silenciosa i completament sincronitzada, palanca de canvi central, eix d'hèlix tubular obert amb juntes metàl·liques, eix posterior completament flotant amb bisell espiral"": 16}"
ca,Catalan,entity_or_value,siniša mihajlović,Siniša_Mihajlović,2,29,1,siniša mihajlović,29,1.0,False,"{""siniša mihajlović"": 29}"
ca,Catalan,entity_or_value,siomay,Siomay,2,50,1,siomay,50,1.0,False,"{""siomay"": 50}"
ca,Catalan,entity_or_value,sk rapid wien,SK_Rapid_Wien,2,4,1,sk rapid wien,4,1.0,False,"{""sk rapid wien"": 4}"
ca,Catalan,entity_or_value,sk vorwärts steyr,SK_Vorwärts_Steyr,2,9,1,sportklub vorwärts steyr,9,1.0,False,"{""sportklub vorwärts steyr"": 9}"
ca,Catalan,entity_or_value,ska,Ska,2,11,1,ska,11,1.0,False,"{""ska"": 11}"
ca,Catalan,entity_or_value,ska punk,Ska_punk,2,32,1,ska punk,32,1.0,False,"{""ska punk"": 32}"
ca,Catalan,entity_or_value,slavey language,Slavey_language,2,3,1,llengua eslava,3,1.0,False,"{""llengua eslava"": 3}"
ca,Catalan,entity_or_value,slk,"""SLK""",2,2,1,slk,2,1.0,False,"{""slk"": 2}"
ca,Catalan,entity_or_value,sludge metal,Sludge_metal,2,29,1,sludge metal,29,1.0,False,"{""sludge metal"": 29}"
ca,Catalan,entity_or_value,smilodon,Smilodon,2,2,1,smilodon,2,1.0,False,"{""smilodon"": 2}"
ca,Catalan,entity_or_value,socialist party (netherlands),Socialist_Party_(Netherlands),2,49,1,partit socialista (països baixos),49,1.0,False,"{""partit socialista (països baixos)"": 49}"
ca,Catalan,entity_or_value,socialist republic of serbia,Socialist_Republic_of_Serbia,2,2,1,república socialista de sèrbia,2,1.0,False,"{""república socialista de sèrbia"": 2}"
ca,Catalan,entity_or_value,soho press,Soho_Press,2,47,1,soho press,47,1.0,False,"{""soho press"": 47}"
ca,Catalan,entity_or_value,solanaceae,Solanaceae,2,7,1,solanàcies,7,1.0,False,"{""solanàcies"": 7}"
ca,Catalan,entity_or_value,solanales,Solanales,2,26,1,solanals,26,1.0,False,"{""solanals"": 26}"
ca,Catalan,entity_or_value,solanum,Solanum,2,4,1,solanum,4,1.0,False,"{""solanum"": 4}"
ca,Catalan,entity_or_value,sold to argentina 15 october 1968,"""Sold to Argentina 15 October 1968""",2,2,1,venduda a l'argentina el 15 d'octubre de 1968,2,1.0,False,"{""venduda a l'argentina el 15 d'octubre de 1968"": 2}"
ca,Catalan,entity_or_value,solo singer,"""solo_singer""",2,193,1,cantant en solitari,193,1.0,False,"{""cantant en solitari"": 193}"
ca,Catalan,entity_or_value,songwriter,Songwriter,2,5,1,compositor de cançons,5,1.0,False,"{""compositor de cançons"": 5}"
ca,Catalan,entity_or_value,sony music entertainment,Sony_Music_Entertainment,2,13,1,sony music entertainment (anglès),13,1.0,False,"{""sony music entertainment (anglès)"": 13}"
ca,Catalan,entity_or_value,soul music,Soul_music,2,6,1,música soul,6,1.0,False,"{""música soul"": 6}"
ca,Catalan,entity_or_value,soup,Soup,2,5,1,sopa,5,1.0,False,"{""sopa"": 5}"
ca,Catalan,entity_or_value,sour cream,Sour_cream,2,13,1,crema agra,13,1.0,False,"{""crema agra"": 13}"
ca,Catalan,entity_or_value,south africa,South_Africa,2,114,1,sud-àfrica,114,1.0,False,"{""sud-àfrica"": 114}"
ca,Catalan,entity_or_value,south capitol street,South_Capitol_Street,2,4,1,carrer del capitoli sud,4,1.0,False,"{""carrer del capitoli sud"": 4}"
ca,Catalan,entity_or_value,south german gulden,South_German_gulden,2,2,1,gulden sud-alemany,2,1.0,False,"{""gulden sud-alemany"": 2}"
ca,Catalan,entity_or_value,south jersey transportation authority,South_Jersey_Transportation_Authority,2,8,1,autoritat de transport de south jersey,8,1.0,False,"{""autoritat de transport de south jersey"": 8}"
ca,Catalan,entity_or_value,"south region, brazil","South_Region,_Brazil",2,13,1,"regió sud, brasil",13,1.0,False,"{""regió sud, brasil"": 13}"
ca,Catalan,entity_or_value,south runway,"""South Runway""",2,6,1,pista sud,6,1.0,False,"{""pista sud"": 6}"
ca,Catalan,entity_or_value,south-east asian theatre of world war ii,South-East_Asian_theatre_of_World_War_II,2,3,1,teatre del sud-est asiàtic de la segona guerra mundial,3,1.0,False,"{""teatre del sud-est asiàtic de la segona guerra mundial"": 3}"
ca,Catalan,entity_or_value,southern sludge,Southern_sludge,2,3,1,fang del sud,3,1.0,False,"{""fang del sud"": 3}"
ca,Catalan,entity_or_value,sovcomflot,Sovcomflot,2,4,1,sovcomflot,4,1.0,False,"{""sovcomflot"": 4}"
ca,Catalan,entity_or_value,soviet union,Soviet_Union,2,5,1,unió soviètica,5,1.0,False,"{""unió soviètica"": 5}"
ca,Catalan,entity_or_value,soviet union national football team,Soviet_Union_national_football_team,2,19,1,equip nacional de futbol de la unió soviètica,19,1.0,False,"{""equip nacional de futbol de la unió soviètica"": 19}"
ca,Catalan,entity_or_value,spaceport florida launch complex 36,Spaceport_Florida_Launch_Complex_36,2,16,1,complex de llançament spaceport florida 36,16,1.0,False,"{""complex de llançament spaceport florida 36"": 16}"
ca,Catalan,entity_or_value,spacewatch,Spacewatch,2,21,1,spacewatch,21,1.0,False,"{""spacewatch"": 21}"
ca,Catalan,entity_or_value,spain,Spain,2,346,1,espanya,346,1.0,False,"{""espanya"": 346}"
ca,Catalan,entity_or_value,spaniards,Spaniards,2,37,1,espanyols,37,1.0,False,"{""espanyols"": 37}"
ca,Catalan,entity_or_value,spanish language,Spanish_language,2,108,1,llengua espanyola,108,1.0,False,"{""llengua espanyola"": 108}"
ca,Catalan,entity_or_value,spanish socialist workers' party,Spanish_Socialist_Workers'_Party,2,12,1,partit socialista obrer espanyol,12,1.0,False,"{""partit socialista obrer espanyol"": 12}"
ca,Catalan,entity_or_value,spanish–american war,Spanish–American_War,2,4,1,guerra hispano-estatunidenca,4,1.0,False,"{""guerra hispano-estatunidenca"": 4}"
ca,Catalan,entity_or_value,sparta prague,Sparta_Prague,2,5,1,esparta praga,5,1.0,False,"{""esparta praga"": 5}"
ca,Catalan,entity_or_value,sparta rotterdam,Sparta_Rotterdam,2,2,1,sparta rotterdam,2,1.0,False,"{""sparta rotterdam"": 2}"
ca,Catalan,entity_or_value,spata,Spata,2,8,1,spatagreece prefectures. kgm,8,1.0,False,"{""spatagreece prefectures. kgm"": 8}"
ca,Catalan,entity_or_value,sphinx class cruise ship,"""Sphinx class cruise ship""",2,2,1,vaixell de creuers de classe sphinx,2,1.0,False,"{""vaixell de creuers de classe sphinx"": 2}"
ca,Catalan,entity_or_value,sphinx-class cruise ship,"""Sphinx-class cruise ship""",2,3,1,sphinx,3,1.0,False,"{""sphinx"": 3}"
ca,Catalan,entity_or_value,spokesman of popular orthodox rally,"""Spokesman of Popular Orthodox Rally""",2,3,1,portaveu de la reunió popular ortodoxa,3,1.0,False,"{""portaveu de la reunió popular ortodoxa"": 3}"
ca,Catalan,entity_or_value,sponge cake,Sponge_cake,2,17,1,pa de pessic,17,1.0,False,"{""pa de pessic"": 17}"
ca,Catalan,entity_or_value,sportpark de toekomst,Sportpark_De_Toekomst,2,42,1,sportpark de toekomst,42,1.0,False,"{""sportpark de toekomst"": 42}"
ca,Catalan,entity_or_value,springer science+business media,Springer_Science+Business_Media,2,5,1,springer science+business media,5,1.0,False,"{""springer science+business media"": 5}"
ca,Catalan,entity_or_value,"springfield, illinois","Springfield,_Illinois",2,6,1,"springfield, illinois",6,1.0,False,"{""springfield, illinois"": 6}"
ca,Catalan,entity_or_value,squeeze (the velvet underground album),Squeeze_(The_Velvet_Underground_album),2,31,1,squeeze (àlbum de the velvet underground),31,1.0,False,"{""squeeze (àlbum de the velvet underground)"": 31}"
ca,Catalan,entity_or_value,"squeezed"" or ""smashed"" fried chicken served with sambal","""Squeezed"" or ""smashed"" fried chicken served with sambal",2,22,1,"pollastre fritat ""espremut"" o ""trencat"" servit amb sambal",22,1.0,False,"{""pollastre fritat \""espremut\"" o \""trencat\"" servit amb sambal"": 22}"
ca,Catalan,entity_or_value,squid,Squid,2,7,1,squid,7,1.0,False,"{""squid"": 7}"
ca,Catalan,entity_or_value,sri jayawardenepura kotte,Sri_Jayawardenepura_Kotte,2,28,1,sri jayawardenapura,28,1.0,False,"{""sri jayawardenapura"": 28}"
ca,Catalan,entity_or_value,sri lanka,Sri_Lanka,2,156,1,sri lanka,156,1.0,False,"{""sri lanka"": 156}"
ca,Catalan,entity_or_value,sri lankan rupee,Sri_Lankan_rupee,2,13,1,rupia de sri lanka,13,1.0,False,"{""rupia de sri lanka"": 13}"
ca,Catalan,entity_or_value,"st. benedict's monastery, adisham, haputhale, sri lanka","""St. Benedict's Monastery, Adisham, Haputhale, Sri Lanka""",2,5,1,"monestir de sant benet, adisham, haputhale, sri lanka",5,1.0,False,"{""monestir de sant benet, adisham, haputhale, sri lanka"": 5}"
ca,Catalan,entity_or_value,st. louis,St._Louis,2,123,1,saint louis,123,1.0,False,"{""saint louis"": 123}"
ca,Catalan,entity_or_value,st. louis rams,St._Louis_Rams,2,41,1,st. louis rams,41,1.0,False,"{""st. louis rams"": 41}"
ca,Catalan,entity_or_value,"st. louis, missouri","St._Louis,_Missouri",2,13,1,"st. louis, missouri",13,1.0,False,"{""st. louis, missouri"": 13}"
ca,Catalan,entity_or_value,st. vincent–st. mary high school,St._Vincent–St._Mary_High_School,2,70,1,st. vincent–st. mary high school,70,1.0,False,"{""st. vincent–st. mary high school"": 70}"
ca,Catalan,entity_or_value,stacy katzman,Stacy_Katzman,2,11,1,stacy katzman,11,1.0,False,"{""stacy katzman"": 11}"
ca,Catalan,entity_or_value,stadio armando picchi,Stadio_Armando_Picchi,2,8,1,estadi armando picchi,8,1.0,False,"{""estadi armando picchi"": 8}"
ca,Catalan,entity_or_value,stadio dino manuzzi,Stadio_Dino_Manuzzi,2,6,1,stadio dino manuzzi,6,1.0,False,"{""stadio dino manuzzi"": 6}"
ca,Catalan,entity_or_value,stadio marc'antonio bentegodi,Stadio_Marc'Antonio_Bentegodi,2,7,1,stadio marc'antonio bentegodi,7,1.0,False,"{""stadio marc'antonio bentegodi"": 7}"
ca,Catalan,entity_or_value,stadio olimpico,Stadio_Olimpico,2,8,1,estadi olímpic de roma,8,1.0,False,"{""estadi olímpic de roma"": 8}"
ca,Catalan,entity_or_value,stadio pietro barbetti,Stadio_Pietro_Barbetti,2,3,1,stadio pietro barbetti,3,1.0,False,"{""stadio pietro barbetti"": 3}"
ca,Catalan,entity_or_value,stan lee,Stan_Lee,2,6,1,stan lee,6,1.0,False,"{""stan lee"": 6}"
ca,Catalan,entity_or_value,standard chinese,Standard_Chinese,2,20,1,mandarí estàndard,20,1.0,False,"{""mandarí estàndard"": 20}"
ca,Catalan,entity_or_value,stanford university,Stanford_University,2,13,1,universitat stanford,13,1.0,False,"{""universitat stanford"": 13}"
ca,Catalan,entity_or_value,stanislaw tillich,Stanislaw_Tillich,2,3,1,stanislaw tillich,3,1.0,False,"{""stanislaw tillich"": 3}"
ca,Catalan,entity_or_value,stanyan records,Stanyan_Records,2,6,1,stanyan records,6,1.0,False,"{""stanyan records"": 6}"
ca,Catalan,entity_or_value,stargate (production team),Stargate_(production_team),2,7,1,stargate (equip de producció),7,1.0,False,"{""stargate (equip de producció)"": 7}"
ca,Catalan,entity_or_value,state award for superior achievement,State_Award_for_Superior_Achievement,2,7,1,premi de l'estat per l'èxit superior,7,1.0,False,"{""premi de l'estat per l'èxit superior"": 7}"
ca,Catalan,entity_or_value,state of israel,"""State of Israel""",2,3,1,estat d'israel,3,1.0,False,"{""estat d'israel"": 3}"
ca,Catalan,entity_or_value,staten island,Staten_Island,2,27,1,staten island,27,1.0,False,"{""staten island"": 27}"
ca,Catalan,entity_or_value,static caravan recordings,Static_Caravan_Recordings,2,17,1,static caravan recordings,17,1.0,False,"{""static caravan recordings"": 17}"
ca,Catalan,entity_or_value,station wagon,Station_wagon,2,15,1,familiar,15,1.0,False,"{""familiar"": 15}"
ca,Catalan,entity_or_value,steel azin f.c.,Steel_Azin_F.C.,2,14,1,steel azin fc,14,1.0,False,"{""steel azin fc"": 14}"
ca,Catalan,entity_or_value,stellendam,Stellendam,2,26,1,stellendam,26,1.0,False,"{""stellendam"": 26}"
ca,Catalan,entity_or_value,"stellendam, netherlands","""Stellendam, Netherlands""",2,3,1,"stellendam, països baixos",3,1.0,False,"{""stellendam, països baixos"": 3}"
ca,Catalan,entity_or_value,stephen dilts,Stephen_Dilts,2,5,1,stephen dilts,5,1.0,False,"{""stephen dilts"": 5}"
ca,Catalan,entity_or_value,stephen yong kuet tze,Stephen_Yong_Kuet_Tze,2,5,1,stephen yong kuet tze,5,1.0,False,"{""stephen yong kuet tze"": 5}"
ca,Catalan,entity_or_value,"steuben county, indiana","Steuben_County,_Indiana",2,17,1,"comtat de steuben, indiana",17,1.0,False,"{""comtat de steuben, indiana"": 17}"
ca,Catalan,entity_or_value,steve bright,Steve_Bright,2,26,1,steve bright,26,1.0,False,"{""steve bright"": 26}"
ca,Catalan,entity_or_value,steve bruce,Steve_Bruce,2,4,1,steve bruce,4,1.0,False,"{""steve bruce"": 4}"
ca,Catalan,entity_or_value,steve davis (footballer),Steve_Davis_(footballer),2,5,1,steve davis (futbolista),5,1.0,False,"{""steve davis (futbolista)"": 5}"
ca,Catalan,entity_or_value,steve spagnuolo,Steve_Spagnuolo,2,3,1,steve spagnuolo,3,1.0,False,"{""steve spagnuolo"": 3}"
ca,Catalan,entity_or_value,steven t. seagle,Steven_T._Seagle,2,17,1,steven t. seagle,17,1.0,False,"{""steven t. seagle"": 17}"
ca,Catalan,entity_or_value,stochastic programming,Stochastic_programming,2,16,1,programació estocàstica,16,1.0,False,"{""programació estocàstica"": 16}"
ca,Catalan,entity_or_value,stockholm,Stockholm,2,10,1,estocolm,10,1.0,False,"{""estocolm"": 10}"
ca,Catalan,entity_or_value,stockport county f.c.,Stockport_County_F.C.,2,11,1,stockport county,11,1.0,False,"{""stockport county"": 11}"
ca,Catalan,entity_or_value,stoner sludge,Stoner_sludge,2,2,1,stoner sludge,2,1.0,False,"{""stoner sludge"": 2}"
ca,Catalan,entity_or_value,straight-four engine,Straight-four_engine,2,29,1,motor de quatre cilindres en línia,29,1.0,False,"{""motor de quatre cilindres en línia"": 29}"
ca,Catalan,entity_or_value,straight-six engine,Straight-six_engine,2,5,1,motor de sis directes,5,1.0,False,"{""motor de sis directes"": 5}"
ca,Catalan,entity_or_value,strawberry,Strawberry,2,2,1,maduixa,2,1.0,False,"{""maduixa"": 2}"
ca,Catalan,entity_or_value,string instrument,String_instrument,2,5,1,instrument de corda,5,1.0,False,"{""instrument de corda"": 5}"
ca,Catalan,entity_or_value,stuart parker (footballer),Stuart_Parker_(footballer),2,100,1,stuart parker (futbolista),100,1.0,False,"{""stuart parker (futbolista)"": 100}"
ca,Catalan,entity_or_value,stv,"""STV""",2,12,1,stv,12,1.0,False,"{""stv"": 12}"
ca,Catalan,entity_or_value,styria,Styria,2,16,1,estíria,16,1.0,False,"{""estíria"": 16}"
ca,Catalan,entity_or_value,subsidiary,Subsidiary,2,20,1,subsidiària,20,1.0,False,"{""subsidiària"": 20}"
ca,Catalan,entity_or_value,suburban legends,Suburban_Legends,2,44,1,legendes suburbanes,44,1.0,False,"{""legendes suburbanes"": 44}"
ca,Catalan,entity_or_value,sulaiman abdul rahman taib,Sulaiman_Abdul_Rahman_Taib,2,8,1,sulaiman abdul rahman taib,8,1.0,False,"{""sulaiman abdul rahman taib"": 8}"
ca,Catalan,entity_or_value,sumac (band),Sumac_(band),2,9,1,sumac (banda),9,1.0,False,"{""sumac (banda)"": 9}"
ca,Catalan,entity_or_value,sumatra,Sumatra,2,38,1,sumatra,38,1.0,False,"{""sumatra"": 38}"
ca,Catalan,entity_or_value,sumatra and malay peninsula,"""Sumatra and Malay Peninsula""",2,10,1,sumatra i la península de malàisia,10,1.0,False,"{""sumatra i la península de malàisia"": 10}"
ca,Catalan,entity_or_value,sumitra mahajan,Sumitra_Mahajan,2,26,1,sumitra mahajan,26,1.0,False,"{""sumitra mahajan"": 26}"
ca,Catalan,entity_or_value,"summit county, ohio","Summit_County,_Ohio",2,38,1,"comtat de summit, ohio",38,1.0,False,"{""comtat de summit, ohio"": 38}"
ca,Catalan,entity_or_value,summit media,Summit_Media,2,2,1,summit media,2,1.0,False,"{""summit media"": 2}"
ca,Catalan,entity_or_value,super capers,Super_Capers,2,168,1,super capers,168,1.0,False,"{""super capers"": 168}"
ca,Catalan,entity_or_value,superleague greece,Superleague_Greece,2,30,1,superleague greece,30,1.0,False,"{""superleague greece"": 30}"
ca,Catalan,entity_or_value,supermini,Supermini,2,4,1,segment b,4,1.0,False,"{""segment b"": 4}"
ca,Catalan,entity_or_value,susana díaz,Susana_Díaz,2,13,1,susana díaz pacheco,13,1.0,False,"{""susana díaz pacheco"": 13}"
ca,Catalan,entity_or_value,susana mendoza,Susana_Mendoza,2,16,1,susana mendoza,16,1.0,False,"{""susana mendoza"": 16}"
ca,Catalan,entity_or_value,suwałki,Suwałki,2,4,1,suwałki,4,1.0,False,"{""suwałki"": 4}"
ca,Catalan,entity_or_value,sv babelsberg 03,SV_Babelsberg_03,2,11,1,sv babelsberg 03,11,1.0,False,"{""sv babelsberg 03"": 11}"
ca,Catalan,entity_or_value,sv germania schöneiche,SV_Germania_Schöneiche,2,4,1,sv germania 90 schöneiche,4,1.0,False,"{""sv germania 90 schöneiche"": 4}"
ca,Catalan,entity_or_value,sv werder bremen,SV_Werder_Bremen,2,42,1,werder bremen,42,1.0,False,"{""werder bremen"": 42}"
ca,Catalan,entity_or_value,sv werder bremen ii,SV_Werder_Bremen_II,2,25,1,sv werder bremen ii,25,1.0,False,"{""sv werder bremen ii"": 25}"
ca,Catalan,entity_or_value,sweden,Sweden,2,9,1,suècia,9,1.0,False,"{""suècia"": 9}"
ca,Catalan,entity_or_value,sweet potato,Sweet_potato,2,80,1,moniato,80,1.0,False,"{""moniato"": 80}"
ca,Catalan,entity_or_value,swiss psalm,Swiss_Psalm,2,12,1,himne de suïssa,12,1.0,False,"{""himne de suïssa"": 12}"
ca,Catalan,entity_or_value,switzerland,Switzerland,2,163,1,suïssa,163,1.0,False,"{""suïssa"": 163}"
ca,Catalan,entity_or_value,"swords, dublin","Swords,_Dublin",2,46,1,"espades, dublín",46,1.0,False,"{""espades, dublín"": 46}"
ca,Catalan,entity_or_value,"sycamore, illinois","Sycamore,_Illinois",2,22,1,"sycamore, illinois",22,1.0,False,"{""sycamore, illinois"": 22}"
ca,Catalan,entity_or_value,synthesizer,Synthesizer,2,2,1,sintetitzador,2,1.0,False,"{""sintetitzador"": 2}"
ca,Catalan,entity_or_value,synthpop,Synthpop,2,73,1,synthpop,73,1.0,False,"{""synthpop"": 73}"
ca,Catalan,entity_or_value,são josé dos pinhais,São_José_dos_Pinhais,2,36,1,são josé dos pinhais,36,1.0,False,"{""são josé dos pinhais"": 36}"
ca,Catalan,entity_or_value,são paulo,São_Paulo,2,20,1,são paulo,20,1.0,False,"{""são paulo"": 20}"
ca,Catalan,entity_or_value,t&tec sports club,T&TEC_Sports_Club,2,7,1,t&tec club esportiu,7,1.0,False,"{""t&tec club esportiu"": 7}"
ca,Catalan,entity_or_value,t. s. thakur,T._S._Thakur,2,37,1,t. s. thakur,37,1.0,False,"{""t. s. thakur"": 37}"
ca,Catalan,entity_or_value,tab benoit,Tab_Benoit,2,23,1,tab benoit,23,1.0,False,"{""tab benoit"": 23}"
ca,Catalan,entity_or_value,tabaré vázquez,Tabaré_Vázquez,2,18,1,tabaré ramón vázquez rosas,18,1.0,False,"{""tabaré ramón vázquez rosas"": 18}"
ca,Catalan,entity_or_value,"tacoma, washington","Tacoma,_Washington",2,2,1,tacomausa. kgm,2,1.0,False,"{""tacomausa. kgm"": 2}"
ca,Catalan,entity_or_value,tadao ando,Tadao_Ando,2,2,1,tadao ando,2,1.0,False,"{""tadao ando"": 2}"
ca,Catalan,entity_or_value,take it off!,Take_It_Off!,2,13,1,treu-te'l!,13,1.0,False,"{""treu-te'l!"": 13}"
ca,Catalan,entity_or_value,tamil language,Tamil_language,2,13,1,llengua tamil,13,1.0,False,"{""llengua tamil"": 13}"
ca,Catalan,entity_or_value,"tampere, finland","""Tampere, Finland""",2,11,1,"tampere, finlàndia",11,1.0,False,"{""tampere, finlàndia"": 11}"
ca,Catalan,entity_or_value,tapioca,Tapioca,2,7,1,tapioca,7,1.0,False,"{""tapioca"": 7}"
ca,Catalan,entity_or_value,taquirari,Taquirari,2,2,1,taquirariperu. kgm,2,1.0,False,"{""taquirariperu. kgm"": 2}"
ca,Catalan,entity_or_value,taro,Taro,2,18,1,taro,18,1.0,False,"{""taro"": 18}"
ca,Catalan,entity_or_value,"tarrant county, texas","Tarrant_County,_Texas",2,51,1,"comtat de tarrant, texas",51,1.0,False,"{""comtat de tarrant, texas"": 51}"
ca,Catalan,entity_or_value,tarō asō,Tarō_Asō,2,7,1,tarō asō,7,1.0,False,"{""tarō asō"": 7}"
ca,Catalan,entity_or_value,"taylor county, texas","Taylor_County,_Texas",2,23,1,"comtat de taylor, texas",23,1.0,False,"{""comtat de taylor, texas"": 23}"
ca,Catalan,entity_or_value,"technical institute, kaduna","Technical_Institute,_Kaduna",2,7,1,"institut tècnic, kaduna",7,1.0,False,"{""institut tècnic, kaduna"": 7}"
ca,Catalan,entity_or_value,ted willis,Ted_Willis,2,9,1,ted willis,9,1.0,False,"{""ted willis"": 9}"
ca,Catalan,entity_or_value,tejano,Tejano,2,13,1,tejano,13,1.0,False,"{""tejano"": 13}"
ca,Catalan,entity_or_value,telangana,Telangana,2,14,1,telangana,14,1.0,False,"{""telangana"": 14}"
ca,Catalan,entity_or_value,television director,Television_director,2,2,1,director de televisió,2,1.0,False,"{""director de televisió"": 2}"
ca,Catalan,entity_or_value,tennessee titans,Tennessee_Titans,2,66,1,tennessee titans,66,1.0,False,"{""tennessee titans"": 66}"
ca,Catalan,entity_or_value,tennis,Tennis,2,33,1,tennis,33,1.0,False,"{""tennis"": 33}"
ca,Catalan,entity_or_value,terence rattigan,Terence_Rattigan,2,17,1,terence rattigan,17,1.0,False,"{""terence rattigan"": 17}"
ca,Catalan,entity_or_value,territorial decoration,Territorial_Decoration,2,4,1,condecoració territorial,4,1.0,False,"{""condecoració territorial"": 4}"
ca,Catalan,entity_or_value,test pilot,Test_pilot,2,132,1,pilot de proves,132,1.0,False,"{""pilot de proves"": 132}"
ca,Catalan,entity_or_value,texan,Texan,2,14,1,texà,14,1.0,False,"{""texà"": 14}"
ca,Catalan,entity_or_value,texas,Texas,2,419,1,texas,419,1.0,False,"{""texas"": 419}"
ca,Catalan,entity_or_value,teşvikiye,Teşvikiye,2,3,1,teşvikiye,3,1.0,False,"{""teşvikiye"": 3}"
ca,Catalan,entity_or_value,"thames, new zealand","Thames,_New_Zealand",2,15,1,"thames, nova zelanda",15,1.0,False,"{""thames, nova zelanda"": 15}"
ca,Catalan,entity_or_value,the arrow (comicscharacter),The_Arrow_(comicsCharacter),2,7,1,the arrow (personatge de còmics),7,1.0,False,"{""the arrow (personatge de còmics)"": 7}"
ca,Catalan,entity_or_value,the black eyed peas,The_Black_Eyed_Peas,2,2,1,els erbs d'ulls negres,2,1.0,False,"{""els erbs d'ulls negres"": 2}"
ca,Catalan,entity_or_value,the bodley head,The_Bodley_Head,2,5,1,el cap bodley,5,1.0,False,"{""el cap bodley"": 5}"
ca,Catalan,entity_or_value,the fellowship of the ring,The_Fellowship_of_the_Ring,2,78,1,la germandat de l'anell,78,1.0,False,"{""la germandat de l'anell"": 78}"
ca,Catalan,entity_or_value,the fylde,The_Fylde,2,4,1,el fylde,4,1.0,False,"{""el fylde"": 4}"
ca,Catalan,entity_or_value,the grantville gazette,The_Grantville_Gazette,2,3,1,the grantville gazette (anglès),3,1.0,False,"{""the grantville gazette (anglès)"": 3}"
ca,Catalan,entity_or_value,the grantville gazettes,The_Grantville_Gazettes,2,15,1,the grantville gazettes (anglès),15,1.0,False,"{""the grantville gazettes (anglès)"": 15}"
ca,Catalan,entity_or_value,the green channel,The Green Channel,2,2,1,el canal verd,2,1.0,False,"{""el canal verd"": 2}"
ca,Catalan,entity_or_value,the hobbit,The_Hobbit,2,14,1,the hobbit,14,1.0,False,"{""the hobbit"": 14}"
ca,Catalan,entity_or_value,the honeymoon killers (american band),The_Honeymoon_Killers_(American_band),2,32,1,the honeymoon killers (grup americà),32,1.0,False,"{""the honeymoon killers (grup americà)"": 32}"
ca,Catalan,entity_or_value,the horns of happiness,The_Horns_of_Happiness,2,2,1,les banyes de la felicitat,2,1.0,False,"{""les banyes de la felicitat"": 2}"
ca,Catalan,entity_or_value,"the mechanics,","""The Mechanics,""",2,4,1,els mecànics.,4,1.0,False,"{""els mecànics."": 4}"
ca,Catalan,entity_or_value,the owl service (band),The_Owl_Service_(band),2,3,1,the owl service (banda),3,1.0,False,"{""the owl service (banda)"": 3}"
ca,Catalan,entity_or_value,the progressive motion picture company,The_Progressive_Motion_Picture_Company,2,8,1,la progressive motion picture company,8,1.0,False,"{""la progressive motion picture company"": 8}"
ca,Catalan,entity_or_value,the secret scripture,The_Secret_Scripture,2,33,1,l'escriptura secreta,33,1.0,False,"{""l'escriptura secreta"": 33}"
ca,Catalan,entity_or_value,the silmarillion,The_Silmarillion,2,2,1,el silmaríl·lion,2,1.0,False,"{""el silmaríl·lion"": 2}"
ca,Catalan,entity_or_value,the star-spangled banner,The_Star-Spangled_Banner,2,20,1,the star-spangled banner,20,1.0,False,"{""the star-spangled banner"": 20}"
ca,Catalan,entity_or_value,the two towers,The_Two_Towers,2,21,1,les dues torres,21,1.0,False,"{""les dues torres"": 21}"
ca,Catalan,entity_or_value,the velvet underground,The_Velvet_Underground,2,39,1,the velvet underground,39,1.0,False,"{""the velvet underground"": 39}"
ca,Catalan,entity_or_value,the violet keystone,The_Violet_Keystone,2,5,1,la pedra clau violeta,5,1.0,False,"{""la pedra clau violeta"": 5}"
ca,Catalan,entity_or_value,the wildweeds,The_Wildweeds,2,36,1,les herbes silvestres,36,1.0,False,"{""les herbes silvestres"": 36}"
ca,Catalan,entity_or_value,theatre of eternal music,Theatre_of_Eternal_Music,2,2,1,theatre of eternal music,2,1.0,False,"{""theatre of eternal music"": 2}"
ca,Catalan,entity_or_value,theresa andersson,Theresa_Andersson,2,4,1,theresa andersson,4,1.0,False,"{""theresa andersson"": 4}"
ca,Catalan,entity_or_value,this'll be my year,This'll_Be_My_Year,2,12,1,aquest serà el meu any,12,1.0,False,"{""aquest serà el meu any"": 12}"
ca,Catalan,entity_or_value,thomas doll,Thomas_Doll,2,8,1,thomas doll,8,1.0,False,"{""thomas doll"": 8}"
ca,Catalan,entity_or_value,thomas pallesen,"""Thomas Pallesen""",2,12,1,thomas pallesen,12,1.0,False,"{""thomas pallesen"": 12}"
ca,Catalan,entity_or_value,thurleigh,Thurleigh,2,36,1,thurleigh,36,1.0,False,"{""thurleigh"": 36}"
ca,Catalan,entity_or_value,ticino,Ticino,2,16,1,ticino,16,1.0,False,"{""ticino"": 16}"
ca,Catalan,entity_or_value,til death do us part (ep),'Til_Death_Do_Us_Part_(EP),2,2,1,til death do us part (ep) (en anglès).,2,1.0,False,"{""til death do us part (ep) (en anglès)."": 2}"
ca,Catalan,entity_or_value,tim brooke-taylor,Tim_Brooke-Taylor,2,25,1,tim brooke-taylor,25,1.0,False,"{""tim brooke-taylor"": 25}"
ca,Catalan,entity_or_value,time warner,Time_Warner,2,2,1,time warner,2,1.0,False,"{""time warner"": 2}"
ca,Catalan,entity_or_value,tirstrup,Tirstrup,2,76,1,tirstrup,76,1.0,False,"{""tirstrup"": 76}"
ca,Catalan,entity_or_value,tokat,Tokat,2,2,1,tokat,2,1.0,False,"{""tokat"": 2}"
ca,Catalan,entity_or_value,tokat province,Tokat_Province,2,2,1,província de tokat,2,1.0,False,"{""província de tokat"": 2}"
ca,Catalan,entity_or_value,"tom lister, jr.","Tom_Lister,_Jr.",2,3,1,"tom lister, jr.",3,1.0,False,"{""tom lister, jr."": 3}"
ca,Catalan,entity_or_value,tom lyle,Tom_Lyle,2,9,1,tom lyle,9,1.0,False,"{""tom lyle"": 9}"
ca,Catalan,entity_or_value,tom simon,Tom_Simon,2,38,1,tom simon,38,1.0,False,"{""tom simon"": 38}"
ca,Catalan,entity_or_value,tom sizemore,Tom_Sizemore,2,23,1,tom sizemore,23,1.0,False,"{""tom sizemore"": 23}"
ca,Catalan,entity_or_value,tom tait,Tom_Tait,2,10,1,tom tait,10,1.0,False,"{""tom tait"": 10}"
ca,Catalan,entity_or_value,tomato,Tomato,2,42,1,tomàquet,42,1.0,False,"{""tomàquet"": 42}"
ca,Catalan,entity_or_value,"tomatoes, guanciale, cheese, olive oil","""Tomatoes, guanciale, cheese, olive oil""",2,12,1,"tomàquets, guanciale, formatge, oli d'oliva",12,1.0,False,"{""tomàquets, guanciale, formatge, oli d'oliva"": 12}"
ca,Catalan,entity_or_value,"tomatoes, red chili, garlic, olive oil","""Tomatoes, red chili, garlic, olive oil""",2,7,1,"tomàquets, piment vermell, alç, oli d'oliva",7,1.0,False,"{""tomàquets, piment vermell, alç, oli d'oliva"": 7}"
ca,Catalan,entity_or_value,"tony hall, baron hall of birkenhead","Tony_Hall,_Baron_Hall_of_Birkenhead",2,3,1,tony hall,3,1.0,False,"{""tony hall"": 3}"
ca,Catalan,entity_or_value,tony tan,Tony_Tan,2,26,1,tony tan,26,1.0,False,"{""tony tan"": 26}"
ca,Catalan,entity_or_value,tor books,Tor_Books,2,4,1,tor books,4,1.0,False,"{""tor books"": 4}"
ca,Catalan,entity_or_value,torino f.c.,Torino_F.C.,2,11,1,torino f.c.,11,1.0,False,"{""torino f.c."": 11}"
ca,Catalan,entity_or_value,tractor sazi f.c.,Tractor_Sazi_F.C.,2,3,1,tractor sazi f.c.,3,1.0,False,"{""tractor sazi f.c."": 3}"
ca,Catalan,entity_or_value,train (band),Train_(band),2,21,1,tren (banda),21,1.0,False,"{""tren (banda)"": 21}"
ca,Catalan,entity_or_value,trance music,Trance_music,2,69,1,música trance,69,1.0,False,"{""música trance"": 69}"
ca,Catalan,entity_or_value,trane,Trane,2,289,1,trane,289,1.0,False,"{""trane"": 289}"
ca,Catalan,entity_or_value,tranmere rovers f.c.,Tranmere_Rovers_F.C.,2,5,1,tranmere rovers fc,5,1.0,False,"{""tranmere rovers fc"": 5}"
ca,Catalan,entity_or_value,"travis county, texas","Travis_County,_Texas",2,8,1,"comtat de travis, texas",8,1.0,False,"{""comtat de travis, texas"": 8}"
ca,Catalan,entity_or_value,"trenton, new jersey","Trenton,_New_Jersey",2,9,1,"trenton, new jersey",9,1.0,False,"{""trenton, new jersey"": 9}"
ca,Catalan,entity_or_value,trinidad and tobago national football team,Trinidad_and_Tobago_national_football_team,2,2,1,equipa nacional de futbol de trinidad i tobago,2,1.0,False,"{""equipa nacional de futbol de trinidad i tobago"": 2}"
ca,Catalan,entity_or_value,trinidad and tobago national under-17 football team,Trinidad_and_Tobago_national_under-17_football_team,2,3,1,equip nacional de futbol sub-17 de trinidad i tobago,3,1.0,False,"{""equip nacional de futbol sub-17 de trinidad i tobago"": 3}"
ca,Catalan,entity_or_value,trinidad and tobago national under-20 football team,Trinidad_and_Tobago_national_under-20_football_team,2,3,1,trinidad i tobago sub-20,3,1.0,False,"{""trinidad i tobago sub-20"": 3}"
ca,Catalan,entity_or_value,tuanku bujang tuanku othman,Tuanku_Bujang_Tuanku_Othman,2,7,1,tuanku bujang tuanku othman,7,1.0,False,"{""tuanku bujang tuanku othman"": 7}"
ca,Catalan,entity_or_value,tudor and jacabian,"""Tudor and Jacabian""",2,12,1,tudor i jacabian,12,1.0,False,"{""tudor i jacabian"": 12}"
ca,Catalan,entity_or_value,tudor revival architecture,Tudor_Revival_architecture,2,9,1,arquitectura tudor revival,9,1.0,False,"{""arquitectura tudor revival"": 9}"
ca,Catalan,entity_or_value,turin,Turin,2,13,1,torí,13,1.0,False,"{""torí"": 13}"
ca,Catalan,entity_or_value,turk,Turk,2,2,1,turk,2,1.0,False,"{""turk"": 2}"
ca,Catalan,entity_or_value,turkey,Turkey,2,246,1,turquia,246,1.0,False,"{""turquia"": 246}"
ca,Catalan,entity_or_value,turkish basketball super league,Turkish_Basketball_Super_League,2,6,1,superliga de bàsquet turca,6,1.0,False,"{""superliga de bàsquet turca"": 6}"
ca,Catalan,entity_or_value,turkish language,Turkish_language,2,6,1,idioma turc,6,1.0,False,"{""idioma turc"": 6}"
ca,Catalan,entity_or_value,turkish lira,Turkish_lira,2,20,1,lira turca,20,1.0,False,"{""lira turca"": 20}"
ca,Catalan,entity_or_value,turkish people,Turkish_people,2,18,1,persones turques,18,1.0,False,"{""persones turques"": 18}"
ca,Catalan,entity_or_value,turkmenabat airport,Turkmenabat_Airport,2,6,1,aeroport de turkmenabat,6,1.0,False,"{""aeroport de turkmenabat"": 6}"
ca,Catalan,entity_or_value,turkmenbashi international airport,Turkmenbashi_International_Airport,2,6,1,aeroport internacional de turkmenbashi,6,1.0,False,"{""aeroport internacional de turkmenbashi"": 6}"
ca,Catalan,entity_or_value,turkmenistan,Turkmenistan,2,10,1,turkmenistan,10,1.0,False,"{""turkmenistan"": 10}"
ca,Catalan,entity_or_value,turkmenistan airlines,Turkmenistan_Airlines,2,59,1,turkmenistan airlines,59,1.0,False,"{""turkmenistan airlines"": 59}"
ca,Catalan,entity_or_value,turn me on (album),Turn_Me_On_(album),2,100,1,turn me on (àlbum),100,1.0,False,"{""turn me on (àlbum)"": 100}"
ca,Catalan,entity_or_value,twilight (band),Twilight_(band),2,80,1,twilight (grup),80,1.0,False,"{""twilight (grup)"": 80}"
ca,Catalan,entity_or_value,two door coupé,"""Two door coupé""",2,12,1,coupé de dues portes,12,1.0,False,"{""coupé de dues portes"": 12}"
ca,Catalan,entity_or_value,tyrol (state),Tyrol_(state),2,18,1,tirol (estat),18,1.0,False,"{""tirol (estat)"": 18}"
ca,Catalan,entity_or_value,türk şehitleri anıtı,"""Türk Şehitleri Anıtı""",2,22,1,türk şehitleri anıtı,22,1.0,False,"{""türk şehitleri anıtı"": 22}"
ca,Catalan,entity_or_value,u.c. sampdoria,U.C._Sampdoria,2,25,1,uc sampdoria,25,1.0,False,"{""uc sampdoria"": 25}"
ca,Catalan,entity_or_value,u.s. castrovillari calcio,U.S._Castrovillari_Calcio,2,5,1,u.s. castrovillari calcio,5,1.0,False,"{""u.s. castrovillari calcio"": 5}"
ca,Catalan,entity_or_value,u.s. città di palermo,U.S._Città_di_Palermo,2,41,1,u.s. città di palermo,41,1.0,False,"{""u.s. città di palermo"": 41}"
ca,Catalan,entity_or_value,u.s. route 83,U.S._Route_83,2,7,1,autopista dels estats units 83,7,1.0,False,"{""autopista dels estats units 83"": 7}"
ca,Catalan,entity_or_value,uab,Uab,2,7,1,uab,7,1.0,False,"{""uab"": 7}"
ca,Catalan,entity_or_value,udinese calcio,Udinese_Calcio,2,4,1,udinese calcio,4,1.0,False,"{""udinese calcio"": 4}"
ca,Catalan,entity_or_value,ukraine,Ukraine,2,2,1,ucraïna,2,1.0,False,"{""ucraïna"": 2}"
ca,Catalan,entity_or_value,union army,Union_Army,2,2,1,exèrcit de la unió,2,1.0,False,"{""exèrcit de la unió"": 2}"
ca,Catalan,entity_or_value,"union township, madison county, indiana","Union_Township,_Madison_County,_Indiana",2,12,1,"union township, comtat de madison, indiana",12,1.0,False,"{""union township, comtat de madison, indiana"": 12}"
ca,Catalan,entity_or_value,unione triestina 2012 s.s.d.,Unione_Triestina_2012_S.S.D.,2,4,1,unione triestina 2012 s.s.d.,4,1.0,False,"{""unione triestina 2012 s.s.d."": 4}"
ca,Catalan,entity_or_value,unitary state,Unitary_state,2,8,1,estat unitari,8,1.0,False,"{""estat unitari"": 8}"
ca,Catalan,entity_or_value,united bible studies,United_Bible_Studies,2,7,1,estudis bíblics units,7,1.0,False,"{""estudis bíblics units"": 7}"
ca,Catalan,entity_or_value,united kingdom,United_Kingdom,2,324,1,regne unit,324,1.0,False,"{""regne unit"": 324}"
ca,Catalan,entity_or_value,united launch alliance,United_Launch_Alliance,2,4,1,united launch alliance,4,1.0,False,"{""united launch alliance"": 4}"
ca,Catalan,entity_or_value,united petrotrin f.c.,United_Petrotrin_F.C.,2,40,1,united petrotrin,40,1.0,False,"{""united petrotrin"": 40}"
ca,Catalan,entity_or_value,united states,United_States,2,4146,1,estats units d'amèrica,4146,1.0,False,"{""estats units d'amèrica"": 4146}"
ca,Catalan,entity_or_value,united states air force,United_States_Air_Force,2,244,1,força aèria dels estats units d'amèrica,244,1.0,False,"{""força aèria dels estats units d'amèrica"": 244}"
ca,Catalan,entity_or_value,united states ambassador to norway,United_States_Ambassador_to_Norway,2,3,1,ambaixador dels estats units a noruega,3,1.0,False,"{""ambaixador dels estats units a noruega"": 3}"
ca,Catalan,entity_or_value,united states army,United_States_Army,2,62,1,exèrcit dels estats units d'amèrica,62,1.0,False,"{""exèrcit dels estats units d'amèrica"": 62}"
ca,Catalan,entity_or_value,united states capitol,United_States_Capitol,2,7,1,capitoli dels estats units,7,1.0,False,"{""capitoli dels estats units"": 7}"
ca,Catalan,entity_or_value,united states congress,United_States_Congress,2,13,1,congrés dels estats units,13,1.0,False,"{""congrés dels estats units"": 13}"
ca,Catalan,entity_or_value,united states house of representatives,United_States_House_of_Representatives,2,90,1,cambra de representants dels estats units,90,1.0,False,"{""cambra de representants dels estats units"": 90}"
ca,Catalan,entity_or_value,united states invasion of panama,United_States_invasion_of_Panama,2,16,1,invasió de panamà,16,1.0,False,"{""invasió de panamà"": 16}"
ca,Catalan,entity_or_value,united states of america,United States of America,2,3,1,estats units d'amèrica,3,1.0,False,"{""estats units d'amèrica"": 3}"
ca,Catalan,entity_or_value,"united states secretary of health, education, and welfare","""United States Secretary of Health, Education, and Welfare""",2,25,1,"secretari de salut, educació i benestar dels estats units",25,1.0,False,"{""secretari de salut, educació i benestar dels estats units"": 25}"
ca,Catalan,entity_or_value,universal music group,Universal_Music_Group,2,21,1,universal music group,21,1.0,False,"{""universal music group"": 21}"
ca,Catalan,entity_or_value,universal records (defunct record label),Universal_Records_(defunct_record_label),2,4,1,universal records (discogràfica extinta),4,1.0,False,"{""universal records (discogràfica extinta)"": 4}"
ca,Catalan,entity_or_value,universitas aarhusiensis,"""Universitas Aarhusiensis""",2,9,1,universitas aarhusiensis,9,1.0,False,"{""universitas aarhusiensis"": 9}"
ca,Catalan,entity_or_value,universitas apulensis,"""Universitas Apulensis""",2,11,1,universitas apulensis,11,1.0,False,"{""universitas apulensis"": 11}"
ca,Catalan,entity_or_value,university of adelaide,University_of_Adelaide,2,12,1,universitat d'adelaide,12,1.0,False,"{""universitat d'adelaide"": 12}"
ca,Catalan,entity_or_value,university of burgundy,University_of_Burgundy,2,121,1,universitat de borgonya,121,1.0,False,"{""universitat de borgonya"": 121}"
ca,Catalan,entity_or_value,university of cambridge,University_of_Cambridge,2,22,1,universitat de cambridge,22,1.0,False,"{""universitat de cambridge"": 22}"
ca,Catalan,entity_or_value,university of göttingen,University_of_Göttingen,2,34,1,universitat de göttingen,34,1.0,False,"{""universitat de göttingen"": 34}"
ca,Catalan,entity_or_value,university of michigan,University_of_Michigan,2,32,1,universitat de michigan,32,1.0,False,"{""universitat de michigan"": 32}"
ca,Catalan,entity_or_value,university of north carolina at chapel hill,University_of_North_Carolina_at_Chapel_Hill,2,6,1,universitat de carolina del nord a chapel hill,6,1.0,False,"{""universitat de carolina del nord a chapel hill"": 6}"
ca,Catalan,entity_or_value,university of santiago de compostela,University_of_Santiago_de_Compostela,2,2,1,universitat de santiago de compostel·la,2,1.0,False,"{""universitat de santiago de compostel·la"": 2}"
ca,Catalan,entity_or_value,university of texas at austin,University_of_Texas_at_Austin,2,196,1,universitat de texas a austin,196,1.0,False,"{""universitat de texas a austin"": 196}"
ca,Catalan,entity_or_value,university of texas system,University_of_Texas_System,2,48,1,sistema universitari de texas,48,1.0,False,"{""sistema universitari de texas"": 48}"
ca,Catalan,entity_or_value,university of vienna,University_of_Vienna,2,2,1,universitat de viena,2,1.0,False,"{""universitat de viena"": 2}"
ca,Catalan,entity_or_value,uruguay,Uruguay,2,90,1,uruguai,90,1.0,False,"{""uruguai"": 90}"
ca,Catalan,entity_or_value,uruguay national football team,Uruguay_national_football_team,2,8,1,selecció nacional de futbol d'uruguai,8,1.0,False,"{""selecció nacional de futbol d'uruguai"": 8}"
ca,Catalan,entity_or_value,uruguay national under-20 football team,Uruguay_national_under-20_football_team,2,2,1,uruguai sub-20,2,1.0,False,"{""uruguai sub-20"": 2}"
ca,Catalan,entity_or_value,uruguay olympic football team,Uruguay_Olympic_football_team,2,6,1,selecció olímpica de l'uruguai,6,1.0,False,"{""selecció olímpica de l'uruguai"": 6}"
ca,Catalan,entity_or_value,uruguayan peso,Uruguayan_peso,2,4,1,peso uruguaià,4,1.0,False,"{""peso uruguaià"": 4}"
ca,Catalan,entity_or_value,uruguayan primera división,Uruguayan_Primera_División,2,9,1,campionat uruguaià de futbol,9,1.0,False,"{""campionat uruguaià de futbol"": 9}"
ca,Catalan,entity_or_value,uruguayan segunda división,Uruguayan_Segunda_División,2,7,1,segona divisó professional d'uruguai,7,1.0,False,"{""segona divisó professional d'uruguai"": 7}"
ca,Catalan,entity_or_value,uruguayans,Uruguayans,2,6,1,uruguaians,6,1.0,False,"{""uruguaians"": 6}"
ca,Catalan,entity_or_value,us boulogne,US_Boulogne,2,3,1,union sportive de boulogne,3,1.0,False,"{""union sportive de boulogne"": 3}"
ca,Catalan,entity_or_value,usa,"""USA""",2,3,1,estats units d'amèrica,3,1.0,False,"{""estats units d'amèrica"": 3}"
ca,Catalan,entity_or_value,"ut austin, b.s. 1955","""UT Austin, B.S. 1955""",2,40,1,"ut austin, b.s. 1955",40,1.0,False,"{""ut austin, b.s. 1955"": 40}"
ca,Catalan,entity_or_value,uttar pradesh,Uttar_Pradesh,2,99,1,uttar pradesh,99,1.0,False,"{""uttar pradesh"": 99}"
ca,Catalan,entity_or_value,v12 engine,V12_engine,2,27,1,motor v12,27,1.0,False,"{""motor v12"": 27}"
ca,Catalan,entity_or_value,v6 engine,V6_engine,2,19,1,motor v6,19,1.0,False,"{""motor v6"": 19}"
ca,Catalan,entity_or_value,v8 engine,V8_engine,2,18,1,v8 engine,18,1.0,False,"{""v8 engine"": 18}"
ca,Catalan,entity_or_value,vajubhai vala,Vajubhai_Vala,2,10,1,vajubhai vala,10,1.0,False,"{""vajubhai vala"": 10}"
ca,Catalan,entity_or_value,valencian community,Valencian_Community,2,31,1,país valencià,31,1.0,False,"{""país valencià"": 31}"
ca,Catalan,entity_or_value,valentina matviyenko,Valentina_Matviyenko,2,3,1,valentina matvienko,3,1.0,False,"{""valentina matvienko"": 3}"
ca,Catalan,entity_or_value,valery petrakov,Valery_Petrakov,2,15,1,valeri petrakov,15,1.0,False,"{""valeri petrakov"": 15}"
ca,Catalan,entity_or_value,vam classic,"""VAM Classic""",2,9,1,vam clàssic,9,1.0,False,"{""vam clàssic"": 9}"
ca,Catalan,entity_or_value,vandenberg afb space launch complex 2,Vandenberg_AFB_Space_Launch_Complex_2,2,4,1,vandenberg afb space launch complex 2,4,1.0,False,"{""vandenberg afb space launch complex 2"": 4}"
ca,Catalan,entity_or_value,vandenberg afb space launch complex 3,Vandenberg_AFB_Space_Launch_Complex_3,2,10,1,complex de llançament espacial 3 de vandenberg afb,10,1.0,False,"{""complex de llançament espacial 3 de vandenberg afb"": 10}"
ca,Catalan,entity_or_value,vandenberg air force base,Vandenberg_Air_Force_Base,2,29,1,base de la força aèria de vandenberg,29,1.0,False,"{""base de la força aèria de vandenberg"": 29}"
ca,Catalan,entity_or_value,varese calcio s.s.d.,Varese_Calcio_S.S.D.,2,4,1,varese calcio s.s.d.,4,1.0,False,"{""varese calcio s.s.d."": 4}"
ca,Catalan,entity_or_value,vegetable,Vegetable,2,17,1,verdura,17,1.0,False,"{""verdura"": 17}"
ca,Catalan,entity_or_value,veikkausliiga,Veikkausliiga,2,2,1,lliga finlandesa de futbol,2,1.0,False,"{""lliga finlandesa de futbol"": 2}"
ca,Catalan,entity_or_value,vermicelli,Vermicelli,2,4,1,vermicelli,4,1.0,False,"{""vermicelli"": 4}"
ca,Catalan,entity_or_value,vermont,Vermont,2,61,1,vermont,61,1.0,False,"{""vermont"": 61}"
ca,Catalan,entity_or_value,vermont's 3rd congressional district,Vermont's_3rd_congressional_district,2,23,1,3r districte congressional de vermont,23,1.0,False,"{""3r districte congressional de vermont"": 23}"
ca,Catalan,entity_or_value,verona,Verona,2,7,1,verona,7,1.0,False,"{""verona"": 7}"
ca,Catalan,entity_or_value,"verona, italy","""Verona, Italy""",2,6,1,"verona, itàlia",6,1.0,False,"{""verona, itàlia"": 6}"
ca,Catalan,entity_or_value,vfl wolfsburg,VfL_Wolfsburg,2,37,1,vfl wolfsburg,37,1.0,False,"{""vfl wolfsburg"": 37}"
ca,Catalan,entity_or_value,viag,"""VIAG""",2,17,1,viag,17,1.0,False,"{""viag"": 17}"
ca,Catalan,entity_or_value,vica,Vica,2,6,1,vica,6,1.0,False,"{""vica"": 6}"
ca,Catalan,entity_or_value,vice president,"""Vice President""",2,8,1,vicepresident,8,1.0,False,"{""vicepresident"": 8}"
ca,Catalan,entity_or_value,vice-president of new democracy,"""Vice-President of New Democracy""",2,2,1,vicepresident de la nova democracia,2,1.0,False,"{""vicepresident de la nova democracia"": 2}"
ca,Catalan,entity_or_value,vicenza calcio,Vicenza_Calcio,2,9,1,vicenza calcio,9,1.0,False,"{""vicenza calcio"": 9}"
ca,Catalan,entity_or_value,vietnamese language,Vietnamese_language,2,7,1,llengua vietnamita,7,1.0,False,"{""llengua vietnamita"": 7}"
ca,Catalan,entity_or_value,vietnamese people in japan,Vietnamese_people_in_Japan,2,8,1,els vietnamites al japó,8,1.0,False,"{""els vietnamites al japó"": 8}"
ca,Catalan,entity_or_value,vigor lamezia,Vigor_Lamezia,2,4,1,vigor lamezia,4,1.0,False,"{""vigor lamezia"": 4}"
ca,Catalan,entity_or_value,viking press,Viking_Press,2,36,1,viking press,36,1.0,False,"{""viking press"": 36}"
ca,Catalan,entity_or_value,viktor skrypnyk,Viktor_Skrypnyk,2,10,1,viktor skripnik,10,1.0,False,"{""viktor skripnik"": 10}"
ca,Catalan,entity_or_value,vila nova futebol clube,Vila_Nova_Futebol_Clube,2,37,1,vila nova fc,37,1.0,False,"{""vila nova fc"": 37}"
ca,Catalan,entity_or_value,"vincent h. crespi, bernard s. gerstman, a.t. charlie johnson, masaaki tanaka, enge g. wang","""Vincent H. Crespi, Bernard S. Gerstman, A.T. Charlie Johnson, Masaaki Tanaka, Enge G. Wang""",2,2,1,"vincent h. crespi, bernard s. gerstman, a.t. charlie johnson, masaaki tanaka, enge g. wang",2,1.0,False,"{""vincent h. crespi, bernard s. gerstman, a.t. charlie johnson, masaaki tanaka, enge g. wang"": 2}"
ca,Catalan,entity_or_value,virginia,Virginia,2,45,1,virgínia,45,1.0,False,"{""virgínia"": 45}"
ca,Catalan,entity_or_value,virginia demarce,Virginia_DeMarce,2,13,1,virginia demarce,13,1.0,False,"{""virginia demarce"": 13}"
ca,Catalan,entity_or_value,virginia demarce and eric flint,"""Virginia DeMarce and Eric Flint""",2,22,1,virginia demarce i eric flint,22,1.0,False,"{""virginia demarce i eric flint"": 22}"
ca,Catalan,entity_or_value,virtus entella,Virtus_Entella,2,6,1,virtus entella,6,1.0,False,"{""virtus entella"": 6}"
ca,Catalan,entity_or_value,virtuti militari,Virtuti_Militari,2,5,1,orde virtuti militari,5,1.0,False,"{""orde virtuti militari"": 5}"
ca,Catalan,entity_or_value,visayas,Visayas,2,17,1,visayas,17,1.0,False,"{""visayas"": 17}"
ca,Catalan,entity_or_value,visvesvaraya technological university,Visvesvaraya_Technological_University,2,153,1,universitat tecnològica visvesvaraya,153,1.0,False,"{""universitat tecnològica visvesvaraya"": 153}"
ca,Catalan,entity_or_value,vitesse arnhem,Vitesse_Arnhem,2,9,1,vitesse arnhem,9,1.0,False,"{""vitesse arnhem"": 9}"
ca,Catalan,entity_or_value,vladimir putin,Vladimir_Putin,2,4,1,vladímir putin,4,1.0,False,"{""vladímir putin"": 4}"
ca,Catalan,entity_or_value,voice of the wetlands all-stars,Voice_of_the_Wetlands_All-Stars,2,13,1,la veu dels aiguamolls all-stars,13,1.0,False,"{""la veu dels aiguamolls all-stars"": 13}"
ca,Catalan,entity_or_value,"voice, bodhrán, percussion, autoharp","""Voice, bodhrán, percussion, autoharp""",2,2,1,"veu, bodhrán, percussió, autoharp",2,1.0,False,"{""veu, bodhrán, percussió, autoharp"": 2}"
ca,Catalan,entity_or_value,volkswagen polo,Volkswagen_Polo,2,4,1,volkswagen polo,4,1.0,False,"{""volkswagen polo"": 4}"
ca,Catalan,entity_or_value,volkswagen polo mk3,Volkswagen_Polo_Mk3,2,2,1,volkswagen polo mk3,2,1.0,False,"{""volkswagen polo mk3"": 2}"
ca,Catalan,entity_or_value,w connection f.c.,W_Connection_F.C.,2,2,1,w connection fc,2,1.0,False,"{""w connection fc"": 2}"
ca,Catalan,entity_or_value,walt disney studios motion pictures,Walt_Disney_Studios_Motion_Pictures,2,7,1,buena vista distribution,7,1.0,False,"{""buena vista distribution"": 7}"
ca,Catalan,entity_or_value,walt simonson,Walt_Simonson,2,7,1,walter simonson,7,1.0,False,"{""walter simonson"": 7}"
ca,Catalan,entity_or_value,walter baade,Walter_Baade,2,160,1,walter baade,160,1.0,False,"{""walter baade"": 160}"
ca,Catalan,entity_or_value,warm (freshly baked) or cold,"""Warm (freshly baked) or cold""",2,15,1,calent (acabat de fer) o fred,15,1.0,False,"{""calent (acabat de fer) o fred"": 15}"
ca,Catalan,entity_or_value,warm or cold,"""Warm or cold""",2,4,1,calenta o freda,4,1.0,False,"{""calenta o freda"": 4}"
ca,Catalan,entity_or_value,warner music group,Warner_Music_Group,2,4,1,warner music group,4,1.0,False,"{""warner music group"": 4}"
ca,Catalan,entity_or_value,warsaw,Warsaw,2,3,1,varsòvia,3,1.0,False,"{""varsòvia"": 3}"
ca,Catalan,entity_or_value,"warton, fylde","Warton,_Fylde",2,3,1,"warton, fylde",3,1.0,False,"{""warton, fylde"": 3}"
ca,Catalan,entity_or_value,"warton, fylde, lancashire","""Warton, Fylde, Lancashire""",2,3,1,"warton, fylde, lancashire",3,1.0,False,"{""warton, fylde, lancashire"": 3}"
ca,Catalan,entity_or_value,washington (state),Washington_(state),2,53,1,washington (estat),53,1.0,False,"{""washington (estat)"": 53}"
ca,Catalan,entity_or_value,"washington, d.c.","Washington,_D.C.",2,383,1,washington dc,383,1.0,False,"{""washington dc"": 383}"
ca,Catalan,entity_or_value,"washtenaw county, michigan","Washtenaw_County,_Michigan",2,25,1,"comtat de washtenaw, michigan",25,1.0,False,"{""comtat de washtenaw, michigan"": 25}"
ca,Catalan,entity_or_value,water,Water,2,8,1,aigua,8,1.0,False,"{""aigua"": 8}"
ca,Catalan,entity_or_value,"wayne county, michigan","Wayne_County,_Michigan",2,2,1,"comtat de wayne, michigan",2,1.0,False,"{""comtat de wayne, michigan"": 2}"
ca,Catalan,entity_or_value,wee giant,Wee_Giant,2,4,1,petit gegant,4,1.0,False,"{""petit gegant"": 4}"
ca,Catalan,entity_or_value,wellington,Wellington,2,2,1,wellingtonnew- zealand. kgm,2,1.0,False,"{""wellingtonnew- zealand. kgm"": 2}"
ca,Catalan,entity_or_value,west germany,West_Germany,2,23,1,alemanya occidental,23,1.0,False,"{""alemanya occidental"": 23}"
ca,Catalan,entity_or_value,west roxbury,West_Roxbury,2,6,1,west roxbury,6,1.0,False,"{""west roxbury"": 6}"
ca,Catalan,entity_or_value,"westminster hospital, london","""Westminster Hospital, London""",2,3,1,"hospital de westminster, londres",3,1.0,False,"{""hospital de westminster, londres"": 3}"
ca,Catalan,entity_or_value,weymouth sands,Weymouth_Sands,2,33,1,arenas de weymouth,33,1.0,False,"{""arenas de weymouth"": 33}"
ca,Catalan,entity_or_value,wharton tiers,Wharton_Tiers,2,11,1,wharton tiers,11,1.0,False,"{""wharton tiers"": 11}"
ca,Catalan,entity_or_value,wheel horse,Wheel_Horse,2,6,1,cavall de rodes,6,1.0,False,"{""cavall de rodes"": 6}"
ca,Catalan,entity_or_value,"wheeler, texas","Wheeler,_Texas",2,66,1,"wheeler, texas",66,1.0,False,"{""wheeler, texas"": 66}"
ca,Catalan,entity_or_value,whig party (united states),Whig_Party_(United_States),2,31,1,partit whig (estats units),31,1.0,False,"{""partit whig (estats units)"": 31}"
ca,Catalan,entity_or_value,whiskey rebellion,Whiskey_Rebellion,2,6,1,rebel·lió del whisky,6,1.0,False,"{""rebel·lió del whisky"": 6}"
ca,Catalan,entity_or_value,white american,White_American,2,5,1,blanc americà,5,1.0,False,"{""blanc americà"": 5}"
ca,Catalan,entity_or_value,white americans,White_Americans,2,45,1,blancs estatunidencs,45,1.0,False,"{""blancs estatunidencs"": 45}"
ca,Catalan,entity_or_value,white people,White_people,2,12,1,raça blanca,12,1.0,False,"{""raça blanca"": 12}"
ca,Catalan,entity_or_value,white rice,White_rice,2,4,1,arròs blanc,4,1.0,False,"{""arròs blanc"": 4}"
ca,Catalan,entity_or_value,"white rice, cuttlefish or squid, cephalopod ink, cubanelle peppers","""White rice, cuttlefish or squid, cephalopod ink, cubanelle peppers""",2,9,1,"arròs blanc, sèpia o calamar, tinta de cefalòpode, pebrots cubanelle",9,1.0,False,"{""arròs blanc, sèpia o calamar, tinta de cefalòpode, pebrots cubanelle"": 9}"
ca,Catalan,entity_or_value,white south african,White_South_African,2,10,1,blanc sud-africà,10,1.0,False,"{""blanc sud-africà"": 10}"
ca,Catalan,entity_or_value,wichita thunder,Wichita_Thunder,2,15,1,wichita thunder,15,1.0,False,"{""wichita thunder"": 15}"
ca,Catalan,entity_or_value,wiley-blackwell,Wiley-Blackwell,2,16,1,wiley-blackwell,16,1.0,False,"{""wiley-blackwell"": 16}"
ca,Catalan,entity_or_value,wiley-blackwell on behalf of the society for the study of addiction,"""Wiley-Blackwell on behalf of the Society for the Study of Addiction""",2,4,1,wiley-blackwell en nom de la societat per a l'estudi de la adicció,4,1.0,False,"{""wiley-blackwell en nom de la societat per a l'estudi de la adicció"": 4}"
ca,Catalan,entity_or_value,"wilfred r. cousins, jr.","Wilfred_R._Cousins,_Jr.",2,5,1,"wilfred r. cousins, jr.",5,1.0,False,"{""wilfred r. cousins, jr."": 5}"
ca,Catalan,entity_or_value,william anders,William_Anders,2,372,1,william anders,372,1.0,False,"{""william anders"": 372}"
ca,Catalan,entity_or_value,william m. o. dawson,William_M._O._Dawson,2,69,1,william m. o. dawson,69,1.0,False,"{""william m. o. dawson"": 69}"
ca,Catalan,entity_or_value,"williamsburg, virginia","Williamsburg,_Virginia",2,15,1,"williamsburg, virgínia",15,1.0,False,"{""williamsburg, virgínia"": 15}"
ca,Catalan,entity_or_value,"williamson county, texas","Williamson_County,_Texas",2,31,1,"comtat de williamson, texas",31,1.0,False,"{""comtat de williamson, texas"": 31}"
ca,Catalan,entity_or_value,"wilson township, alpena county, michigan","Wilson_Township,_Alpena_County,_Michigan",2,26,1,"wilson township, comtat d'alpena, michigan",26,1.0,False,"{""wilson township, comtat d'alpena, michigan"": 26}"
ca,Catalan,entity_or_value,winchester,Winchester,2,2,1,winchester,2,1.0,False,"{""winchester"": 2}"
ca,Catalan,entity_or_value,"windsor, connecticut","Windsor,_Connecticut",2,6,1,"windsor, connecticut",6,1.0,False,"{""windsor, connecticut"": 6}"
ca,Catalan,entity_or_value,"windsor, connecticut, united states","""Windsor, Connecticut, United States""",2,3,1,"windsor, connecticut, estats units",3,1.0,False,"{""windsor, connecticut, estats units"": 3}"
ca,Catalan,entity_or_value,wisconsin,Wisconsin,2,3,1,wisconsin,3,1.0,False,"{""wisconsin"": 3}"
ca,Catalan,entity_or_value,wizards at war,Wizards_at_War,2,5,1,els magos a la guerra,5,1.0,False,"{""els magos a la guerra"": 5}"
ca,Catalan,entity_or_value,wolf solent,Wolf_Solent,2,21,1,wolf solent,21,1.0,False,"{""wolf solent"": 21}"
ca,Catalan,entity_or_value,wolters kluwer,Wolters_Kluwer,2,12,1,wolters kluwer,12,1.0,False,"{""wolters kluwer"": 12}"
ca,Catalan,entity_or_value,world war i,World_War_I,2,11,1,primera guerra mundial,11,1.0,False,"{""primera guerra mundial"": 11}"
ca,Catalan,entity_or_value,world war ii,World_War_II,2,62,1,segona guerra mundial,62,1.0,False,"{""segona guerra mundial"": 62}"
ca,Catalan,entity_or_value,world wide web,World_Wide_Web,2,24,1,world wide web,24,1.0,False,"{""world wide web"": 24}"
ca,Catalan,entity_or_value,wrecked,"""Wrecked""",2,6,1,naufragat.,6,1.0,False,"{""naufragat."": 6}"
ca,Catalan,entity_or_value,wärtsilä,Wärtsilä,2,4,1,wärtsilä,4,1.0,False,"{""wärtsilä"": 4}"
ca,Catalan,entity_or_value,xiangyang,Xiangyang,2,3,1,xiangyang,3,1.0,False,"{""xiangyang"": 3}"
ca,Catalan,entity_or_value,ximo puig,Ximo_Puig,2,9,1,ximo puig,9,1.0,False,"{""ximo puig"": 9}"
ca,Catalan,entity_or_value,xm25 cdte,XM25_CDTE,2,2,1,xm25 cdte,2,1.0,False,"{""xm25 cdte"": 2}"
ca,Catalan,entity_or_value,yamandú palacios,Yamandú_Palacios,2,2,1,yamandú palacios,2,1.0,False,"{""yamandú palacios"": 2}"
ca,Catalan,entity_or_value,year of no light,Year_of_No_Light,2,37,1,any sense llum,37,1.0,False,"{""any sense llum"": 37}"
ca,Catalan,entity_or_value,yemi osinbajo,Yemi_Osinbajo,2,2,1,yemi osinbajo,2,1.0,False,"{""yemi osinbajo"": 2}"
ca,Catalan,entity_or_value,yugoslavia,Yugoslavia,2,2,1,iugoslàvia,2,1.0,False,"{""iugoslàvia"": 2}"
ca,Catalan,entity_or_value,yuzhnoye design office,Yuzhnoye_Design_Office,2,25,1,oficina de disseny de yuzhnoye,25,1.0,False,"{""oficina de disseny de yuzhnoye"": 25}"
ca,Catalan,entity_or_value,zamba (artform),Zamba_(artform),2,6,1,zamba (forma d'art),6,1.0,False,"{""zamba (forma d'art)"": 6}"
ca,Catalan,entity_or_value,zamboangans,Zamboangans,2,19,1,zamboangans,19,1.0,False,"{""zamboangans"": 19}"
ca,Catalan,entity_or_value,zaoyang,Zaoyang,2,26,1,zaoyang,26,1.0,False,"{""zaoyang"": 26}"
ca,Catalan,entity_or_value,~500,"""~500""",2,5,1,~500,5,1.0,False,"{""~500"": 5}"
ca,Catalan,entity_or_value,"æthelwald, ealdorman of east anglia","Æthelwald,_Ealdorman_of_East_Anglia",2,16,1,"æthelwald, ealdorman d'east anglia",16,1.0,False,"{""æthelwald, ealdorman d'east anglia"": 16}"
ca,Catalan,entity_or_value,ícolo e bengo,Ícolo_e_Bengo,2,58,1,ícolo e bengo,58,1.0,False,"{""ícolo e bengo"": 58}"
ca,Catalan,entity_or_value,žan tabak,Žan_Tabak,2,3,1,žan tabak,3,1.0,False,"{""žan tabak"": 3}"
ca,Catalan,entity_or_value,−6,−6,2,21,1,−6,21,1.0,False,"{""−6"": 21}"
ca,Catalan,entity_or_value,−7,&minus;7,2,2,1,& min;7,2,1.0,False,"{""& min;7"": 2}"
ca,Catalan,predicate,1strunwaylengthfeet,1stRunwayLengthFeet,2,11,1,longituddelaprimerapistaenpeus,11,1.0,False,"{""longituddelaprimerapistaenpeus"": 11}"
ca,Catalan,predicate,1strunwaynumber,1stRunwayNumber,2,3,1,1rnúmerodepista,3,1.0,False,"{""1rnúmerodepista"": 3}"
ca,Catalan,predicate,1strunwaysurfacetype,1stRunwaySurfaceType,2,39,1,tipusdesuperfíciedelaprimerapista,39,1.0,False,"{""tipusdesuperfíciedelaprimerapista"": 39}"
ca,Catalan,predicate,2ndrunwaysurfacetype,2ndRunwaySurfaceType,2,12,1,tipusdesuperfíciedelasegonapista,12,1.0,False,"{""tipusdesuperfíciedelasegonapista"": 12}"
ca,Catalan,predicate,3rdrunwaylengthfeet,3rdRunwayLengthFeet,2,8,1,3alongituddelapistaenpeus,8,1.0,False,"{""3alongituddelapistaenpeus"": 8}"
ca,Catalan,predicate,3rdrunwaysurfacetype,3rdRunwaySurfaceType,2,36,1,tipusdesuperfíciedela3apista,36,1.0,False,"{""tipusdesuperfíciedela3apista"": 36}"
ca,Catalan,predicate,4thrunwaylengthfeet,4thRunwayLengthFeet,2,2,1,longituddela4apistaenpeus,2,1.0,False,"{""longituddela4apistaenpeus"": 2}"
ca,Catalan,predicate,4thrunwaysurfacetype,4thRunwaySurfaceType,2,4,1,tipusdesuperfíciedela4apista,4,1.0,False,"{""tipusdesuperfíciedela4apista"": 4}"
ca,Catalan,predicate,5thrunwaynumber,5thRunwayNumber,2,2,1,5ènúmerodepista,2,1.0,False,"{""5ènúmerodepista"": 2}"
ca,Catalan,predicate,abbreviation,abbreviation,2,125,1,abreviació,125,1.0,False,"{""abreviació"": 125}"
ca,Catalan,predicate,absolutemagnitude,absoluteMagnitude,2,27,1,magnitudabsoluta,27,1.0,False,"{""magnitudabsoluta"": 27}"
ca,Catalan,predicate,academicdiscipline,academicDiscipline,2,83,1,disciplinaacadèmica,83,1.0,False,"{""disciplinaacadèmica"": 83}"
ca,Catalan,predicate,academicstaffsize,academicStaffSize,2,102,1,midadelpersonalacadèmic,102,1.0,False,"{""midadelpersonalacadèmic"": 102}"
ca,Catalan,predicate,activeyearsenddate,activeYearsEndDate,2,63,1,datadefinalitzaciód'anysactiva,63,1.0,False,"{""datadefinalitzaciód'anysactiva"": 63}"
ca,Catalan,predicate,activeyearsstartdate,activeYearsStartDate,2,71,1,anysactiusdatad'inici,71,1.0,False,"{""anysactiusdatad'inici"": 71}"
ca,Catalan,predicate,activeyearsstartyear,activeYearsStartYear,2,155,1,anysactiusanyd'inici,155,1.0,False,"{""anysactiusanyd'inici"": 155}"
ca,Catalan,predicate,addedtothenationalregisterofhistoricplaces,addedToTheNationalRegisterOfHistoricPlaces,2,35,1,s'haafegitalregistrenacionaldellocshistòrics,35,1.0,False,"{""s'haafegitalregistrenacionaldellocshistòrics"": 35}"
ca,Catalan,predicate,address,address,2,53,1,adreça,53,1.0,False,"{""adreça"": 53}"
ca,Catalan,predicate,administrativearrondissement,administrativeArrondissement,2,2,1,arrondissementadministratiu,2,1.0,False,"{""arrondissementadministratiu"": 2}"
ca,Catalan,predicate,affiliation,affiliation,2,273,1,afiliació,273,1.0,False,"{""afiliació"": 273}"
ca,Catalan,predicate,aircraftfighter,aircraftFighter,2,30,1,aviódecombat,30,1.0,False,"{""aviódecombat"": 30}"
ca,Catalan,predicate,aircrafthelicopter,aircraftHelicopter,2,6,1,helicòpter,6,1.0,False,"{""helicòpter"": 6}"
ca,Catalan,predicate,album,album,2,9,1,àlbum,9,1.0,False,"{""àlbum"": 9}"
ca,Catalan,predicate,almamater,almaMater,2,518,1,almamater,518,1.0,False,"{""almamater"": 518}"
ca,Catalan,predicate,alternativename,alternativeName,2,183,1,nomalternatiu,183,1.0,False,"{""nomalternatiu"": 183}"
ca,Catalan,predicate,anthem,anthem,2,63,1,himne,63,1.0,False,"{""himne"": 63}"
ca,Catalan,predicate,apoapsis,apoapsis,2,259,1,apoapsis,259,1.0,False,"{""apoapsis"": 259}"
ca,Catalan,predicate,architect,architect,2,213,1,arquitecte,213,1.0,False,"{""arquitecte"": 213}"
ca,Catalan,predicate,architecturalstyle,architecturalStyle,2,50,1,estilarquitectònic,50,1.0,False,"{""estilarquitectònic"": 50}"
ca,Catalan,predicate,architecture,architecture,2,6,1,arquitectura,6,1.0,False,"{""arquitectura"": 6}"
ca,Catalan,predicate,areacode,areaCode,2,75,1,codid'àrea,75,1.0,False,"{""codid'àrea"": 75}"
ca,Catalan,predicate,areaofland,areaOfLand,2,22,1,àreadeterra,22,1.0,False,"{""àreadeterra"": 22}"
ca,Catalan,predicate,areaofwater,areaOfWater,2,16,1,àread'aigua,16,1.0,False,"{""àread'aigua"": 16}"
ca,Catalan,predicate,areatotal,areaTotal,2,207,1,totaldel'àrea,207,1.0,False,"{""totaldel'àrea"": 207}"
ca,Catalan,predicate,areaurban,areaUrban,2,2,1,àreaurban,2,1.0,False,"{""àreaurban"": 2}"
ca,Catalan,predicate,artist,artist,2,55,1,artista,55,1.0,False,"{""artista"": 55}"
ca,Catalan,predicate,assembly,assembly,2,176,1,assemblea,176,1.0,False,"{""assemblea"": 176}"
ca,Catalan,predicate,associatedband/associatedmusicalartist,associatedBand/associatedMusicalArtist,2,832,1,bandaassociada/artistamusicalassociat,832,1.0,False,"{""bandaassociada/artistamusicalassociat"": 832}"
ca,Catalan,predicate,associatedrocket,associatedRocket,2,14,1,rocketassociat,14,1.0,False,"{""rocketassociat"": 14}"
ca,Catalan,predicate,attackaircraft,attackAircraft,2,34,1,aviód'atac,34,1.0,False,"{""aviód'atac"": 34}"
ca,Catalan,predicate,author,author,2,221,1,autor,221,1.0,False,"{""autor"": 221}"
ca,Catalan,predicate,averagespeed,averageSpeed,2,37,1,velocitatmitjana,37,1.0,False,"{""velocitatmitjana"": 37}"
ca,Catalan,predicate,award,award,2,152,1,premi,152,1.0,False,"{""premi"": 152}"
ca,Catalan,predicate,awards,awards,2,7,1,premis,7,1.0,False,"{""premis"": 7}"
ca,Catalan,predicate,background,background,2,216,1,antecedents,216,1.0,False,"{""antecedents"": 216}"
ca,Catalan,predicate,backuppilot,backupPilot,2,58,1,backuppilot,58,1.0,False,"{""backuppilot"": 58}"
ca,Catalan,predicate,bandmember,bandMember,2,7,1,membredelabanda,7,1.0,False,"{""membredelabanda"": 7}"
ca,Catalan,predicate,battle,battle,2,324,1,batalla,324,1.0,False,"{""batalla"": 324}"
ca,Catalan,predicate,bedcount,bedCount,2,7,1,comptedellits,7,1.0,False,"{""comptedellits"": 7}"
ca,Catalan,predicate,bird,bird,2,7,1,ocell,7,1.0,False,"{""ocell"": 7}"
ca,Catalan,predicate,birthdate,birthDate,2,523,1,datadenaixement,523,1.0,False,"{""datadenaixement"": 523}"
ca,Catalan,predicate,birthname,birthName,2,20,1,nomdenaixement,20,1.0,False,"{""nomdenaixement"": 20}"
ca,Catalan,predicate,birthplace,birthPlace,2,2019,1,llocdenaixement,2019,1.0,False,"{""llocdenaixement"": 2019}"
ca,Catalan,predicate,birthyear,birthYear,2,149,1,anydenaixement,149,1.0,False,"{""anydenaixement"": 149}"
ca,Catalan,predicate,bodystyle,bodyStyle,2,87,1,estildelcos,87,1.0,False,"{""estildelcos"": 87}"
ca,Catalan,predicate,broadcastedby,broadcastedBy,2,91,1,transmèsper,91,1.0,False,"{""transmèsper"": 91}"
ca,Catalan,predicate,budget,budget,2,7,1,pressupost,7,1.0,False,"{""pressupost"": 7}"
ca,Catalan,predicate,builddate,buildDate,2,38,1,datadeconstrucció,38,1.0,False,"{""datadeconstrucció"": 38}"
ca,Catalan,predicate,builder,builder,2,238,1,constructor,238,1.0,False,"{""constructor"": 238}"
ca,Catalan,predicate,buildingstartdate,buildingStartDate,2,64,1,datad'inicidelaconstrucció,64,1.0,False,"{""datad'inicidelaconstrucció"": 64}"
ca,Catalan,predicate,buildingtype,buildingType,2,10,1,tipusd'edifici,10,1.0,False,"{""tipusd'edifici"": 10}"
ca,Catalan,predicate,campus,campus,2,102,1,campus,102,1.0,False,"{""campus"": 102}"
ca,Catalan,predicate,capital,capital,2,817,1,capital,817,1.0,False,"{""capital"": 817}"
ca,Catalan,predicate,carbohydrate,carbohydrate,2,11,1,hidratdecarboni,11,1.0,False,"{""hidratdecarboni"": 11}"
ca,Catalan,predicate,category,category,2,112,1,pàginad'inicidel'usuari,112,1.0,False,"{""pàginad'inicidel'usuari"": 112}"
ca,Catalan,predicate,certification,certification,2,3,1,certificació,3,1.0,False,"{""certificació"": 3}"
ca,Catalan,predicate,chairman,chairman,2,38,1,president,38,1.0,False,"{""president"": 38}"
ca,Catalan,predicate,chairmantitle,chairmanTitle,2,4,1,presidenttítol,4,1.0,False,"{""presidenttítol"": 4}"
ca,Catalan,predicate,chairperson,chairperson,2,2,1,president,2,1.0,False,"{""president"": 2}"
ca,Catalan,predicate,champions,champions,2,108,1,campions,108,1.0,False,"{""campions"": 108}"
ca,Catalan,predicate,chancellor,chancellor,2,9,1,canceller,9,1.0,False,"{""canceller"": 9}"
ca,Catalan,predicate,chief,chief,2,2,1,cap,2,1.0,False,"{""cap"": 2}"
ca,Catalan,predicate,child,child,2,5,1,infant,5,1.0,False,"{""infant"": 5}"
ca,Catalan,predicate,christeningdate,christeningDate,2,18,1,christeningdate,18,1.0,False,"{""christeningdate"": 18}"
ca,Catalan,predicate,cinematography,cinematography,2,25,1,cinematografia,25,1.0,False,"{""cinematografia"": 25}"
ca,Catalan,predicate,citizenship,citizenship,2,33,1,ciutadania,33,1.0,False,"{""ciutadania"": 33}"
ca,Catalan,predicate,city,city,2,577,1,ciutat,577,1.0,False,"{""ciutat"": 577}"
ca,Catalan,predicate,cityserved,cityServed,2,345,1,ciutatservida,345,1.0,False,"{""ciutatservida"": 345}"
ca,Catalan,predicate,class,class,2,84,1,classe,84,1.0,False,"{""classe"": 84}"
ca,Catalan,predicate,club,club,2,1463,1,trèvols,1463,1.0,False,"{""trèvols"": 1463}"
ca,Catalan,predicate,coach,coach,2,42,1,entrenador,42,1.0,False,"{""entrenador"": 42}"
ca,Catalan,predicate,codencode,codenCode,2,33,1,codencode,33,1.0,False,"{""codencode"": 33}"
ca,Catalan,predicate,college,college,2,4,1,col·legi,4,1.0,False,"{""col·legi"": 4}"
ca,Catalan,predicate,colour,colour,2,14,1,color,14,1.0,False,"{""color"": 14}"
ca,Catalan,predicate,commander,commander,2,170,1,comandant,170,1.0,False,"{""comandant"": 170}"
ca,Catalan,predicate,comparable,comparable,2,37,1,comparable,37,1.0,False,"{""comparable"": 37}"
ca,Catalan,predicate,competein,competeIn,2,37,1,competirin,37,1.0,False,"{""competirin"": 37}"
ca,Catalan,predicate,completiondate,completionDate,2,154,1,datadefinalització,154,1.0,False,"{""datadefinalització"": 154}"
ca,Catalan,predicate,cosparid,cosparId,2,3,1,cosparid,3,1.0,False,"{""cosparid"": 3}"
ca,Catalan,predicate,cost,cost,2,16,1,costos,16,1.0,False,"{""costos"": 16}"
ca,Catalan,predicate,country,country,2,3396,1,país,3396,1.0,False,"{""país"": 3396}"
ca,Catalan,predicate,countryorigin,countryOrigin,2,133,1,paísorigen,133,1.0,False,"{""paísorigen"": 133}"
ca,Catalan,predicate,countyseat,countySeat,2,48,1,capitaldelcomtat,48,1.0,False,"{""capitaldelcomtat"": 48}"
ca,Catalan,predicate,course,course,2,189,1,cors,189,1.0,False,"{""cors"": 189}"
ca,Catalan,predicate,creator,creator,2,325,1,creador,325,1.0,False,"{""creador"": 325}"
ca,Catalan,predicate,creatorofdish,creatorOfDish,2,2,1,creadordedish,2,1.0,False,"{""creadordedish"": 2}"
ca,Catalan,predicate,crewmembers,crewMembers,2,25,1,membresdelatripulació,25,1.0,False,"{""membresdelatripulació"": 25}"
ca,Catalan,predicate,currency,currency,2,163,1,moneda,163,1.0,False,"{""moneda"": 163}"
ca,Catalan,predicate,currentclub,currentclub,2,25,1,currentclub,25,1.0,False,"{""currentclub"": 25}"
ca,Catalan,predicate,currentteam,currentteam,2,4,1,currentteam,4,1.0,False,"{""currentteam"": 4}"
ca,Catalan,predicate,currenttenants,currentTenants,2,69,1,llogatersactuals,69,1.0,False,"{""llogatersactuals"": 69}"
ca,Catalan,predicate,cylindercount,cylinderCount,2,28,1,comptedecilindres,28,1.0,False,"{""comptedecilindres"": 28}"
ca,Catalan,predicate,dateofretirement,dateOfRetirement,2,73,1,datadejubilació,73,1.0,False,"{""datadejubilació"": 73}"
ca,Catalan,predicate,dean,dean,2,45,1,dean,45,1.0,False,"{""dean"": 45}"
ca,Catalan,predicate,deathcause,deathCause,2,20,1,causadelamort,20,1.0,False,"{""causadelamort"": 20}"
ca,Catalan,predicate,deathdate,deathDate,2,122,1,datademort,122,1.0,False,"{""datademort"": 122}"
ca,Catalan,predicate,deathplace,deathPlace,2,749,1,llocdelamort,749,1.0,False,"{""llocdelamort"": 749}"
ca,Catalan,predicate,deathyear,deathYear,2,10,1,anydelamort,10,1.0,False,"{""anydelamort"": 10}"
ca,Catalan,predicate,debutteam,debutTeam,2,68,1,debutdel'equip,68,1.0,False,"{""debutdel'equip"": 68}"
ca,Catalan,predicate,dedicatedto,dedicatedTo,2,52,1,dedicata,52,1.0,False,"{""dedicata"": 52}"
ca,Catalan,predicate,demonym,demonym,2,280,1,demònim,280,1.0,False,"{""demònim"": 280}"
ca,Catalan,predicate,density,density,2,17,1,densitat,17,1.0,False,"{""densitat"": 17}"
ca,Catalan,predicate,derivative,derivative,2,159,1,derivada,159,1.0,False,"{""derivada"": 159}"
ca,Catalan,predicate,designcompany,designCompany,2,25,1,companyiadedisseny,25,1.0,False,"{""companyiadedisseny"": 25}"
ca,Catalan,predicate,designer,designer,2,60,1,dissenyador,60,1.0,False,"{""dissenyador"": 60}"
ca,Catalan,predicate,developer,developer,2,2,1,desenvolupador,2,1.0,False,"{""desenvolupador"": 2}"
ca,Catalan,predicate,diameter,diameter,2,48,1,diàmetre,48,1.0,False,"{""diàmetre"": 48}"
ca,Catalan,predicate,director,director,2,158,1,director,158,1.0,False,"{""director"": 158}"
ca,Catalan,predicate,discovered,discovered,2,34,1,descobert,34,1.0,False,"{""descobert"": 34}"
ca,Catalan,predicate,discoverer,discoverer,2,246,1,descobridor,246,1.0,False,"{""descobridor"": 246}"
ca,Catalan,predicate,dishvariation,dishVariation,2,288,1,variaciódelplat,288,1.0,False,"{""variaciódelplat"": 288}"
ca,Catalan,predicate,distributingcompany,distributingCompany,2,3,1,companyiadistribuïdora,3,1.0,False,"{""companyiadistribuïdora"": 3}"
ca,Catalan,predicate,distributor,distributor,2,47,1,distribuïdor,47,1.0,False,"{""distribuïdor"": 47}"
ca,Catalan,predicate,district,district,2,30,1,districte,30,1.0,False,"{""districte"": 30}"
ca,Catalan,predicate,division,division,2,65,1,divisió,65,1.0,False,"{""divisió"": 65}"
ca,Catalan,predicate,doctoraladvisor,doctoralAdvisor,2,29,1,assessordoctoral,29,1.0,False,"{""assessordoctoral"": 29}"
ca,Catalan,predicate,doctoralstudent,doctoralStudent,2,32,1,estudiantdedoctorat,32,1.0,False,"{""estudiantdedoctorat"": 32}"
ca,Catalan,predicate,draftpick,draftPick,2,10,1,escollidad'esborrany,10,1.0,False,"{""escollidad'esborrany"": 10}"
ca,Catalan,predicate,draftround,draftRound,2,7,1,projectederonda,7,1.0,False,"{""projectederonda"": 7}"
ca,Catalan,predicate,draftteam,draftTeam,2,19,1,projectedel'equip,19,1.0,False,"{""projectedel'equip"": 19}"
ca,Catalan,predicate,draftyear,draftYear,2,4,1,anydel'esborrany,4,1.0,False,"{""anydel'esborrany"": 4}"
ca,Catalan,predicate,editing,editing,2,36,1,edició,36,1.0,False,"{""edició"": 36}"
ca,Catalan,predicate,editor,editor,2,50,1,editor,50,1.0,False,"{""editor"": 50}"
ca,Catalan,predicate,eissnnumber,eissnNumber,2,3,1,númeroeissn,3,1.0,False,"{""númeroeissn"": 3}"
ca,Catalan,predicate,elevationabovethesealevel,elevationAboveTheSeaLevel,2,322,1,elevaciópersobredelnivelldelmar,322,1.0,False,"{""elevaciópersobredelnivelldelmar"": 322}"
ca,Catalan,predicate,elevationabovethesealevelinfeet,elevationAboveTheSeaLevelInFeet,2,7,1,elevaciósobreelnivelldelmarenpeus,7,1.0,False,"{""elevaciósobreelnivelldelmarenpeus"": 7}"
ca,Catalan,predicate,elevationabovethesealevelinmetres,elevationAboveTheSeaLevelInMetres,2,43,1,elevaciósobreelnivelldelmarenmetres,43,1.0,False,"{""elevaciósobreelnivelldelmarenmetres"": 43}"
ca,Catalan,predicate,employer,employer,2,4,1,ocupador,4,1.0,False,"{""ocupador"": 4}"
ca,Catalan,predicate,engine,engine,2,237,1,motor,237,1.0,False,"{""motor"": 237}"
ca,Catalan,predicate,epoch,epoch,2,336,1,època,336,1.0,False,"{""època"": 336}"
ca,Catalan,predicate,escapevelocity,escapeVelocity,2,101,1,velocitatd'escapament,101,1.0,False,"{""velocitatd'escapament"": 101}"
ca,Catalan,predicate,established,established,2,259,1,establert,259,1.0,False,"{""establert"": 259}"
ca,Catalan,predicate,ethnicgroup,ethnicGroup,2,1135,1,grupètnic,1135,1.0,False,"{""grupètnic"": 1135}"
ca,Catalan,predicate,failedlaunches,failedLaunches,2,4,1,llançamentsfallits,4,1.0,False,"{""llançamentsfallits"": 4}"
ca,Catalan,predicate,family,family,2,47,1,família,47,1.0,False,"{""família"": 47}"
ca,Catalan,predicate,fat,fat,2,8,1,greix,8,1.0,False,"{""greix"": 8}"
ca,Catalan,predicate,fate,fate,2,8,1,eldestí,8,1.0,False,"{""eldestí"": 8}"
ca,Catalan,predicate,finalflight,finalFlight,2,74,1,volfinal,74,1.0,False,"{""volfinal"": 74}"
ca,Catalan,predicate,firstaired,firstAired,2,35,1,primeraemissió,35,1.0,False,"{""primeraemissió"": 35}"
ca,Catalan,predicate,firstappearanceinfilm,firstAppearanceInFilm,2,8,1,primeraaparicióenpel·lícula,8,1.0,False,"{""primeraaparicióenpel·lícula"": 8}"
ca,Catalan,predicate,firstpublicationyear,firstPublicationYear,2,15,1,primeranydepublicació,15,1.0,False,"{""primeranydepublicació"": 15}"
ca,Catalan,predicate,floorarea,floorArea,2,46,1,àreadelpis,46,1.0,False,"{""àreadelpis"": 46}"
ca,Catalan,predicate,floorcount,floorCount,2,117,1,comptedeplantes,117,1.0,False,"{""comptedeplantes"": 117}"
ca,Catalan,predicate,followedby,followedBy,2,180,1,seguitper,180,1.0,False,"{""seguitper"": 180}"
ca,Catalan,predicate,format,format,2,6,1,format,6,1.0,False,"{""format"": 6}"
ca,Catalan,predicate,formerbandmember,formerBandMember,2,5,1,anticmembredelabanda,5,1.0,False,"{""anticmembredelabanda"": 5}"
ca,Catalan,predicate,formername,formerName,2,78,1,anteriornom,78,1.0,False,"{""anteriornom"": 78}"
ca,Catalan,predicate,formerteam,formerTeam,2,87,1,anticequip,87,1.0,False,"{""anticequip"": 87}"
ca,Catalan,predicate,fossil,fossil,2,2,1,fòssil,2,1.0,False,"{""fòssil"": 2}"
ca,Catalan,predicate,foundationplace,foundationPlace,2,185,1,llocdefundació,185,1.0,False,"{""llocdefundació"": 185}"
ca,Catalan,predicate,foundedby,foundedBy,2,37,1,fundatper,37,1.0,False,"{""fundatper"": 37}"
ca,Catalan,predicate,founder,founder,2,22,1,fundador,22,1.0,False,"{""fundador"": 22}"
ca,Catalan,predicate,foundingdate,foundingDate,2,139,1,datadefundació,139,1.0,False,"{""datadefundació"": 139}"
ca,Catalan,predicate,foundingyear,foundingYear,2,5,1,anydefundació,5,1.0,False,"{""anydefundació"": 5}"
ca,Catalan,predicate,frequency,frequency,2,4,1,freqüència,4,1.0,False,"{""freqüència"": 4}"
ca,Catalan,predicate,fullname,fullName,2,135,1,nomcomplet,135,1.0,False,"{""nomcomplet"": 135}"
ca,Catalan,predicate,function,function,2,4,1,funció,4,1.0,False,"{""funció"": 4}"
ca,Catalan,predicate,garrison,garrison,2,6,1,guarnició,6,1.0,False,"{""guarnició"": 6}"
ca,Catalan,predicate,gemstone,gemstone,2,4,1,pedrapreciosa,4,1.0,False,"{""pedrapreciosa"": 4}"
ca,Catalan,predicate,generalmanager,generalManager,2,14,1,gerentgeneral,14,1.0,False,"{""gerentgeneral"": 14}"
ca,Catalan,predicate,genre,genre,2,1035,1,gènere,1035,1.0,False,"{""gènere"": 1035}"
ca,Catalan,predicate,genus,genus,2,21,1,gènere,21,1.0,False,"{""gènere"": 21}"
ca,Catalan,predicate,governingbody,governingBody,2,40,1,òrgandegovern,40,1.0,False,"{""òrgandegovern"": 40}"
ca,Catalan,predicate,governmenttype,governmentType,2,42,1,tipusdegovern,42,1.0,False,"{""tipusdegovern"": 42}"
ca,Catalan,predicate,gridreference,gridReference,2,3,1,referènciadelagraella,3,1.0,False,"{""referènciadelagraella"": 3}"
ca,Catalan,predicate,gross,gross,2,21,1,grans,21,1.0,False,"{""grans"": 21}"
ca,Catalan,predicate,ground,ground,2,496,1,terra,496,1.0,False,"{""terra"": 496}"
ca,Catalan,predicate,hasdeputy,hasDeputy,2,17,1,téunadjunt,17,1.0,False,"{""téunadjunt"": 17}"
ca,Catalan,predicate,hastoitsnorth,hasToItsNorth,2,53,1,téalseunord,53,1.0,False,"{""téalseunord"": 53}"
ca,Catalan,predicate,hastoitsnortheast,hasToItsNortheast,2,24,1,estàalseunord-est,24,1.0,False,"{""estàalseunord-est"": 24}"
ca,Catalan,predicate,hastoitsnorthwest,hasToItsNorthwest,2,15,1,téelnord-oest,15,1.0,False,"{""téelnord-oest"": 15}"
ca,Catalan,predicate,hastoitssoutheast,hasToItsSoutheast,2,57,1,téelsud-est,57,1.0,False,"{""téelsud-est"": 57}"
ca,Catalan,predicate,hastoitssouthwest,hasToItsSouthwest,2,25,1,téelsud-oest,25,1.0,False,"{""téelsud-oest"": 25}"
ca,Catalan,predicate,hastoitswest,hasToItsWest,2,50,1,técapal'oest,50,1.0,False,"{""técapal'oest"": 50}"
ca,Catalan,predicate,headquarter,headquarter,2,93,1,quartergeneral,93,1.0,False,"{""quartergeneral"": 93}"
ca,Catalan,predicate,height,height,2,74,1,alçada,74,1.0,False,"{""alçada"": 74}"
ca,Catalan,predicate,higher,higher,2,33,1,mésalt,33,1.0,False,"{""mésalt"": 33}"
ca,Catalan,predicate,hubairport,hubAirport,2,13,1,hubaeroport,13,1.0,False,"{""hubaeroport"": 13}"
ca,Catalan,predicate,iatalocationidentifier,iataLocationIdentifier,2,12,1,iataidentificadordelocalització,12,1.0,False,"{""iataidentificadordelocalització"": 12}"
ca,Catalan,predicate,icaolocationidentifier,icaoLocationIdentifier,2,64,1,identificadordelocalitzacióicao,64,1.0,False,"{""identificadordelocalitzacióicao"": 64}"
ca,Catalan,predicate,imdbid,imdbId,2,15,1,imdbid,15,1.0,False,"{""imdbid"": 15}"
ca,Catalan,predicate,impactfactor,impactFactor,2,5,1,factord'impacte,5,1.0,False,"{""factord'impacte"": 5}"
ca,Catalan,predicate,inaugurationdate,inaugurationDate,2,36,1,datad'inauguració,36,1.0,False,"{""datad'inauguració"": 36}"
ca,Catalan,predicate,industry,industry,2,112,1,indústria,112,1.0,False,"{""indústria"": 112}"
ca,Catalan,predicate,influencedby,influencedBy,2,38,1,influenciatper,38,1.0,False,"{""influenciatper"": 38}"
ca,Catalan,predicate,ingredient,ingredient,2,740,1,ingredient,740,1.0,False,"{""ingredient"": 740}"
ca,Catalan,predicate,inofficewhilegovernor,inOfficeWhileGovernor,2,3,1,al'oficinamentreelgovernador,3,1.0,False,"{""al'oficinamentreelgovernador"": 3}"
ca,Catalan,predicate,inofficewhilemonarch,inOfficeWhileMonarch,2,30,1,al'oficinamentremonarch,30,1.0,False,"{""al'oficinamentremonarch"": 30}"
ca,Catalan,predicate,inofficewhilepresident,inOfficeWhilePresident,2,48,1,al'oficinamentreelpresident,48,1.0,False,"{""al'oficinamentreelpresident"": 48}"
ca,Catalan,predicate,inofficewhileprimeminister,inOfficeWhilePrimeMinister,2,63,1,encàrrecmentreprimerministre,63,1.0,False,"{""encàrrecmentreprimerministre"": 63}"
ca,Catalan,predicate,inofficewhilevicepresident,inOfficeWhileVicePresident,2,45,1,al'oficinamentreelvicepresident,45,1.0,False,"{""al'oficinamentreelvicepresident"": 45}"
ca,Catalan,predicate,instrument,instrument,2,176,1,instrument,176,1.0,False,"{""instrument"": 176}"
ca,Catalan,predicate,isbnnumber,isbnNumber,2,110,1,númeroisbn,110,1.0,False,"{""númeroisbn"": 110}"
ca,Catalan,predicate,ispartof,isPartOf,2,1760,1,éspartde,1760,1.0,False,"{""éspartde"": 1760}"
ca,Catalan,predicate,ispartofmilitaryconflict,isPartOfMilitaryConflict,2,57,1,éspartd'unconflictemilitar,57,1.0,False,"{""éspartd'unconflictemilitar"": 57}"
ca,Catalan,predicate,issnnumber,issnNumber,2,92,1,númeroissn,92,1.0,False,"{""númeroissn"": 92}"
ca,Catalan,predicate,jurisdiction,jurisdiction,2,4,1,jurisdicció,4,1.0,False,"{""jurisdicció"": 4}"
ca,Catalan,predicate,keyperson,keyPerson,2,115,1,personaclau,115,1.0,False,"{""personaclau"": 115}"
ca,Catalan,predicate,knownfor,knownFor,2,60,1,conegutper,60,1.0,False,"{""conegutper"": 60}"
ca,Catalan,predicate,language,language,2,977,1,llengua,977,1.0,False,"{""llengua"": 977}"
ca,Catalan,predicate,largestcity,largestCity,2,221,1,ciutatmésgran,221,1.0,False,"{""ciutatmésgran"": 221}"
ca,Catalan,predicate,lastaired,lastAired,2,18,1,últimaemissió,18,1.0,False,"{""últimaemissió"": 18}"
ca,Catalan,predicate,latinname,latinName,2,20,1,nomllatí,20,1.0,False,"{""nomllatí"": 20}"
ca,Catalan,predicate,launchsite,launchSite,2,215,1,llocdellançament,215,1.0,False,"{""llocdellançament"": 215}"
ca,Catalan,predicate,layout,layout,2,22,1,disposició,22,1.0,False,"{""disposició"": 22}"
ca,Catalan,predicate,lccn number,LCCN_number,2,63,1,númerolccn,63,1.0,False,"{""númerolccn"": 63}"
ca,Catalan,predicate,leader,leader,2,1982,1,líder,1982,1.0,False,"{""líder"": 1982}"
ca,Catalan,predicate,leaderparty,leaderParty,2,14,1,líderpartit,14,1.0,False,"{""líderpartit"": 14}"
ca,Catalan,predicate,leadertitle,leaderTitle,2,525,1,lídertítol,525,1.0,False,"{""lídertítol"": 525}"
ca,Catalan,predicate,league,league,2,296,1,lliga,296,1.0,False,"{""lliga"": 296}"
ca,Catalan,predicate,legislature,legislature,2,25,1,legislatura,25,1.0,False,"{""legislatura"": 25}"
ca,Catalan,predicate,length,length,2,176,1,longitud,176,1.0,False,"{""longitud"": 176}"
ca,Catalan,predicate,libraryofcongressclassification,libraryofCongressClassification,2,5,1,classificaciódelabibliotecadelcongrés,5,1.0,False,"{""classificaciódelabibliotecadelcongrés"": 5}"
ca,Catalan,predicate,literarygenre,literaryGenre,2,17,1,gènereliterari,17,1.0,False,"{""gènereliterari"": 17}"
ca,Catalan,predicate,location,location,2,2075,1,ubicació,2075,1.0,False,"{""ubicació"": 2075}"
ca,Catalan,predicate,locationidentifier,locationIdentifier,2,11,1,identificadordelocalització,11,1.0,False,"{""identificadordelocalització"": 11}"
ca,Catalan,predicate,longname,longName,2,12,1,nomllarg,12,1.0,False,"{""nomllarg"": 12}"
ca,Catalan,predicate,maidenflight,maidenFlight,2,51,1,maidenflight,51,1.0,False,"{""maidenflight"": 51}"
ca,Catalan,predicate,maidenvoyage,maidenVoyage,2,15,1,maidenvoyage,15,1.0,False,"{""maidenvoyage"": 15}"
ca,Catalan,predicate,mainingredient,mainIngredient,2,339,1,principalingredient,339,1.0,False,"{""principalingredient"": 339}"
ca,Catalan,predicate,manager,manager,2,462,1,gerent,462,1.0,False,"{""gerent"": 462}"
ca,Catalan,predicate,manufacturer,manufacturer,2,249,1,fabricant,249,1.0,False,"{""fabricant"": 249}"
ca,Catalan,predicate,mascot,mascot,2,9,1,mascota,9,1.0,False,"{""mascota"": 9}"
ca,Catalan,predicate,mass,mass,2,85,1,massa,85,1.0,False,"{""massa"": 85}"
ca,Catalan,predicate,material,material,2,67,1,material,67,1.0,False,"{""material"": 67}"
ca,Catalan,predicate,maximumtemperature,maximumTemperature,2,6,1,temperaturamàxima,6,1.0,False,"{""temperaturamàxima"": 6}"
ca,Catalan,predicate,mayor,mayor,2,7,1,alcalde,7,1.0,False,"{""alcalde"": 7}"
ca,Catalan,predicate,meaning,meaning,2,2,1,significat,2,1.0,False,"{""significat"": 2}"
ca,Catalan,predicate,meantemperature,meanTemperature,2,10,1,temperaturamitjana,10,1.0,False,"{""temperaturamitjana"": 10}"
ca,Catalan,predicate,mediatype,mediaType,2,161,1,tipusdemitjans,161,1.0,False,"{""tipusdemitjans"": 161}"
ca,Catalan,predicate,militarybranch,militaryBranch,2,89,1,brancamilitar,89,1.0,False,"{""brancamilitar"": 89}"
ca,Catalan,predicate,minimumtemperature,minimumTemperature,2,5,1,temperaturamínima,5,1.0,False,"{""temperaturamínima"": 5}"
ca,Catalan,predicate,mission,mission,2,280,1,missió,280,1.0,False,"{""missió"": 280}"
ca,Catalan,predicate,modelstartyear,modelStartYear,2,4,1,modelanyd'inici,4,1.0,False,"{""modelanyd'inici"": 4}"
ca,Catalan,predicate,modelyears,modelYears,2,21,1,anysdemodel,21,1.0,False,"{""anysdemodel"": 21}"
ca,Catalan,predicate,mostchampions,mostChampions,2,2,1,lamajoriadecampions,2,1.0,False,"{""lamajoriadecampions"": 2}"
ca,Catalan,predicate,motto,motto,2,17,1,lema,17,1.0,False,"{""lema"": 17}"
ca,Catalan,predicate,municipality,municipality,2,56,1,municipi,56,1.0,False,"{""municipi"": 56}"
ca,Catalan,predicate,musicalartist,musicalArtist,2,3,1,artistamusical,3,1.0,False,"{""artistamusical"": 3}"
ca,Catalan,predicate,musicalband,musicalBand,2,14,1,bandamusical,14,1.0,False,"{""bandamusical"": 14}"
ca,Catalan,predicate,musiccomposer,musicComposer,2,56,1,compositordemúsica,56,1.0,False,"{""compositordemúsica"": 56}"
ca,Catalan,predicate,musicfusiongenre,musicFusionGenre,2,155,1,músicagenrefusion,155,1.0,False,"{""músicagenrefusion"": 155}"
ca,Catalan,predicate,musicsubgenre,musicSubgenre,2,31,1,subgèneredemúsica,31,1.0,False,"{""subgèneredemúsica"": 31}"
ca,Catalan,predicate,nationality,nationality,2,555,1,nacionalitat,555,1.0,False,"{""nacionalitat"": 555}"
ca,Catalan,predicate,nationalregisterofhistoricplacesreferencenumber,NationalRegisterOfHistoricPlacesReferenceNumber,2,34,1,númerodereferènciadelregistrenacionaldellocshistòrics,34,1.0,False,"{""númerodereferènciadelregistrenacionaldellocshistòrics"": 34}"
ca,Catalan,predicate,nativename,nativeName,2,24,1,nomd'origen,24,1.0,False,"{""nomd'origen"": 24}"
ca,Catalan,predicate,nearestcity,nearestCity,2,16,1,ciutatméspropera,16,1.0,False,"{""ciutatméspropera"": 16}"
ca,Catalan,predicate,neighboringmunicipality,neighboringMunicipality,2,9,1,municipiveí,9,1.0,False,"{""municipiveí"": 9}"
ca,Catalan,predicate,netincome,netIncome,2,68,1,ingressosnets,68,1.0,False,"{""ingressosnets"": 68}"
ca,Catalan,predicate,nickname,nickname,2,37,1,sobrenom,37,1.0,False,"{""sobrenom"": 37}"
ca,Catalan,predicate,notablework,notableWork,2,10,1,obranotable,10,1.0,False,"{""obranotable"": 10}"
ca,Catalan,predicate,numberofdoctoralstudents,numberOfDoctoralStudents,2,18,1,nombred'estudiantsdedoctorat,18,1.0,False,"{""nombred'estudiantsdedoctorat"": 18}"
ca,Catalan,predicate,numberofemployees,numberOfEmployees,2,70,1,nombred'empleats,70,1.0,False,"{""nombred'empleats"": 70}"
ca,Catalan,predicate,numberoflocations,numberOfLocations,2,24,1,nombredelocalitzacions,24,1.0,False,"{""nombredelocalitzacions"": 24}"
ca,Catalan,predicate,numberofmembers,numberOfMembers,2,236,1,nombredemembres,236,1.0,False,"{""nombredemembres"": 236}"
ca,Catalan,predicate,numberofpages,numberOfPages,2,74,1,nombredepàgines,74,1.0,False,"{""nombredepàgines"": 74}"
ca,Catalan,predicate,numberofpostgraduatestudents,numberOfPostgraduateStudents,2,48,1,nombred'estudiantsdepostgrau,48,1.0,False,"{""nombred'estudiantsdepostgrau"": 48}"
ca,Catalan,predicate,numberofrooms,numberOfRooms,2,3,1,nombredehabitacions,3,1.0,False,"{""nombredehabitacions"": 3}"
ca,Catalan,predicate,numberofstudents,numberOfStudents,2,98,1,nombred'estudiants,98,1.0,False,"{""nombred'estudiants"": 98}"
ca,Catalan,predicate,numberofundergraduatestudents,numberOfUndergraduateStudents,2,16,1,nombred'estudiantsdegrau,16,1.0,False,"{""nombred'estudiantsdegrau"": 16}"
ca,Catalan,predicate,numberofvotesattained,numberOfVotesAttained,2,3,1,nombredevotsassolits,3,1.0,False,"{""nombredevotsassolits"": 3}"
ca,Catalan,predicate,occupation,occupation,2,270,1,ocupació,270,1.0,False,"{""ocupació"": 270}"
ca,Catalan,predicate,oclcnumber,oclcNumber,2,75,1,númerooclc,75,1.0,False,"{""númerooclc"": 75}"
ca,Catalan,predicate,office,office,2,268,1,oficina,268,1.0,False,"{""oficina"": 268}"
ca,Catalan,predicate,officiallanguage,officialLanguage,2,42,1,llenguaoficial,42,1.0,False,"{""llenguaoficial"": 42}"
ca,Catalan,predicate,officialschoolcolour,officialSchoolColour,2,3,1,coloroficialdel'escola,3,1.0,False,"{""coloroficialdel'escola"": 3}"
ca,Catalan,predicate,operatingincome,operatingIncome,2,39,1,ingressosoperatius,39,1.0,False,"{""ingressosoperatius"": 39}"
ca,Catalan,predicate,operatingorganisation,operatingOrganisation,2,360,1,organitzacióoperativa,360,1.0,False,"{""organitzacióoperativa"": 360}"
ca,Catalan,predicate,operator,operator,2,186,1,operador,186,1.0,False,"{""operador"": 186}"
ca,Catalan,predicate,orbitalperiod,orbitalPeriod,2,251,1,períodeorbital,251,1.0,False,"{""períodeorbital"": 251}"
ca,Catalan,predicate,order,order,2,92,1,ordre,92,1.0,False,"{""ordre"": 92}"
ca,Catalan,predicate,origin,origin,2,163,1,origen,163,1.0,False,"{""origen"": 163}"
ca,Catalan,predicate,outlookranking,outlookRanking,2,2,1,classificaciódel'outlook,2,1.0,False,"{""classificaciódel'outlook"": 2}"
ca,Catalan,predicate,owner,owner,2,227,1,propietari,227,1.0,False,"{""propietari"": 227}"
ca,Catalan,predicate,owningorganisation,owningOrganisation,2,13,1,organitzaciópropietària,13,1.0,False,"{""organitzaciópropietària"": 13}"
ca,Catalan,predicate,parentcompany,parentCompany,2,78,1,empresamatriu,78,1.0,False,"{""empresamatriu"": 78}"
ca,Catalan,predicate,part,part,2,15,1,part,15,1.0,False,"{""part"": 15}"
ca,Catalan,predicate,partialfailures,partialFailures,2,2,1,falladesparcials,2,1.0,False,"{""falladesparcials"": 2}"
ca,Catalan,predicate,partstype,partsType,2,8,1,tipusdepart,8,1.0,False,"{""tipusdepart"": 8}"
ca,Catalan,predicate,party,party,2,242,1,festa,242,1.0,False,"{""festa"": 242}"
ca,Catalan,predicate,patronsaint,patronSaint,2,6,1,santpatró,6,1.0,False,"{""santpatró"": 6}"
ca,Catalan,predicate,percentageofareawater,percentageOfAreaWater,2,4,1,percentatgedelasuperfíciedel'aigua,4,1.0,False,"{""percentatgedelasuperfíciedel'aigua"": 4}"
ca,Catalan,predicate,periapsis,periapsis,2,226,1,periàpside,226,1.0,False,"{""periàpside"": 226}"
ca,Catalan,predicate,place,place,2,5,1,lloc,5,1.0,False,"{""lloc"": 5}"
ca,Catalan,predicate,populationdensity,populationDensity,2,166,1,densitatdepoblació,166,1.0,False,"{""densitatdepoblació"": 166}"
ca,Catalan,predicate,populationmetro,populationMetro,2,17,1,poblaciómetro,17,1.0,False,"{""poblaciómetro"": 17}"
ca,Catalan,predicate,populationmetrodensity,populationMetroDensity,2,2,1,populaciódensitatmetropolitana,2,1.0,False,"{""populaciódensitatmetropolitana"": 2}"
ca,Catalan,predicate,populationtotal,populationTotal,2,18,1,poblaciótotal,18,1.0,False,"{""poblaciótotal"": 18}"
ca,Catalan,predicate,position,position,2,30,1,posició,30,1.0,False,"{""posició"": 30}"
ca,Catalan,predicate,postalcode,postalCode,2,30,1,còdipostal,30,1.0,False,"{""còdipostal"": 30}"
ca,Catalan,predicate,powertype,powerType,2,112,1,tipusdepotència,112,1.0,False,"{""tipusdepotència"": 112}"
ca,Catalan,predicate,precededby,precededBy,2,214,1,preceditper,214,1.0,False,"{""preceditper"": 214}"
ca,Catalan,predicate,predecessor,predecessor,2,43,1,predecessor,43,1.0,False,"{""predecessor"": 43}"
ca,Catalan,predicate,president,president,2,49,1,president,49,1.0,False,"{""president"": 49}"
ca,Catalan,predicate,producer,producer,2,151,1,productor,151,1.0,False,"{""productor"": 151}"
ca,Catalan,predicate,product,product,2,177,1,producte,177,1.0,False,"{""producte"": 177}"
ca,Catalan,predicate,productionendyear,productionEndYear,2,18,1,producciófind'any,18,1.0,False,"{""producciófind'any"": 18}"
ca,Catalan,predicate,productionstartyear,productionStartYear,2,19,1,anyd'inicideproducció,19,1.0,False,"{""anyd'inicideproducció"": 19}"
ca,Catalan,predicate,profession,profession,2,10,1,professió,10,1.0,False,"{""professió"": 10}"
ca,Catalan,predicate,professionalfield,professionalField,2,68,1,campprofessional,68,1.0,False,"{""campprofessional"": 68}"
ca,Catalan,predicate,protein,protein,2,9,1,proteïna,9,1.0,False,"{""proteïna"": 9}"
ca,Catalan,predicate,publisher,publisher,2,209,1,editor,209,1.0,False,"{""editor"": 209}"
ca,Catalan,predicate,recordedin,recordedIn,2,39,1,registratsen,39,1.0,False,"{""registratsen"": 39}"
ca,Catalan,predicate,recordlabel,recordLabel,2,295,1,etiquetadelregistre,295,1.0,False,"{""etiquetadelregistre"": 295}"
ca,Catalan,predicate,rector,rector,2,8,1,rector,8,1.0,False,"{""rector"": 8}"
ca,Catalan,predicate,region,region,2,715,1,regió,715,1.0,False,"{""regió"": 715}"
ca,Catalan,predicate,regionserved,regionServed,2,31,1,regióservida,31,1.0,False,"{""regióservida"": 31}"
ca,Catalan,predicate,related,related,2,3,1,relacionat,3,1.0,False,"{""relacionat"": 3}"
ca,Catalan,predicate,relatedmeanoftransportation,relatedMeanOfTransportation,2,216,1,mitjàdetransportrelacionat,216,1.0,False,"{""mitjàdetransportrelacionat"": 216}"
ca,Catalan,predicate,releasedate,releaseDate,2,67,1,datadellançament,67,1.0,False,"{""datadellançament"": 67}"
ca,Catalan,predicate,religion,religion,2,24,1,religió,24,1.0,False,"{""religió"": 24}"
ca,Catalan,predicate,representative,representative,2,6,1,representatiu,6,1.0,False,"{""representatiu"": 6}"
ca,Catalan,predicate,residence,residence,2,156,1,residència,156,1.0,False,"{""residència"": 156}"
ca,Catalan,predicate,revenue,revenue,2,38,1,ingressos,38,1.0,False,"{""ingressos"": 38}"
ca,Catalan,predicate,ribbonaward,ribbonAward,2,5,1,premidecinta,5,1.0,False,"{""premidecinta"": 5}"
ca,Catalan,predicate,river,river,2,18,1,riuwaters world-class.kgm,18,1.0,False,"{""riuwaters world-class.kgm"": 18}"
ca,Catalan,predicate,rocketstages,rocketStages,2,6,1,etapesdelcoet,6,1.0,False,"{""etapesdelcoet"": 6}"
ca,Catalan,predicate,rotationperiod,rotationPeriod,2,41,1,períodederotació,41,1.0,False,"{""períodederotació"": 41}"
ca,Catalan,predicate,runtime,runtime,2,154,1,tempsd'execució,154,1.0,False,"{""tempsd'execució"": 154}"
ca,Catalan,predicate,runwaylength,runwayLength,2,411,1,longituddelapista,411,1.0,False,"{""longituddelapista"": 411}"
ca,Catalan,predicate,runwayname,runwayName,2,221,1,nomdelapista,221,1.0,False,"{""nomdelapista"": 221}"
ca,Catalan,predicate,runwaysurfacetype,runwaySurfaceType,2,13,1,tipusdesuperfíciedepista,13,1.0,False,"{""tipusdesuperfíciedepista"": 13}"
ca,Catalan,predicate,saint,saint,2,4,1,sant,4,1.0,False,"{""sant"": 4}"
ca,Catalan,predicate,season,season,2,161,1,temporada,161,1.0,False,"{""temporada"": 161}"
ca,Catalan,predicate,selectedbynasa,selectedByNasa,2,147,1,seleccionatperlanasa,147,1.0,False,"{""seleccionatperlanasa"": 147}"
ca,Catalan,predicate,senators,senators,2,9,1,senadors,9,1.0,False,"{""senadors"": 9}"
ca,Catalan,predicate,series,series,2,26,1,sèrie,26,1.0,False,"{""sèrie"": 26}"
ca,Catalan,predicate,served,served,2,4,1,servit,4,1.0,False,"{""servit"": 4}"
ca,Catalan,predicate,servedaschiefoftheastronautofficein,servedAsChiefOfTheAstronautOfficeIn,2,19,1,vaservircomacapdel'oficinad'astronautesen,19,1.0,False,"{""vaservircomacapdel'oficinad'astronautesen"": 19}"
ca,Catalan,predicate,service,service,2,22,1,servei,22,1.0,False,"{""servei"": 22}"
ca,Catalan,predicate,servicestartyear,serviceStartYear,2,2,1,serveianyd'inici,2,1.0,False,"{""serveianyd'inici"": 2}"
ca,Catalan,predicate,servingtemperature,servingTemperature,2,24,1,temperaturadeservir,24,1.0,False,"{""temperaturadeservir"": 24}"
ca,Catalan,predicate,shipbeam,shipBeam,2,72,1,beamdevaixell,72,1.0,False,"{""beamdevaixell"": 72}"
ca,Catalan,predicate,shipclass,shipClass,2,10,1,classedevaixell,10,1.0,False,"{""classedevaixell"": 10}"
ca,Catalan,predicate,shipdisplacement,shipDisplacement,2,17,1,desplaçamentdelvaixell,17,1.0,False,"{""desplaçamentdelvaixell"": 17}"
ca,Catalan,predicate,shipdraft,shipDraft,2,4,1,projectedevaixell,4,1.0,False,"{""projectedevaixell"": 4}"
ca,Catalan,predicate,shipinservice,shipInService,2,4,1,vaixellenservei,4,1.0,False,"{""vaixellenservei"": 4}"
ca,Catalan,predicate,shiplaiddown,shipLaidDown,2,2,1,vaixellaterrat,2,1.0,False,"{""vaixellaterrat"": 2}"
ca,Catalan,predicate,shiplaunch,shipLaunch,2,12,1,lançamentdevaixell,12,1.0,False,"{""lançamentdevaixell"": 12}"
ca,Catalan,predicate,shipordered,shipOrdered,2,4,1,comandadevaixell,4,1.0,False,"{""comandadevaixell"": 4}"
ca,Catalan,predicate,shippower,shipPower,2,5,1,potènciadevaixell,5,1.0,False,"{""potènciadevaixell"": 5}"
ca,Catalan,predicate,significantbuilding,significantBuilding,2,57,1,edificisignificatiu,57,1.0,False,"{""edificisignificatiu"": 57}"
ca,Catalan,predicate,significantproject,significantProject,2,9,1,projectesignificatiu,9,1.0,False,"{""projectesignificatiu"": 9}"
ca,Catalan,predicate,similardish,similarDish,2,3,1,dispositiusimilar,3,1.0,False,"{""dispositiusimilar"": 3}"
ca,Catalan,predicate,site,site,2,22,1,lloc,22,1.0,False,"{""lloc"": 22}"
ca,Catalan,predicate,spokenin,spokenIn,2,124,1,parlaten,124,1.0,False,"{""parlaten"": 124}"
ca,Catalan,predicate,sportgoverningbody,sportGoverningBody,2,15,1,organismedegoverndel'esport,15,1.0,False,"{""organismedegoverndel'esport"": 15}"
ca,Catalan,predicate,sportsoffered,sportsOffered,2,18,1,esportsoferts,18,1.0,False,"{""esportsoferts"": 18}"
ca,Catalan,predicate,spouse,spouse,2,130,1,cònjuge,130,1.0,False,"{""cònjuge"": 130}"
ca,Catalan,predicate,stadium,stadium,2,2,1,estadi,2,1.0,False,"{""estadi"": 2}"
ca,Catalan,predicate,staff,staff,2,18,1,personal,18,1.0,False,"{""personal"": 18}"
ca,Catalan,predicate,starring,starring,2,210,1,protagonitzadaper,210,1.0,False,"{""protagonitzadaper"": 210}"
ca,Catalan,predicate,state,state,2,247,1,estat,247,1.0,False,"{""estat"": 247}"
ca,Catalan,predicate,stateoforigin,stateOfOrigin,2,16,1,estatd'origen,16,1.0,False,"{""estatd'origen"": 16}"
ca,Catalan,predicate,status,status,2,184,1,estatut,184,1.0,False,"{""estatut"": 184}"
ca,Catalan,predicate,stylisticorigin,stylisticOrigin,2,336,1,origenestilístic,336,1.0,False,"{""origenestilístic"": 336}"
ca,Catalan,predicate,subsidiary,subsidiary,2,68,1,subsidiària,68,1.0,False,"{""subsidiària"": 68}"
ca,Catalan,predicate,successor,successor,2,324,1,successor,324,1.0,False,"{""successor"": 324}"
ca,Catalan,predicate,surfacearea,surfaceArea,2,9,1,àreadesuperfície,9,1.0,False,"{""àreadesuperfície"": 9}"
ca,Catalan,predicate,temperature,temperature,2,31,1,temperatura,31,1.0,False,"{""temperatura"": 31}"
ca,Catalan,predicate,tenant,tenant,2,67,1,inquilí,67,1.0,False,"{""inquilí"": 67}"
ca,Catalan,predicate,timeinspace,timeInSpace,2,35,1,tempsal'espai,35,1.0,False,"{""tempsal'espai"": 35}"
ca,Catalan,predicate,timeshiftchannel,timeshiftChannel,2,2,1,canaldedesplaçamenttemporal,2,1.0,False,"{""canaldedesplaçamenttemporal"": 2}"
ca,Catalan,predicate,timezone,timeZone,2,45,1,zonahorària,45,1.0,False,"{""zonahorària"": 45}"
ca,Catalan,predicate,title,title,2,6,1,títol,6,1.0,False,"{""títol"": 6}"
ca,Catalan,predicate,topspeed,topSpeed,2,38,1,velocitatmàxima,38,1.0,False,"{""velocitatmàxima"": 38}"
ca,Catalan,predicate,totallaunches,totalLaunches,2,5,1,totaldellançaments,5,1.0,False,"{""totaldellançaments"": 5}"
ca,Catalan,predicate,totalproduction,totalProduction,2,9,1,producciótotal,9,1.0,False,"{""producciótotal"": 9}"
ca,Catalan,predicate,traineraircraft,trainerAircraft,2,4,1,entrenadoravió,4,1.0,False,"{""entrenadoravió"": 4}"
ca,Catalan,predicate,training,training,2,12,1,formació,12,1.0,False,"{""formació"": 12}"
ca,Catalan,predicate,transmission,transmission,2,43,1,transmissió,43,1.0,False,"{""transmissió"": 43}"
ca,Catalan,predicate,transportaircraft,transportAircraft,2,32,1,aviódetransport,32,1.0,False,"{""aviódetransport"": 32}"
ca,Catalan,predicate,type,type,2,132,1,tipus,132,1.0,False,"{""tipus"": 132}"
ca,Catalan,predicate,unit,unit,2,9,1,%1quilòmetresquadratsamountinunits(integer),9,1.0,False,"{""%1quilòmetresquadratsamountinunits(integer)"": 9}"
ca,Catalan,predicate,universityteam,universityTeam,2,2,1,equipdelauniversitat,2,1.0,False,"{""equipdelauniversitat"": 2}"
ca,Catalan,predicate,utcoffset,utcOffset,2,45,1,desplaçamentutc,45,1.0,False,"{""desplaçamentutc"": 45}"
ca,Catalan,predicate,vicechancellor,viceChancellor,2,2,1,vicerector,2,1.0,False,"{""vicerector"": 2}"
ca,Catalan,predicate,voice,voice,2,6,1,veu,6,1.0,False,"{""veu"": 6}"
ca,Catalan,predicate,wasgiventhetechnicalcampusstatusby,wasGivenTheTechnicalCampusStatusBy,2,44,1,varebrel'estatutdecampustècnicper,44,1.0,False,"{""varebrel'estatutdecampustècnicper"": 44}"
ca,Catalan,predicate,website,website,2,2,1,llocweb,2,1.0,False,"{""llocweb"": 2}"
ca,Catalan,predicate,weight,weight,2,21,1,pes,21,1.0,False,"{""pes"": 21}"
ca,Catalan,predicate,wheelbase,wheelbase,2,29,1,distànciaentreeixos,29,1.0,False,"{""distànciaentreeixos"": 29}"
ca,Catalan,predicate,width,width,2,2,1,amplada,2,1.0,False,"{""amplada"": 2}"
ca,Catalan,predicate,writer,writer,2,91,1,escriptor,91,1.0,False,"{""escriptor"": 91}"
ca,Catalan,predicate,year,year,2,3,1,any,3,1.0,False,"{""any"": 3}"
ca,Catalan,predicate,yearofconstruction,yearOfConstruction,2,44,1,anydeconstrucció,44,1.0,False,"{""anydeconstrucció"": 44}"
ca,Catalan,predicate,youthclub,youthclub,2,91,1,clubjuvenil,91,1.0,False,"{""clubjuvenil"": 91}"
es,Spanish,entity_or_value,(15788) 1993 sb,(15788)_1993_SB,2,80,1,(15788) 1993 sb,80,1.0,False,"{""(15788) 1993 sb"": 80}"
es,Spanish,entity_or_value,(19255) 1994 vk8,(19255)_1994_VK8,2,66,1,(19255) 1994 vk8,66,1.0,False,"{""(19255) 1994 vk8"": 66}"
es,Spanish,entity_or_value,(29075) 1950 da,(29075)_1950_DA,2,39,1,(29075) 1950 da,39,1.0,False,"{""(29075) 1950 da"": 39}"
es,Spanish,entity_or_value,(410777) 2009 fd,(410777)_2009_FD,2,87,1,(410777) 2009 fd,87,1.0,False,"{""(410777) 2009 fd"": 87}"
es,Spanish,entity_or_value,(66063) 1998 ro1,(66063)_1998_RO1,2,92,1,(66063) 1998 ro1,92,1.0,False,"{""(66063) 1998 ro1"": 92}"
es,Spanish,entity_or_value,(66391) 1999 kw4,(66391)_1999_KW4,2,79,1,(66391) 1999 kw4,79,1.0,False,"{""(66391) 1999 kw4"": 79}"
es,Spanish,entity_or_value,+2,+2,2,3,1,+2,3,1.0,False,"{""+2"": 3}"
es,Spanish,entity_or_value,+8,+8,2,2,1,+8,2,1.0,False,"{""+8"": 2}"
es,Spanish,entity_or_value,-3.3528,-3.3528,2,18,1,-3.3528,18,1.0,False,"{""-3.3528"": 18}"
es,Spanish,entity_or_value,-7,"""-7""",2,9,1,-7,9,1.0,False,"{""-7"": 9}"
es,Spanish,entity_or_value,-71.0 (degreecelsius),-71.0 (degreeCelsius),2,3,1,"-71,0 (grados celsius)",3,1.0,False,"{""-71,0 (grados celsius)"": 3}"
es,Spanish,entity_or_value,-8,"""-8""",2,8,1,-8,8,1.0,False,"{""-8"": 8}"
es,Spanish,entity_or_value,0,0,2,11,1,0,11,1.0,False,"{""0"": 11}"
es,Spanish,entity_or_value,0-374-26131-8,"""0-374-26131-8""",2,10,1,0-374-26131-8,10,1.0,False,"{""0-374-26131-8"": 10}"
es,Spanish,entity_or_value,0-439-17684-0,"""0-439-17684-0""",2,11,1,0-439-17684-0,11,1.0,False,"{""0-439-17684-0"": 11}"
es,Spanish,entity_or_value,0-439-17685-9,"""0-439-17685-9""",2,8,1,0-439-17685-9,8,1.0,False,"{""0-439-17685-9"": 8}"
es,Spanish,entity_or_value,0-439-92550-9,"""0-439-92550-9""",2,10,1,0-439-92550-9,10,1.0,False,"{""0-439-92550-9"": 10}"
es,Spanish,entity_or_value,0-670-03380-4,"""0-670-03380-4""",2,10,1,0-670-03380-4,10,1.0,False,"{""0-670-03380-4"": 10}"
es,Spanish,entity_or_value,0-7156-3648-0,"""0-7156-3648-0""",2,10,1,0-7156-3648-0,10,1.0,False,"{""0-7156-3648-0"": 10}"
es,Spanish,entity_or_value,0-7653-0633-6,"""0-7653-0633-6""",2,6,1,0-7653-0633-6,6,1.0,False,"{""0-7653-0633-6"": 6}"
es,Spanish,entity_or_value,0.0068 (kilometreperseconds),0.0068 (kilometrePerSeconds),2,11,1,"0,0068 (kilómetros por segundo)",11,1.0,False,"{""0,0068 (kilómetros por segundo)"": 11}"
es,Spanish,entity_or_value,0.0112 (kilometreperseconds),0.0112 (kilometrePerSeconds),2,9,1,"0,0112 (kilómetros por segundo)",9,1.0,False,"{""0,0112 (kilómetros por segundo)"": 9}"
es,Spanish,entity_or_value,0.0155 (kilometreperseconds),0.0155 (kilometrePerSeconds),2,9,1,"0,0155 (kilómetros por segundo)",9,1.0,False,"{""0,0155 (kilómetros por segundo)"": 9}"
es,Spanish,entity_or_value,0.02 (kilometreperseconds),0.02 (kilometrePerSeconds),2,6,1,"0,02 (kilómetros por segundo)",6,1.0,False,"{""0,02 (kilómetros por segundo)"": 6}"
es,Spanish,entity_or_value,0.0252 (kilometreperseconds),0.0252 (kilometrePerSeconds),2,3,1,"0,0252 (kilómetros por segundo)",3,1.0,False,"{""0,0252 (kilómetros por segundo)"": 3}"
es,Spanish,entity_or_value,0.0348 (kilometreperseconds),0.0348 (kilometrePerSeconds),2,5,1,"0,0348 (kilómetros por segundo)",5,1.0,False,"{""0,0348 (kilómetros por segundo)"": 5}"
es,Spanish,entity_or_value,0.0455 (kilometreperseconds),0.0455 (kilometrePerSeconds),2,9,1,"0,0455 (kilómetros por segundo)",9,1.0,False,"{""0,0455 (kilómetros por segundo)"": 9}"
es,Spanish,entity_or_value,0.0473 (kilometreperseconds),0.0473 (kilometrePerSeconds),2,8,1,"0,0473 (kilómetros por segundo)",8,1.0,False,"{""0,0473 (kilómetros por segundo)"": 8}"
es,Spanish,entity_or_value,0.0482 (kilometreperseconds),0.0482 (kilometrePerSeconds),2,6,1,"0,0482 (kilómetros por segundo)",6,1.0,False,"{""0,0482 (kilómetros por segundo)"": 6}"
es,Spanish,entity_or_value,0.0925 (kilometreperseconds),0.0925 (kilometrePerSeconds),2,6,1,"0,0925 (kilómetros por segundo)",6,1.0,False,"{""0,0925 (kilómetros por segundo)"": 6}"
es,Spanish,entity_or_value,0.0999 (kilometreperseconds),0.0999 (kilometrePerSeconds),2,7,1,"0,0999 (kilómetros por segundo)",7,1.0,False,"{""0,0999 (kilómetros por segundo)"": 7}"
es,Spanish,entity_or_value,0.21 (kilometreperseconds),0.21 (kilometrePerSeconds),2,11,1,"0,21 (kilómetros por segundo)",11,1.0,False,"{""0,21 (kilómetros por segundo)"": 11}"
es,Spanish,entity_or_value,0.54 (square kilometres),0.54 (square kilometres),2,2,1,"0,54 (kilómetros cuadrados)",2,1.0,False,"{""0,54 (kilómetros cuadrados)"": 2}"
es,Spanish,entity_or_value,0.88 (square kilometres),0.88 (square kilometres),2,2,1,"0,88 (kilómetros cuadrados)",2,1.0,False,"{""0,88 (kilómetros cuadrados)"": 2}"
es,Spanish,entity_or_value,0001-8392,"""0001-8392""",2,8,1,0001-8392,8,1.0,False,"{""0001-8392"": 8}"
es,Spanish,entity_or_value,0002-9327,"""0002-9327""",2,8,1,0002-9327,8,1.0,False,"{""0002-9327"": 8}"
es,Spanish,entity_or_value,0004319,0004319,2,14,1,0004319,14,1.0,False,"{""0004319"": 14}"
es,Spanish,entity_or_value,0025-5858,"""0025-5858""",2,4,1,0025-5858,4,1.0,False,"{""0025-5858"": 4}"
es,Spanish,entity_or_value,0236-5294,"""0236-5294""",2,4,1,0236-5294,4,1.0,False,"{""0236-5294"": 4}"
es,Spanish,entity_or_value,0269-9370,"""0269-9370""",2,6,1,0269-9370,6,1.0,False,"{""0269-9370"": 6}"
es,Spanish,entity_or_value,03/21,"""03/21""",2,3,1,03/21,3,1.0,False,"{""03/21"": 3}"
es,Spanish,entity_or_value,03l/21r,"""03L/21R""",2,8,1,03l/21r,8,1.0,False,"{""03l/21r"": 8}"
es,Spanish,entity_or_value,03r/21l,"""03R/21L""",2,6,1,03r/21l,6,1.0,False,"{""03r/21l"": 6}"
es,Spanish,entity_or_value,04/22 'oostbaan,"""04/22 'Oostbaan'""",2,2,1,04/22 'oostbaan,2,1.0,False,"{""04/22 'oostbaan"": 2}"
es,Spanish,entity_or_value,0567-7920,"""0567-7920""",2,7,1,0567-7920,7,1.0,False,"{""0567-7920"": 7}"
es,Spanish,entity_or_value,05l/23r,"""05L/23R""",2,5,1,05l/23r,5,1.0,False,"{""05l/23r"": 5}"
es,Spanish,entity_or_value,06/24 'kaagbaan,"""06/24 'Kaagbaan'""",2,2,1,06/24 'kaagbaan,2,1.0,False,"{""06/24 'kaagbaan"": 2}"
es,Spanish,entity_or_value,07/25,"""07/25""",2,5,1,07/25,5,1.0,False,"{""07/25"": 5}"
es,Spanish,entity_or_value,08/26,"""08/26""",2,23,1,08/26,23,1.0,False,"{""08/26"": 23}"
es,Spanish,entity_or_value,0965-2140,"""0965-2140""",2,6,1,0965-2140,6,1.0,False,"{""0965-2140"": 6}"
es,Spanish,entity_or_value,09l/27r,"""09L/27R""",2,7,1,09l/27r,7,1.0,False,"{""09l/27r"": 7}"
es,Spanish,entity_or_value,09r/27l,"""09R/27L""",2,4,1,09r/27l,4,1.0,False,"{""09r/27l"": 4}"
es,Spanish,entity_or_value,1,1,2,9,1,1,9,1.0,False,"{""1"": 9}"
es,Spanish,entity_or_value,1 decembrie 1918 university,1_Decembrie_1918_University,2,102,1,1 de diciembre de 1918 universidad,102,1.0,False,"{""1 de diciembre de 1918 universidad"": 102}"
es,Spanish,entity_or_value,1-4-2 nakadori,"""1-4-2 Nakadori""",2,3,1,1-4-2 nakadori,3,1.0,False,"{""1-4-2 nakadori"": 3}"
es,Spanish,entity_or_value,1-4165-2060-0,"""1-4165-2060-0""",2,16,1,1-4165-2060-0,16,1.0,False,"{""1-4165-2060-0"": 16}"
es,Spanish,entity_or_value,1-56947-301-3,"""1-56947-301-3""",2,7,1,1-56947-301-3,7,1.0,False,"{""1-56947-301-3"": 7}"
es,Spanish,entity_or_value,1. fc köln,1._FC_Köln,2,34,1,f. c. colonia,34,1.0,False,"{""f. c. colonia"": 34}"
es,Spanish,entity_or_value,1. fc lokomotive leipzig,1._FC_Lokomotive_Leipzig,2,11,1,lokomotive leipzig,11,1.0,False,"{""lokomotive leipzig"": 11}"
es,Spanish,entity_or_value,1. fc magdeburg,1._FC_Magdeburg,2,40,1,1. fc magdeburg,40,1.0,False,"{""1. fc magdeburg"": 40}"
es,Spanish,entity_or_value,1. fc union berlin,1._FC_Union_Berlin,2,8,1,f. c. unión berlín,8,1.0,False,"{""f. c. unión berlín"": 8}"
es,Spanish,entity_or_value,1.0 (square kilometres),1.0 (square kilometres),2,2,1,"1,0 (kilómetros cuadrados)",2,1.0,False,"{""1,0 (kilómetros cuadrados)"": 2}"
es,Spanish,entity_or_value,1.1 (kilograms),1.1 (kilograms),2,5,1,"1,1 (kilogramos)",5,1.0,False,"{""1,1 (kilogramos)"": 5}"
es,Spanish,entity_or_value,1.2 (litres),1.2 (litres),2,14,1,"1,2 (litros)",14,1.0,False,"{""1,2 (litros)"": 14}"
es,Spanish,entity_or_value,1.3,1.3,2,2,1,1.3,2,1.0,False,"{""1.3"": 2}"
es,Spanish,entity_or_value,1.337,"""1.337""",2,2,1,1.337,2,1.0,False,"{""1.337"": 2}"
es,Spanish,entity_or_value,1.524,"""1.524""",2,3,1,1.524,3,1.0,False,"{""1.524"": 3}"
es,Spanish,entity_or_value,1.524 (metres),1.524 (metres),2,12,1,"1,524 (metros)",12,1.0,False,"{""1,524 (metros)"": 12}"
es,Spanish,entity_or_value,1.55,1.55,2,2,1,1.55,2,1.0,False,"{""1.55"": 2}"
es,Spanish,entity_or_value,1.7 (square kilometres),1.7 (square kilometres),2,2,1,"1,7 (kilómetros cuadrados)",2,1.0,False,"{""1,7 (kilómetros cuadrados)"": 2}"
es,Spanish,entity_or_value,1.8 g,1.8 g,2,9,1,1.8 g,9,1.0,False,"{""1.8 g"": 9}"
es,Spanish,entity_or_value,1.905,1.905,2,8,1,1.905,8,1.0,False,"{""1.905"": 8}"
es,Spanish,entity_or_value,1.9304,1.9304,2,4,1,1.9304,4,1.0,False,"{""1.9304"": 4}"
es,Spanish,entity_or_value,1.9558,1.9558,2,7,1,1.9558,7,1.0,False,"{""1.9558"": 7}"
es,Spanish,entity_or_value,1/19,"""1/19""",2,3,1,1/19,3,1.0,False,"{""1/19"": 3}"
es,Spanish,entity_or_value,10 hygiea,10_Hygiea,2,97,1,(10) hygiea,97,1.0,False,"{""(10) hygiea"": 97}"
es,Spanish,entity_or_value,100,100,2,32,1,100,32,1.0,False,"{""100"": 32}"
es,Spanish,entity_or_value,1000 piazzia,1000_Piazzia,2,52,1,1000 piazzia,52,1.0,False,"{""1000 piazzia"": 52}"
es,Spanish,entity_or_value,10000,10000,2,15,1,10000,15,1.0,False,"{""10000"": 15}"
es,Spanish,entity_or_value,1001 gaussia,1001_Gaussia,2,70,1,(1001) gaussia,70,1.0,False,"{""(1001) gaussia"": 70}"
es,Spanish,entity_or_value,"100305.0""(minutes)","""100305.0""(minutes)",2,20,1,100305.0 (minutos),20,1.0,False,"{""100305.0 (minutos)"": 20}"
es,Spanish,entity_or_value,101 helena,101_Helena,2,98,1,101 helena,98,1.0,False,"{""101 helena"": 98}"
es,Spanish,entity_or_value,101 ukrop way,"""101 Ukrop Way""",2,40,1,101 ukrop way,40,1.0,False,"{""101 ukrop way"": 40}"
es,Spanish,entity_or_value,102372,102372,2,5,1,102372,5,1.0,False,"{""102372"": 5}"
es,Spanish,entity_or_value,10252,10252,2,21,1,10252,21,1.0,False,"{""10252"": 21}"
es,Spanish,entity_or_value,10264000000,10264000000,2,25,1,10264000000,25,1.0,False,"{""10264000000"": 25}"
es,Spanish,entity_or_value,103 colmore row,103_Colmore_Row,2,102,1,103 colmore row,102,1.0,False,"{""103 colmore row"": 102}"
es,Spanish,entity_or_value,103 hera,103_Hera,2,89,1,(103) hera,89,1.0,False,"{""(103) hera"": 89}"
es,Spanish,entity_or_value,1036 ganymed,1036_Ganymed,2,61,1,(1036) ganymed,61,1.0,False,"{""(1036) ganymed"": 61}"
es,Spanish,entity_or_value,1046-8188,"""1046-8188""",2,6,1,1046-8188,6,1.0,False,"{""1046-8188"": 6}"
es,Spanish,entity_or_value,106000,106000,2,2,1,106000,2,1.0,False,"{""106000"": 2}"
es,Spanish,entity_or_value,107 camilla,107_Camilla,2,116,1,(107) camilla,116,1.0,False,"{""(107) camilla"": 116}"
es,Spanish,entity_or_value,107.43 (square kilometres),107.43 (square kilometres),2,12,1,"107,43 (kilómetros cuadrados)",12,1.0,False,"{""107,43 (kilómetros cuadrados)"": 12}"
es,Spanish,entity_or_value,108 st georges terrace,108_St_Georges_Terrace,2,34,1,108 st georges terrace,34,1.0,False,"{""108 st georges terrace"": 34}"
es,Spanish,entity_or_value,1080,1080,2,2,1,1080,2,1.0,False,"{""1080"": 2}"
es,Spanish,entity_or_value,1080-6377,"""1080-6377""",2,8,1,1080-6377,8,1.0,False,"{""1080-6377"": 8}"
es,Spanish,entity_or_value,108600000,108600000,2,21,1,108600000,21,1.0,False,"{""108600000"": 21}"
es,Spanish,entity_or_value,1089 tama,1089_Tama,2,109,1,1089 tama,109,1.0,False,"{""1089 tama"": 109}"
es,Spanish,entity_or_value,109 felicitas,109_Felicitas,2,76,1,(109) felicitas,76,1.0,False,"{""(109) felicitas"": 76}"
es,Spanish,entity_or_value,1095.0,1095.0,2,23,1,1095.0,23,1.0,False,"{""1095.0"": 23}"
es,Spanish,entity_or_value,1097 vicia,1097_Vicia,2,85,1,(1097) vicia,85,1.0,False,"{""(1097) vicia"": 85}"
es,Spanish,entity_or_value,1099 figneria,1099_Figneria,2,93,1,(1099) figneria,93,1.0,False,"{""(1099) figneria"": 93}"
es,Spanish,entity_or_value,1099.0,1099.0,2,7,1,1099.0,7,1.0,False,"{""1099.0"": 7}"
es,Spanish,entity_or_value,10l/28r,"""10L/28R""",2,13,1,10l/28r,13,1.0,False,"{""10l/28r"": 13}"
es,Spanish,entity_or_value,10r/28l,"""10R/28L""",2,12,1,10r/28l,12,1.0,False,"{""10r/28l"": 12}"
es,Spanish,entity_or_value,11 diagonal street,11_Diagonal_Street,2,63,1,calle diagonal 11,63,1.0,False,"{""calle diagonal 11"": 63}"
es,Spanish,entity_or_value,11.35,11.35,2,2,1,11.35,2,1.0,False,"{""11.35"": 2}"
es,Spanish,entity_or_value,11.5,11.5,2,20,1,11.5,20,1.0,False,"{""11.5"": 20}"
es,Spanish,entity_or_value,11/29,"""11/29""",2,12,1,11/29,12,1.0,False,"{""11/29"": 12}"
es,Spanish,entity_or_value,110 lydia,110_Lydia,2,83,1,(110) lydia,83,1.0,False,"{""(110) lydia"": 83}"
es,Spanish,entity_or_value,110 million (dollars),"""110 million (dollars)""",2,6,1,110 millones (dólares),6,1.0,False,"{""110 millones (dólares)"": 6}"
es,Spanish,entity_or_value,1101 clematis,1101_Clematis,2,76,1,1101 clematis,76,1.0,False,"{""1101 clematis"": 76}"
es,Spanish,entity_or_value,1104.1 (inhabitants per square kilometre),1104.1 (inhabitants per square kilometre),2,5,1,"1104,1 (habitantes por kilómetro cuadrado)",5,1.0,False,"{""1104,1 (habitantes por kilómetro cuadrado)"": 5}"
es,Spanish,entity_or_value,111484 (square metres),111484 (square metres),2,7,1,111484 (metros cuadrados),7,1.0,False,"{""111484 (metros cuadrados)"": 7}"
es,Spanish,entity_or_value,1121.0,1121.0,2,9,1,1121.0,9,1.0,False,"{""1121.0"": 9}"
es,Spanish,entity_or_value,11264 claudiomaccone,11264_Claudiomaccone,2,91,1,(11264) claudiomaccone,91,1.0,False,"{""(11264) claudiomaccone"": 91}"
es,Spanish,entity_or_value,1142.3 (inhabitants per square kilometre),1142.3 (inhabitants per square kilometre),2,11,1,"1142,3 (habitantes por kilómetro cuadrado)",11,1.0,False,"{""1142,3 (habitantes por kilómetro cuadrado)"": 11}"
es,Spanish,entity_or_value,1147 stavropolis,1147_Stavropolis,2,156,1,(1147) stavropolis,156,1.0,False,"{""(1147) stavropolis"": 156}"
es,Spanish,entity_or_value,1147.0,1147.0,2,13,1,1147.0,13,1.0,False,"{""1147.0"": 13}"
es,Spanish,entity_or_value,11473.9,11473.9,2,5,1,11473.9,5,1.0,False,"{""11473.9"": 5}"
es,Spanish,entity_or_value,115.0,115.0,2,2,1,115.0,2,1.0,False,"{""115.0"": 2}"
es,Spanish,entity_or_value,1174,"""1174""",2,10,1,1174,10,1.0,False,"{""1174"": 10}"
es,Spanish,entity_or_value,11th mississippi infantry monument,11th_Mississippi_Infantry_Monument,2,410,1,monumento a la 11a infantería del mississippi,410,1.0,False,"{""monumento a la 11a infantería del mississippi"": 410}"
es,Spanish,entity_or_value,12,12,2,44,1,12,44,1.0,False,"{""12"": 44}"
es,Spanish,entity_or_value,12.0,12.0,2,10,1,12.0,10,1.0,False,"{""12.0"": 10}"
es,Spanish,entity_or_value,12/30,"""12/30""",2,4,1,12/30,4,1.0,False,"{""12/30"": 4}"
es,Spanish,entity_or_value,120 million (australian dollars),"""120 million (Australian dollars)""",2,6,1,120 millones (dólares australianos),6,1.0,False,"{""120 millones (dólares australianos)"": 6}"
es,Spanish,entity_or_value,120.0 (inches),120.0 (inches),2,5,1,"120,0 (pulgadas)",5,1.0,False,"{""120,0 (pulgadas)"": 5}"
es,Spanish,entity_or_value,1200 (square metres),1200 (square metres),2,2,1,1200 (metros cuadrados),2,1.0,False,"{""1200 (metros cuadrados)"": 2}"
es,Spanish,entity_or_value,1202.846 (days),1202.846 (days),2,15,1,1202.846 (días),15,1.0,False,"{""1202.846 (días)"": 15}"
es,Spanish,entity_or_value,120770.0 (square metres),120770.0 (square metres),2,2,1,"120770,0 (metros cuadrados)",2,1.0,False,"{""120770,0 (metros cuadrados)"": 2}"
es,Spanish,entity_or_value,121.92 (metres),121.92 (metres),2,4,1,"121,92 (metros)",4,1.0,False,"{""121,92 (metros)"": 4}"
es,Spanish,entity_or_value,1219.0,1219.0,2,4,1,1219.0,4,1.0,False,"{""1219.0"": 4}"
es,Spanish,entity_or_value,1239.3 (inhabitants per square kilometre),1239.3 (inhabitants per square kilometre),2,5,1,"1239,3 (habitantes por kilómetro cuadrado)",5,1.0,False,"{""1239,3 (habitantes por kilómetro cuadrado)"": 5}"
es,Spanish,entity_or_value,1249.6,1249.6,2,22,1,1249.6,22,1.0,False,"{""1249.6"": 22}"
es,Spanish,entity_or_value,124950000000.0,124950000000.0,2,8,1,124950000000.0,8,1.0,False,"{""124950000000.0"": 8}"
es,Spanish,entity_or_value,125800.0 (millimetres),125800.0 (millimetres),2,22,1,"125800,0 (milímetros)",22,1.0,False,"{""125800,0 (milímetros)"": 22}"
es,Spanish,entity_or_value,127.0 (inches),127.0 (inches),2,9,1,"127,0 (pulgadas)",9,1.0,False,"{""127,0 (pulgadas)"": 9}"
es,Spanish,entity_or_value,1293057000,1293057000,2,2,1,1293057000,2,1.0,False,"{""1293057000"": 2}"
es,Spanish,entity_or_value,1296.65 (inhabitants per square kilometre),1296.65 (inhabitants per square kilometre),2,6,1,"1296,65 (habitantes por kilómetro cuadrado)",6,1.0,False,"{""1296,65 (habitantes por kilómetro cuadrado)"": 6}"
es,Spanish,entity_or_value,1299,1299,2,18,1,1299,18,1.0,False,"{""1299"": 18}"
es,Spanish,entity_or_value,1299.0 (inhabitants per square kilometre),1299.0 (inhabitants per square kilometre),2,11,1,"1299,0 (habitantes por kilómetro cuadrado)",11,1.0,False,"{""1299,0 (habitantes por kilómetro cuadrado)"": 11}"
es,Spanish,entity_or_value,12l/30r,"""12L/30R""",2,2,1,12l/30r,2,1.0,False,"{""12l/30r"": 2}"
es,Spanish,entity_or_value,12r/30l,"""12R/30L""",2,4,1,12r/30l,4,1.0,False,"{""12r/30l"": 4}"
es,Spanish,entity_or_value,13/31,"""13/31""",2,8,1,13/31,8,1.0,False,"{""13/31"": 8}"
es,Spanish,entity_or_value,"13017.0""(minutes)","""13017.0""(minutes)",2,4,1,13017.0 (minutos),4,1.0,False,"{""13017.0 (minutos)"": 4}"
es,Spanish,entity_or_value,131.6 (square kilometres),131.6 (square kilometres),2,24,1,"131,6 (kilómetros cuadrados)",24,1.0,False,"{""131,6 (kilómetros cuadrados)"": 24}"
es,Spanish,entity_or_value,13123,13123,2,2,1,13123,2,1.0,False,"{""13123"": 2}"
es,Spanish,entity_or_value,135000000.0,135000000.0,2,2,1,135000000.0,2,1.0,False,"{""135000000.0"": 2}"
es,Spanish,entity_or_value,135589000.0,135589000.0,2,15,1,135589000.0,15,1.0,False,"{""135589000.0"": 15}"
es,Spanish,entity_or_value,1360-0443,"""1360-0443""",2,5,1,1360-0443,5,1.0,False,"{""1360-0443"": 5}"
es,Spanish,entity_or_value,139705000.0,139705000.0,2,12,1,139705000.0,12,1.0,False,"{""139705000.0"": 12}"
es,Spanish,entity_or_value,14.2 (square kilometres),14.2 (square kilometres),2,2,1,"14,2 (kilómetros cuadrados)",2,1.0,False,"{""14,2 (kilómetros cuadrados)"": 2}"
es,Spanish,entity_or_value,140.8 (square kilometres),140.8 (square kilometres),2,5,1,"140,8 (kilómetros cuadrados)",5,1.0,False,"{""140,8 (kilómetros cuadrados)"": 5}"
es,Spanish,entity_or_value,140000.0 (square metres),140000.0 (square metres),2,10,1,"140000,0 (metros cuadrados)",10,1.0,False,"{""140000,0 (metros cuadrados)"": 10}"
es,Spanish,entity_or_value,1411.0,1411.0,2,8,1,1411.0,8,1.0,False,"{""1411.0"": 8}"
es,Spanish,entity_or_value,1418,1418,2,9,1,1418,9,1.0,False,"{""1418"": 9}"
es,Spanish,entity_or_value,1421.2 (inhabitants per square kilometre),1421.2 (inhabitants per square kilometre),2,5,1,"1421,2 (habitantes por kilómetro cuadrado)",5,1.0,False,"{""1421,2 (habitantes por kilómetro cuadrado)"": 5}"
es,Spanish,entity_or_value,142603000.0,142603000.0,2,14,1,142603000.0,14,1.0,False,"{""142603000.0"": 14}"
es,Spanish,entity_or_value,1439.0,1439.0,2,2,1,1439.0,2,1.0,False,"{""1439.0"": 2}"
es,Spanish,entity_or_value,144.7 (square kilometres),144.7 (square kilometres),2,8,1,"144,7 (kilómetros cuadrados)",8,1.0,False,"{""144,7 (kilómetros cuadrados)"": 8}"
es,Spanish,entity_or_value,1461102,1461102,2,2,1,1461102,2,1.0,False,"{""1461102"": 2}"
es,Spanish,entity_or_value,1472.0 (inhabitants per square kilometre),1472.0 (inhabitants per square kilometre),2,3,1,"1472,0 (habitantes por kilómetro cuadrado)",3,1.0,False,"{""1472,0 (habitantes por kilómetro cuadrado)"": 3}"
es,Spanish,entity_or_value,1473-5571,"""1473-5571""",2,5,1,1473-5571,5,1.0,False,"{""1473-5571"": 5}"
es,Spanish,entity_or_value,1480153,1480153,2,3,1,1480153,3,1.0,False,"{""1480153"": 3}"
es,Spanish,entity_or_value,14l/32r,"""14L/32R""",2,18,1,14l/32r,18,1.0,False,"{""14l/32r"": 18}"
es,Spanish,entity_or_value,14r/32l,"""14R/32L""",2,6,1,14r/32l,6,1.0,False,"{""14r/32l"": 6}"
es,Spanish,entity_or_value,14th new jersey volunteer infantry monument,14th_New_Jersey_Volunteer_Infantry_Monument,2,117,1,monumento a la 14a infantería voluntaria de nueva jersey,117,1.0,False,"{""monumento a la 14a infantería voluntaria de nueva jersey"": 117}"
es,Spanish,entity_or_value,15/33,"""15/33""",2,7,1,15/33,7,1.0,False,"{""15/33"": 7}"
es,Spanish,entity_or_value,1500,1500,2,20,1,1500,20,1.0,False,"{""1500"": 20}"
es,Spanish,entity_or_value,1510.0,1510.0,2,3,1,1510.0,3,1.0,False,"{""1510.0"": 3}"
es,Spanish,entity_or_value,15100000000,15100000000,2,18,1,15100000000,18,1.0,False,"{""15100000000"": 18}"
es,Spanish,entity_or_value,1513.722 (days),1513.722 (days),2,14,1,1513.722 (días),14,1.0,False,"{""1513.722 (días)"": 14}"
es,Spanish,entity_or_value,1516.6700000000003 (days),1516.6700000000003 (days),2,10,1,1516.6700000000003 (días),10,1.0,False,"{""1516.6700000000003 (días)"": 10}"
es,Spanish,entity_or_value,1533.0,1533.0,2,14,1,1533.0,14,1.0,False,"{""1533.0"": 14}"
es,Spanish,entity_or_value,154.0 (kelvins),154.0 (kelvins),2,2,1,"154,0 (kelvins)",2,1.0,False,"{""154,0 (kelvins)"": 2}"
es,Spanish,entity_or_value,155.0 (kelvins),155.0 (kelvins),2,3,1,"155,0 (kelvins)",3,1.0,False,"{""155,0 (kelvins)"": 3}"
es,Spanish,entity_or_value,1558-2868,"""1558-2868""",2,6,1,1558-2868,6,1.0,False,"{""1558-2868"": 6}"
es,Spanish,entity_or_value,156.0 (kelvins),156.0 (kelvins),2,3,1,"156,0 (kelvins)",3,1.0,False,"{""156,0 (kelvins)"": 3}"
es,Spanish,entity_or_value,1580.7 (inhabitants per square kilometre),1580.7 (inhabitants per square kilometre),2,9,1,"1580,7 (habitantes por kilómetro cuadrado)",9,1.0,False,"{""1580,7 (habitantes por kilómetro cuadrado)"": 9}"
es,Spanish,entity_or_value,1588-2632,"""1588-2632""",2,6,1,1588-2632,6,1.0,False,"{""1588-2632"": 6}"
es,Spanish,entity_or_value,159,159,2,22,1,159,22,1.0,False,"{""159"": 22}"
es,Spanish,entity_or_value,16.37 (kilometreperseconds),16.37 (kilometrePerSeconds),2,2,1,"16,37 (kilómetros por segundo)",2,1.0,False,"{""16,37 (kilómetros por segundo)"": 2}"
es,Spanish,entity_or_value,16.54 (kilometreperseconds),16.54 (kilometrePerSeconds),2,2,1,"16,54 (kilómetros por segundo)",2,1.0,False,"{""16,54 (kilómetros por segundo)"": 2}"
es,Spanish,entity_or_value,16.55 (square kilometres),16.55 (square kilometres),2,9,1,"16,55 (kilómetros cuadrados)",9,1.0,False,"{""16,55 (kilómetros cuadrados)"": 9}"
es,Spanish,entity_or_value,16.76 (kilometreperseconds),16.76 (kilometrePerSeconds),2,3,1,"16,76 (kilómetros por segundo)",3,1.0,False,"{""16,76 (kilómetros por segundo)"": 3}"
es,Spanish,entity_or_value,16.86 (kilometreperseconds),16.86 (kilometrePerSeconds),2,2,1,"16,86 (kilómetros por segundo)",2,1.0,False,"{""16,86 (kilómetros por segundo)"": 2}"
es,Spanish,entity_or_value,16/34,"""16/34""",2,3,1,16/34,3,1.0,False,"{""16/34"": 3}"
es,Spanish,entity_or_value,160.0 (kelvins),160.0 (kelvins),2,2,1,"160,0 (kelvins)",2,1.0,False,"{""160,0 (kelvins)"": 2}"
es,Spanish,entity_or_value,16000,16000,2,30,1,16000,30,1.0,False,"{""16000"": 30}"
es,Spanish,entity_or_value,1604.0,1604.0,2,38,1,1604.0,38,1.0,False,"{""1604.0"": 38}"
es,Spanish,entity_or_value,161.54 (square kilometres),161.54 (square kilometres),2,5,1,"161,54 (kilómetros cuadrados)",5,1.0,False,"{""161,54 (kilómetros cuadrados)"": 5}"
es,Spanish,entity_or_value,162164091.8388 (kilometres),162164091.8388 (kilometres),2,15,1,162164091.8388 (kilómetros),15,1.0,False,"{""162164091.8388 (kilómetros)"": 15}"
es,Spanish,entity_or_value,1622.213 (days),1622.213 (days),2,9,1,1622.213 (días),9,1.0,False,"{""1622.213 (días)"": 9}"
es,Spanish,entity_or_value,16244700.0,16244700.0,2,11,1,16244700.0,11,1.0,False,"{""16244700.0"": 11}"
es,Spanish,entity_or_value,1634: the baltic war,1634:_The_Baltic_War,2,16,1,1634: guerra del báltico,16,1.0,False,"{""1634: guerra del báltico"": 16}"
es,Spanish,entity_or_value,1634: the bavarian crisis,1634:_The_Bavarian_Crisis,2,200,1,1634: la crisis bávara,200,1.0,False,"{""1634: la crisis bávara"": 200}"
es,Spanish,entity_or_value,1634: the galileo affair,1634:_The_Galileo_Affair,2,12,1,1634: el caso galileo,12,1.0,False,"{""1634: el caso galileo"": 12}"
es,Spanish,entity_or_value,1634: the ram rebellion,1634:_The_Ram_Rebellion,2,142,1,1634: rebelión de los carneros,142,1.0,False,"{""1634: rebelión de los carneros"": 142}"
es,Spanish,entity_or_value,1635: the cannon law,1635:_The_Cannon_Law,2,2,1,1635: ley del cañón,2,1.0,False,"{""1635: ley del cañón"": 2}"
es,Spanish,entity_or_value,164.0 (kelvins),164.0 (kelvins),2,4,1,"164,0 (kelvins)",4,1.0,False,"{""164,0 (kelvins)"": 4}"
es,Spanish,entity_or_value,165.33,165.33,2,2,1,165.33,2,1.0,False,"{""165.33"": 2}"
es,Spanish,entity_or_value,166.0,166.0,2,5,1,166.0,5,1.0,False,"{""166.0"": 5}"
es,Spanish,entity_or_value,167.94,167.94,2,9,1,167.94,9,1.0,False,"{""167.94"": 9}"
es,Spanish,entity_or_value,168.0 (kelvins),168.0 (kelvins),2,3,1,"168,0 (kelvins)",3,1.0,False,"{""168,0 (kelvins)"": 3}"
es,Spanish,entity_or_value,16800,16800,2,14,1,16800,14,1.0,False,"{""16800"": 14}"
es,Spanish,entity_or_value,17.28,17.28,2,2,1,17.28,2,1.0,False,"{""17.28"": 2}"
es,Spanish,entity_or_value,17.73 (kilometreperseconds),17.73 (kilometrePerSeconds),2,2,1,"17,73 (kilómetros por segundo)",2,1.0,False,"{""17,73 (kilómetros por segundo)"": 2}"
es,Spanish,entity_or_value,17.99 (kilometreperseconds),17.99 (kilometrePerSeconds),2,2,1,"17,99 (kilómetros por segundo)",2,1.0,False,"{""17,99 (kilómetros por segundo)"": 2}"
es,Spanish,entity_or_value,170.0 (kelvins),170.0 (kelvins),2,5,1,"170,0 (kelvins)",5,1.0,False,"{""170,0 (kelvins)"": 5}"
es,Spanish,entity_or_value,1700,"""1700""",2,7,1,1700,7,1.0,False,"{""1700"": 7}"
es,Spanish,entity_or_value,17000,17000,2,51,1,17000,51,1.0,False,"{""17000"": 51}"
es,Spanish,entity_or_value,17023,17023,2,8,1,17023,8,1.0,False,"{""17023"": 8}"
es,Spanish,entity_or_value,1703-05-27,1703-05-27,2,7,1,27-05-1703,7,1.0,False,"{""27-05-1703"": 7}"
es,Spanish,entity_or_value,17068.8 (millimetres),17068.8 (millimetres),2,57,1,"17068,8 (milímetros)",57,1.0,False,"{""17068,8 (milímetros)"": 57}"
es,Spanish,entity_or_value,171.0 (kelvins),171.0 (kelvins),2,3,1,"171,0 (kelvins)",3,1.0,False,"{""171,0 (kelvins)"": 3}"
es,Spanish,entity_or_value,1726-01-01,1726-01-01,2,17,1,01-01-1726,17,1.0,False,"{""01-01-1726"": 17}"
es,Spanish,entity_or_value,173.0 (kelvins),173.0 (kelvins),2,4,1,"173,0 (kelvins)",4,1.0,False,"{""173,0 (kelvins)"": 4}"
es,Spanish,entity_or_value,173.46,173.46,2,2,1,173.46,2,1.0,False,"{""173.46"": 2}"
es,Spanish,entity_or_value,1732-2421,"""1732-2421""",2,7,1,1732-2421,7,1.0,False,"{""1732-2421"": 7}"
es,Spanish,entity_or_value,175.26,175.26,2,9,1,175.26,9,1.0,False,"{""175.26"": 9}"
es,Spanish,entity_or_value,1773.0,1773.0,2,3,1,1773.0,3,1.0,False,"{""1773.0"": 3}"
es,Spanish,entity_or_value,1776-02-18,1776-02-18,2,19,1,18-02-1776,19,1.0,False,"{""18-02-1776"": 19}"
es,Spanish,entity_or_value,1776-07-04,1776-07-04,2,5,1,04-07-1776,5,1.0,False,"{""04-07-1776"": 5}"
es,Spanish,entity_or_value,1777539,1777539,2,17,1,1777539,17,1.0,False,"{""1777539"": 17}"
es,Spanish,entity_or_value,178.0 (centimetres),178.0 (centimetres),2,9,1,"178,0 (centímetros)",9,1.0,False,"{""178,0 (centímetros)"": 9}"
es,Spanish,entity_or_value,179.0 (kelvins),179.0 (kelvins),2,2,1,"179,0 (kelvins)",2,1.0,False,"{""179,0 (kelvins)"": 2}"
es,Spanish,entity_or_value,1793-10-23,1793-10-23,2,5,1,23-10-1793,5,1.0,False,"{""23-10-1793"": 5}"
es,Spanish,entity_or_value,179942000.0,179942000.0,2,16,1,179942000.0,16,1.0,False,"{""179942000.0"": 16}"
es,Spanish,entity_or_value,17l/35r,"""17L/35R""",2,6,1,17l/35r,6,1.0,False,"{""17l/35r"": 6}"
es,Spanish,entity_or_value,17r/35l,"""17R/35L""",2,4,1,17r/35l,4,1.0,False,"{""17r/35l"": 4}"
es,Spanish,entity_or_value,18,18,2,3,1,18,3,1.0,False,"{""18"": 3}"
es,Spanish,entity_or_value,18.0 g,18.0 g,2,11,1,18.0 g,11,1.0,False,"{""18.0 g"": 11}"
es,Spanish,entity_or_value,18.09 (kilometreperseconds),18.09 (kilometrePerSeconds),2,2,1,"18,09 (kilómetros por segundo)",2,1.0,False,"{""18,09 (kilómetros por segundo)"": 2}"
es,Spanish,entity_or_value,18.29 (kilometreperseconds),18.29 (kilometrePerSeconds),2,10,1,"18,29 (kilómetros por segundo)",10,1.0,False,"{""18,29 (kilómetros por segundo)"": 10}"
es,Spanish,entity_or_value,18.44 (kilometreperseconds),18.44 (kilometrePerSeconds),2,2,1,"18,44 (kilómetros por segundo)",2,1.0,False,"{""18,44 (kilómetros por segundo)"": 2}"
es,Spanish,entity_or_value,18.52,18.52,2,12,1,18.52,12,1.0,False,"{""18.52"": 12}"
es,Spanish,entity_or_value,1800.0,1800.0,2,9,1,1800.0,9,1.0,False,"{""1800.0"": 9}"
es,Spanish,entity_or_value,1800000000,1800000000,2,13,1,1800000000,13,1.0,False,"{""1800000000"": 13}"
es,Spanish,entity_or_value,1818.0,1818.0,2,4,1,1818.0,4,1.0,False,"{""1818.0"": 4}"
es,Spanish,entity_or_value,183309000.0,183309000.0,2,12,1,183309000.0,12,1.0,False,"{""183309000.0"": 12}"
es,Spanish,entity_or_value,184.0,184.0,2,3,1,184.0,3,1.0,False,"{""184.0"": 3}"
es,Spanish,entity_or_value,184434000000.0,184434000000.0,2,2,1,184434000000.0,2,1.0,False,"{""184434000000.0"": 2}"
es,Spanish,entity_or_value,185.0 (centimetres),185.0 (centimetres),2,12,1,"185,0 (centímetros)",12,1.0,False,"{""185,0 (centímetros)"": 12}"
es,Spanish,entity_or_value,185.42 (centimetres),185.42 (centimetres),2,3,1,"185,42 (centímetros)",3,1.0,False,"{""185,42 (centímetros)"": 3}"
es,Spanish,entity_or_value,1850.0 (tonnes),1850.0 (tonnes),2,17,1,"1850,0 (toneladas)",17,1.0,False,"{""1850,0 (toneladas)"": 17}"
es,Spanish,entity_or_value,1853-03-04,1853-03-04,2,4,1,04-03-1853,4,1.0,False,"{""04-03-1853"": 4}"
es,Spanish,entity_or_value,1855-05-31,1855-05-31,2,5,1,31-05-1855,5,1.0,False,"{""31-05-1855"": 5}"
es,Spanish,entity_or_value,1855-07-07,1855-07-07,2,2,1,07-07-1855,2,1.0,False,"{""07-07-1855"": 2}"
es,Spanish,entity_or_value,1856,1856,2,10,1,1856,10,1.0,False,"{""1856"": 10}"
es,Spanish,entity_or_value,1856-09-22,1856-09-22,2,16,1,22-09-1856,16,1.0,False,"{""22-09-1856"": 16}"
es,Spanish,entity_or_value,1857-03-03,1857-03-03,2,11,1,03-03-1857,11,1.0,False,"{""03-03-1857"": 11}"
es,Spanish,entity_or_value,1857-03-04,1857-03-04,2,4,1,04-03-1857,4,1.0,False,"{""04-03-1857"": 4}"
es,Spanish,entity_or_value,1862,1862,2,20,1,1862,20,1.0,False,"{""1862"": 20}"
es,Spanish,entity_or_value,1865-8784,"""1865-8784""",2,3,1,1865-8784,3,1.0,False,"{""1865-8784"": 3}"
es,Spanish,entity_or_value,1868-08-15,1868-08-15,2,2,1,15-08-1868,2,1.0,False,"{""15-08-1868"": 2}"
es,Spanish,entity_or_value,1868-11-17,1868-11-17,2,4,1,17-11-1868,4,1.0,False,"{""17-11-1868"": 4}"
es,Spanish,entity_or_value,1871-01-01,1871-01-01,2,3,1,01-01-1871,3,1.0,False,"{""01-01-1871"": 3}"
es,Spanish,entity_or_value,1872,1872,2,6,1,1872,6,1.0,False,"{""1872"": 6}"
es,Spanish,entity_or_value,1873.0,1873.0,2,11,1,1873.0,11,1.0,False,"{""1873.0"": 11}"
es,Spanish,entity_or_value,1875-03-04,1875-03-04,2,2,1,04-03-1875,2,1.0,False,"{""04-03-1875"": 2}"
es,Spanish,entity_or_value,1878,1878,2,7,1,1878,7,1.0,False,"{""1878"": 7}"
es,Spanish,entity_or_value,1886-01-01,1886-01-01,2,2,1,01-01-1886,2,1.0,False,"{""01-01-1886"": 2}"
es,Spanish,entity_or_value,1890.0 (kilogrampercubicmetres),1890.0 (kilogramPerCubicMetres),2,2,1,"1890,0 (kilogramos por metro cúbico)",2,1.0,False,"{""1890,0 (kilogramos por metro cúbico)"": 2}"
es,Spanish,entity_or_value,1891-05-20,1891-05-20,2,5,1,20-05-1891,5,1.0,False,"{""20-05-1891"": 5}"
es,Spanish,entity_or_value,1896-02-01,1896-02-01,2,6,1,01-02-1896,6,1.0,False,"{""01-02-1896"": 6}"
es,Spanish,entity_or_value,1897,1897,2,2,1,1897,2,1.0,False,"{""1897"": 2}"
es,Spanish,entity_or_value,1898-06-12,1898-06-12,2,2,1,12-06-1898,2,1.0,False,"{""12-06-1898"": 2}"
es,Spanish,entity_or_value,18c/36c 'zwanenburgbaan,"""18C/36C 'Zwanenburgbaan'""",2,2,1,18c/36c «zwanenburgbaan,2,1.0,False,"{""18c/36c «zwanenburgbaan"": 2}"
es,Spanish,entity_or_value,18l/36r,"""18L/36R""",2,17,1,18l/36r,17,1.0,False,"{""18l/36r"": 17}"
es,Spanish,entity_or_value,18r/36l,"""18R/36L""",2,9,1,18r/36l,9,1.0,False,"{""18r/36l"": 9}"
es,Spanish,entity_or_value,18r/36l 'polderbaan,"""18R/36L 'Polderbaan'""",2,2,1,18r/36l polderbaan,2,1.0,False,"{""18r/36l polderbaan"": 2}"
es,Spanish,entity_or_value,19.94 (kilometreperseconds),19.94 (kilometrePerSeconds),2,3,1,"19,94 (kilómetros por segundo)",3,1.0,False,"{""19,94 (kilómetros por segundo)"": 3}"
es,Spanish,entity_or_value,1901-03-04,1901-03-04,2,12,1,04-03-1901,12,1.0,False,"{""04-03-1901"": 12}"
es,Spanish,entity_or_value,1901-07-01,1901-07-01,2,4,1,01-07-1901,4,1.0,False,"{""01-07-1901"": 4}"
es,Spanish,entity_or_value,1904,1904,2,19,1,1904,19,1.0,False,"{""1904"": 19}"
es,Spanish,entity_or_value,1905-03-04,1905-03-04,2,18,1,04-03-1905,18,1.0,False,"{""04-03-1905"": 18}"
es,Spanish,entity_or_value,1907-07-11,"""1907-07-11""",2,27,1,11-07-1907,27,1.0,False,"{""11-07-1907"": 27}"
es,Spanish,entity_or_value,1908-05-02,1908-05-02,2,29,1,02-05-1908,29,1.0,False,"{""02-05-1908"": 29}"
es,Spanish,entity_or_value,1910-12-25,1910-12-25,2,2,1,25-12-1910,2,1.0,False,"{""25-12-1910"": 2}"
es,Spanish,entity_or_value,1911,1911,2,8,1,1911,8,1.0,False,"{""1911"": 8}"
es,Spanish,entity_or_value,1911-01-01,1911-01-01,2,2,1,01-01-1911,2,1.0,False,"{""01-01-1911"": 2}"
es,Spanish,entity_or_value,1913,1913,2,17,1,1913,17,1.0,False,"{""1913"": 17}"
es,Spanish,entity_or_value,1913-01-01,1913-01-01,2,31,1,01-01-1913,31,1.0,False,"{""01-01-1913"": 31}"
es,Spanish,entity_or_value,1913-05-05,1913-05-05,2,5,1,05-05-1913,5,1.0,False,"{""05-05-1913"": 5}"
es,Spanish,entity_or_value,1914,1914,2,10,1,1914,10,1.0,False,"{""1914"": 10}"
es,Spanish,entity_or_value,1920-01-01,1920-01-01,2,3,1,01-01-1920,3,1.0,False,"{""01-01-1920"": 3}"
es,Spanish,entity_or_value,1920-08-16,1920-08-16,2,23,1,16-08-1920,23,1.0,False,"{""16-08-1920"": 23}"
es,Spanish,entity_or_value,192000.0 (millimetres),192000.0 (millimetres),2,7,1,192000.0 (milímetros),7,1.0,False,"{""192000.0 (milímetros)"": 7}"
es,Spanish,entity_or_value,1921-04-11,1921-04-11,2,4,1,11-04-1921,4,1.0,False,"{""11-04-1921"": 4}"
es,Spanish,entity_or_value,1923,1923,2,5,1,1923,5,1.0,False,"{""1923"": 5}"
es,Spanish,entity_or_value,1923 nz1951 ob,"""1923 NZ1951 OB""",2,5,1,1923 nz1951 ob,5,1.0,False,"{""1923 nz1951 ob"": 5}"
es,Spanish,entity_or_value,1923 oaa907 xc,"""1923 OAA907 XC""",2,6,1,1923 oaa907 xc,6,1.0,False,"{""1923 oaa907 xc"": 6}"
es,Spanish,entity_or_value,1923-11-18,"""1923-11-18""",2,71,1,18-11-1923,71,1.0,False,"{""18-11-1923"": 71}"
es,Spanish,entity_or_value,19238,19238,2,14,1,19238,14,1.0,False,"{""19238"": 14}"
es,Spanish,entity_or_value,1927,"""1927""",2,12,1,1927,12,1.0,False,"{""1927"": 12}"
es,Spanish,entity_or_value,1927-07-23,"""1927-07-23""",2,42,1,23-07-1927,42,1.0,False,"{""23-07-1927"": 42}"
es,Spanish,entity_or_value,1928,1928,2,41,1,1928,41,1.0,False,"{""1928"": 41}"
es,Spanish,entity_or_value,1928 pc,"""1928 PC""",2,5,1,1928 pc,5,1.0,False,"{""1928 pc"": 5}"
es,Spanish,entity_or_value,1928 rq,"""1928 RQ""",2,6,1,1928 rq,6,1.0,False,"{""1928 rq"": 6}"
es,Spanish,entity_or_value,1928 sj,"""1928 SJ""",2,5,1,1928 sj,5,1.0,False,"{""1928 sj"": 5}"
es,Spanish,entity_or_value,1929,1929,2,5,1,1929,5,1.0,False,"{""1929"": 5}"
es,Spanish,entity_or_value,1929-06-11,1929-06-11,2,23,1,11-06-1929,23,1.0,False,"{""11-06-1929"": 23}"
es,Spanish,entity_or_value,1930,1930,2,5,1,1930,5,1.0,False,"{""1930"": 5}"
es,Spanish,entity_or_value,1930 st; 1952 he4,"""1930 ST; 1952 HE4""",2,6,1,1930 st; 1952 he4,6,1.0,False,"{""1930 st; 1952 he4"": 6}"
es,Spanish,entity_or_value,1930-01-20,"""1930-01-20""",2,38,1,20-01-1930,38,1.0,False,"{""20-01-1930"": 38}"
es,Spanish,entity_or_value,1931,1931,2,17,1,1931,17,1.0,False,"{""1931"": 17}"
es,Spanish,entity_or_value,1932-03-15,"""1932-03-15""",2,36,1,15-03-1932,36,1.0,False,"{""15-03-1932"": 36}"
es,Spanish,entity_or_value,1932-07-27,"""1932-07-27""",2,32,1,27-07-1932,32,1.0,False,"{""27-07-1932"": 32}"
es,Spanish,entity_or_value,1933-10-17,"""1933-10-17""",2,36,1,17-10-1933,36,1.0,False,"{""17-10-1933"": 36}"
es,Spanish,entity_or_value,1934-01-01,1934-01-01,2,15,1,01-01-1934,15,1.0,False,"{""01-01-1934"": 15}"
es,Spanish,entity_or_value,1935,1935,2,2,1,1935,2,1.0,False,"{""1935"": 2}"
es,Spanish,entity_or_value,1936-05-21,1936-05-21,2,9,1,21-05-1936,9,1.0,False,"{""21-05-1936"": 9}"
es,Spanish,entity_or_value,1937,1937,2,4,1,1937,4,1.0,False,"{""1937"": 4}"
es,Spanish,entity_or_value,1937-04-27,1937-04-27,2,18,1,27-04-1937,18,1.0,False,"{""27-04-1937"": 18}"
es,Spanish,entity_or_value,1939-01-03,1939-01-03,2,6,1,03-01-1939,6,1.0,False,"{""03-01-1939"": 6}"
es,Spanish,entity_or_value,1939-12-08,1939-12-08,2,2,1,08-12-1939,2,1.0,False,"{""08-12-1939"": 2}"
es,Spanish,entity_or_value,1941,1941,2,5,1,1941,5,1.0,False,"{""1941"": 5}"
es,Spanish,entity_or_value,1941-07-03,1941-07-03,2,7,1,03-07-1941,7,1.0,False,"{""03-07-1941"": 7}"
es,Spanish,entity_or_value,1942-01-01,1942-01-01,2,15,1,01-01-1942,15,1.0,False,"{""01-01-1942"": 15}"
es,Spanish,entity_or_value,1944-07-28,1944-07-28,2,15,1,28-07-1944,15,1.0,False,"{""28-07-1944"": 15}"
es,Spanish,entity_or_value,1946-12-17,1946-12-17,2,2,1,17-12-1946,2,1.0,False,"{""17-12-1946"": 2}"
es,Spanish,entity_or_value,1947-01-01,1947-01-01,2,2,1,01-01-1947,2,1.0,False,"{""01-01-1947"": 2}"
es,Spanish,entity_or_value,1947-03-13,1947-03-13,2,5,1,13-03-1947,5,1.0,False,"{""13-03-1947"": 5}"
es,Spanish,entity_or_value,1948,1948,2,4,1,1948,4,1.0,False,"{""1948"": 4}"
es,Spanish,entity_or_value,1949-07-11,1949-07-11,2,2,1,11-07-1949,2,1.0,False,"{""11-07-1949"": 2}"
es,Spanish,entity_or_value,1950-01-26,1950-01-26,2,2,1,26-01-1950,2,1.0,False,"{""26-01-1950"": 2}"
es,Spanish,entity_or_value,1953-01-01,1953-01-01,2,2,1,01-01-1953,2,1.0,False,"{""01-01-1953"": 2}"
es,Spanish,entity_or_value,1953-06-30,1953-06-30,2,9,1,30-06-1953,9,1.0,False,"{""30-06-1953"": 9}"
es,Spanish,entity_or_value,1954-07-29,1954-07-29,2,11,1,29-07-1954,11,1.0,False,"{""29-07-1954"": 11}"
es,Spanish,entity_or_value,1955 dodge,1955_Dodge,2,120,1,1955 dodge,120,1.0,False,"{""1955 dodge"": 120}"
es,Spanish,entity_or_value,1955-04-06,1955-04-06,2,2,1,06-04-1955,2,1.0,False,"{""06-04-1955"": 2}"
es,Spanish,entity_or_value,1956,1956,2,2,1,1956,2,1.0,False,"{""1956"": 2}"
es,Spanish,entity_or_value,1958,1958,2,15,1,1958,15,1.0,False,"{""1958"": 15}"
es,Spanish,entity_or_value,1958-01-01,1958-01-01,2,15,1,01-01-1958,15,1.0,False,"{""01-01-1958"": 15}"
es,Spanish,entity_or_value,1958-11-02,1958-11-02,2,2,1,02-11-1958,2,1.0,False,"{""02-11-1958"": 2}"
es,Spanish,entity_or_value,1959,1959,2,28,1,1959,28,1.0,False,"{""1959"": 28}"
es,Spanish,entity_or_value,1959-01-01,1959-01-01,2,14,1,01-01-1959,14,1.0,False,"{""01-01-1959"": 14}"
es,Spanish,entity_or_value,1960,1960,2,2,1,1960,2,1.0,False,"{""1960"": 2}"
es,Spanish,entity_or_value,1961,1961,2,6,1,1961,6,1.0,False,"{""1961"": 6}"
es,Spanish,entity_or_value,1962,1962,2,23,1,1962,23,1.0,False,"{""1962"": 23}"
es,Spanish,entity_or_value,1963,1963,2,124,1,1963,124,1.0,False,"{""1963"": 124}"
es,Spanish,entity_or_value,1964,1964,2,7,1,1964,7,1.0,False,"{""1964"": 7}"
es,Spanish,entity_or_value,1964-10-13,1964-10-13,2,11,1,13-10-1964,11,1.0,False,"{""13-10-1964"": 11}"
es,Spanish,entity_or_value,1965-01-03,1965-01-03,2,3,1,03-01-1965,3,1.0,False,"{""03-01-1965"": 3}"
es,Spanish,entity_or_value,1966,1966,2,10,1,1966,10,1.0,False,"{""1966"": 10}"
es,Spanish,entity_or_value,1966-02-28,"""1966-02-28""",2,32,1,28-02-1966,32,1.0,False,"{""28-02-1966"": 32}"
es,Spanish,entity_or_value,1967 ed,"""1967 ED""",2,5,1,1967 ed,5,1.0,False,"{""1967 ed"": 5}"
es,Spanish,entity_or_value,1969-01-25,1969-01-25,2,5,1,25-01-1969,5,1.0,False,"{""25-01-1969"": 5}"
es,Spanish,entity_or_value,1969-09-01,"""1969-09-01""",2,40,1,01-09-1969,40,1.0,False,"{""01-09-1969"": 40}"
es,Spanish,entity_or_value,1969: the velvet underground live,1969:_The_Velvet_Underground_Live,2,2,1,1969: the velvet underground live,2,1.0,False,"{""1969: the velvet underground live"": 2}"
es,Spanish,entity_or_value,1970-03-08,1970-03-08,2,2,1,08-03-1970,2,1.0,False,"{""08-03-1970"": 2}"
es,Spanish,entity_or_value,1971,1971,2,14,1,1971,14,1.0,False,"{""1971"": 14}"
es,Spanish,entity_or_value,1971-07-01,"""1971-07-01""",2,3,1,01-07-1971,3,1.0,False,"{""01-07-1971"": 3}"
es,Spanish,entity_or_value,1972,1972,2,11,1,1972,11,1.0,False,"{""1972"": 11}"
es,Spanish,entity_or_value,1972550.0,1972550.0,2,2,1,1972550.0,2,1.0,False,"{""1972550.0"": 2}"
es,Spanish,entity_or_value,1973,"""1973""",2,2,1,1973,2,1.0,False,"{""1973"": 2}"
es,Spanish,entity_or_value,1974,1974,2,9,1,1974,9,1.0,False,"{""1974"": 9}"
es,Spanish,entity_or_value,1974-03-04,1974-03-04,2,8,1,04-03-1974,8,1.0,False,"{""04-03-1974"": 8}"
es,Spanish,entity_or_value,1974-08-01,"""1974-08-01""",2,24,1,01-08-1974,24,1.0,False,"{""01-08-1974"": 24}"
es,Spanish,entity_or_value,1976,1976,2,17,1,1976,17,1.0,False,"{""1976"": 17}"
es,Spanish,entity_or_value,1976-07-01,1976-07-01,2,4,1,01-07-1976,4,1.0,False,"{""01-07-1976"": 4}"
es,Spanish,entity_or_value,1977-01-01,1977-01-01,2,2,1,01-01-1977,2,1.0,False,"{""01-01-1977"": 2}"
es,Spanish,entity_or_value,1977-11-30,1977-11-30,2,2,1,30-11-1977,2,1.0,False,"{""30-11-1977"": 2}"
es,Spanish,entity_or_value,1978,"""1978""",2,2,1,1978,2,1.0,False,"{""1978"": 2}"
es,Spanish,entity_or_value,1978-11-12,1978-11-12,2,3,1,12-11-1978,3,1.0,False,"{""12-11-1978"": 3}"
es,Spanish,entity_or_value,1979-03-30,1979-03-30,2,23,1,30-03-1979,23,1.0,False,"{""30-03-1979"": 23}"
es,Spanish,entity_or_value,1980-04-23,"""1980-04-23""",2,17,1,23-04-1980,17,1.0,False,"{""23-04-1980"": 17}"
es,Spanish,entity_or_value,1981,1981,2,16,1,1981,16,1.0,False,"{""1981"": 16}"
es,Spanish,entity_or_value,1981-04-03,1981-04-03,2,2,1,03-04-1981,2,1.0,False,"{""03-04-1981"": 2}"
es,Spanish,entity_or_value,1982,1982,2,8,1,1982,8,1.0,False,"{""1982"": 8}"
es,Spanish,entity_or_value,1982-07-23,1982-07-23,2,6,1,23-07-1982,6,1.0,False,"{""23-07-1982"": 6}"
es,Spanish,entity_or_value,1982.0,1982.0,2,7,1,1982.0,7,1.0,False,"{""1982.0"": 7}"
es,Spanish,entity_or_value,1983,1983,2,11,1,1983,11,1.0,False,"{""1983"": 11}"
es,Spanish,entity_or_value,1983-10-03,"""1983-10-03""",2,35,1,03-10-1983,35,1.0,False,"{""03-10-1983"": 35}"
es,Spanish,entity_or_value,1985,1985,2,11,1,1985,11,1.0,False,"{""1985"": 11}"
es,Spanish,entity_or_value,1986,1986,2,37,1,1986,37,1.0,False,"{""1986"": 37}"
es,Spanish,entity_or_value,1986 united states bombing of libya,1986_United_States_bombing_of_Libya,2,8,1,operación el dorado canyon,8,1.0,False,"{""operación el dorado canyon"": 8}"
es,Spanish,entity_or_value,1986-04-15,"""1986-04-15""",2,18,1,15-04-1986,18,1.0,False,"{""15-04-1986"": 18}"
es,Spanish,entity_or_value,1986-08-11,1986-08-11,2,4,1,11-08-1986,4,1.0,False,"{""11-08-1986"": 4}"
es,Spanish,entity_or_value,1986-10-12,1986-10-12,2,5,1,12-10-1986,5,1.0,False,"{""12-10-1986"": 5}"
es,Spanish,entity_or_value,1987,1987,2,16,1,1987,16,1.0,False,"{""1987"": 16}"
es,Spanish,entity_or_value,1987-02-27,"""1987-02-27""",2,13,1,27-02-1987,13,1.0,False,"{""27-02-1987"": 13}"
es,Spanish,entity_or_value,1987-08-25,1987-08-25,2,8,1,25-08-1987,8,1.0,False,"{""25-08-1987"": 8}"
es,Spanish,entity_or_value,1987-09-27,1987-09-27,2,12,1,27-09-1987,12,1.0,False,"{""27-09-1987"": 12}"
es,Spanish,entity_or_value,1988,1988,2,6,1,1988,6,1.0,False,"{""1988"": 6}"
es,Spanish,entity_or_value,1988-01-08,1988-01-08,2,6,1,08-01-1988,6,1.0,False,"{""08-01-1988"": 6}"
es,Spanish,entity_or_value,1988-11-22,"""1988-11-22""",2,5,1,22-11-1988,5,1.0,False,"{""22-11-1988"": 5}"
es,Spanish,entity_or_value,198803.0,198803.0,2,2,1,198803.0,2,1.0,False,"{""198803.0"": 2}"
es,Spanish,entity_or_value,1989,1989,2,24,1,1989,24,1.0,False,"{""1989"": 24}"
es,Spanish,entity_or_value,1989-01-01,1989-01-01,2,13,1,01-01-1989,13,1.0,False,"{""01-01-1989"": 13}"
es,Spanish,entity_or_value,1989-02-24,1989-02-24,2,19,1,24-02-1989,19,1.0,False,"{""24-02-1989"": 19}"
es,Spanish,entity_or_value,1989-05-09,1989-05-09,2,3,1,09-05-1989,3,1.0,False,"{""09-05-1989"": 3}"
es,Spanish,entity_or_value,1989-07-10,1989-07-10,2,15,1,10-07-1989,15,1.0,False,"{""10-07-1989"": 15}"
es,Spanish,entity_or_value,1990,1990,2,11,1,1990,11,1.0,False,"{""1990"": 11}"
es,Spanish,entity_or_value,1991-12-09,1991-12-09,2,8,1,09-12-1991,8,1.0,False,"{""09-12-1991"": 8}"
es,Spanish,entity_or_value,1994,1994,2,5,1,1994,5,1.0,False,"{""1994"": 5}"
es,Spanish,entity_or_value,1994-06-14,1994-06-14,2,27,1,14-06-1994,27,1.0,False,"{""14-06-1994"": 27}"
es,Spanish,entity_or_value,1995,1995,2,47,1,1995,47,1.0,False,"{""1995"": 47}"
es,Spanish,entity_or_value,1995-09-02,1995-09-02,2,8,1,02-09-1995,8,1.0,False,"{""02-09-1995"": 8}"
es,Spanish,entity_or_value,1996,1996,2,46,1,1996,46,1.0,False,"{""1996"": 46}"
es,Spanish,entity_or_value,1996-05-30,1996-05-30,2,7,1,30-05-1996,7,1.0,False,"{""30-05-1996"": 7}"
es,Spanish,entity_or_value,1996-06-04,1996-06-04,2,7,1,04-06-1996,7,1.0,False,"{""04-06-1996"": 7}"
es,Spanish,entity_or_value,1997,1997,2,22,1,1997,22,1.0,False,"{""1997"": 22}"
es,Spanish,entity_or_value,1998,1998,2,5,1,1998,5,1.0,False,"{""1998"": 5}"
es,Spanish,entity_or_value,1998-03-16,1998-03-16,2,9,1,16-03-1998,9,1.0,False,"{""16-03-1998"": 9}"
es,Spanish,entity_or_value,1998-07-21,"""1998-07-21""",2,17,1,21-07-1998,17,1.0,False,"{""21-07-1998"": 17}"
es,Spanish,entity_or_value,1999,1999,2,3,1,1999,3,1.0,False,"{""1999"": 3}"
es,Spanish,entity_or_value,1999 sn5,"""1999 SN5""",2,9,1,1999 sn5,9,1.0,False,"{""1999 sn5"": 9}"
es,Spanish,entity_or_value,1999-05-29,1999-05-29,2,2,1,29-05-1999,2,1.0,False,"{""29-05-1999"": 2}"
es,Spanish,entity_or_value,1st regiment new mexico volunteer cavalry,1st_Regiment_New_Mexico_Volunteer_Cavalry,2,2,1,1er regimiento de caballería voluntaria de nuevo méxico,2,1.0,False,"{""1er regimiento de caballería voluntaria de nuevo méxico"": 2}"
es,Spanish,entity_or_value,2,2,2,15,1,2,15,1.0,False,"{""2"": 15}"
es,Spanish,entity_or_value,2 × mtu 16v 2000 m60 engine,"""2 × MTU 16V 2000 M60 engine""",2,3,1,2 × motor mtu 16v 2000 m60,3,1.0,False,"{""2 × motor mtu 16v 2000 m60"": 3}"
es,Spanish,entity_or_value,2.0 (grampercubiccentimetres),2.0 (gramPerCubicCentimetres),2,12,1,"2,0 (gramos por centímetros cúbicos)",12,1.0,False,"{""2,0 (gramos por centímetros cúbicos)"": 12}"
es,Spanish,entity_or_value,2.032,2.032,2,2,1,2.032,2,1.0,False,"{""2.032"": 2}"
es,Spanish,entity_or_value,2.4 (litres),2.4 (litres),2,3,1,"2,4 (litros)",3,1.0,False,"{""2,4 (litros)"": 3}"
es,Spanish,entity_or_value,2.5 (litres),2.5 (litres),2,2,1,"2,5 (litros)",2,1.0,False,"{""2,5 (litros)"": 2}"
es,Spanish,entity_or_value,2.7 (kilograms),2.7 (kilograms),2,10,1,"2,7 (kilogramos)",10,1.0,False,"{""2,7 (kilogramos)"": 10}"
es,Spanish,entity_or_value,2/20,"""2/20""",2,2,1,2/20,2,1.0,False,"{""2/20"": 2}"
es,Spanish,entity_or_value,20,20,2,16,1,20,16,1.0,False,"{""20"": 16}"
es,Spanish,entity_or_value,20 fenchurch street,20_Fenchurch_Street,2,57,1,20 fenchurch street,57,1.0,False,"{""20 fenchurch street"": 57}"
es,Spanish,entity_or_value,200 public square,200_Public_Square,2,84,1,200 public square,84,1.0,False,"{""200 public square"": 84}"
es,Spanish,entity_or_value,2000,2000,2,135,1,2000,135,1.0,False,"{""2000"": 135}"
es,Spanish,entity_or_value,2000-01-01,2000-01-01,2,18,1,01-01-2000,18,1.0,False,"{""01-01-2000"": 18}"
es,Spanish,entity_or_value,2000000.0,2000000.0,2,7,1,2000000.0,7,1.0,False,"{""2000000.0"": 7}"
es,Spanish,entity_or_value,2001,2001,2,21,1,2001,21,1.0,False,"{""2001"": 21}"
es,Spanish,entity_or_value,2001-01-01,2001-01-01,2,27,1,01-01-2001,27,1.0,False,"{""01-01-2001"": 27}"
es,Spanish,entity_or_value,2001-03-01,2001-03-01,2,4,1,01-03-2001,4,1.0,False,"{""01-03-2001"": 4}"
es,Spanish,entity_or_value,2001-10-16,2001-10-16,2,9,1,16-10-2001,9,1.0,False,"{""16-10-2001"": 9}"
es,Spanish,entity_or_value,2002-12-05,2002-12-05,2,4,1,05-12-2002,4,1.0,False,"{""05-12-2002"": 4}"
es,Spanish,entity_or_value,2002-12-11,2002-12-11,2,2,1,11-12-2002,2,1.0,False,"{""11-12-2002"": 2}"
es,Spanish,entity_or_value,2003,2003,2,10,1,2003,10,1.0,False,"{""2003"": 10}"
es,Spanish,entity_or_value,2003-01-01,2003-01-01,2,2,1,01-01-2003,2,1.0,False,"{""01-01-2003"": 2}"
es,Spanish,entity_or_value,2003-09-27,2003-09-27,2,5,1,27-09-2003,5,1.0,False,"{""27-09-2003"": 5}"
es,Spanish,entity_or_value,2003.0,2003.0,2,2,1,2003.0,2,1.0,False,"{""2003.0"": 2}"
es,Spanish,entity_or_value,2004,2004,2,2,1,2004,2,1.0,False,"{""2004"": 2}"
es,Spanish,entity_or_value,2004-01-22,2004-01-22,2,4,1,22-01-2004,4,1.0,False,"{""22-01-2004"": 4}"
es,Spanish,entity_or_value,2004-03-02,2004-03-02,2,5,1,02-03-2004,5,1.0,False,"{""02-03-2004"": 5}"
es,Spanish,entity_or_value,2004-07-14,2004-07-14,2,17,1,14-07-2004,17,1.0,False,"{""14-07-2004"": 17}"
es,Spanish,entity_or_value,2004-08-31,2004-08-31,2,3,1,31-08-2004,3,1.0,False,"{""31-08-2004"": 3}"
es,Spanish,entity_or_value,2004-10-22,2004-10-22,2,3,1,22-10-2004,3,1.0,False,"{""22-10-2004"": 3}"
es,Spanish,entity_or_value,2004-12-16,2004-12-16,2,2,1,16-12-2004,2,1.0,False,"{""16-12-2004"": 2}"
es,Spanish,entity_or_value,2004-12-18,2004-12-18,2,6,1,18-12-2004,6,1.0,False,"{""18-12-2004"": 6}"
es,Spanish,entity_or_value,2005,2005,2,6,1,2005,6,1.0,False,"{""2005"": 6}"
es,Spanish,entity_or_value,2005-04-06,2005-04-06,2,3,1,06-04-2005,3,1.0,False,"{""06-04-2005"": 3}"
es,Spanish,entity_or_value,2005-04-07,2005-04-07,2,2,1,07-04-2005,2,1.0,False,"{""07-04-2005"": 2}"
es,Spanish,entity_or_value,2005-05-05,2005-05-05,2,20,1,05-05-2005,20,1.0,False,"{""05-05-2005"": 20}"
es,Spanish,entity_or_value,2005-08-11,2005-08-11,2,7,1,11-08-2005,7,1.0,False,"{""11-08-2005"": 7}"
es,Spanish,entity_or_value,2005-11-26,2005-11-26,2,45,1,26-11-2005,45,1.0,False,"{""26-11-2005"": 45}"
es,Spanish,entity_or_value,2006,2006,2,12,1,2006,12,1.0,False,"{""2006"": 12}"
es,Spanish,entity_or_value,2006-03-06,2006-03-06,2,21,1,06-03-2006,21,1.0,False,"{""06-03-2006"": 21}"
es,Spanish,entity_or_value,2006-09-06,2006-09-06,2,22,1,06-09-2006,22,1.0,False,"{""06-09-2006"": 22}"
es,Spanish,entity_or_value,2006-12-31,2006-12-31,2,137,1,31-12-2006,137,1.0,False,"{""31-12-2006"": 137}"
es,Spanish,entity_or_value,2008-03-09,2008-03-09,2,3,1,09-03-2008,3,1.0,False,"{""09-03-2008"": 3}"
es,Spanish,entity_or_value,2008-12-17,2008-12-17,2,2,1,17-12-2008,2,1.0,False,"{""17-12-2008"": 2}"
es,Spanish,entity_or_value,2009,2009,2,25,1,2009,25,1.0,False,"{""2009"": 25}"
es,Spanish,entity_or_value,2009-03-22,2009-03-22,2,17,1,22-03-2009,17,1.0,False,"{""22-03-2009"": 17}"
es,Spanish,entity_or_value,2009-04-04,2009-04-04,2,10,1,04-04-2009,10,1.0,False,"{""04-04-2009"": 10}"
es,Spanish,entity_or_value,2009-06-01,2009-06-01,2,29,1,01-06-2009,29,1.0,False,"{""01-06-2009"": 29}"
es,Spanish,entity_or_value,2009-10-02,"""2009-10-02""",2,2,1,02-10-2009,2,1.0,False,"{""02-10-2009"": 2}"
es,Spanish,entity_or_value,2009-12-18,2009-12-18,2,21,1,18-12-2009,21,1.0,False,"{""18-12-2009"": 21}"
es,Spanish,entity_or_value,2011,2011,2,15,1,2011,15,1.0,False,"{""2011"": 15}"
es,Spanish,entity_or_value,2011 pdl season,2011_PDL_season,2,4,1,temporada pdl 2011,4,1.0,False,"{""temporada pdl 2011"": 4}"
es,Spanish,entity_or_value,2011-08-27,2011-08-27,2,11,1,27-08-2011,11,1.0,False,"{""27-08-2011"": 11}"
es,Spanish,entity_or_value,2011-aug-27,2011-Aug-27,2,8,1,27-ago-2011,8,1.0,False,"{""27-ago-2011"": 8}"
es,Spanish,entity_or_value,2012-12-27,2012-12-27,2,9,1,27-12-2012,9,1.0,False,"{""27-12-2012"": 9}"
es,Spanish,entity_or_value,2013-029a,2013-029A,2,2,1,2013-029a,2,1.0,False,"{""2013-029a"": 2}"
es,Spanish,entity_or_value,2013-03-16,2013-03-16,2,6,1,16-03-2013,6,1.0,False,"{""16-03-2013"": 6}"
es,Spanish,entity_or_value,2013-03-17,2013-03-17,2,9,1,17-03-2013,9,1.0,False,"{""17-03-2013"": 9}"
es,Spanish,entity_or_value,2013-04-21,2013-04-21,2,13,1,21-04-2013,13,1.0,False,"{""21-04-2013"": 13}"
es,Spanish,entity_or_value,2013-09-18,2013-09-18,2,5,1,18-09-2013,5,1.0,False,"{""18-09-2013"": 5}"
es,Spanish,entity_or_value,2013-09-28,"""2013-09-28""",2,2,1,28-09-2013,2,1.0,False,"{""28-09-2013"": 2}"
es,Spanish,entity_or_value,2013-11-04,2013-11-04,2,20,1,04-11-2013,20,1.0,False,"{""04-11-2013"": 20}"
es,Spanish,entity_or_value,2014,2014,2,54,1,2014,54,1.0,False,"{""2014"": 54}"
es,Spanish,entity_or_value,2014-01-09,2014-01-09,2,10,1,09-01-2014,10,1.0,False,"{""09-01-2014"": 10}"
es,Spanish,entity_or_value,2014-07-13,2014-07-13,2,12,1,13-07-2014,12,1.0,False,"{""13-07-2014"": 12}"
es,Spanish,entity_or_value,2014-10-28,2014-10-28,2,13,1,28-10-2014,13,1.0,False,"{""28-10-2014"": 13}"
es,Spanish,entity_or_value,2014.0,2014.0,2,6,1,2014.0,6,1.0,False,"{""2014.0"": 6}"
es,Spanish,entity_or_value,"2014–15 a epsth, greece","2014–15_A_EPSTH,_Greece",2,3,1,"2014-15 a epsth, grecia",3,1.0,False,"{""2014-15 a epsth, grecia"": 3}"
es,Spanish,entity_or_value,2014–15 azerbaijan premier league,2014–15_Azerbaijan_Premier_League,2,5,1,liga premier de azerbaiyán 2014/15,5,1.0,False,"{""liga premier de azerbaiyán 2014/15"": 5}"
es,Spanish,entity_or_value,2014–15 bundesliga,2014–15_Bundesliga,2,3,1,1. bundesliga 2014/15,3,1.0,False,"{""1. bundesliga 2014/15"": 3}"
es,Spanish,entity_or_value,2014–15 eredivisie,2014–15_Eredivisie,2,4,1,eredivisie 2014/15,4,1.0,False,"{""eredivisie 2014/15"": 4}"
es,Spanish,entity_or_value,2014–15 football conference,2014–15_Football_Conference,2,2,1,conferencia de fútbol 2014-15,2,1.0,False,"{""conferencia de fútbol 2014-15"": 2}"
es,Spanish,entity_or_value,2014–15 football league (greece),2014–15_Football_League_(Greece),2,2,1,2014-15 liga de fútbol (grecia),2,1.0,False,"{""2014-15 liga de fútbol (grecia)"": 2}"
es,Spanish,entity_or_value,2014–15 lega pro,2014–15_Lega_Pro,2,6,1,2014-15 lega pro,6,1.0,False,"{""2014-15 lega pro"": 6}"
es,Spanish,entity_or_value,2014–15 north west counties football league,2014–15_North_West_Counties_Football_League,2,4,1,2014-15 liga de fútbol de los condados del noroeste,4,1.0,False,"{""2014-15 liga de fútbol de los condados del noroeste"": 4}"
es,Spanish,entity_or_value,2014–15 regionalliga,2014–15_Regionalliga,2,2,1,regionalliga nord 2014/15,2,1.0,False,"{""regionalliga nord 2014/15"": 2}"
es,Spanish,entity_or_value,2014–15 russian premier league,2014–15_Russian_Premier_League,2,7,1,liga premier de rusia 2014/15,7,1.0,False,"{""liga premier de rusia 2014/15"": 7}"
es,Spanish,entity_or_value,2014–15 serie a,2014–15_Serie_A,2,11,1,serie a 2014-15,11,1.0,False,"{""serie a 2014-15"": 11}"
es,Spanish,entity_or_value,2014–15 serie b,2014–15_Serie_B,2,5,1,serie b 2014/15,5,1.0,False,"{""serie b 2014/15"": 5}"
es,Spanish,entity_or_value,2014–15 topklasse,2014–15_Topklasse,2,5,1,2014-15 topklasse,5,1.0,False,"{""2014-15 topklasse"": 5}"
es,Spanish,entity_or_value,2015,2015,2,21,1,2015,21,1.0,False,"{""2015"": 21}"
es,Spanish,entity_or_value,2015 campeonato brasileiro série c,2015_Campeonato_Brasileiro_Série_C,2,19,1,campeonato brasileño de fútbol serie c 2015,19,1.0,False,"{""campeonato brasileño de fútbol serie c 2015"": 19}"
es,Spanish,entity_or_value,2015-06-27,2015-06-27,2,65,1,27-06-2015,65,1.0,False,"{""27-06-2015"": 65}"
es,Spanish,entity_or_value,20378.5,20378.5,2,13,1,20378.5,13,1.0,False,"{""20378.5"": 13}"
es,Spanish,entity_or_value,204.0,204.0,2,2,1,204.0,2,1.0,False,"{""204.0"": 2}"
es,Spanish,entity_or_value,21.2,21.2,2,17,1,21.2,17,1.0,False,"{""21.2"": 17}"
es,Spanish,entity_or_value,210,210,2,23,1,210,23,1.0,False,"{""210"": 23}"
es,Spanish,entity_or_value,21000,21000,2,2,1,21000,2,1.0,False,"{""21000"": 2}"
es,Spanish,entity_or_value,211,211,2,16,1,211,16,1.0,False,"{""211"": 16}"
es,Spanish,entity_or_value,211.0 (kelvins),211.0 (kelvins),2,2,1,"211,0 (kelvins)",2,1.0,False,"{""211,0 (kelvins)"": 2}"
es,Spanish,entity_or_value,211200000,211200000,2,8,1,211200000,8,1.0,False,"{""211200000"": 8}"
es,Spanish,entity_or_value,214.0,214.0,2,4,1,214.0,4,1.0,False,"{""214.0"": 4}"
es,Spanish,entity_or_value,2158-3226,"""2158-3226""",2,3,1,2158-3226,3,1.0,False,"{""2158-3226"": 3}"
es,Spanish,entity_or_value,2160.0 (millimetres),2160.0 (millimetres),2,15,1,"2160,0 (milímetros)",15,1.0,False,"{""2160,0 (milímetros)"": 15}"
es,Spanish,entity_or_value,2194.0,2194.0,2,7,1,2194.0,7,1.0,False,"{""2194.0"": 7}"
es,Spanish,entity_or_value,2195.0,2195.0,2,5,1,2195.0,5,1.0,False,"{""2195.0"": 5}"
es,Spanish,entity_or_value,22,22,2,5,1,22,5,1.0,False,"{""22"": 5}"
es,Spanish,entity_or_value,2215.0,2215.0,2,10,1,2215.0,10,1.0,False,"{""2215.0"": 10}"
es,Spanish,entity_or_value,22591.38,22591.38,2,2,1,22591.38,2,1.0,False,"{""22591.38"": 2}"
es,Spanish,entity_or_value,229,229,2,2,1,229,2,1.0,False,"{""229"": 2}"
es,Spanish,entity_or_value,23,23,2,31,1,23,31,1.0,False,"{""23"": 31}"
es,Spanish,entity_or_value,23.0,23.0,2,12,1,23.0,12,1.0,False,"{""23.0"": 12}"
es,Spanish,entity_or_value,23.8,23.8,2,2,1,23.8,2,1.0,False,"{""23.8"": 2}"
es,Spanish,entity_or_value,230 (cubic inches),230 (cubic inches),2,4,1,230 (pulgadas cúbicas),4,1.0,False,"{""230 (pulgadas cúbicas)"": 4}"
es,Spanish,entity_or_value,230.05,230.05,2,18,1,230.05,18,1.0,False,"{""230.05"": 18}"
es,Spanish,entity_or_value,233,"""233""",2,3,1,233,3,1.0,False,"{""233"": 3}"
es,Spanish,entity_or_value,233.9 (square kilometres),233.9 (square kilometres),2,7,1,"233,9 (kilómetros cuadrados)",7,1.0,False,"{""233,9 (kilómetros cuadrados)"": 7}"
es,Spanish,entity_or_value,"234, 330","234, 330",2,3,1,"234, 330",3,1.0,False,"{""234, 330"": 3}"
es,Spanish,entity_or_value,2368.05 (days),2368.05 (days),2,7,1,"2368,05 (días)",7,1.0,False,"{""2368,05 (días)"": 7}"
es,Spanish,entity_or_value,23900,23900,2,10,1,23900,10,1.0,False,"{""23900"": 10}"
es,Spanish,entity_or_value,23rd street (manhattan),23rd_Street_(Manhattan),2,7,1,calle 23 (manhattan),7,1.0,False,"{""calle 23 (manhattan)"": 7}"
es,Spanish,entity_or_value,24.0,24.0,2,13,1,24.0,13,1.0,False,"{""24.0"": 13}"
es,Spanish,entity_or_value,24.4,24.4,2,8,1,24.4,8,1.0,False,"{""24.4"": 8}"
es,Spanish,entity_or_value,2439.0,2439.0,2,5,1,2439.0,5,1.0,False,"{""2439.0"": 5}"
es,Spanish,entity_or_value,245.0,245.0,2,2,1,245.0,2,1.0,False,"{""245.0"": 2}"
es,Spanish,entity_or_value,248,"""248""",2,3,1,248,3,1.0,False,"{""248"": 3}"
es,Spanish,entity_or_value,25,25,2,2,1,25,2,1.0,False,"{""25"": 2}"
es,Spanish,entity_or_value,25.0,25.0,2,14,1,25.0,14,1.0,False,"{""25.0"": 14}"
es,Spanish,entity_or_value,25.2 (square kilometres),25.2 (square kilometres),2,2,1,"25,2 (kilómetros cuadrados)",2,1.0,False,"{""25,2 (kilómetros cuadrados)"": 2}"
es,Spanish,entity_or_value,250,250,2,28,1,250,28,1.0,False,"{""250"": 28}"
es,Spanish,entity_or_value,250 delaware avenue,250_Delaware_Avenue,2,113,1,avenida delaware 250,113,1.0,False,"{""avenida delaware 250"": 113}"
es,Spanish,entity_or_value,250493000000.0,250493000000.0,2,2,1,250493000000.0,2,1.0,False,"{""250493000000.0"": 2}"
es,Spanish,entity_or_value,252000.0 (millimetres),252000.0 (millimetres),2,24,1,252000.0 (milímetros),24,1.0,False,"{""252000.0 (milímetros)"": 24}"
es,Spanish,entity_or_value,253260.0 (millimetres),253260.0 (millimetres),2,29,1,253260.0 (milímetros),29,1.0,False,"{""253260.0 (milímetros)"": 29}"
es,Spanish,entity_or_value,254989570.60815 (kilometres),254989570.60815 (kilometres),2,13,1,254989570.60815 (kilómetros),13,1.0,False,"{""254989570.60815 (kilómetros)"": 13}"
es,Spanish,entity_or_value,258.0 (kelvins),258.0 (kelvins),2,2,1,"258,0 (kelvins)",2,1.0,False,"{""258,0 (kelvins)"": 2}"
es,Spanish,entity_or_value,258.2 (square kilometres),258.2 (square kilometres),2,4,1,"258,2 (kilómetros cuadrados)",4,1.0,False,"{""258,2 (kilómetros cuadrados)"": 4}"
es,Spanish,entity_or_value,259776702.47055 (kilometres),259776702.47055 (kilometres),2,13,1,259776702.47055 (kilómetros),13,1.0,False,"{""259776702.47055 (kilómetros)"": 13}"
es,Spanish,entity_or_value,260855000000.0,260855000000.0,2,19,1,260855000000.0,19,1.0,False,"{""260855000000.0"": 19}"
es,Spanish,entity_or_value,265.0,265.0,2,2,1,265.0,2,1.0,False,"{""265.0"": 2}"
es,Spanish,entity_or_value,265.0 (kelvins),265.0 (kelvins),2,6,1,"265,0 (kelvins)",6,1.0,False,"{""265,0 (kelvins)"": 6}"
es,Spanish,entity_or_value,268.0,268.0,2,6,1,268.0,6,1.0,False,"{""268.0"": 6}"
es,Spanish,entity_or_value,2691.0,2691.0,2,2,1,2691.0,2,1.0,False,"{""2691.0"": 2}"
es,Spanish,entity_or_value,2702.0,2702.0,2,6,1,2702.0,6,1.0,False,"{""2702.0"": 6}"
es,Spanish,entity_or_value,27250,27250,2,5,1,27250,5,1.0,False,"{""27250"": 5}"
es,Spanish,entity_or_value,27367194,27367194,2,2,1,27367194,2,1.0,False,"{""27367194"": 2}"
es,Spanish,entity_or_value,27400,27400,2,18,1,27400,18,1.0,False,"{""27400"": 18}"
es,Spanish,entity_or_value,2743.0,2743.0,2,2,1,2743.0,2,1.0,False,"{""2743.0"": 2}"
es,Spanish,entity_or_value,2744.0,2744.0,2,8,1,2744.0,8,1.0,False,"{""2744.0"": 8}"
es,Spanish,entity_or_value,2776.0,2776.0,2,12,1,2776.0,12,1.0,False,"{""2776.0"": 12}"
es,Spanish,entity_or_value,2777.0,2777.0,2,11,1,2777.0,11,1.0,False,"{""2777.0"": 11}"
es,Spanish,entity_or_value,279142000000.0,279142000000.0,2,10,1,279142000000.0,10,1.0,False,"{""279142000000.0"": 10}"
es,Spanish,entity_or_value,28.0 (metres),28.0 (metres),2,8,1,"28,0 (metros)",8,1.0,False,"{""28,0 (metros)"": 8}"
es,Spanish,entity_or_value,280,280,2,16,1,280,16,1.0,False,"{""280"": 16}"
es,Spanish,entity_or_value,282838.0,282838.0,2,14,1,282838.0,14,1.0,False,"{""282838.0"": 14}"
es,Spanish,entity_or_value,283326000000.0,283326000000.0,2,8,1,283326000000.0,8,1.0,False,"{""283326000000.0"": 8}"
es,Spanish,entity_or_value,286.5 (square kilometres),286.5 (square kilometres),2,5,1,"286,5 (kilómetros cuadrados)",5,1.0,False,"{""286,5 (kilómetros cuadrados)"": 5}"
es,Spanish,entity_or_value,288749000000.0,288749000000.0,2,16,1,288749000000.0,16,1.0,False,"{""288749000000.0"": 16}"
es,Spanish,entity_or_value,2900,2900,2,18,1,2900,18,1.0,False,"{""2900"": 18}"
es,Spanish,entity_or_value,2900.0,2900.0,2,8,1,2900.0,8,1.0,False,"{""2900.0"": 8}"
es,Spanish,entity_or_value,29000,29000,2,20,1,29000,20,1.0,False,"{""29000"": 20}"
es,Spanish,entity_or_value,292,"""292""",2,9,1,292,9,1.0,False,"{""292"": 9}"
es,Spanish,entity_or_value,2939,2939,2,2,1,2939,2,1.0,False,"{""2939"": 2}"
es,Spanish,entity_or_value,295,295,2,24,1,295,24,1.0,False,"{""295"": 24}"
es,Spanish,entity_or_value,2953,2953,2,2,1,2953,2,1.0,False,"{""2953"": 2}"
es,Spanish,entity_or_value,296521000.0 (kilometres),296521000.0 (kilometres),2,11,1,296521000.0 (kilómetros),11,1.0,False,"{""296521000.0 (kilómetros)"": 11}"
es,Spanish,entity_or_value,2988,2988,2,2,1,2988,2,1.0,False,"{""2988"": 2}"
es,Spanish,entity_or_value,2989.0,2989.0,2,6,1,2989.0,6,1.0,False,"{""2989.0"": 6}"
es,Spanish,entity_or_value,29919600000.0,29919600000.0,2,11,1,29919600000.0,11,1.0,False,"{""29919600000.0"": 11}"
es,Spanish,entity_or_value,3,3,2,5,1,3,5,1.0,False,"{""3"": 5}"
es,Spanish,entity_or_value,3-speed automatic,"""3-speed automatic""",2,9,1,automático de 3 velocidades,9,1.0,False,"{""automático de 3 velocidades"": 9}"
es,Spanish,entity_or_value,3. liga,3._Liga,2,6,1,3. liga,6,1.0,False,"{""3. liga"": 6}"
es,Spanish,entity_or_value,3.0 (kilograms),3.0 (kilograms),2,5,1,"3,0 (kilogramos)",5,1.0,False,"{""3,0 (kilogramos)"": 5}"
es,Spanish,entity_or_value,3.04 m,3.04 m,2,14,1,3.04 m,14,1.0,False,"{""3.04 m"": 14}"
es,Spanish,entity_or_value,3.16,3.16,2,19,1,3.16,19,1.0,False,"{""3.16"": 19}"
es,Spanish,entity_or_value,3.5 (kilograms),3.5 (kilograms),2,3,1,"3,5 (kilogramos)",3,1.0,False,"{""3,5 (kilogramos)"": 3}"
es,Spanish,entity_or_value,3.5 (litres),3.5 (litres),2,3,1,"3,5 (litros)",3,1.0,False,"{""3,5 (litros)"": 3}"
es,Spanish,entity_or_value,3.8 m,3.8 m,2,12,1,3.8 m,12,1.0,False,"{""3.8 m"": 12}"
es,Spanish,entity_or_value,3.9 (metres),3.9 (metres),2,10,1,"3,9 (metros)",10,1.0,False,"{""3,9 (metros)"": 10}"
es,Spanish,entity_or_value,3/21,"""3/21""",2,3,1,3/21,3,1.0,False,"{""3/21"": 3}"
es,Spanish,entity_or_value,30 march 2007,"""30 March 2007""",2,19,1,30 de marzo de 2007,19,1.0,False,"{""30 de marzo de 2007"": 19}"
es,Spanish,entity_or_value,300 north lasalle,300_North_LaSalle,2,84,1,300 north lasalle,84,1.0,False,"{""300 north lasalle"": 84}"
es,Spanish,entity_or_value,3000,3000,2,9,1,3000,9,1.0,False,"{""3000"": 9}"
es,Spanish,entity_or_value,3048.0,3048.0,2,7,1,3048.0,7,1.0,False,"{""3048.0"": 7}"
es,Spanish,entity_or_value,306.0,306.0,2,4,1,306.0,4,1.0,False,"{""306.0"": 4}"
es,Spanish,entity_or_value,3078.48,3078.48,2,7,1,3078.48,7,1.0,False,"{""3078.48"": 7}"
es,Spanish,entity_or_value,30843.8 (square metres),30843.8 (square metres),2,13,1,"30843,8 (metros cuadrados)",13,1.0,False,"{""30843,8 (metros cuadrados)"": 13}"
es,Spanish,entity_or_value,3090.0,3090.0,2,3,1,3090.0,3,1.0,False,"{""3090.0"": 3}"
es,Spanish,entity_or_value,30955.0,30955.0,2,7,1,30955.0,7,1.0,False,"{""30955.0"": 7}"
es,Spanish,entity_or_value,31 july 2016 (jd2457600.5),31 July 2016 (JD2457600.5),2,9,1,31 de julio de 2016 (jd2457600.5),9,1.0,False,"{""31 de julio de 2016 (jd2457600.5)"": 9}"
es,Spanish,entity_or_value,31.48 tax horsepower,31.48 tax horsepower,2,9,1,"31,48 caballos fiscales",9,1.0,False,"{""31,48 caballos fiscales"": 9}"
es,Spanish,entity_or_value,3180,3180,2,16,1,3180,16,1.0,False,"{""3180"": 16}"
es,Spanish,entity_or_value,318875313,318875313,2,7,1,318875313,7,1.0,False,"{""318875313"": 7}"
es,Spanish,entity_or_value,32.2,32.2,2,20,1,32.2,20,1.0,False,"{""32.2"": 20}"
es,Spanish,entity_or_value,320,"""320""",2,9,1,320,9,1.0,False,"{""320"": 9}"
es,Spanish,entity_or_value,320 south boston building,320_South_Boston_Building,2,19,1,320 south boston building,19,1.0,False,"{""320 south boston building"": 19}"
es,Spanish,entity_or_value,32024459,32024459,2,6,1,32024459,6,1.0,False,"{""32024459"": 6}"
es,Spanish,entity_or_value,324.0,324.0,2,4,1,324.0,4,1.0,False,"{""324.0"": 4}"
es,Spanish,entity_or_value,324720797,324720797,2,4,1,324720797,4,1.0,False,"{""324720797"": 4}"
es,Spanish,entity_or_value,325,325,2,3,1,325,3,1.0,False,"{""325"": 3}"
es,Spanish,entity_or_value,3287590000000.0,3287590000000.0,2,3,1,3287590000000.0,3,1.0,False,"{""3287590000000.0"": 3}"
es,Spanish,entity_or_value,3300.0,3300.0,2,2,1,3300.0,2,1.0,False,"{""3300.0"": 2}"
es,Spanish,entity_or_value,33012.0,33012.0,2,2,1,33012.0,2,1.0,False,"{""33012.0"": 2}"
es,Spanish,entity_or_value,3310.0,3310.0,2,9,1,3310.0,9,1.0,False,"{""3310.0"": 9}"
es,Spanish,entity_or_value,331683000.0 (kilometres),331683000.0 (kilometres),2,6,1,331683000.0 (kilómetros),6,1.0,False,"{""331683000.0 (kilómetros)"": 6}"
es,Spanish,entity_or_value,334,334,2,3,1,334,3,1.0,False,"{""334"": 3}"
es,Spanish,entity_or_value,3360.12,3360.12,2,6,1,3360.12,6,1.0,False,"{""3360.12"": 6}"
es,Spanish,entity_or_value,336265,336265,2,5,1,336265,5,1.0,False,"{""336265"": 5}"
es,Spanish,entity_or_value,34,34,2,8,1,34,8,1.0,False,"{""34"": 8}"
es,Spanish,entity_or_value,34.0,34.0,2,18,1,34.0,18,1.0,False,"{""34.0"": 18}"
es,Spanish,entity_or_value,3400.0,3400.0,2,3,1,3400.0,3,1.0,False,"{""3400.0"": 3}"
es,Spanish,entity_or_value,344.9 (square kilometres),344.9 (square kilometres),2,9,1,"344,9 (kilómetros cuadrados)",9,1.0,False,"{""344,9 (kilómetros cuadrados)"": 9}"
es,Spanish,entity_or_value,3453.0,3453.0,2,3,1,3453.0,3,1.0,False,"{""3453.0"": 3}"
es,Spanish,entity_or_value,346.0,346.0,2,4,1,346.0,4,1.0,False,"{""346.0"": 4}"
es,Spanish,entity_or_value,347.1 (square kilometres),347.1 (square kilometres),2,12,1,"347,1 (kilómetros cuadrados)",12,1.0,False,"{""347,1 (kilómetros cuadrados)"": 12}"
es,Spanish,entity_or_value,349206000000.0,349206000000.0,2,12,1,349206000000.0,12,1.0,False,"{""349206000000.0"": 12}"
es,Spanish,entity_or_value,35.1,35.1,2,16,1,35.1,16,1.0,False,"{""35.1"": 16}"
es,Spanish,entity_or_value,3500,3500,2,11,1,3500,11,1.0,False,"{""3500"": 11}"
es,Spanish,entity_or_value,3500.0,3500.0,2,37,1,3500.0,37,1.0,False,"{""3500.0"": 37}"
es,Spanish,entity_or_value,352497000000.0,352497000000.0,2,10,1,352497000000.0,10,1.0,False,"{""352497000000.0"": 10}"
es,Spanish,entity_or_value,3544040000.0,3544040000.0,2,2,1,3544040000.0,2,1.0,False,"{""3544040000.0"": 2}"
es,Spanish,entity_or_value,360,"""360""",2,4,1,360,4,1.0,False,"{""360"": 4}"
es,Spanish,entity_or_value,360.29 (days),360.29 (days),2,16,1,"360,29 (días)",16,1.0,False,"{""360,29 (días)"": 16}"
es,Spanish,entity_or_value,362.0 (kelvins),362.0 (kelvins),2,2,1,"362,0 (kelvins)",2,1.0,False,"{""362,0 (kelvins)"": 2}"
es,Spanish,entity_or_value,3678,3678,2,2,1,3678,2,1.0,False,"{""3678"": 2}"
es,Spanish,entity_or_value,368.65 (inhabitants per square kilometre),368.65 (inhabitants per square kilometre),2,5,1,"368,65 (habitantes por kilómetro cuadrado)",5,1.0,False,"{""368,65 (habitantes por kilómetro cuadrado)"": 5}"
es,Spanish,entity_or_value,3684.0,3684.0,2,3,1,3684.0,3,1.0,False,"{""3684.0"": 3}"
es,Spanish,entity_or_value,37.16 (kilometreperseconds),37.16 (kilometrePerSeconds),2,3,1,"37,16 (kilómetros por segundo)",3,1.0,False,"{""37,16 (kilómetros por segundo)"": 3}"
es,Spanish,entity_or_value,370.03,370.03,2,2,1,370.03,2,1.0,False,"{""370.03"": 2}"
es,Spanish,entity_or_value,37116.0,37116.0,2,2,1,37116.0,2,1.0,False,"{""37116.0"": 2}"
es,Spanish,entity_or_value,371240000.0 (kilometres),371240000.0 (kilometres),2,5,1,371240000.0 (kilómetros),5,1.0,False,"{""371240000.0 (kilómetros)"": 5}"
es,Spanish,entity_or_value,373513000.0 (kilometres),373513000.0 (kilometres),2,16,1,373513000.0 (kilómetros),16,1.0,False,"{""373513000.0 (kilómetros)"": 16}"
es,Spanish,entity_or_value,3746.66 (square metres),3746.66 (square metres),2,4,1,"3746,66 (metros cuadrados)",4,1.0,False,"{""3746,66 (metros cuadrados)"": 4}"
es,Spanish,entity_or_value,374976.0 (seconds),374976.0 (seconds),2,3,1,374976.0 (segundos),3,1.0,False,"{""374976.0 (segundos)"": 3}"
es,Spanish,entity_or_value,377016000000.0,377016000000.0,2,8,1,377016000000.0,8,1.0,False,"{""377016000000.0"": 8}"
es,Spanish,entity_or_value,38.892,38.892,2,3,1,38.892,3,1.0,False,"{""38.892"": 3}"
es,Spanish,entity_or_value,3800.0,3800.0,2,22,1,3800.0,22,1.0,False,"{""3800.0"": 22}"
es,Spanish,entity_or_value,380700000,380700000,2,19,1,380700000,19,1.0,False,"{""380700000"": 19}"
es,Spanish,entity_or_value,387.63,387.63,2,4,1,387.63,4,1.0,False,"{""387.63"": 4}"
es,Spanish,entity_or_value,388,"""388""",2,9,1,388,9,1.0,False,"{""388"": 9}"
es,Spanish,entity_or_value,39,"""39""",2,10,1,39,10,1.0,False,"{""39"": 10}"
es,Spanish,entity_or_value,39332.9,39332.9,2,3,1,39332.9,3,1.0,False,"{""39332.9"": 3}"
es,Spanish,entity_or_value,39371,39371,2,12,1,39371,12,1.0,False,"{""39371"": 12}"
es,Spanish,entity_or_value,39447000.0,39447000.0,2,13,1,39447000.0,13,1.0,False,"{""39447000.0"": 13}"
es,Spanish,entity_or_value,39500.0 (square metres),39500.0 (square metres),2,3,1,39500.0 (metros cuadrados),3,1.0,False,"{""39500.0 (metros cuadrados)"": 3}"
es,Spanish,entity_or_value,3990.0,3990.0,2,10,1,3990.0,10,1.0,False,"{""3990.0"": 10}"
es,Spanish,entity_or_value,3992.88,3992.88,2,11,1,3992.88,11,1.0,False,"{""3992.88"": 11}"
es,Spanish,entity_or_value,3997100000000.0,3997100000000.0,2,17,1,3997100000000.0,17,1.0,False,"{""3997100000000.0"": 17}"
es,Spanish,entity_or_value,3arena,3Arena,2,124,1,3arena,124,1.0,False,"{""3arena"": 124}"
es,Spanish,entity_or_value,3xn,3XN,2,10,1,3xn,10,1.0,False,"{""3xn"": 10}"
es,Spanish,entity_or_value,4-speed automatic (zf 4hp18q),"""4-speed automatic (ZF 4HP18Q)""",2,3,1,automático de 4 velocidades (zf 4hp18q),3,1.0,False,"{""automático de 4 velocidades (zf 4hp18q)"": 3}"
es,Spanish,entity_or_value,4.0 (kilograms),4.0 (kilograms),2,5,1,"4,0 (kilogramos)",5,1.0,False,"{""4,0 (kilogramos)"": 5}"
es,Spanish,entity_or_value,4.14 (square kilometres),4.14 (square kilometres),2,12,1,"4,14 (kilómetros cuadrados)",12,1.0,False,"{""4,14 (kilómetros cuadrados)"": 12}"
es,Spanish,entity_or_value,4.56 (kilometreperseconds),4.56 (kilometrePerSeconds),2,3,1,"4,56 (kilómetros por segundo)",3,1.0,False,"{""4,56 (kilómetros por segundo)"": 3}"
es,Spanish,entity_or_value,4.6 m,4.6 m,2,4,1,4.6 m,4,1.0,False,"{""4.6 m"": 4}"
es,Spanish,entity_or_value,4.8 g,4.8 g,2,8,1,4.8 g,8,1.0,False,"{""4.8 g"": 8}"
es,Spanish,entity_or_value,4/22,"""4/22""",2,6,1,4/22,6,1.0,False,"{""4/22"": 6}"
es,Spanish,entity_or_value,4000.0,4000.0,2,16,1,4000.0,16,1.0,False,"{""4000.0"": 16}"
es,Spanish,entity_or_value,4019.0,4019.0,2,4,1,4019.0,4,1.0,False,"{""4019.0"": 4}"
es,Spanish,entity_or_value,404,404,2,4,1,404,4,1.0,False,"{""404"": 4}"
es,Spanish,entity_or_value,"404, 678, 470","404, 678, 470",2,3,1,"404, 678, 470",3,1.0,False,"{""404, 678, 470"": 3}"
es,Spanish,entity_or_value,4100.0,4100.0,2,7,1,4100.0,7,1.0,False,"{""4100.0"": 7}"
es,Spanish,entity_or_value,41498400000.0,41498400000.0,2,12,1,41498400000.0,12,1.0,False,"{""41498400000.0"": 12}"
es,Spanish,entity_or_value,4150,4150,2,9,1,4150,9,1.0,False,"{""4150"": 9}"
es,Spanish,entity_or_value,416136000000.0,416136000000.0,2,10,1,416136000000.0,10,1.0,False,"{""416136000000.0"": 10}"
es,Spanish,entity_or_value,418476000000.0,418476000000.0,2,29,1,418476000000.0,29,1.0,False,"{""418476000000.0"": 29}"
es,Spanish,entity_or_value,419113394.55312 (kilometres),419113394.55312 (kilometres),2,13,1,419113394.55312 (kilómetros),13,1.0,False,"{""419113394.55312 (kilómetros)"": 13}"
es,Spanish,entity_or_value,42 m,"""42 m""",2,8,1,42 m,8,1.0,False,"{""42 m"": 8}"
es,Spanish,entity_or_value,429.9 (inhabitants per square kilometre),429.9 (inhabitants per square kilometre),2,5,1,"429,9 (habitantes por kilómetro cuadrado)",5,1.0,False,"{""429,9 (habitantes por kilómetro cuadrado)"": 5}"
es,Spanish,entity_or_value,43.0 (kelvins),43.0 (kelvins),2,2,1,"43,0 (kelvins)",2,1.0,False,"{""43,0 (kelvins)"": 2}"
es,Spanish,entity_or_value,4349.0,4349.0,2,19,1,4349.0,19,1.0,False,"{""4349.0"": 19}"
es,Spanish,entity_or_value,437170000.0 (kilometres),437170000.0 (kilometres),2,16,1,437170000.0 (kilómetros),16,1.0,False,"{""437170000.0 (kilómetros)"": 16}"
es,Spanish,entity_or_value,4387.0 (cubiccentimetres),4387.0 (cubicCentimetres),2,4,1,"4387,0 (centímetros cúbicos)",4,1.0,False,"{""4387,0 (centímetros cúbicos)"": 4}"
es,Spanish,entity_or_value,44.125 (square kilometres),44.125 (square kilometres),2,4,1,"44,125 (kilómetros cuadrados)",4,1.0,False,"{""44,125 (kilómetros cuadrados)"": 4}"
es,Spanish,entity_or_value,440756000.0 (kilometres),440756000.0 (kilometres),2,15,1,440756000.0 (kilómetros),15,1.0,False,"{""440756000.0 (kilómetros)"": 15}"
es,Spanish,entity_or_value,441092000.0 (kilometres),441092000.0 (kilometres),2,16,1,441092000.0 (kilómetros),16,1.0,False,"{""441092000.0 (kilómetros)"": 16}"
es,Spanish,entity_or_value,445895000000.0,445895000000.0,2,10,1,445895000000.0,10,1.0,False,"{""445895000000.0"": 10}"
es,Spanish,entity_or_value,448,"""448""",2,11,1,448,11,1.0,False,"{""448"": 11}"
es,Spanish,entity_or_value,45,45,2,19,1,45,19,1.0,False,"{""45"": 19}"
es,Spanish,entity_or_value,45.97 (square kilometres),45.97 (square kilometres),2,5,1,"45,97 (kilómetros cuadrados)",5,1.0,False,"{""45,97 (kilómetros cuadrados)"": 5}"
es,Spanish,entity_or_value,45000.0 (millimetres),45000.0 (millimetres),2,6,1,45000.0 (milímetros),6,1.0,False,"{""45000.0 (milímetros)"": 6}"
es,Spanish,entity_or_value,45644811,45644811,2,7,1,45644811,7,1.0,False,"{""45644811"": 7}"
es,Spanish,entity_or_value,46000000,46000000,2,2,1,46000000,2,1.0,False,"{""46000000"": 2}"
es,Spanish,entity_or_value,46451790,46451790,2,7,1,46451790,7,1.0,False,"{""46451790"": 7}"
es,Spanish,entity_or_value,47290,47290,2,5,1,47290,5,1.0,False,"{""47290"": 5}"
es,Spanish,entity_or_value,47487.6,47487.6,2,2,1,47487.6,2,1.0,False,"{""47487.6"": 2}"
es,Spanish,entity_or_value,475426000.0 (kilometres),475426000.0 (kilometres),2,21,1,475426000.0 (kilómetros),21,1.0,False,"{""475426000.0 (kilómetros)"": 21}"
es,Spanish,entity_or_value,476,476,2,7,1,476,7,1.0,False,"{""476"": 7}"
es,Spanish,entity_or_value,479343000.0 (kilometres),479343000.0 (kilometres),2,18,1,479343000.0 (kilómetros),18,1.0,False,"{""479343000.0 (kilómetros)"": 18}"
es,Spanish,entity_or_value,48.0,48.0,2,2,1,48.0,2,1.0,False,"{""48.0"": 2}"
es,Spanish,entity_or_value,486.2 (square kilometres),486.2 (square kilometres),2,8,1,"486,2 (kilómetros cuadrados)",8,1.0,False,"{""486,2 (kilómetros cuadrados)"": 8}"
es,Spanish,entity_or_value,4879.0,4879.0,2,2,1,4879.0,2,1.0,False,"{""4879.0"": 2}"
es,Spanish,entity_or_value,488160.0,488160.0,2,9,1,488160.0,9,1.0,False,"{""488160.0"": 9}"
es,Spanish,entity_or_value,490.9 (square kilometres),490.9 (square kilometres),2,13,1,"490,9 (kilómetros cuadrados)",13,1.0,False,"{""490,9 (kilómetros cuadrados)"": 13}"
es,Spanish,entity_or_value,497.0,497.0,2,12,1,497.0,12,1.0,False,"{""497.0"": 12}"
es,Spanish,entity_or_value,49805501,49805501,2,5,1,49805501,5,1.0,False,"{""49805501"": 5}"
es,Spanish,entity_or_value,5,5,2,2,1,5,2,1.0,False,"{""5"": 2}"
es,Spanish,entity_or_value,5-speed manual,"""5-speed manual""",2,7,1,manual de 5 velocidades,7,1.0,False,"{""manual de 5 velocidades"": 7}"
es,Spanish,entity_or_value,5.3 (litres),5.3 (litres),2,26,1,"5,3 (litros)",26,1.0,False,"{""5,3 (litros)"": 26}"
es,Spanish,entity_or_value,5.4 (metres),5.4 (metres),2,12,1,"5,4 (metros)",12,1.0,False,"{""5,4 (metros)"": 12}"
es,Spanish,entity_or_value,5.57 (days),5.57 (days),2,12,1,"5,57 (días)",12,1.0,False,"{""5,57 (días)"": 12}"
es,Spanish,entity_or_value,5.6 (kilograms),5.6 (kilograms),2,8,1,"5,6 (kilogramos)",8,1.0,False,"{""5,6 (kilogramos)"": 8}"
es,Spanish,entity_or_value,5.7 (kilograms),5.7 (kilograms),2,9,1,"5,7 (kilogramos)",9,1.0,False,"{""5,7 (kilogramos)"": 9}"
es,Spanish,entity_or_value,5.75 (days),5.75 (days),2,11,1,"5,75 (días)",11,1.0,False,"{""5,75 (días)"": 11}"
es,Spanish,entity_or_value,50,50,2,9,1,50,9,1.0,False,"{""50"": 9}"
es,Spanish,entity_or_value,500.0 (kelvins),500.0 (kelvins),2,3,1,"500,0 (kelvins)",3,1.0,False,"{""500,0 (kelvins)"": 3}"
es,Spanish,entity_or_value,5000,5000,2,9,1,5000,9,1.0,False,"{""5000"": 9}"
es,Spanish,entity_or_value,50000,50000,2,5,1,50000,5,1.0,False,"{""50000"": 5}"
es,Spanish,entity_or_value,"505, 575","505, 575",2,4,1,"505, 575",4,1.0,False,"{""505, 575"": 4}"
es,Spanish,entity_or_value,507,507,2,8,1,507,8,1.0,False,"{""507"": 8}"
es,Spanish,entity_or_value,511592000.0 (kilometres),511592000.0 (kilometres),2,14,1,511592000.0 (kilómetros),14,1.0,False,"{""511592000.0 (kilómetros)"": 14}"
es,Spanish,entity_or_value,512,"""512""",2,13,1,512,13,1.0,False,"{""512"": 13}"
es,Spanish,entity_or_value,"512, 737","512, 737",2,2,1,"512, 737",2,1.0,False,"{""512, 737"": 2}"
es,Spanish,entity_or_value,518.0,518.0,2,6,1,518.0,6,1.0,False,"{""518.0"": 6}"
es,Spanish,entity_or_value,51969173,51969173,2,5,1,51969173,5,1.0,False,"{""51969173"": 5}"
es,Spanish,entity_or_value,"52.0""(minutes)","""52.0""(minutes)",2,8,1,52.0 (minutos),8,1.0,False,"{""52.0 (minutos)"": 8}"
es,Spanish,entity_or_value,520906000.0 (kilometres),520906000.0 (kilometres),2,12,1,520906000.0 (kilómetros),12,1.0,False,"{""520906000.0 (kilómetros)"": 12}"
es,Spanish,entity_or_value,523.9 (inhabitants per square kilometre),523.9 (inhabitants per square kilometre),2,12,1,"523,9 (habitantes por kilómetro cuadrado)",12,1.0,False,"{""523,9 (habitantes por kilómetro cuadrado)"": 12}"
es,Spanish,entity_or_value,523329000.0 (kilometres),523329000.0 (kilometres),2,14,1,523329000.0 (kilómetros),14,1.0,False,"{""523329000.0 (kilómetros)"": 14}"
es,Spanish,entity_or_value,523951582.33968 (kilometres),523951582.33968 (kilometres),2,14,1,523951582.33968 (kilómetros),14,1.0,False,"{""523951582.33968 (kilómetros)"": 14}"
es,Spanish,entity_or_value,524.0,524.0,2,4,1,524.0,4,1.0,False,"{""524.0"": 4}"
es,Spanish,entity_or_value,524.5 (inhabitants per square kilometre),524.5 (inhabitants per square kilometre),2,6,1,"524,5 (habitantes por kilómetro cuadrado)",6,1.0,False,"{""524,5 (habitantes por kilómetro cuadrado)"": 6}"
es,Spanish,entity_or_value,5300,5300,2,9,1,5300,9,1.0,False,"{""5300"": 9}"
es,Spanish,entity_or_value,535.0 (inhabitants per square kilometre),535.0 (inhabitants per square kilometre),2,5,1,"535,0 (habitantes por kilómetro cuadrado)",5,1.0,False,"{""535,0 (habitantes por kilómetro cuadrado)"": 5}"
es,Spanish,entity_or_value,53502,53502,2,6,1,53502,6,1.0,False,"{""53502"": 6}"
es,Spanish,entity_or_value,54.56,54.56,2,18,1,54.56,18,1.0,False,"{""54.56"": 18}"
es,Spanish,entity_or_value,"541, 458","541, 458",2,3,1,"541, 458",3,1.0,False,"{""541, 458"": 3}"
es,Spanish,entity_or_value,546,546,2,16,1,546,16,1.0,False,"{""546"": 16}"
es,Spanish,entity_or_value,55.4 (square kilometres),55.4 (square kilometres),2,5,1,"55,4 (kilómetros cuadrados)",5,1.0,False,"{""55,4 (kilómetros cuadrados)"": 5}"
es,Spanish,entity_or_value,556300000,556300000,2,21,1,556300000,21,1.0,False,"{""556300000"": 21}"
es,Spanish,entity_or_value,5594,5594,2,15,1,5594,15,1.0,False,"{""5594"": 15}"
es,Spanish,entity_or_value,560,"""560""",2,3,1,560,3,1.0,False,"{""560"": 3}"
es,Spanish,entity_or_value,560937000.0 (kilometres),560937000.0 (kilometres),2,10,1,560937000.0 (kilómetros),10,1.0,False,"{""560937000.0 (kilómetros)"": 10}"
es,Spanish,entity_or_value,57059226,57059226,2,9,1,57059226,9,1.0,False,"{""57059226"": 9}"
es,Spanish,entity_or_value,57392246,57392246,2,10,1,57392246,10,1.0,False,"{""57392246"": 10}"
es,Spanish,entity_or_value,58.38,58.38,2,3,1,58.38,3,1.0,False,"{""58.38"": 3}"
es,Spanish,entity_or_value,58.41,58.41,2,6,1,58.41,6,1.0,False,"{""58.41"": 6}"
es,Spanish,entity_or_value,597.0,597.0,2,6,1,597.0,6,1.0,False,"{""597.0"": 6}"
es,Spanish,entity_or_value,6-speed manual,"""6-speed manual""",2,2,1,manual de 6 velocidades,2,1.0,False,"{""manual de 6 velocidades"": 2}"
es,Spanish,entity_or_value,6-speed manual (getrag),"""6-speed manual (Getrag)""",2,3,1,manual de 6 velocidades (getrag),3,1.0,False,"{""manual de 6 velocidades (getrag)"": 3}"
es,Spanish,entity_or_value,6.7 (kilograms),6.7 (kilograms),2,11,1,"6,7 (kilogramos)",11,1.0,False,"{""6,7 (kilogramos)"": 11}"
es,Spanish,entity_or_value,6.81 (square kilometres),6.81 (square kilometres),2,3,1,"6,81 (kilómetros cuadrados)",3,1.0,False,"{""6,81 (kilómetros cuadrados)"": 3}"
es,Spanish,entity_or_value,6.97,6.97,2,2,1,6.97,2,1.0,False,"{""6.97"": 2}"
es,Spanish,entity_or_value,60,60,2,16,1,60,16,1.0,False,"{""60"": 16}"
es,Spanish,entity_or_value,600,600,2,50,1,600,50,1.0,False,"{""600"": 50}"
es,Spanish,entity_or_value,600.0,600.0,2,7,1,600.0,7,1.0,False,"{""600.0"": 7}"
es,Spanish,entity_or_value,60040714,60040714,2,15,1,60040714,15,1.0,False,"{""60040714"": 15}"
es,Spanish,entity_or_value,605718000.0 (kilometres),605718000.0 (kilometres),2,14,1,605718000.0 (kilómetros),14,1.0,False,"{""605718000.0 (kilómetros)"": 14}"
es,Spanish,entity_or_value,609,609,2,4,1,609,4,1.0,False,"{""609"": 4}"
es,Spanish,entity_or_value,610.0,610.0,2,41,1,610.0,41,1.0,False,"{""610.0"": 41}"
es,Spanish,entity_or_value,611961000.0 (kilometres),611961000.0 (kilometres),2,6,1,611961000.0 (kilómetros),6,1.0,False,"{""611961000.0 (kilómetros)"": 6}"
es,Spanish,entity_or_value,6155910000000.0,6155910000000.0,2,7,1,6155910000000.0,7,1.0,False,"{""6155910000000.0"": 7}"
es,Spanish,entity_or_value,618,618,2,3,1,618,3,1.0,False,"{""618"": 3}"
es,Spanish,entity_or_value,62.0,62.0,2,4,1,62.0,4,1.0,False,"{""62.0"": 4}"
es,Spanish,entity_or_value,62145.3 (square metres),62145.3 (square metres),2,5,1,62145.3 (metros cuadrados),5,1.0,False,"{""62145.3 (metros cuadrados)"": 5}"
es,Spanish,entity_or_value,628,628,2,2,1,628,2,1.0,False,"{""628"": 2}"
es,Spanish,entity_or_value,63,63,2,2,1,63,2,1.0,False,"{""63"": 2}"
es,Spanish,entity_or_value,63800.0 (millimetres),63800.0 (millimetres),2,21,1,63800.0 (milímetros),21,1.0,False,"{""63800.0 (milímetros)"": 21}"
es,Spanish,entity_or_value,64.008,64.008,2,4,1,64.008,4,1.0,False,"{""64.008"": 4}"
es,Spanish,entity_or_value,657,657,2,6,1,657,6,1.0,False,"{""657"": 6}"
es,Spanish,entity_or_value,"657, 714","657, 714",2,5,1,"657, 714",5,1.0,False,"{""657, 714"": 5}"
es,Spanish,entity_or_value,6573,6573,2,2,1,6573,2,1.0,False,"{""6573"": 2}"
es,Spanish,entity_or_value,6603633000.0 (kilometres),6603633000.0 (kilometres),2,12,1,6603633000.0 (kilómetros),12,1.0,False,"{""6603633000.0 (kilómetros)"": 12}"
es,Spanish,entity_or_value,672,"""672""",2,3,1,672,3,1.0,False,"{""672"": 3}"
es,Spanish,entity_or_value,"682, 817, 214, 469, 972","682, 817, 214, 469, 972",2,3,1,"682, 817, 214, 469, 972",3,1.0,False,"{""682, 817, 214, 469, 972"": 3}"
es,Spanish,entity_or_value,686.0 (square kilometres),686.0 (square kilometres),2,5,1,"686,0 (kilómetros cuadrados)",5,1.0,False,"{""686,0 (kilómetros cuadrados)"": 5}"
es,Spanish,entity_or_value,69618,69618,2,10,1,69618,10,1.0,False,"{""69618"": 10}"
es,Spanish,entity_or_value,69862200.0,69862200.0,2,10,1,69862200.0,10,1.0,False,"{""69862200.0"": 10}"
es,Spanish,entity_or_value,7.5 (kilograms),7.5 (kilograms),2,12,1,"7,5 (kilogramos)",12,1.0,False,"{""7,5 (kilogramos)"": 12}"
es,Spanish,entity_or_value,7.9 (kilograms),7.9 (kilograms),2,5,1,"7,9 (kilogramos)",5,1.0,False,"{""7,9 (kilogramos)"": 5}"
es,Spanish,entity_or_value,7/25,"""7/25""",2,2,1,7/25,2,1.0,False,"{""7/25"": 2}"
es,Spanish,entity_or_value,70.308,70.308,2,10,1,70.308,10,1.0,False,"{""70.308"": 10}"
es,Spanish,entity_or_value,700,700,2,38,1,700,38,1.0,False,"{""700"": 38}"
es,Spanish,entity_or_value,703.95 (square kilometres),703.95 (square kilometres),2,7,1,"703,95 (kilómetros cuadrados)",7,1.0,False,"{""703,95 (kilómetros cuadrados)"": 7}"
es,Spanish,entity_or_value,70634,70634,2,14,1,70634,14,1.0,False,"{""70634"": 14}"
es,Spanish,entity_or_value,7202,7202,2,2,1,7202,2,1.0,False,"{""7202"": 2}"
es,Spanish,entity_or_value,733.0,733.0,2,6,1,733.0,6,1.0,False,"{""733.0"": 6}"
es,Spanish,entity_or_value,734,734,2,5,1,734,5,1.0,False,"{""734"": 5}"
es,Spanish,entity_or_value,737,737,2,37,1,737,37,1.0,False,"{""737"": 37}"
es,Spanish,entity_or_value,74.33 (square kilometres),74.33 (square kilometres),2,9,1,"74,33 (kilómetros cuadrados)",9,1.0,False,"{""74,33 (kilómetros cuadrados)"": 9}"
es,Spanish,entity_or_value,746.0 (inhabitants per square kilometre),746.0 (inhabitants per square kilometre),2,8,1,"746,0 (habitantes por kilómetro cuadrado)",8,1.0,False,"{""746,0 (habitantes por kilómetro cuadrado)"": 8}"
es,Spanish,entity_or_value,75,75,2,2,1,75,2,1.0,False,"{""75"": 2}"
es,Spanish,entity_or_value,75.0 million (dollars),"""75.0 million (dollars)""",2,2,1,"75,0 millones (dólares)",2,1.0,False,"{""75,0 millones (dólares)"": 2}"
es,Spanish,entity_or_value,75.324 (square kilometres),75.324 (square kilometres),2,10,1,75.324 (kilómetros cuadrados),10,1.0,False,"{""75.324 (kilómetros cuadrados)"": 10}"
es,Spanish,entity_or_value,755.3 (inhabitants per square kilometre),755.3 (inhabitants per square kilometre),2,3,1,"755,3 (habitantes por kilómetro cuadrado)",3,1.0,False,"{""755,3 (habitantes por kilómetro cuadrado)"": 3}"
es,Spanish,entity_or_value,7637.76,7637.76,2,2,1,7637.76,2,1.0,False,"{""7637.76"": 2}"
es,Spanish,entity_or_value,765,765,2,5,1,765,5,1.0,False,"{""765"": 5}"
es,Spanish,entity_or_value,76798317,76798317,2,9,1,76798317,9,1.0,False,"{""76798317"": 9}"
es,Spanish,entity_or_value,77.41 (square kilometres),77.41 (square kilometres),2,7,1,"77,41 (kilómetros cuadrados)",7,1.0,False,"{""77,41 (kilómetros cuadrados)"": 7}"
es,Spanish,entity_or_value,"770, 404, 678","770, 404, 678",2,3,1,"770, 404, 678",3,1.0,False,"{""770, 404, 678"": 3}"
es,Spanish,entity_or_value,7715100000.0 (kilometres),7715100000.0 (kilometres),2,9,1,7715100000.0 (kilómetros),9,1.0,False,"{""7715100000.0 (kilómetros)"": 9}"
es,Spanish,entity_or_value,7729430000.0,7729430000.0,2,9,1,7729430000.0,9,1.0,False,"{""7729430000.0"": 9}"
es,Spanish,entity_or_value,783.1 (inhabitants per square kilometre),783.1 (inhabitants per square kilometre),2,12,1,"783,1 (habitantes por kilómetro cuadrado)",12,1.0,False,"{""783,1 (habitantes por kilómetro cuadrado)"": 12}"
es,Spanish,entity_or_value,783356.0,783356.0,2,3,1,783356.0,3,1.0,False,"{""783356.0"": 3}"
es,Spanish,entity_or_value,78771100,78771100,2,9,1,78771100,9,1.0,False,"{""78771100"": 9}"
es,Spanish,entity_or_value,8.0,8.0,2,7,1,8.0,7,1.0,False,"{""8.0"": 7}"
es,Spanish,entity_or_value,8.3 (kilograms),8.3 (kilograms),2,7,1,"8,3 (kilogramos)",7,1.0,False,"{""8,3 (kilogramos)"": 7}"
es,Spanish,entity_or_value,8.3 m,8.3 m,2,15,1,8.3 m,15,1.0,False,"{""8.3 m"": 15}"
es,Spanish,entity_or_value,8.33,8.33,2,2,1,8.33,2,1.0,False,"{""8.33"": 2}"
es,Spanish,entity_or_value,8.334,8.334,2,9,1,8.334,9,1.0,False,"{""8.334"": 9}"
es,Spanish,entity_or_value,80002709,"""80002709""",2,14,1,80002709,14,1.0,False,"{""80002709"": 14}"
es,Spanish,entity_or_value,8002,8002,2,2,1,8002,2,1.0,False,"{""8002"": 2}"
es,Spanish,entity_or_value,806,806,2,4,1,806,4,1.0,False,"{""806"": 4}"
es,Spanish,entity_or_value,814,814,2,3,1,814,3,1.0,False,"{""814"": 3}"
es,Spanish,entity_or_value,82.8 (square kilometres),82.8 (square kilometres),2,2,1,"82,8 (kilómetros cuadrados)",2,1.0,False,"{""82,8 (kilómetros cuadrados)"": 2}"
es,Spanish,entity_or_value,83.0,83.0,2,16,1,83.0,16,1.0,False,"{""83.0"": 16}"
es,Spanish,entity_or_value,83.2104,83.2104,2,18,1,83.2104,18,1.0,False,"{""83.2104"": 18}"
es,Spanish,entity_or_value,83646315,83646315,2,9,1,83646315,9,1.0,False,"{""83646315"": 9}"
es,Spanish,entity_or_value,837080.744 (squarekilometres),837080.744 (squareKilometres),2,9,1,837080.744 (kilómetros cuadrados),9,1.0,False,"{""837080.744 (kilómetros cuadrados)"": 9}"
es,Spanish,entity_or_value,84.0,84.0,2,6,1,84.0,6,1.0,False,"{""84.0"": 6}"
es,Spanish,entity_or_value,8500,8500,2,14,1,8500,14,1.0,False,"{""8500"": 14}"
es,Spanish,entity_or_value,8514837.14 (square kilometres),8514837.14 (square kilometres),2,4,1,"8514837,14 (kilómetros cuadrados)",4,1.0,False,"{""8514837,14 (kilómetros cuadrados)"": 4}"
es,Spanish,entity_or_value,85466.9,85466.9,2,2,1,85466.9,2,1.0,False,"{""85466.9"": 2}"
es,Spanish,entity_or_value,87000823,"""87000823""",2,13,1,87000823,13,1.0,False,"{""87000823"": 13}"
es,Spanish,entity_or_value,875400000,875400000,2,20,1,875400000,20,1.0,False,"{""875400000"": 20}"
es,Spanish,entity_or_value,877.0,877.0,2,3,1,877.0,3,1.0,False,"{""877.0"": 3}"
es,Spanish,entity_or_value,8788850000.0,8788850000.0,2,11,1,8788850000.0,11,1.0,False,"{""8788850000.0"": 11}"
es,Spanish,entity_or_value,88.0,88.0,2,10,1,88.0,10,1.0,False,"{""88.0"": 10}"
es,Spanish,entity_or_value,88002539,"""88002539""",2,7,1,88002539,7,1.0,False,"{""88002539"": 7}"
es,Spanish,entity_or_value,8805735,8805735,2,9,1,8805735,9,1.0,False,"{""8805735"": 9}"
es,Spanish,entity_or_value,"8820.0""(minutes)","""8820.0""(minutes)",2,3,1,8820.0 (minutos),3,1.0,False,"{""8820.0 (minutos)"": 3}"
es,Spanish,entity_or_value,88234300000.0,88234300000.0,2,13,1,88234300000.0,13,1.0,False,"{""88234300000.0"": 13}"
es,Spanish,entity_or_value,89.0,89.0,2,21,1,89.0,21,1.0,False,"{""89.0"": 21}"
es,Spanish,entity_or_value,896.0,896.0,2,2,1,896.0,2,1.0,False,"{""896.0"": 2}"
es,Spanish,entity_or_value,89646863,89646863,2,10,1,89646863,10,1.0,False,"{""89646863"": 10}"
es,Spanish,entity_or_value,9-speed zf 9hp automatic (v6),"""9-speed ZF 9HP automatic (V6)""",2,2,1,automático zf 9hp de 9 velocidades (v6),2,1.0,False,"{""automático zf 9hp de 9 velocidades (v6)"": 2}"
es,Spanish,entity_or_value,9.7,9.7,2,2,1,9.7,2,1.0,False,"{""9.7"": 2}"
es,Spanish,entity_or_value,9.8 (kilograms),9.8 (kilograms),2,8,1,"9,8 (kilogramos)",8,1.0,False,"{""9,8 (kilogramos)"": 8}"
es,Spanish,entity_or_value,900.0,900.0,2,8,1,900.0,8,1.0,False,"{""900.0"": 8}"
es,Spanish,entity_or_value,9001,9001,2,2,1,9001,2,1.0,False,"{""9001"": 2}"
es,Spanish,entity_or_value,90640840,"""90640840""",2,3,1,90640840,3,1.0,False,"{""90640840"": 3}"
es,Spanish,entity_or_value,911.0,911.0,2,14,1,911.0,14,1.0,False,"{""911.0"": 14}"
es,Spanish,entity_or_value,914.8 (inhabitants per square kilometre),914.8 (inhabitants per square kilometre),2,5,1,"914,8 (habitantes por kilómetro cuadrado)",5,1.0,False,"{""914,8 (habitantes por kilómetro cuadrado)"": 5}"
es,Spanish,entity_or_value,925,925,2,5,1,925,5,1.0,False,"{""925"": 5}"
es,Spanish,entity_or_value,929.0,929.0,2,2,1,929.0,2,1.0,False,"{""929.0"": 2}"
es,Spanish,entity_or_value,9312,9312,2,3,1,9312,3,1.0,False,"{""9312"": 3}"
es,Spanish,entity_or_value,93645978,93645978,2,11,1,93645978,11,1.0,False,"{""93645978"": 11}"
es,Spanish,entity_or_value,94,94,2,5,1,94,5,1.0,False,"{""94"": 5}"
es,Spanish,entity_or_value,94.0,94.0,2,23,1,94.0,23,1.0,False,"{""94.0"": 23}"
es,Spanish,entity_or_value,94.8024 (kilograms),94.8024 (kilograms),2,8,1,"94,8024 (kilogramos)",8,1.0,False,"{""94,8024 (kilogramos)"": 8}"
es,Spanish,entity_or_value,9400,9400,2,10,1,9400,10,1.0,False,"{""9400"": 10}"
es,Spanish,entity_or_value,"94509, 94531","94509, 94531",2,4,1,"94509, 94531",4,1.0,False,"{""94509, 94531"": 4}"
es,Spanish,entity_or_value,95040.0,95040.0,2,3,1,95040.0,3,1.0,False,"{""95040.0"": 3}"
es,Spanish,entity_or_value,96.1632 (kilograms),96.1632 (kilograms),2,2,1,"96,1632 (kilogramos)",2,1.0,False,"{""96,1632 (kilogramos)"": 2}"
es,Spanish,entity_or_value,973.0,973.0,2,16,1,973.0,16,1.0,False,"{""973.0"": 16}"
es,Spanish,entity_or_value,978-0-15-204770-2,"""978-0-15-204770-2""",2,9,1,978-0-15-204770-2,9,1.0,False,"{""978-0-15-204770-2"": 9}"
es,Spanish,entity_or_value,978-1-4165-4253-7,"""978-1-4165-4253-7""",2,13,1,978-1-4165-4253-7,13,1.0,False,"{""978-1-4165-4253-7"": 13}"
es,Spanish,entity_or_value,98.0,98.0,2,17,1,98.0,17,1.0,False,"{""98.0"": 17}"
es,Spanish,entity_or_value,9833516.63 (square kilometres),9833516.63 (square kilometres),2,6,1,"9833516,63 (kilómetros cuadrados)",6,1.0,False,"{""9833516,63 (kilómetros cuadrados)"": 6}"
es,Spanish,entity_or_value,9833520000000.0,9833520000000.0,2,3,1,9833520000000.0,3,1.0,False,"{""9833520000000.0"": 3}"
es,Spanish,entity_or_value,99.83,99.83,2,10,1,99.83,10,1.0,False,"{""99.83"": 10}"
es,Spanish,entity_or_value,992.6 (inhabitants per square kilometre),992.6 (inhabitants per square kilometre),2,5,1,"992,6 (habitantes por kilómetro cuadrado)",5,1.0,False,"{""992,6 (habitantes por kilómetro cuadrado)"": 5}"
es,Spanish,entity_or_value,9953.28,9953.28,2,3,1,9953.28,3,1.0,False,"{""9953.28"": 3}"
es,Spanish,entity_or_value,<http://www.ghampara.gov.lk/>,<http://www.ghampara.gov.lk/>,2,2,1,<http://www.ghampara.gov.lk/>,2,1.0,False,"{""<http://www.ghampara.gov.lk/>"": 2}"
es,Spanish,entity_or_value,a epsth 2nd group,A_EPSTH_2nd_GROUP,2,3,1,a epsth 2o grupo,3,1.0,False,"{""a epsth 2o grupo"": 3}"
es,Spanish,entity_or_value,a fortress of grey ice,A_Fortress_of_Grey_Ice,2,97,1,una fortaleza de hielo gris,97,1.0,False,"{""una fortaleza de hielo gris"": 97}"
es,Spanish,entity_or_value,a glastonbury romance,A_Glastonbury_Romance,2,93,1,un romance de glastonbury,93,1.0,False,"{""un romance de glastonbury"": 93}"
es,Spanish,entity_or_value,a long long way,A_Long_Long_Way,2,126,1,un largo camino,126,1.0,False,"{""un largo camino"": 126}"
es,Spanish,entity_or_value,a loyal character dancer,A_Loyal_Character_Dancer,2,119,1,un bailarín de carácter leal,119,1.0,False,"{""un bailarín de carácter leal"": 119}"
es,Spanish,entity_or_value,a severed wasp,A_Severed_Wasp,2,107,1,una avispa cortada,107,1.0,False,"{""una avispa cortada"": 107}"
es,Spanish,entity_or_value,a wizard of mars,A_Wizard_of_Mars,2,111,1,un mago de marte,111,1.0,False,"{""un mago de marte"": 111}"
es,Spanish,entity_or_value,a-rosa luna,A-Rosa_Luna,2,123,1,a-rosa luna,123,1.0,False,"{""a-rosa luna"": 123}"
es,Spanish,entity_or_value,a. nugetre,"""A. Nugetre""",2,3,1,a. nugetre,3,1.0,False,"{""a. nugetre"": 3}"
es,Spanish,entity_or_value,a. storrs,A._Storrs,2,4,1,a. storrs,4,1.0,False,"{""a. storrs"": 4}"
es,Spanish,entity_or_value,a.c. cesena,A.C._Cesena,2,64,1,a.c. cesena,64,1.0,False,"{""a.c. cesena"": 64}"
es,Spanish,entity_or_value,a.c. chievo verona,A.C._Chievo_Verona,2,82,1,a.c. chievo verona,82,1.0,False,"{""a.c. chievo verona"": 82}"
es,Spanish,entity_or_value,a.c. lumezzane,A.C._Lumezzane,2,59,1,associazione calcio lumezzane,59,1.0,False,"{""associazione calcio lumezzane"": 59}"
es,Spanish,entity_or_value,a.c. milan,A.C._Milan,2,86,1,a.c. milán,86,1.0,False,"{""a.c. milán"": 86}"
es,Spanish,entity_or_value,a.d. isidro metapán,A.D._Isidro_Metapán,2,58,1,asociación deportiva isidro metapán,58,1.0,False,"{""asociación deportiva isidro metapán"": 58}"
es,Spanish,entity_or_value,a.e dimitra efxeinoupolis,A.E_Dimitra_Efxeinoupolis,2,69,1,a.e dimitra efxeinoupolis,69,1.0,False,"{""a.e dimitra efxeinoupolis"": 69}"
es,Spanish,entity_or_value,a.f.c. blackpool,A.F.C._Blackpool,2,91,1,a.f.c. blackpool,91,1.0,False,"{""a.f.c. blackpool"": 91}"
es,Spanish,entity_or_value,a.f.c. fylde,A.F.C._Fylde,2,65,1,a.f.c. fylde,65,1.0,False,"{""a.f.c. fylde"": 65}"
es,Spanish,entity_or_value,a.s. gubbio 1910,A.S._Gubbio_1910,2,69,1,a.s. gubbio 1910,69,1.0,False,"{""a.s. gubbio 1910"": 69}"
es,Spanish,entity_or_value,a.s. livorno calcio,A.S._Livorno_Calcio,2,68,1,a.s. livorno calcio,68,1.0,False,"{""a.s. livorno calcio"": 68}"
es,Spanish,entity_or_value,a.s. roma,A.S._Roma,2,119,1,a.s. roma,119,1.0,False,"{""a.s. roma"": 119}"
es,Spanish,entity_or_value,a.s.d. licata 1931,A.S.D._Licata_1931,2,4,1,a.s.d. licata 1931,4,1.0,False,"{""a.s.d. licata 1931"": 4}"
es,Spanish,entity_or_value,a.s.d. s.s. nola 1925,A.S.D._S.S._Nola_1925,2,2,1,a.s.d. s.s. nola 1925,2,1.0,False,"{""a.s.d. s.s. nola 1925"": 2}"
es,Spanish,entity_or_value,a.t. charlie johnson,A.T._Charlie_Johnson,2,94,1,a.t. charlie johnson,94,1.0,False,"{""a.t. charlie johnson"": 94}"
es,Spanish,entity_or_value,a894 va; a904 vd;,"""A894 VA; A904 VD;""",2,6,1,a894 va; a904 vd;,6,1.0,False,"{""a894 va; a904 vd;"": 6}"
es,Spanish,entity_or_value,a900 ga,"""A900 GA""",2,7,1,a900 ga,7,1.0,False,"{""a900 ga"": 7}"
es,Spanish,entity_or_value,a911 md,"""A911 MD""",2,7,1,a911 md,7,1.0,False,"{""a911 md"": 7}"
es,Spanish,entity_or_value,a919 ha; 1927 wb;,"""A919 HA; 1927 WB;""",2,7,1,a919 ha; 1927 wb;,7,1.0,False,"{""a919 ha; 1927 wb;"": 7}"
es,Spanish,entity_or_value,aaidbi,"""AAIDBI""",2,5,1,aaidbi,5,1.0,False,"{""aaidbi"": 5}"
es,Spanish,entity_or_value,aarhus,Aarhus,2,71,1,aarhus,71,1.0,False,"{""aarhus"": 71}"
es,Spanish,entity_or_value,aarhus airport,Aarhus_Airport,2,136,1,aeropuerto de aarhus,136,1.0,False,"{""aeropuerto de aarhus"": 136}"
es,Spanish,entity_or_value,aarhus lufthavn a/s,"""Aarhus Lufthavn A/S""",2,15,1,aarhus lufthavn a/s,15,1.0,False,"{""aarhus lufthavn a/s"": 15}"
es,Spanish,entity_or_value,"aarhus, denmark","""Aarhus, Denmark""",2,8,1,"aarhus, dinamarca",8,1.0,False,"{""aarhus, dinamarca"": 8}"
es,Spanish,entity_or_value,aaron bertram,Aaron_Bertram,2,77,1,aaron bertram,77,1.0,False,"{""aaron bertram"": 77}"
es,Spanish,entity_or_value,aaron boogaard,Aaron_Boogaard,2,76,1,aaron boogaard,76,1.0,False,"{""aaron boogaard"": 76}"
es,Spanish,entity_or_value,aaron deer,Aaron_Deer,2,145,1,aaron deer,145,1.0,False,"{""aaron deer"": 145}"
es,Spanish,entity_or_value,aaron hunt,Aaron_Hunt,2,98,1,aaron hunt,98,1.0,False,"{""aaron hunt"": 98}"
es,Spanish,entity_or_value,aaron s. daggett,Aaron_S._Daggett,2,107,1,aaron s. daggett,107,1.0,False,"{""aaron s. daggett"": 107}"
es,Spanish,entity_or_value,aaron turner,Aaron_Turner,2,403,1,aaron turner,403,1.0,False,"{""aaron turner"": 403}"
es,Spanish,entity_or_value,ab klink,Ab_Klink,2,153,1,ab klink,153,1.0,False,"{""ab klink"": 153}"
es,Spanish,entity_or_value,abarth,Abarth,2,33,1,abarth,33,1.0,False,"{""abarth"": 33}"
es,Spanish,entity_or_value,abarth 1000 gt coupé,Abarth_1000_GT_Coupé,2,107,1,abarth 1000 gt coupé,107,1.0,False,"{""abarth 1000 gt coupé"": 107}"
es,Spanish,entity_or_value,abdul halim of kedah,Abdul_Halim_of_Kedah,2,7,1,tuanku abdul halim,7,1.0,False,"{""tuanku abdul halim"": 7}"
es,Spanish,entity_or_value,abdul rahman ya'kub,Abdul_Rahman_Ya'kub,2,27,1,abdul rahman ya'kub,27,1.0,False,"{""abdul rahman ya'kub"": 27}"
es,Spanish,entity_or_value,abdul taib mahmud,Abdul_Taib_Mahmud,2,244,1,abdul taib mahmud,244,1.0,False,"{""abdul taib mahmud"": 244}"
es,Spanish,entity_or_value,abdulsalami abubakar,Abdulsalami_Abubakar,2,101,1,abdulsalami abubakar,101,1.0,False,"{""abdulsalami abubakar"": 101}"
es,Spanish,entity_or_value,abel caballero,Abel_Caballero,2,142,1,abel caballero,142,1.0,False,"{""abel caballero"": 142}"
es,Spanish,entity_or_value,abel hernández,Abel_Hernández,2,98,1,abel hernández,98,1.0,False,"{""abel hernández"": 98}"
es,Spanish,entity_or_value,aberdeen,Aberdeen,2,3,1,aberdeen,3,1.0,False,"{""aberdeen"": 3}"
es,Spanish,entity_or_value,abh. math. semin. univ. hambg.,"""Abh. Math. Semin. Univ. Hambg.""",2,11,1,abh. math. semin. hambg.,11,1.0,False,"{""abh. math. semin. hambg."": 11}"
es,Spanish,entity_or_value,abhandlungen aus dem mathematischen seminar der universität hamburg,Abhandlungen_aus_dem_Mathematischen_Seminar_der_Universität_Hamburg,2,34,1,abhandlungen aus dem mathematischen seminar der universitaet hamburg,34,1.0,False,"{""abhandlungen aus dem mathematischen seminar der universitaet hamburg"": 34}"
es,Spanish,entity_or_value,abi,"""ABI""",2,2,1,abi,2,1.0,False,"{""abi"": 2}"
es,Spanish,entity_or_value,abilene regional airport,Abilene_Regional_Airport,2,88,1,aeropuerto regional de abilene,88,1.0,False,"{""aeropuerto regional de abilene"": 88}"
es,Spanish,entity_or_value,"abilene, texas","Abilene,_Texas",2,159,1,"abilene, texas",159,1.0,False,"{""abilene, texas"": 159}"
es,Spanish,entity_or_value,abner (footballer),Abner_(footballer),2,54,1,abner (futbolista),54,1.0,False,"{""abner (futbolista)"": 54}"
es,Spanish,entity_or_value,abner w. sibal,Abner_W._Sibal,2,98,1,abner w. sibal,98,1.0,False,"{""abner w. sibal"": 98}"
es,Spanish,entity_or_value,above the veil,Above_the_Veil,2,77,1,por encima del velo,77,1.0,False,"{""por encima del velo"": 77}"
es,Spanish,entity_or_value,abradab,Abradab,2,72,1,abradab,72,1.0,False,"{""abradab"": 72}"
es,Spanish,entity_or_value,abraham a. ribicoff,Abraham_A._Ribicoff,2,372,1,abraham a. ribicoff,372,1.0,False,"{""abraham a. ribicoff"": 372}"
es,Spanish,entity_or_value,abraham lincoln,Abraham_Lincoln,2,28,1,abraham lincoln,28,1.0,False,"{""abraham lincoln"": 28}"
es,Spanish,entity_or_value,abu zahar ujang,Abu_Zahar_Ujang,2,7,1,abu zahar ujang,7,1.0,False,"{""abu zahar ujang"": 7}"
es,Spanish,entity_or_value,ac hotel bella sky copenhagen,AC_Hotel_Bella_Sky_Copenhagen,2,117,1,ac hotel bella sky copenhagen,117,1.0,False,"{""ac hotel bella sky copenhagen"": 117}"
es,Spanish,entity_or_value,academy of comic book arts,Academy_of_Comic_Book_Arts,2,4,1,academy of comic book arts,4,1.0,False,"{""academy of comic book arts"": 4}"
es,Spanish,entity_or_value,accademia di architettura di mendrisio,Accademia_di_Architettura_di_Mendrisio,2,298,1,academia de arquitectura de mendrisio,298,1.0,False,"{""academia de arquitectura de mendrisio"": 298}"
es,Spanish,entity_or_value,accrington,Accrington,2,7,1,accrington,7,1.0,False,"{""accrington"": 7}"
es,Spanish,entity_or_value,accrington stanley f.c.,Accrington_Stanley_F.C.,2,22,1,accrington stanley f.c,22,1.0,False,"{""accrington stanley f.c"": 22}"
es,Spanish,entity_or_value,ace wilder,Ace_Wilder,2,93,1,ace wilder,93,1.0,False,"{""ace wilder"": 93}"
es,Spanish,entity_or_value,acehnese people,Acehnese_people,2,5,1,aceh,5,1.0,False,"{""aceh"": 5}"
es,Spanish,entity_or_value,acf fiorentina,ACF_Fiorentina,2,23,1,acf fiorentina,23,1.0,False,"{""acf fiorentina"": 23}"
es,Spanish,entity_or_value,acf fiorentina s.p.a.,"""ACF Fiorentina S.p.A.""",2,3,1,acf fiorentina s.p.a.,3,1.0,False,"{""acf fiorentina s.p.a."": 3}"
es,Spanish,entity_or_value,acharya institute of technology,Acharya_Institute_of_Technology,2,706,1,instituto tecnológico acharya,706,1.0,False,"{""instituto tecnológico acharya"": 706}"
es,Spanish,entity_or_value,acm trans. inf. syst.,"""ACM Trans. Inf. Syst.""",2,16,1,acm trans. inf. syst.,16,1.0,False,"{""acm trans. inf. syst."": 16}"
es,Spanish,entity_or_value,acm transactions on information systems,ACM_Transactions_on_Information_Systems,2,53,1,acm transactions on information systems,53,1.0,False,"{""acm transactions on information systems"": 53}"
es,Spanish,entity_or_value,acoustic music,Acoustic_music,2,11,1,música acústica,11,1.0,False,"{""música acústica"": 11}"
es,Spanish,entity_or_value,acta math. hungar.,"""Acta Math. Hungar.""",2,14,1,acta math. hungar.,14,1.0,False,"{""acta math. hungar."": 14}"
es,Spanish,entity_or_value,acta mathematica hungarica,Acta_Mathematica_Hungarica,2,46,1,acta mathematica hungarica,46,1.0,False,"{""acta mathematica hungarica"": 46}"
es,Spanish,entity_or_value,acta palaeontol. pol.,"""Acta Palaeontol. Pol.""",2,24,1,acta palaeontol. pol.,24,1.0,False,"{""acta palaeontol. pol."": 24}"
es,Spanish,entity_or_value,acta palaeontologica polonica,Acta_Palaeontologica_Polonica,2,88,1,acta palaeontologica polonica,88,1.0,False,"{""acta palaeontologica polonica"": 88}"
es,Spanish,entity_or_value,acura,Acura,2,17,1,acura,17,1.0,False,"{""acura"": 17}"
es,Spanish,entity_or_value,acura tlx,Acura_TLX,2,134,1,acura tlx,134,1.0,False,"{""acura tlx"": 134}"
es,Spanish,entity_or_value,adam holloway,Adam_Holloway,2,167,1,adam holloway,167,1.0,False,"{""adam holloway"": 167}"
es,Spanish,entity_or_value,adam koc,Adam_Koc,2,93,1,adam koc,93,1.0,False,"{""adam koc"": 93}"
es,Spanish,entity_or_value,adam maher,Adam_Maher,2,24,1,adam maher,24,1.0,False,"{""adam maher"": 24}"
es,Spanish,entity_or_value,adam mcquaid,Adam_McQuaid,2,85,1,adam mcquaid,85,1.0,False,"{""adam mcquaid"": 85}"
es,Spanish,entity_or_value,adam west,Adam_West,2,9,1,adam west,9,1.0,False,"{""adam west"": 9}"
es,Spanish,entity_or_value,"adams county, pennsylvania","Adams_County,_Pennsylvania",2,276,1,condado de adams,276,1.0,False,"{""condado de adams"": 276}"
es,Spanish,entity_or_value,"adams township, madison county, indiana","Adams_Township,_Madison_County,_Indiana",2,14,1,municipio de adams (indiana),14,1.0,False,"{""municipio de adams (indiana)"": 14}"
es,Spanish,entity_or_value,"adams, fall creek, lafayette, richland, union","""Adams, Fall Creek, Lafayette, Richland, Union""",2,5,1,"adams, fall creek, lafayette, richland, union",5,1.0,False,"{""adams, fall creek, lafayette, richland, union"": 5}"
es,Spanish,entity_or_value,adare,Adare,2,17,1,adare,17,1.0,False,"{""adare"": 17}"
es,Spanish,entity_or_value,adare manor,Adare_Manor,2,94,1,adare manor,94,1.0,False,"{""adare manor"": 94}"
es,Spanish,entity_or_value,addiction,"""Addiction""",2,21,1,adicción,21,1.0,False,"{""adicción"": 21}"
es,Spanish,entity_or_value,addiction (journal),Addiction_(journal),2,60,1,addiction (revista),60,1.0,False,"{""addiction (revista)"": 60}"
es,Spanish,entity_or_value,addis ababa,Addis_Ababa,2,54,1,adís abeba,54,1.0,False,"{""adís abeba"": 54}"
es,Spanish,entity_or_value,addis ababa city hall,Addis_Ababa_City_Hall,2,83,1,ayuntamiento de addis abeba,83,1.0,False,"{""ayuntamiento de addis abeba"": 83}"
es,Spanish,entity_or_value,addis ababa stadium,Addis_Ababa_Stadium,2,16,1,estadio de adís abeba,16,1.0,False,"{""estadio de adís abeba"": 16}"
es,Spanish,entity_or_value,adenan satem,Adenan_Satem,2,33,1,adenan satem,33,1.0,False,"{""adenan satem"": 33}"
es,Spanish,entity_or_value,adice5,"""ADICE5""",2,2,1,adice5,2,1.0,False,"{""adice5"": 2}"
es,Spanish,entity_or_value,adirondack regional airport,Adirondack_Regional_Airport,2,72,1,aeropuerto regional de adirondack,72,1.0,False,"{""aeropuerto regional de adirondack"": 72}"
es,Spanish,entity_or_value,adisham hall,Adisham_Hall,2,120,1,sala adisham,120,1.0,False,"{""sala adisham"": 120}"
es,Spanish,entity_or_value,admin. sci. q.,"""Admin. Sci. Q.""",2,16,1,admin. sci. q.,16,1.0,False,"{""admin. sci. q."": 16}"
es,Spanish,entity_or_value,administrative science quarterly,Administrative_Science_Quarterly,2,80,1,administration science quarterly,80,1.0,False,"{""administration science quarterly"": 80}"
es,Spanish,entity_or_value,adnan hamad,Adnan_Hamad,2,9,1,adnan hamad,9,1.0,False,"{""adnan hamad"": 9}"
es,Spanish,entity_or_value,ado den haag,ADO_Den_Haag,2,4,1,ado den haag,4,1.0,False,"{""ado den haag"": 4}"
es,Spanish,entity_or_value,adolf schärf,Adolf_Schärf,2,11,1,adolf schärf,11,1.0,False,"{""adolf schärf"": 11}"
es,Spanish,entity_or_value,adolfo suárez madrid–barajas airport,Adolfo_Suárez_Madrid–Barajas_Airport,2,304,1,aeropuerto adolfo suárez madrid-barajas,304,1.0,False,"{""aeropuerto adolfo suárez madrid-barajas"": 304}"
es,Spanish,entity_or_value,adonis georgiadis,Adonis_Georgiadis,2,126,1,adonis georgiades,126,1.0,False,"{""adonis georgiades"": 126}"
es,Spanish,entity_or_value,adrián rivera pérez,Adrián_Rivera_Pérez,2,2,1,adrián rivera pérez,2,1.0,False,"{""adrián rivera pérez"": 2}"
es,Spanish,entity_or_value,aek athens f.c.,AEK_Athens_F.C.,2,67,1,aek atenas fútbol club,67,1.0,False,"{""aek atenas fútbol club"": 67}"
es,Spanish,entity_or_value,aenir,Aenir,2,83,1,aenir,83,1.0,False,"{""aenir"": 83}"
es,Spanish,entity_or_value,aermacchi mb-339,Aermacchi_MB-339,2,4,1,aermacchi mb-339,4,1.0,False,"{""aermacchi mb-339"": 4}"
es,Spanish,entity_or_value,afas stadion,AFAS_Stadion,2,5,1,afas stadion,5,1.0,False,"{""afas stadion"": 5}"
es,Spanish,entity_or_value,afc ajax,AFC_Ajax,2,42,1,ajax de ámsterdam,42,1.0,False,"{""ajax de ámsterdam"": 42}"
es,Spanish,entity_or_value,afc ajax (amateurs),AFC_Ajax_(amateurs),2,48,1,afc ajax (aficionados),48,1.0,False,"{""afc ajax (aficionados)"": 48}"
es,Spanish,entity_or_value,afc ajax n.v.,AFC_Ajax_N.V.,2,9,1,afc ajax n.v.,9,1.0,False,"{""afc ajax n.v."": 9}"
es,Spanish,entity_or_value,"afit, m.s. 1962","""AFIT, M.S. 1962""",2,29,1,"afit, m.s. 1962",29,1.0,False,"{""afit, m.s. 1962"": 29}"
es,Spanish,entity_or_value,afonso pena international airport,Afonso_Pena_International_Airport,2,116,1,aeropuerto internacional afonso pena,116,1.0,False,"{""aeropuerto internacional afonso pena"": 116}"
es,Spanish,entity_or_value,african americans,African_Americans,2,273,1,afroestadounidense,273,1.0,False,"{""afroestadounidense"": 273}"
es,Spanish,entity_or_value,african-american,African-American,2,2,1,afroamericano,2,1.0,False,"{""afroamericano"": 2}"
es,Spanish,entity_or_value,afrobeat,Afrobeat,2,16,1,afrobeat,16,1.0,False,"{""afrobeat"": 16}"
es,Spanish,entity_or_value,afterplay (brian kelly album),Afterplay_(Brian_Kelly_album),2,10,1,afterplay (álbum de brian kelly),10,1.0,False,"{""afterplay (álbum de brian kelly)"": 10}"
es,Spanish,entity_or_value,agm-88 harm,AGM-88_HARM,2,2,1,agm-88 harm,2,1.0,False,"{""agm-88 harm"": 2}"
es,Spanish,entity_or_value,agnes kant,Agnes_Kant,2,131,1,agnes kant,131,1.0,False,"{""agnes kant"": 131}"
es,Spanish,entity_or_value,agnes ward white,Agnes_Ward_White,2,35,1,agnes ward white,35,1.0,False,"{""agnes ward white"": 35}"
es,Spanish,entity_or_value,agr,"""AGR""",2,10,1,agr,10,1.0,False,"{""agr"": 10}"
es,Spanish,entity_or_value,agra,Agra,2,7,1,agra,7,1.0,False,"{""agra"": 7}"
es,Spanish,entity_or_value,agra airport,Agra_Airport,2,134,1,aeropuerto de agra,134,1.0,False,"{""aeropuerto de agra"": 134}"
es,Spanish,entity_or_value,agremiação sportiva arapiraquense,Agremiação_Sportiva_Arapiraquense,2,274,1,agremiação sportiva arapiraquense,274,1.0,False,"{""agremiação sportiva arapiraquense"": 274}"
es,Spanish,entity_or_value,agustín barboza,Agustín_Barboza,2,96,1,agustín barboza,96,1.0,False,"{""agustín barboza"": 96}"
es,Spanish,entity_or_value,ahmad kadhim assad,Ahmad_Kadhim_Assad,2,56,1,ahmad kadhim assad,56,1.0,False,"{""ahmad kadhim assad"": 56}"
es,Spanish,entity_or_value,ahmedabad,Ahmedabad,2,30,1,ahmedabad,30,1.0,False,"{""ahmedabad"": 30}"
es,Spanish,entity_or_value,ahmet davutoğlu,Ahmet_Davutoğlu,2,34,1,ahmet davutoğlu,34,1.0,False,"{""ahmet davutoğlu"": 34}"
es,Spanish,entity_or_value,ahmet ertegun,Ahmet_Ertegun,2,134,1,ahmet ertegün,134,1.0,False,"{""ahmet ertegün"": 134}"
es,Spanish,entity_or_value,ahora madrid,Ahora_Madrid,2,2,1,ahora madrid,2,1.0,False,"{""ahora madrid"": 2}"
es,Spanish,entity_or_value,ahri'ahn,"""Ahri'ahn""",2,5,1,ahri'ahn,5,1.0,False,"{""ahri'ahn"": 5}"
es,Spanish,entity_or_value,aida cruises,AIDA_Cruises,2,84,1,aida cruises,84,1.0,False,"{""aida cruises"": 84}"
es,Spanish,entity_or_value,aidaluna,AIDAluna,2,154,1,aidaluna,154,1.0,False,"{""aidaluna"": 154}"
es,Spanish,entity_or_value,aidastella,AIDAstella,2,148,1,aidastella,148,1.0,False,"{""aidastella"": 148}"
es,Spanish,entity_or_value,aids (journal),AIDS_(journal),2,109,1,aids (revista),109,1.0,False,"{""aids (revista)"": 109}"
es,Spanish,entity_or_value,aileen raymond,Aileen_Raymond,2,2,1,aileen raymond,2,1.0,False,"{""aileen raymond"": 2}"
es,Spanish,entity_or_value,aip adv.,"""AIP Adv.""",2,11,1,aip adv.,11,1.0,False,"{""aip adv."": 11}"
es,Spanish,entity_or_value,aip advances,AIP_Advances,2,70,1,aip advances,70,1.0,False,"{""aip advances"": 70}"
es,Spanish,entity_or_value,airbus defence and space,Airbus_Defence_and_Space,2,13,1,airbus defence and space,13,1.0,False,"{""airbus defence and space"": 13}"
es,Spanish,entity_or_value,airbus group,Airbus_Group,2,2,1,grupo airbus,2,1.0,False,"{""grupo airbus"": 2}"
es,Spanish,entity_or_value,airey neave,Airey_Neave,2,119,1,airey neave,119,1.0,False,"{""airey neave"": 119}"
es,Spanish,entity_or_value,airman (comicscharacter),Airman_(comicsCharacter),2,12,1,aviador (personaje de cómic),12,1.0,False,"{""aviador (personaje de cómic)"": 12}"
es,Spanish,entity_or_value,airports authority of india,Airports_Authority_of_India,2,8,1,dirección de aeropuertos de la india,8,1.0,False,"{""dirección de aeropuertos de la india"": 8}"
es,Spanish,entity_or_value,ajax youth academy,Ajax_Youth_Academy,2,11,1,academia juvenil del ajax,11,1.0,False,"{""academia juvenil del ajax"": 11}"
es,Spanish,entity_or_value,ajo blanco,"""Ajo blanco""",2,16,1,ajo blanco,16,1.0,False,"{""ajo blanco"": 16}"
es,Spanish,entity_or_value,ajoblanco,Ajoblanco,2,187,1,ajoblanco,187,1.0,False,"{""ajoblanco"": 187}"
es,Spanish,entity_or_value,akeem adams,Akeem_Adams,2,82,1,akeem adams,82,1.0,False,"{""akeem adams"": 82}"
es,Spanish,entity_or_value,akeem ayers,Akeem_Ayers,2,158,1,akeem ayers,158,1.0,False,"{""akeem ayers"": 158}"
es,Spanish,entity_or_value,akeem dent,Akeem_Dent,2,92,1,akeem dent,92,1.0,False,"{""akeem dent"": 92}"
es,Spanish,entity_or_value,akeem priestley,Akeem_Priestley,2,79,1,akeem priestley,79,1.0,False,"{""akeem priestley"": 79}"
es,Spanish,entity_or_value,akihito,Akihito,2,5,1,akihito,5,1.0,False,"{""akihito"": 5}"
es,Spanish,entity_or_value,akita museum of art,Akita_Museum_of_Art,2,90,1,museo de arte de akita,90,1.0,False,"{""museo de arte de akita"": 90}"
es,Spanish,entity_or_value,akita prefecture,Akita_Prefecture,2,48,1,prefectura de akita,48,1.0,False,"{""prefectura de akita"": 48}"
es,Spanish,entity_or_value,"akita, akita","Akita,_Akita",2,74,1,"akita, akita",74,1.0,False,"{""akita, akita"": 74}"
es,Spanish,entity_or_value,akron metro futbol club summit assault,"""Akron Metro Futbol Club Summit Assault""",2,2,1,asalto a la cumbre del akron metro futbol club,2,1.0,False,"{""asalto a la cumbre del akron metro futbol club"": 2}"
es,Spanish,entity_or_value,akron summit assault,Akron_Summit_Assault,2,68,1,akron summit assault,68,1.0,False,"{""akron summit assault"": 68}"
es,Spanish,entity_or_value,"akron, ohio","Akron,_Ohio",2,154,1,akron,154,1.0,False,"{""akron"": 154}"
es,Spanish,entity_or_value,aktieselskab,Aktieselskab,2,15,1,aktieselskab,15,1.0,False,"{""aktieselskab"": 15}"
es,Spanish,entity_or_value,"al anbar province, iraq","""Al Anbar Province, Iraq""",2,16,1,"provincia de al anbar, irak",16,1.0,False,"{""provincia de al anbar, irak"": 16}"
es,Spanish,entity_or_value,al anderson (nrbq band),Al_Anderson_(NRBQ band),2,192,1,al anderson (banda nrbq),192,1.0,False,"{""al anderson (banda nrbq)"": 192}"
es,Spanish,entity_or_value,al asad airbase,Al_Asad_Airbase,2,171,1,base aérea de al asad,171,1.0,False,"{""base aérea de al asad"": 171}"
es,Spanish,entity_or_value,al kharaitiyat sc,Al_Kharaitiyat_SC,2,99,1,al-kharitiyath sc,99,1.0,False,"{""al-kharitiyath sc"": 99}"
es,Spanish,entity_or_value,al khor,Al_Khor,2,35,1,jor,35,1.0,False,"{""jor"": 35}"
es,Spanish,entity_or_value,al shorta sc,Al_Shorta_SC,2,8,1,al shorta sc,8,1.0,False,"{""al shorta sc"": 8}"
es,Spanish,entity_or_value,al-amin daggash,Al-Amin_Daggash,2,10,1,al-amin daggash,10,1.0,False,"{""al-amin daggash"": 10}"
es,Spanish,entity_or_value,al-jaish sc (syria),Al-Jaish_SC_(Syria),2,4,1,al-jaish sc,4,1.0,False,"{""al-jaish sc"": 4}"
es,Spanish,entity_or_value,al-khor sports club,Al-Khor_Sports_Club,2,27,1,club deportivo al-khor,27,1.0,False,"{""club deportivo al-khor"": 27}"
es,Spanish,entity_or_value,al-merrikh sc,Al-Merrikh_SC,2,3,1,al-merrikh omdurmán,3,1.0,False,"{""al-merrikh omdurmán"": 3}"
es,Spanish,entity_or_value,al-naft,Al-Naft,2,5,1,al-naft,5,1.0,False,"{""al-naft"": 5}"
es,Spanish,entity_or_value,al-quwa al-jawiya,Al-Quwa_Al-Jawiya,2,5,1,al quwa al jawiya,5,1.0,False,"{""al quwa al jawiya"": 5}"
es,Spanish,entity_or_value,al-shamal sports club,Al-Shamal_Sports_Club,2,3,1,club deportivo al-shamal,3,1.0,False,"{""club deportivo al-shamal"": 3}"
es,Spanish,entity_or_value,al-talaba sc,Al-Talaba_SC,2,2,1,al-talaba,2,1.0,False,"{""al-talaba"": 2}"
es,Spanish,entity_or_value,al-taqaddum air base,Al-Taqaddum_Air_Base,2,37,1,base aérea de al-taqaddum,37,1.0,False,"{""base aérea de al-taqaddum"": 37}"
es,Spanish,entity_or_value,al-wakrah sport club,Al-Wakrah_Sport_Club,2,12,1,club deportivo al-wakrah,12,1.0,False,"{""club deportivo al-wakrah"": 12}"
es,Spanish,entity_or_value,al-zawra'a sc,Al-Zawra'a_SC,2,12,1,al-zawra'a sc,12,1.0,False,"{""al-zawra'a sc"": 12}"
es,Spanish,entity_or_value,alaa abdul-zahra,Alaa_Abdul-Zahra,2,117,1,alaa abdul-zahra khashan,117,1.0,False,"{""alaa abdul-zahra khashan"": 117}"
es,Spanish,entity_or_value,alabama,Alabama,2,56,1,alabama,56,1.0,False,"{""alabama"": 56}"
es,Spanish,entity_or_value,alagoas,Alagoas,2,3,1,alagoas,3,1.0,False,"{""alagoas"": 3}"
es,Spanish,entity_or_value,alan b. miller hall,Alan_B._Miller_Hall,2,326,1,sala alan b. miller,326,1.0,False,"{""sala alan b. miller"": 326}"
es,Spanish,entity_or_value,alan bean,Alan_Bean,2,410,1,alan l. bean,410,1.0,False,"{""alan l. bean"": 410}"
es,Spanish,entity_or_value,alan fitzsimmons,Alan_Fitzsimmons,2,6,1,alan fitzsimmons,6,1.0,False,"{""alan fitzsimmons"": 6}"
es,Spanish,entity_or_value,alan frew,Alan_Frew,2,98,1,alan frew,98,1.0,False,"{""alan frew"": 98}"
es,Spanish,entity_or_value,alan jaggs,Alan_Jaggs,2,18,1,alan jaggs,18,1.0,False,"{""alan jaggs"": 18}"
es,Spanish,entity_or_value,alan lavern bean,"""Alan LaVern Bean""",2,2,1,alan lavern bean,2,1.0,False,"{""alan lavern bean"": 2}"
es,Spanish,entity_or_value,alan martin (footballer),Alan_Martin_(footballer),2,96,1,alan martin (futbolista),96,1.0,False,"{""alan martin (futbolista)"": 96}"
es,Spanish,entity_or_value,alan shepard,Alan_Shepard,2,669,1,alan bartlett shepard,669,1.0,False,"{""alan bartlett shepard"": 669}"
es,Spanish,entity_or_value,alan tudyk,Alan_Tudyk,2,5,1,alan tudyk,5,1.0,False,"{""alan tudyk"": 5}"
es,Spanish,entity_or_value,alba,Alba,2,10,1,alba,10,1.0,False,"{""alba"": 10}"
es,Spanish,entity_or_value,alba county,Alba_County,2,9,1,condado de alba,9,1.0,False,"{""condado de alba"": 9}"
es,Spanish,entity_or_value,alba iulia,Alba_Iulia,2,41,1,alba iulia,41,1.0,False,"{""alba iulia"": 41}"
es,Spanish,entity_or_value,"albany, georgia","Albany,_Georgia",2,128,1,"albany, georgia",128,1.0,False,"{""albany, georgia"": 128}"
es,Spanish,entity_or_value,"albany, oregon","Albany,_Oregon",2,120,1,"albany, oregon",120,1.0,False,"{""albany, oregon"": 120}"
es,Spanish,entity_or_value,albennie jones,Albennie_Jones,2,135,1,albennie jones,135,1.0,False,"{""albennie jones"": 135}"
es,Spanish,entity_or_value,albert b. white,Albert_B._White,2,199,1,albert b. white,199,1.0,False,"{""albert b. white"": 199}"
es,Spanish,entity_or_value,albert e. austin,Albert_E._Austin,2,10,1,albert e. austin,10,1.0,False,"{""albert e. austin"": 10}"
es,Spanish,entity_or_value,albert jennings fountain,Albert_Jennings_Fountain,2,169,1,albert jennings fountain,169,1.0,False,"{""albert jennings fountain"": 169}"
es,Spanish,entity_or_value,albert uderzo,Albert_Uderzo,2,5,1,albert uderzo,5,1.0,False,"{""albert uderzo"": 5}"
es,Spanish,entity_or_value,alberto teisaire,Alberto_Teisaire,2,154,1,alberto teisseire,154,1.0,False,"{""alberto teisseire"": 154}"
es,Spanish,entity_or_value,albuquerque city council,Albuquerque_City_Council,2,21,1,ayuntamiento de albuquerque,21,1.0,False,"{""ayuntamiento de albuquerque"": 21}"
es,Spanish,entity_or_value,"albuquerque, new mexico","Albuquerque,_New_Mexico",2,182,1,"albuquerque, nuevo méxico",182,1.0,False,"{""albuquerque, nuevo méxico"": 182}"
es,Spanish,entity_or_value,alcatraz versus the evil librarians,Alcatraz_Versus_the_Evil_Librarians,2,126,1,alcatraz contra los bibliotecarios malvados,126,1.0,False,"{""alcatraz contra los bibliotecarios malvados"": 126}"
es,Spanish,entity_or_value,alcatraz versus the scrivener's bones,Alcatraz_Versus_the_Scrivener's_Bones,2,6,1,alcatraz contra los huesos de scrivener,6,1.0,False,"{""alcatraz contra los huesos de scrivener"": 6}"
es,Spanish,entity_or_value,alco rs-3,ALCO_RS-3,2,272,1,alco rs-3,272,1.0,False,"{""alco rs-3"": 272}"
es,Spanish,entity_or_value,alcobendas,Alcobendas,2,64,1,alcobendas,64,1.0,False,"{""alcobendas"": 64}"
es,Spanish,entity_or_value,alderney,Alderney,2,26,1,alderney,26,1.0,False,"{""alderney"": 26}"
es,Spanish,entity_or_value,alderney airport,Alderney_Airport,2,93,1,aeropuerto de alderney,93,1.0,False,"{""aeropuerto de alderney"": 93}"
es,Spanish,entity_or_value,aldershot town f.c.,Aldershot_Town_F.C.,2,5,1,aldershot town football club,5,1.0,False,"{""aldershot town football club"": 5}"
es,Spanish,entity_or_value,"aleksander barkov, jr.","Aleksander_Barkov,_Jr.",2,52,1,"aleksander barkov, jr.",52,1.0,False,"{""aleksander barkov, jr."": 52}"
es,Spanish,entity_or_value,aleksandr chumakov,Aleksandr_Chumakov,2,75,1,aleksandr chumakov,75,1.0,False,"{""aleksandr chumakov"": 75}"
es,Spanish,entity_or_value,aleksandr prudnikov,Aleksandr_Prudnikov,2,216,1,aleksandr prudnikov,216,1.0,False,"{""aleksandr prudnikov"": 216}"
es,Spanish,entity_or_value,aleksandr tukmanov,Aleksandr_Tukmanov,2,7,1,aleksandr tukmanov,7,1.0,False,"{""aleksandr tukmanov"": 7}"
es,Spanish,entity_or_value,aleksandra kovač,Aleksandra_Kovač,2,155,1,aleksandra kovač,155,1.0,False,"{""aleksandra kovač"": 155}"
es,Spanish,entity_or_value,aleksandre guruli,Aleksandre_Guruli,2,91,1,alexander guruli,91,1.0,False,"{""alexander guruli"": 91}"
es,Spanish,entity_or_value,aleksey chirikov (icebreaker),Aleksey_Chirikov_(icebreaker),2,117,1,aleksey chirikov (rompehielos),117,1.0,False,"{""aleksey chirikov (rompehielos)"": 117}"
es,Spanish,entity_or_value,alessandro dal canto,Alessandro_Dal_Canto,2,7,1,alessandro dal canto,7,1.0,False,"{""alessandro dal canto"": 7}"
es,Spanish,entity_or_value,alessio romagnoli,Alessio_Romagnoli,2,136,1,alessio romagnoli,136,1.0,False,"{""alessio romagnoli"": 136}"
es,Spanish,entity_or_value,alex day,Alex_Day,2,111,1,alex day,111,1.0,False,"{""alex day"": 111}"
es,Spanish,entity_or_value,alex plante,Alex_Plante,2,54,1,alex plante,54,1.0,False,"{""alex plante"": 54}"
es,Spanish,entity_or_value,alex tyus,Alex_Tyus,2,56,1,alex tyus,56,1.0,False,"{""alex tyus"": 56}"
es,Spanish,entity_or_value,alexander l. wolf,Alexander_L._Wolf,2,2,1,alexander l. wolf,2,1.0,False,"{""alexander l. wolf"": 2}"
es,Spanish,entity_or_value,alexander nouri,Alexander_Nouri,2,7,1,alexander nouri,7,1.0,False,"{""alexander nouri"": 7}"
es,Spanish,entity_or_value,"alexandria, indiana","Alexandria,_Indiana",2,59,1,"alexandria, indiana",59,1.0,False,"{""alexandria, indiana"": 59}"
es,Spanish,entity_or_value,"alexandria, virginia","Alexandria,_Virginia",2,5,1,"alexandria, virginia",5,1.0,False,"{""alexandria, virginia"": 5}"
es,Spanish,entity_or_value,alexis tsipras,Alexis_Tsipras,2,22,1,alexis tsipras,22,1.0,False,"{""alexis tsipras"": 22}"
es,Spanish,entity_or_value,alfa romeo 164,Alfa_Romeo_164,2,169,1,alfa romeo 164,169,1.0,False,"{""alfa romeo 164"": 169}"
es,Spanish,entity_or_value,alfa romeo 168,"""Alfa Romeo 168""",2,15,1,alfa romeo 168,15,1.0,False,"{""alfa romeo 168"": 15}"
es,Spanish,entity_or_value,alfons gorbach,Alfons_Gorbach,2,170,1,alfons gorbach,170,1.0,False,"{""alfons gorbach"": 170}"
es,Spanish,entity_or_value,alfonso xiii of spain,Alfonso_XIII_of_Spain,2,11,1,alfonso xiii de españa,11,1.0,False,"{""alfonso xiii de españa"": 11}"
es,Spanish,entity_or_value,alfred garth jones,Alfred_Garth_Jones,2,152,1,alfred garth jones,152,1.0,False,"{""alfred garth jones"": 152}"
es,Spanish,entity_or_value,alfred giles (architect),Alfred_Giles_(architect),2,10,1,alfred giles (arquitecto),10,1.0,False,"{""alfred giles (arquitecto)"": 10}"
es,Spanish,entity_or_value,alfred moore scales,Alfred_Moore_Scales,2,99,1,alfred moore scales,99,1.0,False,"{""alfred moore scales"": 99}"
es,Spanish,entity_or_value,alfred n. phillips,Alfred_N._Phillips,2,80,1,alfred n. phillips,80,1.0,False,"{""alfred n. phillips"": 80}"
es,Spanish,entity_or_value,alfred worden,Alfred_Worden,2,18,1,alfred worden,18,1.0,False,"{""alfred worden"": 18}"
es,Spanish,entity_or_value,alfredo zitarrosa,Alfredo_Zitarrosa,2,142,1,alfredo zitarrosa,142,1.0,False,"{""alfredo zitarrosa"": 142}"
es,Spanish,entity_or_value,alhambra,Alhambra,2,112,1,alhambra,112,1.0,False,"{""alhambra"": 112}"
es,Spanish,entity_or_value,alianza f.c.,Alianza_F.C.,2,4,1,alianza fútbol club,4,1.0,False,"{""alianza fútbol club"": 4}"
es,Spanish,entity_or_value,alison o'donnell,Alison_O'Donnell,2,244,1,alison o'donnell,244,1.0,False,"{""alison o'donnell"": 244}"
es,Spanish,entity_or_value,alkmaar zaanstreek,"""Alkmaar Zaanstreek""",2,4,1,alkmaar zaanstreek,4,1.0,False,"{""alkmaar zaanstreek"": 4}"
es,Spanish,entity_or_value,all india council for technical education,All_India_Council_for_Technical_Education,2,86,1,consejo de enseñanza técnica de la india,86,1.0,False,"{""consejo de enseñanza técnica de la india"": 86}"
es,Spanish,entity_or_value,allama iqbal international airport,Allama_Iqbal_International_Airport,2,153,1,aeropuerto internacional allama iqbal,153,1.0,False,"{""aeropuerto internacional allama iqbal"": 153}"
es,Spanish,entity_or_value,allan sandage,Allan_Sandage,2,14,1,allan rex sandage,14,1.0,False,"{""allan rex sandage"": 14}"
es,Spanish,entity_or_value,allan shivers,Allan_Shivers,2,72,1,allan shivers,72,1.0,False,"{""allan shivers"": 72}"
es,Spanish,entity_or_value,allen forrest,Allen_Forrest,2,133,1,allen forrest,133,1.0,False,"{""allen forrest"": 133}"
es,Spanish,entity_or_value,alley award,Alley_Award,2,2,1,premio alley,2,1.0,False,"{""premio alley"": 2}"
es,Spanish,entity_or_value,alliance films corporation,Alliance_Films_Corporation,2,7,1,alliance films corporation,7,1.0,False,"{""alliance films corporation"": 7}"
es,Spanish,entity_or_value,alliant techsystems,Alliant_Techsystems,2,7,1,alliant techsystems,7,1.0,False,"{""alliant techsystems"": 7}"
es,Spanish,entity_or_value,alligator records,Alligator_Records,2,49,1,alligator records,49,1.0,False,"{""alligator records"": 49}"
es,Spanish,entity_or_value,almond,Almond,2,52,2,almendra,51,0.9807692307692307,True,"{""almendra"": 51, ""prunus amygdalus"": 1}"
es,Spanish,entity_or_value,alpena county regional airport,Alpena_County_Regional_Airport,2,96,1,aeropuerto regional del condado de alpena,96,1.0,False,"{""aeropuerto regional del condado de alpena"": 96}"
es,Spanish,entity_or_value,"alpena county, michigan","Alpena_County,_Michigan",2,2,1,"condado de alpena, michigan",2,1.0,False,"{""condado de alpena, michigan"": 2}"
es,Spanish,entity_or_value,"alpena, michigan","Alpena,_Michigan",2,15,1,"alpena, michigan",15,1.0,False,"{""alpena, michigan"": 15}"
es,Spanish,entity_or_value,"alpharetta, georgia","Alpharetta,_Georgia",2,84,1,"alpharetta, georgia",84,1.0,False,"{""alpharetta, georgia"": 84}"
es,Spanish,entity_or_value,alphonse borrelly,Alphonse_Borrelly,2,2,1,alphonse borrelly,2,1.0,False,"{""alphonse borrelly"": 2}"
es,Spanish,entity_or_value,altar of plagues,Altar_of_Plagues,2,2,1,altar of plagues,2,1.0,False,"{""altar of plagues"": 2}"
es,Spanish,entity_or_value,alternative rock,Alternative_rock,2,84,1,rock alternativo,84,1.0,False,"{""rock alternativo"": 84}"
es,Spanish,entity_or_value,alv x-1,ALV_X-1,2,84,1,alv x-1,84,1.0,False,"{""alv x-1"": 84}"
es,Spanish,entity_or_value,alvah sabin,Alvah_Sabin,2,163,1,alvah sabin,163,1.0,False,"{""alvah sabin"": 163}"
es,Spanish,entity_or_value,alvinegro,"""''Alvinegro""",2,13,1,alvinegro,13,1.0,False,"{""alvinegro"": 13}"
es,Spanish,entity_or_value,alvis car and engineering company,Alvis_Car_and_Engineering_Company,2,24,1,alvis,24,1.0,False,"{""alvis"": 24}"
es,Spanish,entity_or_value,alvis speed 25,Alvis_Speed_25,2,70,1,alvis speed 25,70,1.0,False,"{""alvis speed 25"": 70}"
es,Spanish,entity_or_value,am. j. math.,"""Am. J. Math.""",2,18,1,am. j. math.,18,1.0,False,"{""am. j. math."": 18}"
es,Spanish,entity_or_value,amahe9,"""AMAHE9""",2,5,1,amahe9,5,1.0,False,"{""amahe9"": 5}"
es,Spanish,entity_or_value,amar osim,Amar_Osim,2,21,1,amar osim,21,1.0,False,"{""amar osim"": 21}"
es,Spanish,entity_or_value,"amarillo, texas","Amarillo,_Texas",2,113,1,"amarillo, texas",113,1.0,False,"{""amarillo, texas"": 113}"
es,Spanish,entity_or_value,amatriciana sauce,Amatriciana_sauce,2,115,1,amatriciana,115,1.0,False,"{""amatriciana"": 115}"
es,Spanish,entity_or_value,amazing-man (comicscharacter),Amazing-Man_(comicsCharacter),2,4,1,amazing-man (personaje de cómic),4,1.0,False,"{""amazing-man (personaje de cómic)"": 4}"
es,Spanish,entity_or_value,ambient music,Ambient_music,2,5,1,ambient,5,1.0,False,"{""ambient"": 5}"
es,Spanish,entity_or_value,ambrose,Ambrose,2,4,1,ambrosio,4,1.0,False,"{""ambrosio"": 4}"
es,Spanish,entity_or_value,amc ambassador,AMC_Ambassador,2,11,1,amc ambassador,11,1.0,False,"{""amc ambassador"": 11}"
es,Spanish,entity_or_value,amc matador,AMC_Matador,2,147,1,amc matador,147,1.0,False,"{""amc matador"": 147}"
es,Spanish,entity_or_value,amc straight-6 engine,AMC_straight-6_engine,2,8,1,motor amc xj 4.0,8,1.0,False,"{""motor amc xj 4.0"": 8}"
es,Spanish,entity_or_value,amc v8 engine,AMC_V8_engine,2,12,1,motor amc v8,12,1.0,False,"{""motor amc v8"": 12}"
es,Spanish,entity_or_value,amdavad ni gufa,Amdavad_ni_Gufa,2,112,1,amdavad ni gufa,112,1.0,False,"{""amdavad ni gufa"": 112}"
es,Spanish,entity_or_value,american,American,2,37,1,american,37,1.0,False,"{""american"": 37}"
es,Spanish,entity_or_value,american civil war,American_Civil_War,2,147,1,guerra de secesión,147,1.0,False,"{""guerra de secesión"": 147}"
es,Spanish,entity_or_value,american craftsman,American_Craftsman,2,4,1,american craftsman,4,1.0,False,"{""american craftsman"": 4}"
es,Spanish,entity_or_value,american defense service ribbon.svg,"""American Defense Service ribbon.svg""",2,3,1,cinta del servicio de defensa americano.svg,3,1.0,False,"{""cinta del servicio de defensa americano.svg"": 3}"
es,Spanish,entity_or_value,american institute of physics,American_Institute_of_Physics,2,10,1,american institute of physics,10,1.0,False,"{""american institute of physics"": 10}"
es,Spanish,entity_or_value,american journal of mathematics,American_Journal_of_Mathematics,2,75,1,american journal of mathematics,75,1.0,False,"{""american journal of mathematics"": 75}"
es,Spanish,entity_or_value,american locomotive company,American_Locomotive_Company,2,48,1,alco,48,1.0,False,"{""alco"": 48}"
es,Spanish,entity_or_value,american motors,American_Motors,2,39,1,american motors,39,1.0,False,"{""american motors"": 39}"
es,Spanish,entity_or_value,american motors matador,"""American Motors Matador""",2,7,1,american motors matador,7,1.0,False,"{""american motors matador"": 7}"
es,Spanish,entity_or_value,american revolutionary war,American_Revolutionary_War,2,4,1,guerra de independencia de los estados unidos,4,1.0,False,"{""guerra de independencia de los estados unidos"": 4}"
es,Spanish,entity_or_value,american submarine nr-1,American_submarine_NR-1,2,43,1,submarino nr-1,43,1.0,False,"{""submarino nr-1"": 43}"
es,Spanish,entity_or_value,americans,Americans,2,143,1,estadounidense,143,1.0,False,"{""estadounidense"": 143}"
es,Spanish,entity_or_value,amerigas,AmeriGas,2,169,1,amerigas,169,1.0,False,"{""amerigas"": 169}"
es,Spanish,entity_or_value,amhaaj,"""AMHAAJ""",2,5,1,amhaaj,5,1.0,False,"{""amhaaj"": 5}"
es,Spanish,entity_or_value,amharic,Amharic,2,12,1,amhárico,12,1.0,False,"{""amhárico"": 12}"
es,Spanish,entity_or_value,ampara,Ampara,2,5,1,ampara,5,1.0,False,"{""ampara"": 5}"
es,Spanish,entity_or_value,ampara district,Ampara_District,2,13,1,distrito de ampara,13,1.0,False,"{""distrito de ampara"": 13}"
es,Spanish,entity_or_value,ampara hospital,Ampara_Hospital,2,92,1,hospital de ampara,92,1.0,False,"{""hospital de ampara"": 92}"
es,Spanish,entity_or_value,amsterdam,Amsterdam,2,32,1,ámsterdam,32,1.0,False,"{""ámsterdam"": 32}"
es,Spanish,entity_or_value,amsterdam airport schiphol,Amsterdam_Airport_Schiphol,2,78,1,aeropuerto de ámsterdam-schiphol,78,1.0,False,"{""aeropuerto de ámsterdam-schiphol"": 78}"
es,Spanish,entity_or_value,amsterdam-centrum,Amsterdam-Centrum,2,3,1,amsterdam-centrum,3,1.0,False,"{""amsterdam-centrum"": 3}"
es,Spanish,entity_or_value,amsterdam-noord,Amsterdam-Noord,2,3,1,amsterdam-noord,3,1.0,False,"{""amsterdam-noord"": 3}"
es,Spanish,entity_or_value,amsterdamsche football club ajax,"""Amsterdamsche Football Club Ajax""",2,4,1,amsterdamsche football club ajax,4,1.0,False,"{""amsterdamsche football club ajax"": 4}"
es,Spanish,entity_or_value,amsterdamsche football club ajax amateurs,"""Amsterdamsche Football Club Ajax Amateurs""",2,6,1,club de fútbol amsterdamsche ajax amateurs,6,1.0,False,"{""club de fútbol amsterdamsche ajax amateurs"": 6}"
es,Spanish,entity_or_value,amund bjørklund,Amund_Bjørklund,2,9,1,amund bjørklund,9,1.0,False,"{""amund bjørklund"": 9}"
es,Spanish,entity_or_value,anadolu efes s.k.,Anadolu_Efes_S.K.,2,8,1,anadolu efes s.k.,8,1.0,False,"{""anadolu efes s.k."": 8}"
es,Spanish,entity_or_value,"anaheim, california","Anaheim,_California",2,196,1,anaheim,196,1.0,False,"{""anaheim"": 196}"
es,Spanish,entity_or_value,anandiben patel,Anandiben_Patel,2,8,1,anandiben patel,8,1.0,False,"{""anandiben patel"": 8}"
es,Spanish,entity_or_value,anatole de grunwald,Anatole_de_Grunwald,2,45,1,anatole de grunwald,45,1.0,False,"{""anatole de grunwald"": 45}"
es,Spanish,entity_or_value,andalusia,Andalusia,2,57,1,andalucía,57,1.0,False,"{""andalucía"": 57}"
es,Spanish,entity_or_value,anders osborne,Anders_Osborne,2,202,1,anders osborne,202,1.0,False,"{""anders osborne"": 202}"
es,Spanish,entity_or_value,"anderson township, madison county, indiana","Anderson_Township,_Madison_County,_Indiana",2,23,1,"municipio de anderson (condado de madison, indiana)",23,1.0,False,"{""municipio de anderson (condado de madison, indiana)"": 23}"
es,Spanish,entity_or_value,"anderson, indiana","Anderson,_Indiana",2,148,1,anderson,148,1.0,False,"{""anderson"": 148}"
es,Spanish,entity_or_value,andra (singer),Andra_(singer),2,134,1,andra (cantante),134,1.0,False,"{""andra (cantante)"": 134}"
es,Spanish,entity_or_value,andreas vosskuhle,Andreas_Voßkuhle,2,3,1,andreas vosskuhle,3,1.0,False,"{""andreas vosskuhle"": 3}"
es,Spanish,entity_or_value,andreea bălan,Andreea_Bălan,2,3,1,andreea bălan,3,1.0,False,"{""andreea bălan"": 3}"
es,Spanish,entity_or_value,andrew mitchell,Andrew_Mitchell,2,5,1,andrew mitchell,5,1.0,False,"{""andrew mitchell"": 5}"
es,Spanish,entity_or_value,andrew rayel,Andrew_Rayel,2,262,1,andrew rayel,262,1.0,False,"{""andrew rayel"": 262}"
es,Spanish,entity_or_value,andrew the apostle,Andrew_the_Apostle,2,6,1,andrés el apóstol,6,1.0,False,"{""andrés el apóstol"": 6}"
es,Spanish,entity_or_value,andrew white (musician),Andrew_White_(musician),2,100,1,andrew 'whitey' white (músico),100,1.0,False,"{""andrew 'whitey' white (músico)"": 100}"
es,Spanish,entity_or_value,andrews county airport,Andrews_County_Airport,2,113,1,aeropuerto del condado de andrews,113,1.0,False,"{""aeropuerto del condado de andrews"": 113}"
es,Spanish,entity_or_value,"andrews county, texas","Andrews_County,_Texas",2,6,1,"condado de andrews, texas",6,1.0,False,"{""condado de andrews, texas"": 6}"
es,Spanish,entity_or_value,"andrews, texas","Andrews,_Texas",2,14,1,"andrews, texas",14,1.0,False,"{""andrews, texas"": 14}"
es,Spanish,entity_or_value,andrzej piotr ruszczyński,Andrzej_Piotr_Ruszczyński,2,19,1,andrzej piotr ruszczyński,19,1.0,False,"{""andrzej piotr ruszczyński"": 19}"
es,Spanish,entity_or_value,andy warhol's velvet underground featuring nico,Andy_Warhol's_Velvet_Underground_Featuring_Nico,2,3,1,andy warhol's velvet underground featuring nico,3,1.0,False,"{""andy warhol's velvet underground featuring nico"": 3}"
es,Spanish,entity_or_value,angela merkel,Angela_Merkel,2,4,1,angela merkel,4,1.0,False,"{""angela merkel"": 4}"
es,Spanish,entity_or_value,angola,Angola,2,19,1,angola,19,1.0,False,"{""angola"": 19}"
es,Spanish,entity_or_value,angola international airport,Angola_International_Airport,2,98,1,aeropuerto internacional de angola,98,1.0,False,"{""aeropuerto internacional de angola"": 98}"
es,Spanish,entity_or_value,"angola, indiana","Angola,_Indiana",2,121,1,angola,121,1.0,False,"{""angola"": 121}"
es,Spanish,entity_or_value,ankara,Ankara,2,30,1,ankara,30,1.0,False,"{""ankara"": 30}"
es,Spanish,entity_or_value,"ann arbor, michigan","Ann_Arbor,_Michigan",2,74,1,"ann arbor, michigan",74,1.0,False,"{""ann arbor, michigan"": 74}"
es,Spanish,entity_or_value,annibale de gasparis,Annibale_de_Gasparis,2,5,1,annibale de gasparis,5,1.0,False,"{""annibale de gasparis"": 5}"
es,Spanish,entity_or_value,annie dunne,Annie_Dunne,2,8,1,annie dunne,8,1.0,False,"{""annie dunne"": 8}"
es,Spanish,entity_or_value,antares (rocket),Antares_(rocket),2,203,1,antares (cohete),203,1.0,False,"{""antares (cohete)"": 203}"
es,Spanish,entity_or_value,anthony j. celebrezze,Anthony_J._Celebrezze,2,10,1,anthony j. celebrezze,10,1.0,False,"{""anthony j. celebrezze"": 10}"
es,Spanish,entity_or_value,anthropic principle,Anthropic_principle,2,3,1,principio antrópico,3,1.0,False,"{""principio antrópico"": 3}"
es,Spanish,entity_or_value,antigua gfc,Antigua_GFC,2,4,1,antigua gfc,4,1.0,False,"{""antigua gfc"": 4}"
es,Spanish,entity_or_value,"antioch, california","Antioch,_California",2,104,1,"antioch, california",104,1.0,False,"{""antioch, california"": 104}"
es,Spanish,entity_or_value,antioquia department,Antioquia_Department,2,48,1,antioquia,48,1.0,False,"{""antioquia"": 48}"
es,Spanish,entity_or_value,antonis samaras,Antonis_Samaras,2,72,1,antonis samarás,72,1.0,False,"{""antonis samarás"": 72}"
es,Spanish,entity_or_value,antwerp,Antwerp,2,55,1,amberes,55,1.0,False,"{""amberes"": 55}"
es,Spanish,entity_or_value,antwerp international airport,Antwerp_International_Airport,2,85,1,aeropuerto de amberes-deurne,85,1.0,False,"{""aeropuerto de amberes-deurne"": 85}"
es,Spanish,entity_or_value,anwar zaheer jamali,Anwar_Zaheer_Jamali,2,5,1,anwar zaheer jamali,5,1.0,False,"{""anwar zaheer jamali"": 5}"
es,Spanish,entity_or_value,anyang halla,Anyang_Halla,2,12,1,anyang halla,12,1.0,False,"{""anyang halla"": 12}"
es,Spanish,entity_or_value,anzio,Anzio,2,3,1,anzio,3,1.0,False,"{""anzio"": 3}"
es,Spanish,entity_or_value,apgpac,"""APGPAC""",2,9,1,apgpac,9,1.0,False,"{""apgpac"": 9}"
es,Spanish,entity_or_value,apiaceae,Apiaceae,2,2,1,apiaceae,2,1.0,False,"{""apiaceae"": 2}"
es,Spanish,entity_or_value,apium,Apium,2,3,1,apium,3,1.0,False,"{""apium"": 3}"
es,Spanish,entity_or_value,apn,"""APN""",2,2,1,apn,2,1.0,False,"{""apn"": 2}"
es,Spanish,entity_or_value,apollo 11,Apollo_11,2,140,1,apolo 11,140,1.0,False,"{""apolo 11"": 140}"
es,Spanish,entity_or_value,apollo 12,Apollo_12,2,156,1,apolo 12,156,1.0,False,"{""apolo 12"": 156}"
es,Spanish,entity_or_value,apollo 14,Apollo_14,2,57,1,apolo 14,57,1.0,False,"{""apolo 14"": 57}"
es,Spanish,entity_or_value,apollo 8,Apollo_8,2,143,1,apolo 8,143,1.0,False,"{""apolo 8"": 143}"
es,Spanish,entity_or_value,apple,Apple,2,3,1,manzana,3,1.0,False,"{""manzana"": 3}"
es,Spanish,entity_or_value,appleton international airport,Appleton_International_Airport,2,123,1,aeropuerto internacional de appleton,123,1.0,False,"{""aeropuerto internacional de appleton"": 123}"
es,Spanish,entity_or_value,"appleton, wisconsin","Appleton,_Wisconsin",2,61,1,appleton,61,1.0,False,"{""appleton"": 61}"
es,Spanish,entity_or_value,april 2014,"""April 2014""",2,5,1,abril de 2014,5,1.0,False,"{""abril de 2014"": 5}"
es,Spanish,entity_or_value,april o'neil,April_O'Neil,2,3,1,april o'neil,3,1.0,False,"{""april o'neil"": 3}"
es,Spanish,entity_or_value,aquilino pimentel iii,Aquilino_Pimentel_III,2,3,1,aquilino pimentel iii,3,1.0,False,"{""aquilino pimentel iii"": 3}"
es,Spanish,entity_or_value,ara veinticinco de mayo (v-2),ARA_Veinticinco_de_Mayo_(V-2),2,42,1,ara veinticinco de mayo (v-2),42,1.0,False,"{""ara veinticinco de mayo (v-2)"": 42}"
es,Spanish,entity_or_value,arab citizens of israel,Arab_citizens_of_Israel,2,3,1,árabe israelí,3,1.0,False,"{""árabe israelí"": 3}"
es,Spanish,entity_or_value,arabian sea,Arabian_Sea,2,18,1,mar arábigo,18,1.0,False,"{""mar arábigo"": 18}"
es,Spanish,entity_or_value,arabic,Arabic,2,37,1,árabe,37,1.0,False,"{""árabe"": 37}"
es,Spanish,entity_or_value,arapiraca,Arapiraca,2,27,1,arapiraca,27,1.0,False,"{""arapiraca"": 27}"
es,Spanish,entity_or_value,arctech helsinki shipyard,Arctech_Helsinki_Shipyard,2,22,1,astillero arctech helsinki,22,1.0,False,"{""astillero arctech helsinki"": 22}"
es,Spanish,entity_or_value,ardmore airport (new zealand),Ardmore_Airport_(New_Zealand),2,118,1,aeropuerto de ardmore (nueva zelanda),118,1.0,False,"{""aeropuerto de ardmore (nueva zelanda)"": 118}"
es,Spanish,entity_or_value,arem-arem,Arem-arem,2,117,1,arem-arem,117,1.0,False,"{""arem-arem"": 117}"
es,Spanish,entity_or_value,arepa,Arepa,2,2,1,arepa,2,1.0,False,"{""arepa"": 2}"
es,Spanish,entity_or_value,arese,Arese,2,6,1,arese,6,1.0,False,"{""arese"": 6}"
es,Spanish,entity_or_value,argentina,Argentina,2,63,1,argentina,63,1.0,False,"{""argentina"": 63}"
es,Spanish,entity_or_value,argentines,Argentines,2,4,1,argentinos,4,1.0,False,"{""argentinos"": 4}"
es,Spanish,entity_or_value,ariane 5,Ariane_5,2,171,1,ariane 5,171,1.0,False,"{""ariane 5"": 171}"
es,Spanish,entity_or_value,arianespace,Arianespace,2,38,1,arianespace,38,1.0,False,"{""arianespace"": 38}"
es,Spanish,entity_or_value,arifin zakaria,Arifin_Zakaria,2,5,1,arifin zakaria,5,1.0,False,"{""arifin zakaria"": 5}"
es,Spanish,entity_or_value,arion (comicscharacter),Arion_(comicsCharacter),2,18,1,arion (personaje de cómic),18,1.0,False,"{""arion (personaje de cómic)"": 18}"
es,Spanish,entity_or_value,"arlington, texas","Arlington,_Texas",2,74,1,"arlington, texas",74,1.0,False,"{""arlington, texas"": 74}"
es,Spanish,entity_or_value,armin van buuren,Armin_van_Buuren,2,26,1,armin van buuren,26,1.0,False,"{""armin van buuren"": 26}"
es,Spanish,entity_or_value,"armin van buuren, bobina, mark sixma, jonathan mendelsohn, christian burns, jwaydan, alexander popov, jano, alexandre bergheau, jonny rose, sylvia tosun, lira yin, alexandra badoi","""Armin Van Buuren, Bobina, Mark Sixma, Jonathan Mendelsohn, Christian Burns, Jwaydan, Alexander Popov, Jano, Alexandre Bergheau, Jonny Rose, Sylvia Tosun, Lira Yin, Alexandra Badoi""",2,23,1,"armin van buuren, bobina, mark sixma, jonathan mendelsohn, christian burns, jwaydan, alexander popov, jano, alexandre bergheau, jonny rose, sylvia tosun, lira yin, alexandra badoi",23,1.0,False,"{""armin van buuren, bobina, mark sixma, jonathan mendelsohn, christian burns, jwaydan, alexander popov, jano, alexandre bergheau, jonny rose, sylvia tosun, lira yin, alexandra badoi"": 23}"
es,Spanish,entity_or_value,arrabbiata sauce,Arrabbiata_sauce,2,79,1,salsa arrabbiata,79,1.0,False,"{""salsa arrabbiata"": 79}"
es,Spanish,entity_or_value,arrondissement of antwerp,Arrondissement_of_Antwerp,2,2,1,distrito de amberes,2,1.0,False,"{""distrito de amberes"": 2}"
es,Spanish,entity_or_value,arròs negre,Arròs_negre,2,151,1,arroz negro,151,1.0,False,"{""arroz negro"": 151}"
es,Spanish,entity_or_value,arthur blank,Arthur_Blank,2,8,1,arthur blank,8,1.0,False,"{""arthur blank"": 8}"
es,Spanish,entity_or_value,arts and crafts movement,Arts_and_Crafts_movement,2,4,1,arts and crafts,4,1.0,False,"{""arts and crafts"": 4}"
es,Spanish,entity_or_value,arts and crafts movement and american craftsman bungalows,"""Arts and Crafts Movement and American craftsman Bungalows""",2,6,1,movimiento arts and crafts y bungalows artesanos estadounidenses,6,1.0,False,"{""movimiento arts and crafts y bungalows artesanos estadounidenses"": 6}"
es,Spanish,entity_or_value,artur rasizade,Artur_Rasizade,2,28,1,artur rasizade,28,1.0,False,"{""artur rasizade"": 28}"
es,Spanish,entity_or_value,as lyon-duchère,AS_Lyon-Duchère,2,5,1,as lyon-duchère,5,1.0,False,"{""as lyon-duchère"": 5}"
es,Spanish,entity_or_value,asa gigante,"""Asa Gigante ''""",2,6,1,asa gigante,6,1.0,False,"{""asa gigante"": 6}"
es,Spanish,entity_or_value,asajaya,Asajaya,2,12,1,asajaya,12,1.0,False,"{""asajaya"": 12}"
es,Spanish,entity_or_value,asam padeh,"""Asam padeh""",2,3,1,asam padeh,3,1.0,False,"{""asam padeh"": 3}"
es,Spanish,entity_or_value,asam pedas,Asam_pedas,2,133,1,asam pedas,133,1.0,False,"{""asam pedas"": 133}"
es,Spanish,entity_or_value,asb,"""ASB""",2,2,1,asb,2,1.0,False,"{""asb"": 2}"
es,Spanish,entity_or_value,ascqag,"""ASCQAG""",2,2,1,ascqag,2,1.0,False,"{""ascqag"": 2}"
es,Spanish,entity_or_value,asher and mary isabelle richardson house,Asher_and_Mary_Isabelle_Richardson_House,2,42,1,casa de asher y mary isabelle richardson,42,1.0,False,"{""casa de asher y mary isabelle richardson"": 42}"
es,Spanish,entity_or_value,"asherton, texas","Asherton,_Texas",2,21,1,"asherton, texas",21,1.0,False,"{""asherton, texas"": 21}"
es,Spanish,entity_or_value,ashgabat,Ashgabat,2,27,1,asjabad,27,1.0,False,"{""asjabad"": 27}"
es,Spanish,entity_or_value,ashgabat international airport,Ashgabat_International_Airport,2,93,1,aeropuerto internacional de ashgabad,93,1.0,False,"{""aeropuerto internacional de ashgabad"": 93}"
es,Spanish,entity_or_value,asian americans,Asian_Americans,2,201,1,estadounidense asiático,201,1.0,False,"{""estadounidense asiático"": 201}"
es,Spanish,entity_or_value,asian canadians,Asian_Canadians,2,6,1,asiáticos canadienses,6,1.0,False,"{""asiáticos canadienses"": 6}"
es,Spanish,entity_or_value,asian south africans,Asian_South_Africans,2,11,1,sudafricanos asiáticos,11,1.0,False,"{""sudafricanos asiáticos"": 11}"
es,Spanish,entity_or_value,"asilomar blvd., pacific grove, california","""Asilomar Blvd., Pacific Grove, California""",2,14,1,"asilomar blvd., pacific grove, california",14,1.0,False,"{""asilomar blvd., pacific grove, california"": 14}"
es,Spanish,entity_or_value,asilomar conference grounds,Asilomar_Conference_Grounds,2,118,1,asilomar conference grounds,118,1.0,False,"{""asilomar conference grounds"": 118}"
es,Spanish,entity_or_value,asilomar state beach,Asilomar_State_Beach,2,15,1,asilomar state beach,15,1.0,False,"{""asilomar state beach"": 15}"
es,Spanish,entity_or_value,asociación deportiva,"""Asociación Deportiva""",2,7,1,asociación deportiva,7,1.0,False,"{""asociación deportiva"": 7}"
es,Spanish,entity_or_value,asphalt,Asphalt,2,19,1,asphalt,19,1.0,False,"{""asphalt"": 19}"
es,Spanish,entity_or_value,asphalt/concrete,"""Asphalt/Concrete""",2,2,1,asfalto/hormigón,2,1.0,False,"{""asfalto/hormigón"": 2}"
es,Spanish,entity_or_value,asser levy place and east 23rd street,"""Asser Levy Place and East 23rd Street""",2,5,1,asser levy place y east 23rd street,5,1.0,False,"{""asser levy place y east 23rd street"": 5}"
es,Spanish,entity_or_value,asser levy public baths,Asser_Levy_Public_Baths,2,111,1,baños públicos de asser levy,111,1.0,False,"{""baños públicos de asser levy"": 111}"
es,Spanish,entity_or_value,association football club blackpool,"""Association Football Club Blackpool""",2,7,1,asociación de clubes de fútbol blackpool,7,1.0,False,"{""asociación de clubes de fútbol blackpool"": 7}"
es,Spanish,entity_or_value,association football club fylde,"""Association Football Club Fylde""",2,11,1,asociación de fútbol club fylde,11,1.0,False,"{""asociación de fútbol club fylde"": 11}"
es,Spanish,entity_or_value,association for computing machinery,Association_for_Computing_Machinery,2,7,1,association for computing machinery,7,1.0,False,"{""association for computing machinery"": 7}"
es,Spanish,entity_or_value,association of american universities,Association_of_American_Universities,2,13,1,asociación de universidades americanas,13,1.0,False,"{""asociación de universidades americanas"": 13}"
es,Spanish,entity_or_value,association of mbas,Association_of_MBAs,2,25,1,asociación de mba,25,1.0,False,"{""asociación de mba"": 25}"
es,Spanish,entity_or_value,association of public and land-grant universities,Association_of_Public_and_Land-grant_Universities,2,13,1,association of public and land-grant universities,13,1.0,False,"{""association of public and land-grant universities"": 13}"
es,Spanish,entity_or_value,associazione calcio chievoverona s.r.l.,"""Associazione Calcio ChievoVerona S.r.l.""",2,10,1,associazione calcio chievoverona s.r.l.,10,1.0,False,"{""associazione calcio chievoverona s.r.l."": 10}"
es,Spanish,entity_or_value,associazione calcio lumezzane spa,"""Associazione Calcio Lumezzane SpA""",2,3,1,associazione calcio lumezzane spa,3,1.0,False,"{""associazione calcio lumezzane spa"": 3}"
es,Spanish,entity_or_value,associazione sportiva,"""Associazione Sportiva""",2,7,1,asociación deportiva,7,1.0,False,"{""asociación deportiva"": 7}"
es,Spanish,entity_or_value,associazione sportiva gubbio 1910 srl,"""Associazione Sportiva Gubbio 1910 Srl""",2,6,1,associazione sportiva gubbio 1910 srl,6,1.0,False,"{""associazione sportiva gubbio 1910 srl"": 6}"
es,Spanish,entity_or_value,associazione sportiva roma s.p.a.,"""Associazione Sportiva Roma S.p.A.""",2,11,1,associazione sportiva roma s.p.a.,11,1.0,False,"{""associazione sportiva roma s.p.a."": 11}"
es,Spanish,entity_or_value,asterix (comicscharacter),Asterix_(comicsCharacter),2,18,1,astérix (personaje de cómic),18,1.0,False,"{""astérix (personaje de cómic)"": 18}"
es,Spanish,entity_or_value,aston martin,Aston_Martin,2,37,1,aston martin,37,1.0,False,"{""aston martin"": 37}"
es,Spanish,entity_or_value,aston martin dbs,Aston_Martin_DBS,2,60,1,aston martin dbs,60,1.0,False,"{""aston martin dbs"": 60}"
es,Spanish,entity_or_value,aston martin rham/1,Aston_Martin_RHAM/1,2,24,1,aston martin rham/1,24,1.0,False,"{""aston martin rham/1"": 24}"
es,Spanish,entity_or_value,aston martin v8,Aston_Martin_V8,2,175,1,aston martin v8,175,1.0,False,"{""aston martin v8"": 175}"
es,Spanish,entity_or_value,aston martin vantage,Aston_Martin_Vantage,2,8,1,aston martin vantage,8,1.0,False,"{""aston martin vantage"": 8}"
es,Spanish,entity_or_value,aston martin virage,Aston_Martin_Virage,2,53,1,aston martin virage,53,1.0,False,"{""aston martin virage"": 53}"
es,Spanish,entity_or_value,astérix,"""Astérix""",2,6,1,astérix,6,1.0,False,"{""astérix"": 6}"
es,Spanish,entity_or_value,asunción,Asunción,2,49,1,asunción,49,1.0,False,"{""asunción"": 49}"
es,Spanish,entity_or_value,atalanta b.c.,Atalanta_B.C.,2,6,1,atalanta b.c.,6,1.0,False,"{""atalanta b.c."": 6}"
es,Spanish,entity_or_value,atatürk monument (i̇zmir),Atatürk_Monument_(İzmir),2,133,1,monumento a atatürk (esmirna),133,1.0,False,"{""monumento a atatürk (esmirna)"": 133}"
es,Spanish,entity_or_value,athens,Athens,2,93,1,atenas,93,1.0,False,"{""atenas"": 93}"
es,Spanish,entity_or_value,athens international airport,Athens_International_Airport,2,41,1,aeropuerto internacional eleftherios venizelos,41,1.0,False,"{""aeropuerto internacional eleftherios venizelos"": 41}"
es,Spanish,entity_or_value,atiku abubakar,Atiku_Abubakar,2,9,1,atiku abubakar,9,1.0,False,"{""atiku abubakar"": 9}"
es,Spanish,entity_or_value,atiset,"""ATISET""",2,5,1,atiset,5,1.0,False,"{""atiset"": 5}"
es,Spanish,entity_or_value,atlanta,Atlanta,2,152,1,atlanta,152,1.0,False,"{""atlanta"": 152}"
es,Spanish,entity_or_value,atlanta falcons,Atlanta_Falcons,2,48,1,atlanta falcons,48,1.0,False,"{""atlanta falcons"": 48}"
es,Spanish,entity_or_value,"atlanta, georgia","""Atlanta, Georgia""",2,14,1,"atlanta, georgia",14,1.0,False,"{""atlanta, georgia"": 14}"
es,Spanish,entity_or_value,atlantic city international airport,Atlantic_City_International_Airport,2,116,1,aeropuerto internacional de atlantic city,116,1.0,False,"{""aeropuerto internacional de atlantic city"": 116}"
es,Spanish,entity_or_value,"atlantic city, new jersey","Atlantic_City,_New_Jersey",2,94,1,"atlantic city, nueva jersey",94,1.0,False,"{""atlantic city, nueva jersey"": 94}"
es,Spanish,entity_or_value,"atlantic county, new jersey","Atlantic_County,_New_Jersey",2,31,1,condado de atlantic,31,1.0,False,"{""condado de atlantic"": 31}"
es,Spanish,entity_or_value,atlas ii,Atlas_II,2,144,1,atlas ii,144,1.0,False,"{""atlas ii"": 144}"
es,Spanish,entity_or_value,"attica, indiana","Attica,_Indiana",2,112,1,attica,112,1.0,False,"{""attica"": 112}"
es,Spanish,entity_or_value,"atty. felipe l. gozon, flg","""Atty. Felipe L. Gozon, FLG""",2,2,1,"abogado felipe l. gozon, flg",2,1.0,False,"{""abogado felipe l. gozon, flg"": 2}"
es,Spanish,entity_or_value,atw,"""ATW""",2,2,1,atw,2,1.0,False,"{""atw"": 2}"
es,Spanish,entity_or_value,"auburn, alabama","Auburn,_Alabama",2,93,1,"auburn, alabama",93,1.0,False,"{""auburn, alabama"": 93}"
es,Spanish,entity_or_value,"auburn, washington","Auburn,_Washington",2,114,1,"auburn, washington",114,1.0,False,"{""auburn, washington"": 114}"
es,Spanish,entity_or_value,auckland,Auckland,2,2,1,auckland,2,1.0,False,"{""auckland"": 2}"
es,Spanish,entity_or_value,audi,Audi,2,50,1,audi,50,1.0,False,"{""audi"": 50}"
es,Spanish,entity_or_value,audi a1,Audi_A1,2,77,1,audi a1,77,1.0,False,"{""audi a1"": 77}"
es,Spanish,entity_or_value,audi brussels,Audi_Brussels,2,6,1,audi bruselas,6,1.0,False,"{""audi bruselas"": 6}"
es,Spanish,entity_or_value,audi e-tron,Audi_e-tron,2,8,1,audi e-tron,8,1.0,False,"{""audi e-tron"": 8}"
es,Spanish,entity_or_value,august horch,August_Horch,2,10,1,august horch,10,1.0,False,"{""august horch"": 10}"
es,Spanish,entity_or_value,augustus pugin,Augustus_Pugin,2,16,1,augustus pugin,16,1.0,False,"{""augustus pugin"": 16}"
es,Spanish,entity_or_value,aurakles,Aurakles,2,26,1,aurakles,26,1.0,False,"{""aurakles"": 26}"
es,Spanish,entity_or_value,auron (comicscharacter),Auron_(comicsCharacter),2,34,1,auron (personaje de cómic),34,1.0,False,"{""auron (personaje de cómic)"": 34}"
es,Spanish,entity_or_value,austin fernando,Austin_Fernando,2,15,1,austin fernando,15,1.0,False,"{""austin fernando"": 15}"
es,Spanish,entity_or_value,"austin, texas","Austin,_Texas",2,144,1,"austin, texas",144,1.0,False,"{""austin, texas"": 144}"
es,Spanish,entity_or_value,australia,Australia,2,12,1,australia,12,1.0,False,"{""australia"": 12}"
es,Spanish,entity_or_value,australian motor industries,Australian_Motor_Industries,2,2,1,industrias australianas del motor,2,1.0,False,"{""industrias australianas del motor"": 2}"
es,Spanish,entity_or_value,australians,Australians,2,12,1,australianos,12,1.0,False,"{""australianos"": 12}"
es,Spanish,entity_or_value,austria,Austria,2,85,1,austria,85,1.0,False,"{""austria"": 85}"
es,Spanish,entity_or_value,austria national football team,Austria_national_football_team,2,4,1,selección de fútbol de austria,4,1.0,False,"{""selección de fútbol de austria"": 4}"
es,Spanish,entity_or_value,austria-hungary,Austria-Hungary,2,19,1,imperio austrohúngaro,19,1.0,False,"{""imperio austrohúngaro"": 19}"
es,Spanish,entity_or_value,austrian german,Austrian_German,2,16,1,alemán de austria,16,1.0,False,"{""alemán de austria"": 16}"
es,Spanish,entity_or_value,austrian people's party,Austrian_People's_Party,2,5,1,partido popular austríaco,5,1.0,False,"{""partido popular austríaco"": 5}"
es,Spanish,entity_or_value,autoharp,Autoharp,2,5,1,autoarpa,5,1.0,False,"{""autoarpa"": 5}"
es,Spanish,entity_or_value,avant-garde metal,Avant-garde_metal,2,5,1,avant-garde metal,5,1.0,False,"{""avant-garde metal"": 5}"
es,Spanish,entity_or_value,avenue a (manhattan),Avenue_A_(Manhattan),2,4,1,avenida a (manhattan),4,1.0,False,"{""avenida a (manhattan)"": 4}"
es,Spanish,entity_or_value,avocado,Avocado,2,39,1,aguacate,39,1.0,False,"{""aguacate"": 39}"
es,Spanish,entity_or_value,awadh,Awadh,2,22,1,oudh,22,1.0,False,"{""oudh"": 22}"
es,Spanish,entity_or_value,awd (vehicle),AWD_(vehicle),2,3,1,awd (vehículo),3,1.0,False,"{""awd (vehículo)"": 3}"
es,Spanish,entity_or_value,awh engineering college,AWH_Engineering_College,2,148,1,escuela superior de ingeniería awh,148,1.0,False,"{""escuela superior de ingeniería awh"": 148}"
es,Spanish,entity_or_value,ayam penyet,Ayam_penyet,2,234,1,ayam penyet,234,1.0,False,"{""ayam penyet"": 234}"
es,Spanish,entity_or_value,ayr united f.c.,Ayr_United_F.C.,2,3,1,ayr united football club,3,1.0,False,"{""ayr united football club"": 3}"
es,Spanish,entity_or_value,az alkmaar,AZ_Alkmaar,2,61,1,az alkmaar,61,1.0,False,"{""az alkmaar"": 61}"
es,Spanish,entity_or_value,azal arena,AZAL_Arena,2,21,1,estadio azal,21,1.0,False,"{""estadio azal"": 21}"
es,Spanish,entity_or_value,azal peşəkar futbol klubu,"""AZAL Peşəkar Futbol Klubu""",2,3,1,azal peşəkar futbol klubu,3,1.0,False,"{""azal peşəkar futbol klubu"": 3}"
es,Spanish,entity_or_value,azal pfk,AZAL_PFK,2,55,1,azal pfk,55,1.0,False,"{""azal pfk"": 55}"
es,Spanish,entity_or_value,azerbaijan,Azerbaijan,2,140,1,azerbaiyán,140,1.0,False,"{""azerbaiyán"": 140}"
es,Spanish,entity_or_value,azerbaijan premier league,Azerbaijan_Premier_League,2,26,1,liga premier de azerbaiyán,26,1.0,False,"{""liga premier de azerbaiyán"": 26}"
es,Spanish,entity_or_value,b postcode area,B_postcode_area,2,18,1,código postal de la zona b,18,1.0,False,"{""código postal de la zona b"": 18}"
es,Spanish,entity_or_value,b-unique records,B-Unique_Records,2,6,1,b-unique records,6,1.0,False,"{""b-unique records"": 6}"
es,Spanish,entity_or_value,b. v. doshi,B._V._Doshi,2,3,1,balkrishna doshi,3,1.0,False,"{""balkrishna doshi"": 3}"
es,Spanish,entity_or_value,b. zellner,B._Zellner,2,4,1,b. zellner,4,1.0,False,"{""b. zellner"": 4}"
es,Spanish,entity_or_value,b.m. reddy,"""B.M. Reddy""",2,29,1,b.m. reddy,29,1.0,False,"{""b.m. reddy"": 29}"
es,Spanish,entity_or_value,bacon,Bacon,2,41,1,panceta,41,1.0,False,"{""panceta"": 41}"
es,Spanish,entity_or_value,"bacon butty, bacon sarnie, rasher sandwich, bacon sanger, piece 'n bacon, bacon cob, bacon barm, bacon muffin","""Bacon butty, bacon sarnie, rasher sandwich, bacon sanger, piece 'n bacon, bacon cob, bacon barm, bacon muffin""",2,23,1,"bacon butty, sarnie de bacon, sándwich de panceta, sanger de bacon, piece 'n bacon, mazorca de bacon, bacon barm, muffin de bacon",23,1.0,False,"{""bacon butty, sarnie de bacon, sándwich de panceta, sanger de bacon, piece 'n bacon, mazorca de bacon, bacon barm, muffin de bacon"": 23}"
es,Spanish,entity_or_value,bacon explosion,Bacon_Explosion,2,193,1,bacon explosion,193,1.0,False,"{""bacon explosion"": 193}"
es,Spanish,entity_or_value,bacon sandwich,Bacon_sandwich,2,176,1,sándwich de tocino,176,1.0,False,"{""sándwich de tocino"": 176}"
es,Spanish,entity_or_value,"bacon,sausage","""Bacon,sausage""",2,18,1,"tocino, salchichas",18,1.0,False,"{""tocino, salchichas"": 18}"
es,Spanish,entity_or_value,baduy,Baduy,2,12,1,baduy,12,1.0,False,"{""baduy"": 12}"
es,Spanish,entity_or_value,bajik,Bajik,2,4,1,bajik,4,1.0,False,"{""bajik"": 4}"
es,Spanish,entity_or_value,baked alaska,Baked_Alaska,2,176,1,baked alaska,176,1.0,False,"{""baked alaska"": 176}"
es,Spanish,entity_or_value,bakewell pudding,Bakewell_pudding,2,120,1,budín bakewell,120,1.0,False,"{""budín bakewell"": 120}"
es,Spanish,entity_or_value,bakewell tart,Bakewell_tart,2,68,1,tarta bakewell,68,1.0,False,"{""tarta bakewell"": 68}"
es,Spanish,entity_or_value,bakso,Bakso,2,130,1,bakso,130,1.0,False,"{""bakso"": 130}"
es,Spanish,entity_or_value,baku,Baku,2,26,1,bakú,26,1.0,False,"{""bakú"": 26}"
es,Spanish,entity_or_value,baku turkish martyrs' memorial,Baku_Turkish_Martyrs'_Memorial,2,169,1,monumento a los mártires turcos de bakú,169,1.0,False,"{""monumento a los mártires turcos de bakú"": 169}"
es,Spanish,entity_or_value,balder (comicscharacter),Balder_(comicsCharacter),2,20,1,balder (personaje de cómic),20,1.0,False,"{""balder (personaje de cómic)"": 20}"
es,Spanish,entity_or_value,balder odinson,"""Balder Odinson""",2,6,1,balder odinson,6,1.0,False,"{""balder odinson"": 6}"
es,Spanish,entity_or_value,balingian,Balingian,2,2,1,balingian,2,1.0,False,"{""balingian"": 2}"
es,Spanish,entity_or_value,ballistic (comicscharacter),Ballistic_(comicsCharacter),2,12,1,balístico (personaje de cómic),12,1.0,False,"{""balístico (personaje de cómic)"": 12}"
es,Spanish,entity_or_value,banana,Banana,2,22,1,plátano,22,1.0,False,"{""plátano"": 22}"
es,Spanish,entity_or_value,banana leaf,Banana_leaf,2,19,1,hoja de banana,19,1.0,False,"{""hoja de banana"": 19}"
es,Spanish,entity_or_value,bananaman,Bananaman,2,228,1,bananaman,228,1.0,False,"{""bananaman"": 228}"
es,Spanish,entity_or_value,bandeja paisa,Bandeja_paisa,2,203,1,bandeja paisa,203,1.0,False,"{""bandeja paisa"": 203}"
es,Spanish,entity_or_value,bangalore,Bangalore,2,111,1,bengaluru,111,1.0,False,"{""bengaluru"": 111}"
es,Spanish,entity_or_value,banjo,Banjo,2,6,1,banyo,6,1.0,False,"{""banyo"": 6}"
es,Spanish,entity_or_value,banking,Banking,2,18,1,banca,18,1.0,False,"{""banca"": 18}"
es,Spanish,entity_or_value,banyumasan people,Banyumasan_people,2,15,1,pueblo banyumasan,15,1.0,False,"{""pueblo banyumasan"": 15}"
es,Spanish,entity_or_value,baptists,Baptists,2,2,1,iglesias bautistas,2,1.0,False,"{""iglesias bautistas"": 2}"
es,Spanish,entity_or_value,barack obama,Barack_Obama,2,123,1,barack obama,123,1.0,False,"{""barack obama"": 123}"
es,Spanish,entity_or_value,barisan ra'ayat jati sarawak,"""Barisan Ra'ayat Jati Sarawak""",2,10,1,barisan ra'ayat jati sarawak,10,1.0,False,"{""barisan ra'ayat jati sarawak"": 10}"
es,Spanish,entity_or_value,barny cakes,Barny_Cakes,2,93,1,pasteles barny,93,1.0,False,"{""pasteles barny"": 93}"
es,Spanish,entity_or_value,baroque pop,Baroque_pop,2,2,1,pop barroco,2,1.0,False,"{""pop barroco"": 2}"
es,Spanish,entity_or_value,barrow a.f.c.,Barrow_A.F.C.,2,5,1,barrow afc,5,1.0,False,"{""barrow afc"": 5}"
es,Spanish,entity_or_value,barry ferguson,Barry_Ferguson,2,9,1,barry ferguson,9,1.0,False,"{""barry ferguson"": 9}"
es,Spanish,entity_or_value,bart de wever,Bart_De_Wever,2,2,1,bart de wever,2,1.0,False,"{""bart de wever"": 2}"
es,Spanish,entity_or_value,basil,Basil,2,2,1,albahaca,2,1.0,False,"{""albahaca"": 2}"
es,Spanish,entity_or_value,basim qasim,Basim_Qasim,2,3,1,basim qasim,3,1.0,False,"{""basim qasim"": 3}"
es,Spanish,entity_or_value,bass guitar,Bass_guitar,2,8,1,guitarra bajo,8,1.0,False,"{""guitarra bajo"": 8}"
es,Spanish,entity_or_value,batagor,Batagor,2,89,1,batagor,89,1.0,False,"{""batagor"": 89}"
es,Spanish,entity_or_value,batak,Batak,2,4,1,batak,4,1.0,False,"{""batak"": 4}"
es,Spanish,entity_or_value,batchoy,Batchoy,2,127,1,batchoy,127,1.0,False,"{""batchoy"": 127}"
es,Spanish,entity_or_value,battle of antietam,Battle_of_Antietam,2,12,1,batalla de antietam,12,1.0,False,"{""batalla de antietam"": 12}"
es,Spanish,entity_or_value,battle of chancellorsville,Battle_of_Chancellorsville,2,20,1,batalla de chancellorsville,20,1.0,False,"{""batalla de chancellorsville"": 20}"
es,Spanish,entity_or_value,battle of cold harbor,Battle_of_Cold_Harbor,2,10,1,batalla de cold harbor,10,1.0,False,"{""batalla de cold harbor"": 10}"
es,Spanish,entity_or_value,battle of france,Battle_of_France,2,23,1,batalla de francia,23,1.0,False,"{""batalla de francia"": 23}"
es,Spanish,entity_or_value,battle of fredericksburg,Battle_of_Fredericksburg,2,24,1,batalla de fredericksburg,24,1.0,False,"{""batalla de fredericksburg"": 24}"
es,Spanish,entity_or_value,battle of gettysburg,Battle_of_Gettysburg,2,29,1,batalla de gettysburg,29,1.0,False,"{""batalla de gettysburg"": 29}"
es,Spanish,entity_or_value,battle of salem church,Battle_of_Salem_Church,2,15,1,batalla de salem church,15,1.0,False,"{""batalla de salem church"": 15}"
es,Spanish,entity_or_value,battle of the wilderness,Battle_of_the_Wilderness,2,8,1,batalla de la espesura,8,1.0,False,"{""batalla de la espesura"": 8}"
es,Spanish,entity_or_value,battle of waterloo,Battle_of_Waterloo,2,2,1,batalla de waterloo,2,1.0,False,"{""batalla de waterloo"": 2}"
es,Spanish,entity_or_value,batumi,Batumi,2,2,1,batumi,2,1.0,False,"{""batumi"": 2}"
es,Spanish,entity_or_value,baymax,Baymax,2,81,1,baymax,81,1.0,False,"{""baymax"": 81}"
es,Spanish,entity_or_value,bbc,BBC,2,118,1,bbc,118,1.0,False,"{""bbc"": 118}"
es,Spanish,entity_or_value,bbc radio,BBC_Radio,2,4,1,bbc radio,4,1.0,False,"{""bbc radio"": 4}"
es,Spanish,entity_or_value,bebi dol,Bebi_Dol,2,15,1,bebi dol,15,1.0,False,"{""bebi dol"": 15}"
es,Spanish,entity_or_value,bedford aerodrome,Bedford_Aerodrome,2,161,1,aeródromo de bedford,161,1.0,False,"{""aeródromo de bedford"": 161}"
es,Spanish,entity_or_value,bedford autodrome,Bedford_Autodrome,2,20,1,autódromo de bedford,20,1.0,False,"{""autódromo de bedford"": 20}"
es,Spanish,entity_or_value,beef,Beef,2,7,1,carne de res,7,1.0,False,"{""carne de res"": 7}"
es,Spanish,entity_or_value,beef kway teow,Beef_kway_teow,2,150,1,carne kway teow,150,1.0,False,"{""carne kway teow"": 150}"
es,Spanish,entity_or_value,belgaum,Belgaum,2,33,1,belgaum,33,1.0,False,"{""belgaum"": 33}"
es,Spanish,entity_or_value,belgium,Belgium,2,66,1,bélgica,66,1.0,False,"{""bélgica"": 66}"
es,Spanish,entity_or_value,belgrade,Belgrade,2,5,1,belgrado,5,1.0,False,"{""belgrado"": 5}"
es,Spanish,entity_or_value,bella center,Bella_Center,2,14,1,centro bella,14,1.0,False,"{""centro bella"": 14}"
es,Spanish,entity_or_value,ben ramsey,Ben_Ramsey,2,5,1,ben ramsey,5,1.0,False,"{""ben ramsey"": 5}"
es,Spanish,entity_or_value,ben urich,Ben_Urich,2,18,1,ben urich,18,1.0,False,"{""ben urich"": 18}"
es,Spanish,entity_or_value,benito mussolini,Benito_Mussolini,2,5,1,benito mussolini,5,1.0,False,"{""benito mussolini"": 5}"
es,Spanish,entity_or_value,benitoite,Benitoite,2,4,1,benitoíta,4,1.0,False,"{""benitoíta"": 4}"
es,Spanish,entity_or_value,benjamin urich,"""Benjamin Urich""",2,3,1,benjamin urich,3,1.0,False,"{""benjamin urich"": 3}"
es,Spanish,entity_or_value,"benton county, oregon","Benton_County,_Oregon",2,16,1,"condado de benton, oregón",16,1.0,False,"{""condado de benton, oregón"": 16}"
es,Spanish,entity_or_value,berlin,Berlin,2,7,1,berlín,7,1.0,False,"{""berlín"": 7}"
es,Spanish,entity_or_value,berliner ak 07,Berliner_AK_07,2,10,1,berliner ak 07,10,1.0,False,"{""berliner ak 07"": 10}"
es,Spanish,entity_or_value,"bernalillo county, new mexico","Bernalillo_County,_New_Mexico",2,12,1,"condado de bernalillo, nuevo méxico",12,1.0,False,"{""condado de bernalillo, nuevo méxico"": 12}"
es,Spanish,entity_or_value,bernard knowles,Bernard_Knowles,2,11,1,bernard knowles,11,1.0,False,"{""bernard knowles"": 11}"
es,Spanish,entity_or_value,"bethesda, maryland","Bethesda,_Maryland",2,7,1,"bethesda, maryland",7,1.0,False,"{""bethesda, maryland"": 7}"
es,Spanish,entity_or_value,"beverly hills, california","Beverly_Hills,_California",2,2,1,beverly hills,2,1.0,False,"{""beverly hills"": 2}"
es,Spanish,entity_or_value,"bhaji, bajji","""Bhaji, bajji""",2,11,1,"bhaji, bajji",11,1.0,False,"{""bhaji, bajji"": 11}"
es,Spanish,entity_or_value,bhajji,Bhajji,2,138,1,bhajji,138,1.0,False,"{""bhajji"": 138}"
es,Spanish,entity_or_value,bhangra (music),Bhangra_(music),2,58,1,bhangra (música),58,1.0,False,"{""bhangra (música)"": 58}"
es,Spanish,entity_or_value,bibbo bibbowski,Bibbo_Bibbowski,2,12,1,bibbo bibbowski,12,1.0,False,"{""bibbo bibbowski"": 12}"
es,Spanish,entity_or_value,big 12 conference,Big_12_Conference,2,37,1,big 12 conference,37,1.0,False,"{""big 12 conference"": 37}"
es,Spanish,entity_or_value,big hero 6 (film),Big_Hero_6_(film),2,69,1,big hero 6 (película),69,1.0,False,"{""big hero 6 (película)"": 69}"
es,Spanish,entity_or_value,bill everett,Bill_Everett,2,3,1,bill everett,3,1.0,False,"{""bill everett"": 3}"
es,Spanish,entity_or_value,bill marriott,Bill_Marriott,2,11,1,"j. w. bill marriott, jr.",11,1.0,False,"{""j. w. bill marriott, jr."": 11}"
es,Spanish,entity_or_value,bill oddie,Bill_Oddie,2,44,1,bill oddie,44,1.0,False,"{""bill oddie"": 44}"
es,Spanish,entity_or_value,billy iuso,Billy_Iuso,2,19,1,billy iuso,19,1.0,False,"{""billy iuso"": 19}"
es,Spanish,entity_or_value,bimonthly,"""Bimonthly""",2,4,1,bimestral,4,1.0,False,"{""bimestral"": 4}"
es,Spanish,entity_or_value,binali yıldırım,Binali_Yıldırım,2,2,1,binali yıldırım,2,1.0,False,"{""binali yıldırım"": 2}"
es,Spanish,entity_or_value,binignit,Binignit,2,223,1,binignit,223,1.0,False,"{""binignit"": 223}"
es,Spanish,entity_or_value,bionico,Bionico,2,359,1,bionico,359,1.0,False,"{""bionico"": 359}"
es,Spanish,entity_or_value,birmingham,Birmingham,2,102,1,birmingham,102,1.0,False,"{""birmingham"": 102}"
es,Spanish,entity_or_value,birmingham city council,Birmingham_City_Council,2,10,1,ayuntamiento de birmingham,10,1.0,False,"{""ayuntamiento de birmingham"": 10}"
es,Spanish,entity_or_value,black canadians,Black_Canadians,2,5,1,afrocanadienses,5,1.0,False,"{""afrocanadienses"": 5}"
es,Spanish,entity_or_value,black metal,Black_metal,2,97,1,black metal,97,1.0,False,"{""black metal"": 97}"
es,Spanish,entity_or_value,black pirate,Black_Pirate,2,10,1,pirata negro,10,1.0,False,"{""pirata negro"": 10}"
es,Spanish,entity_or_value,black pudding,Black_pudding,2,2,1,morcilla,2,1.0,False,"{""morcilla"": 2}"
es,Spanish,entity_or_value,blackburn rovers f.c.,Blackburn_Rovers_F.C.,2,4,1,blackburn rovers football club,4,1.0,False,"{""blackburn rovers football club"": 4}"
es,Spanish,entity_or_value,blackpool,Blackpool,2,34,1,blackpool,34,1.0,False,"{""blackpool"": 34}"
es,Spanish,entity_or_value,blackpool f.c.,Blackpool_F.C.,2,4,1,blackpool football club,4,1.0,False,"{""blackpool football club"": 4}"
es,Spanish,entity_or_value,blockbuster (comicscharacter),Blockbuster_(comicsCharacter),2,45,1,blockbuster (personaje de cómic),45,1.0,False,"{""blockbuster (personaje de cómic)"": 45}"
es,Spanish,entity_or_value,"bloomington, maryland","Bloomington,_Maryland",2,14,1,bloomington,14,1.0,False,"{""bloomington"": 14}"
es,Spanish,entity_or_value,bloomsbury,Bloomsbury,2,4,1,bloomsbury,4,1.0,False,"{""bloomsbury"": 4}"
es,Spanish,entity_or_value,blt,BLT,2,78,1,sándwich blt,78,1.0,False,"{""sándwich blt"": 78}"
es,Spanish,entity_or_value,blue,Blue,2,10,1,azul,10,1.0,False,"{""azul"": 10}"
es,Spanish,entity_or_value,"blue, white and orange","""Blue, White and Orange""",2,3,1,"azul, blanco y naranja",3,1.0,False,"{""azul, blanco y naranja"": 3}"
es,Spanish,entity_or_value,blues,Blues,2,110,1,blues,110,1.0,False,"{""blues"": 110}"
es,Spanish,entity_or_value,bo bibbowski,"""Bo Bibbowski""",2,3,1,bo bibbowski,3,1.0,False,"{""bo bibbowski"": 3}"
es,Spanish,entity_or_value,bob mcnair,Bob_McNair,2,7,1,bob mcnair,7,1.0,False,"{""bob mcnair"": 7}"
es,Spanish,entity_or_value,bobina,Bobina,2,24,1,bobina,24,1.0,False,"{""bobina"": 24}"
es,Spanish,entity_or_value,bodhrán,Bodhrán,2,8,1,bodhrán,8,1.0,False,"{""bodhrán"": 8}"
es,Spanish,entity_or_value,boeing c-17 globemaster iii,Boeing_C-17_Globemaster_III,2,25,1,c-17 globemaster iii,25,1.0,False,"{""c-17 globemaster iii"": 25}"
es,Spanish,entity_or_value,bologna,Bologna,2,5,1,bolonia,5,1.0,False,"{""bolonia"": 5}"
es,Spanish,entity_or_value,bolt (comicscharacter),Bolt_(comicsCharacter),2,58,1,bolt (personaje de cómic),58,1.0,False,"{""bolt (personaje de cómic)"": 58}"
es,Spanish,entity_or_value,bondareva–shapley theorem,Bondareva–Shapley_theorem,2,15,1,teorema de bondareva-shapley,15,1.0,False,"{""teorema de bondareva-shapley"": 15}"
es,Spanish,entity_or_value,bootleg series volume 1: the quine tapes,Bootleg_Series_Volume_1:_The_Quine_Tapes,2,171,1,bootleg series volume 1: the quine tapes,171,1.0,False,"{""bootleg series volume 1: the quine tapes"": 171}"
es,Spanish,entity_or_value,boris johnson,Boris_Johnson,2,36,1,boris johnson,36,1.0,False,"{""boris johnson"": 36}"
es,Spanish,entity_or_value,boston,Boston,2,14,1,boston,14,1.0,False,"{""boston"": 14}"
es,Spanish,entity_or_value,boston bruins,Boston_Bruins,2,20,1,boston bruins,20,1.0,False,"{""boston bruins"": 20}"
es,Spanish,entity_or_value,botany,Botany,2,8,1,botánica,8,1.0,False,"{""botánica"": 8}"
es,Spanish,entity_or_value,bozo the iron man,Bozo_the_Iron_Man,2,4,1,bozo el hombre de hierro,4,1.0,False,"{""bozo el hombre de hierro"": 4}"
es,Spanish,entity_or_value,brandon carter,Brandon_Carter,2,105,1,brandon carter,105,1.0,False,"{""brandon carter"": 105}"
es,Spanish,entity_or_value,brandon sanderson,Brandon_Sanderson,2,10,1,brandon sanderson,10,1.0,False,"{""brandon sanderson"": 10}"
es,Spanish,entity_or_value,"brandon, manitoba","Brandon,_Manitoba",2,13,1,"brandon, manitoba",13,1.0,False,"{""brandon, manitoba"": 13}"
es,Spanish,entity_or_value,brasília,Brasília,2,5,1,brasilia,5,1.0,False,"{""brasilia"": 5}"
es,Spanish,entity_or_value,brazil,Brazil,2,102,1,brasil,102,1.0,False,"{""brasil"": 102}"
es,Spanish,entity_or_value,brazil national under-17 football team,Brazil_national_under-17_football_team,2,6,1,selección de fútbol sub-17 de brasil,6,1.0,False,"{""selección de fútbol sub-17 de brasil"": 6}"
es,Spanish,entity_or_value,brazil national under-20 football team,Brazil_national_under-20_football_team,2,5,1,selección de fútbol sub-20 de brasil,5,1.0,False,"{""selección de fútbol sub-20 de brasil"": 5}"
es,Spanish,entity_or_value,brazilians in japan,Brazilians_in_Japan,2,7,1,inmigración brasileña en japón,7,1.0,False,"{""inmigración brasileña en japón"": 7}"
es,Spanish,entity_or_value,bread,Bread,2,18,1,pan,18,1.0,False,"{""pan"": 18}"
es,Spanish,entity_or_value,"bread and bacon, with a condiment, often ketchup or brown sauce","""Bread and bacon, with a condiment, often ketchup or brown sauce""",2,9,1,"pan y bacon, con un condimento, a menudo ketchup o salsa marrón",9,1.0,False,"{""pan y bacon, con un condimento, a menudo ketchup o salsa marrón"": 9}"
es,Spanish,entity_or_value,"bread, almonds, garlic, water, olive oil","""Bread, almonds, garlic, water, olive oil""",2,11,1,"pan, almendras, ajo, agua, aceite de oliva",11,1.0,False,"{""pan, almendras, ajo, agua, aceite de oliva"": 11}"
es,Spanish,entity_or_value,breaz valer daniel,"""Breaz Valer Daniel""",2,8,1,breaz valer daniel,8,1.0,False,"{""breaz valer daniel"": 8}"
es,Spanish,entity_or_value,brian kelly (composer & pianist),Brian_Kelly_(composer_&_pianist),2,25,1,brian kelly (compositor y pianista),25,1.0,False,"{""brian kelly (compositor y pianista)"": 25}"
es,Spanish,entity_or_value,brian robertson (trombonist),Brian_Robertson_(trombonist),2,7,1,brian robertson (trombonista),7,1.0,False,"{""brian robertson (trombonista)"": 7}"
es,Spanish,entity_or_value,british arabs,British_Arabs,2,14,1,árabes británicos,14,1.0,False,"{""árabes británicos"": 14}"
es,Spanish,entity_or_value,british hong kong,British_Hong_Kong,2,67,1,hong kong británico,67,1.0,False,"{""hong kong británico"": 67}"
es,Spanish,entity_or_value,british people,British_people,2,15,1,británicos,15,1.0,False,"{""británicos"": 15}"
es,Spanish,entity_or_value,broadcast programming,Broadcast_programming,2,2,1,continuidad de programación,2,1.0,False,"{""continuidad de programación"": 2}"
es,Spanish,entity_or_value,broadcasting house,Broadcasting_House,2,28,1,broadcasting house,28,1.0,False,"{""broadcasting house"": 28}"
es,Spanish,entity_or_value,broadwood stadium,Broadwood_Stadium,2,8,1,broadwood stadium,8,1.0,False,"{""broadwood stadium"": 8}"
es,Spanish,entity_or_value,bronze,"""Bronze""",2,25,1,bronce,25,1.0,False,"{""bronce"": 25}"
es,Spanish,entity_or_value,brooklyn,Brooklyn,2,11,1,brooklyn,11,1.0,False,"{""brooklyn"": 11}"
es,Spanish,entity_or_value,brown sauce,Brown_sauce,2,12,1,salsa marrón,12,1.0,False,"{""salsa marrón"": 12}"
es,Spanish,entity_or_value,brussels,Brussels,2,27,1,región de bruselas-capital,27,1.0,False,"{""región de bruselas-capital"": 27}"
es,Spanish,entity_or_value,"brussels, belgium","""Brussels, Belgium""",2,8,1,"bruselas, bélgica",8,1.0,False,"{""bruselas, bélgica"": 8}"
es,Spanish,entity_or_value,brutalist architecture,Brutalist_architecture,2,3,1,brutalismo,3,1.0,False,"{""brutalismo"": 3}"
es,Spanish,entity_or_value,bryning lane,"""Bryning Lane""",2,4,1,bryning lane,4,1.0,False,"{""bryning lane"": 4}"
es,Spanish,entity_or_value,bucharest,Bucharest,2,30,1,bucarest,30,1.0,False,"{""bucarest"": 30}"
es,Spanish,entity_or_value,budapest,Budapest,2,12,1,budapest,12,1.0,False,"{""budapest"": 12}"
es,Spanish,entity_or_value,buenos aires,Buenos_Aires,2,58,1,buenos aires,58,1.0,False,"{""buenos aires"": 58}"
es,Spanish,entity_or_value,buenos aires city legislature,Buenos_Aires_City_Legislature,2,8,1,legislatura de la ciudad autónoma de buenos aires,8,1.0,False,"{""legislatura de la ciudad autónoma de buenos aires"": 8}"
es,Spanish,entity_or_value,"buffalo, new york","Buffalo,_New_York",2,25,1,"búfalo, nueva york",25,1.0,False,"{""búfalo, nueva york"": 25}"
es,Spanish,entity_or_value,buick,Buick,2,3,1,buick,3,1.0,False,"{""buick"": 3}"
es,Spanish,entity_or_value,building management system,Building_Management_System,2,28,1,sistema de gestión de edificios,28,1.0,False,"{""sistema de gestión de edificios"": 28}"
es,Spanish,entity_or_value,building materials,Building_materials,2,16,1,materiales de construcción,16,1.0,False,"{""materiales de construcción"": 16}"
es,Spanish,entity_or_value,bundelkhand,Bundelkhand,2,24,1,bundelkhand,24,1.0,False,"{""bundelkhand"": 24}"
es,Spanish,entity_or_value,bundesliga,Bundesliga,2,17,1,bundesliga,17,1.0,False,"{""bundesliga"": 17}"
es,Spanish,entity_or_value,"burbank, california","Burbank,_California",2,25,1,burbank,25,1.0,False,"{""burbank"": 25}"
es,Spanish,entity_or_value,"burlington, vermont","Burlington,_Vermont",2,26,1,"burlington, vermont",26,1.0,False,"{""burlington, vermont"": 26}"
es,Spanish,entity_or_value,bury f.c.,Bury_F.C.,2,7,1,bury football club,7,1.0,False,"{""bury football club"": 7}"
es,Spanish,entity_or_value,buxton,Buxton,2,2,1,buxton,2,1.0,False,"{""buxton"": 2}"
es,Spanish,entity_or_value,buzz aldrin,Buzz_Aldrin,2,442,1,buzz aldrin,442,1.0,False,"{""buzz aldrin"": 442}"
es,Spanish,entity_or_value,byron brown,Byron_Brown,2,4,1,byron brown,4,1.0,False,"{""byron brown"": 4}"
es,Spanish,entity_or_value,c. 1944,"""c. 1944""",2,2,1,c. 1944,2,1.0,False,"{""c. 1944"": 2}"
es,Spanish,entity_or_value,c. woods,C._Woods,2,4,1,c. woods,4,1.0,False,"{""c. woods"": 4}"
es,Spanish,entity_or_value,c.d. fas,C.D._FAS,2,15,1,club deportivo fas,15,1.0,False,"{""club deportivo fas"": 15}"
es,Spanish,entity_or_value,c.d. águila,C.D._Águila,2,3,1,club deportivo águila,3,1.0,False,"{""club deportivo águila"": 3}"
es,Spanish,entity_or_value,cake,Cake,2,12,1,pastel,12,1.0,False,"{""pastel"": 12}"
es,Spanish,entity_or_value,calcio catania,Calcio_Catania,2,8,1,calcio catania,8,1.0,False,"{""calcio catania"": 8}"
es,Spanish,entity_or_value,california,California,2,276,1,california,276,1.0,False,"{""california"": 276}"
es,Spanish,entity_or_value,california 37 (train album),California_37_(Train_album),2,7,1,california 37 (álbum train),7,1.0,False,"{""california 37 (álbum train)"": 7}"
es,Spanish,entity_or_value,california state assembly,California_State_Assembly,2,33,1,asamblea estatal de california,33,1.0,False,"{""asamblea estatal de california"": 33}"
es,Spanish,entity_or_value,california state capitol,California_State_Capitol,2,13,1,capitolio de california,13,1.0,False,"{""capitolio de california"": 13}"
es,Spanish,entity_or_value,california state legislature,California_State_Legislature,2,7,1,legislatura estatal de california,7,1.0,False,"{""legislatura estatal de california"": 7}"
es,Spanish,entity_or_value,california state senate,California_State_Senate,2,14,1,senado de california,14,1.0,False,"{""senado de california"": 14}"
es,Spanish,entity_or_value,cammell laird,Cammell_Laird,2,4,1,cammell laird,4,1.0,False,"{""cammell laird"": 4}"
es,Spanish,entity_or_value,campeonato brasileiro série c,Campeonato_Brasileiro_Série_C,2,152,1,campeonato brasileño de serie c,152,1.0,False,"{""campeonato brasileño de serie c"": 152}"
es,Spanish,entity_or_value,canada,Canada,2,181,1,canadá,181,1.0,False,"{""canadá"": 181}"
es,Spanish,entity_or_value,candombe,Candombe,2,14,1,candombe,14,1.0,False,"{""candombe"": 14}"
es,Spanish,entity_or_value,"canyon, texas","Canyon,_Texas",2,4,1,"canyon, texas",4,1.0,False,"{""canyon, texas"": 4}"
es,Spanish,entity_or_value,cape canaveral air force station,Cape_Canaveral_Air_Force_Station,2,25,1,estación de las fuerzas aéreas de cabo cañaveral,25,1.0,False,"{""estación de las fuerzas aéreas de cabo cañaveral"": 25}"
es,Spanish,entity_or_value,cape canaveral air force station space launch complex 17,Cape_Canaveral_Air_Force_Station_Space_Launch_Complex_17,2,5,1,complejo 17 de lanzamientos espaciales de la estación aérea de cabo cañaveral,5,1.0,False,"{""complejo 17 de lanzamientos espaciales de la estación aérea de cabo cañaveral"": 5}"
es,Spanish,entity_or_value,cape town,Cape_Town,2,18,1,ciudad del cabo,18,1.0,False,"{""ciudad del cabo"": 18}"
es,Spanish,entity_or_value,capital city,Capital_city,2,3,1,ciudad capital,3,1.0,False,"{""ciudad capital"": 3}"
es,Spanish,entity_or_value,carl a. wirtanen,Carl_A._Wirtanen,2,3,1,carl alvar wirtanen,3,1.0,False,"{""carl alvar wirtanen"": 3}"
es,Spanish,entity_or_value,carles puigdemont,Carles_Puigdemont,2,9,1,carles puigdemont,9,1.0,False,"{""carles puigdemont"": 9}"
es,Spanish,entity_or_value,carlo abarth,Carlo_Abarth,2,6,1,carlo abarth,6,1.0,False,"{""carlo abarth"": 6}"
es,Spanish,entity_or_value,carmine infantino,Carmine_Infantino,2,7,1,carmine infantino,7,1.0,False,"{""carmine infantino"": 7}"
es,Spanish,entity_or_value,carnival corporation & plc,Carnival_Corporation_&_plc,2,6,1,carnival corporation & plc,6,1.0,False,"{""carnival corporation & plc"": 6}"
es,Spanish,entity_or_value,carpi f.c. 1909,Carpi_F.C._1909,2,11,1,carpi f.c. 1909,11,1.0,False,"{""carpi f.c. 1909"": 11}"
es,Spanish,entity_or_value,carrarese calcio,Carrarese_Calcio,2,10,1,carrarese calcio,10,1.0,False,"{""carrarese calcio"": 10}"
es,Spanish,entity_or_value,carrie lam (politician),Carrie_Lam_(politician),2,7,1,carrie lam (política),7,1.0,False,"{""carrie lam (política)"": 7}"
es,Spanish,entity_or_value,"carroll county, maryland","Carroll_County,_Maryland",2,57,1,"condado de carroll, maryland",57,1.0,False,"{""condado de carroll, maryland"": 57}"
es,Spanish,entity_or_value,carter constant,Carter_constant,2,12,1,carter constante,12,1.0,False,"{""carter constante"": 12}"
es,Spanish,entity_or_value,casey ribicoff,Casey_Ribicoff,2,55,1,casey ribicoff,55,1.0,False,"{""casey ribicoff"": 55}"
es,Spanish,entity_or_value,castle (novel),Castle_(novel),2,9,1,castillo (novela),9,1.0,False,"{""castillo (novela)"": 9}"
es,Spanish,entity_or_value,catalonia,Catalonia,2,44,1,cataluña,44,1.0,False,"{""cataluña"": 44}"
es,Spanish,entity_or_value,caterpillar inc.,Caterpillar_Inc.,2,141,1,caterpillar inc.,141,1.0,False,"{""caterpillar inc."": 141}"
es,Spanish,entity_or_value,cauliflower,Cauliflower,2,2,1,coliflor,2,1.0,False,"{""coliflor"": 2}"
es,Spanish,entity_or_value,cecil parker,Cecil_Parker,2,24,1,cecil parker,24,1.0,False,"{""cecil parker"": 24}"
es,Spanish,entity_or_value,celery,Celery,2,16,1,apio,16,1.0,False,"{""apio"": 16}"
es,Spanish,entity_or_value,cello,Cello,2,7,1,violonchelo,7,1.0,False,"{""violonchelo"": 7}"
es,Spanish,entity_or_value,census-designated place,Census-designated_place,2,3,1,lugar designado por el censo en los estados unidos,3,1.0,False,"{""lugar designado por el censo en los estados unidos"": 3}"
es,Spanish,entity_or_value,central denmark region,Central_Denmark_Region,2,20,2,jutlandia central,19,0.95,True,"{""dinamarca central"": 1, ""jutlandia central"": 19}"
es,Spanish,entity_or_value,central español,Central_Español,2,28,1,central español fútbol club,28,1.0,False,"{""central español fútbol club"": 28}"
es,Spanish,entity_or_value,central european summer time,Central_European_Summer_Time,2,3,1,hora de verano de europa central,3,1.0,False,"{""hora de verano de europa central"": 3}"
es,Spanish,entity_or_value,central european time,Central_European_Time,2,4,1,hora de europa central,4,1.0,False,"{""hora de europa central"": 4}"
es,Spanish,entity_or_value,central f.c.,Central_F.C.,2,9,1,central f.c.,9,1.0,False,"{""central f.c."": 9}"
es,Spanish,entity_or_value,centre (ice hockey),Centre_(ice_hockey),2,3,1,central,3,1.0,False,"{""central"": 3}"
es,Spanish,entity_or_value,ceo,CEO,2,27,1,director general,27,1.0,False,"{""director general"": 27}"
es,Spanish,entity_or_value,cephalopod ink,Cephalopod_ink,2,6,1,tinta de calamar,6,1.0,False,"{""tinta de calamar"": 6}"
es,Spanish,entity_or_value,cesena,Cesena,2,6,1,cesena,6,1.0,False,"{""cesena"": 6}"
es,Spanish,entity_or_value,chameleon circuit (band),Chameleon_Circuit_(band),2,17,1,chameleon circuit (banda),17,1.0,False,"{""chameleon circuit (banda)"": 17}"
es,Spanish,entity_or_value,charles elkin mathews,Charles_Elkin_Mathews,2,2,1,charles elkin mathews,2,1.0,False,"{""charles elkin mathews"": 2}"
es,Spanish,entity_or_value,charles michel,Charles_Michel,2,12,1,charles michel,12,1.0,False,"{""charles michel"": 12}"
es,Spanish,entity_or_value,"charleston, west virginia","Charleston,_West_Virginia",2,10,1,"charleston, virginia occidental",10,1.0,False,"{""charleston, virginia occidental"": 10}"
es,Spanish,entity_or_value,charlie colin,Charlie_Colin,2,2,1,charlie colin,2,1.0,False,"{""charlie colin"": 2}"
es,Spanish,entity_or_value,charlie mcdonnell,Charlie_McDonnell,2,17,1,charlie mcdonnell,17,1.0,False,"{""charlie mcdonnell"": 17}"
es,Spanish,entity_or_value,charlottetown,Charlottetown,2,7,1,charlottetown,7,1.0,False,"{""charlottetown"": 7}"
es,Spanish,entity_or_value,chelsea f.c.,Chelsea_F.C.,2,8,1,chelsea football club,8,1.0,False,"{""chelsea football club"": 8}"
es,Spanish,entity_or_value,chennai,Chennai,2,15,1,chennai,15,1.0,False,"{""chennai"": 15}"
es,Spanish,entity_or_value,chesterfield f.c.,Chesterfield_F.C.,2,10,1,chesterfield football club,10,1.0,False,"{""chesterfield football club"": 10}"
es,Spanish,entity_or_value,chiang kai-shek,Chiang_Kai-shek,2,6,1,chiang kai-shek,6,1.0,False,"{""chiang kai-shek"": 6}"
es,Spanish,entity_or_value,chicago,Chicago,2,166,1,chicago,166,1.0,False,"{""chicago"": 166}"
es,Spanish,entity_or_value,chicharrón,Chicharrón,2,13,1,chicharrón,13,1.0,False,"{""chicharrón"": 13}"
es,Spanish,entity_or_value,chicken,Chicken,2,18,1,pollo,18,1.0,False,"{""pollo"": 18}"
es,Spanish,entity_or_value,chief justice,Chief Justice,2,2,1,presidente del tribunal supremo,2,1.0,False,"{""presidente del tribunal supremo"": 2}"
es,Spanish,entity_or_value,chief of the astronaut office,Chief_of_the_Astronaut_Office,2,3,1,jefe de la oficina de astronautas,3,1.0,False,"{""jefe de la oficina de astronautas"": 3}"
es,Spanish,entity_or_value,chief of the defence staff (nigeria),Chief_of_the_Defence_Staff_(Nigeria),2,9,1,jefe del estado mayor de la defensa (nigeria),9,1.0,False,"{""jefe del estado mayor de la defensa (nigeria)"": 9}"
es,Spanish,entity_or_value,chili pepper,Chili_pepper,2,6,1,ají,6,1.0,False,"{""ají"": 6}"
es,Spanish,entity_or_value,china,China,2,9,1,república popular china,9,1.0,False,"{""república popular china"": 9}"
es,Spanish,entity_or_value,chinabank,Chinabank,2,178,1,chinabank,178,1.0,False,"{""chinabank"": 178}"
es,Spanish,entity_or_value,"chinatown, san francisco","Chinatown,_San_Francisco",2,11,1,"chinatown, san francisco",11,1.0,False,"{""chinatown, san francisco"": 11}"
es,Spanish,entity_or_value,chinese cuisine,Chinese_cuisine,2,20,1,gastronomía de china,20,1.0,False,"{""gastronomía de china"": 20}"
es,Spanish,entity_or_value,chinese filipino,Chinese_Filipino,2,16,1,inmigración china en filipinas,16,1.0,False,"{""inmigración china en filipinas"": 16}"
es,Spanish,entity_or_value,chinese language,Chinese_language,2,19,1,chino,19,1.0,False,"{""chino"": 19}"
es,Spanish,entity_or_value,chinese people in japan,Chinese_people_in_Japan,2,4,1,inmigración china en japón,4,1.0,False,"{""inmigración china en japón"": 4}"
es,Spanish,entity_or_value,"chișinău, moldova","""Chișinău, Moldova""",2,9,1,"chișinău, moldavia",9,1.0,False,"{""chișinău, moldavia"": 9}"
es,Spanish,entity_or_value,chocolate,Chocolate,2,2,1,chocolate,2,1.0,False,"{""chocolate"": 2}"
es,Spanish,entity_or_value,"chopped fruits, sour cream, condensed milk, granola, shredded coconut, raisins","""Chopped Fruits, Sour Cream, Condensed Milk, Granola, Shredded Coconut, Raisins""",2,20,1,"frutas troceadas, crema agria, leche condensada, granola, coco rallado, pasas",20,1.0,False,"{""frutas troceadas, crema agria, leche condensada, granola, coco rallado, pasas"": 20}"
es,Spanish,entity_or_value,chorizo,Chorizo,2,6,1,chorizo,6,1.0,False,"{""chorizo"": 6}"
es,Spanish,entity_or_value,chris patten,Chris_Patten,2,6,1,chris patten,6,1.0,False,"{""chris patten"": 6}"
es,Spanish,entity_or_value,christian alternative rock,Christian_alternative_rock,2,7,1,rock alternativo cristiano,7,1.0,False,"{""rock alternativo cristiano"": 7}"
es,Spanish,entity_or_value,christian burns,Christian_Burns,2,62,1,christian burns,62,1.0,False,"{""christian burns"": 62}"
es,Spanish,entity_or_value,christian democratic appeal,Christian_Democratic_Appeal,2,19,1,llamada democristiana,19,1.0,False,"{""llamada democristiana"": 19}"
es,Spanish,entity_or_value,christian panucci,Christian_Panucci,2,38,1,christian panucci,38,1.0,False,"{""christian panucci"": 38}"
es,Spanish,entity_or_value,christmas pudding,Christmas_pudding,2,8,1,christmas pudding,8,1.0,False,"{""christmas pudding"": 8}"
es,Spanish,entity_or_value,christopher taylor (politician),Christopher_Taylor_(politician),2,3,1,christopher taylor (político),3,1.0,False,"{""christopher taylor (político)"": 3}"
es,Spanish,entity_or_value,chrysler,Chrysler,2,7,1,chrysler,7,1.0,False,"{""chrysler"": 7}"
es,Spanish,entity_or_value,chrysler newport,Chrysler_Newport,2,6,1,chrysler newport,6,1.0,False,"{""chrysler newport"": 6}"
es,Spanish,entity_or_value,chuck fletcher,Chuck_Fletcher,2,2,1,chuck fletcher,2,1.0,False,"{""chuck fletcher"": 2}"
es,Spanish,entity_or_value,church of denmark,Church_of_Denmark,2,8,1,iglesia del pueblo danés,8,1.0,False,"{""iglesia del pueblo danés"": 8}"
es,Spanish,entity_or_value,church of england,Church_of_England,2,12,1,iglesia de inglaterra,12,1.0,False,"{""iglesia de inglaterra"": 12}"
es,Spanish,entity_or_value,ciro pérez,Ciro_Pérez,2,6,1,ciro pérez,6,1.0,False,"{""ciro pérez"": 6}"
es,Spanish,entity_or_value,cities of the philippines,Cities_of_the_Philippines,2,2,1,ciudad de filipinas,2,1.0,False,"{""ciudad de filipinas"": 2}"
es,Spanish,entity_or_value,citrus,Citrus,2,6,1,citrus,6,1.0,False,"{""citrus"": 6}"
es,Spanish,entity_or_value,city,City,2,18,1,ciudad,18,1.0,False,"{""ciudad"": 18}"
es,Spanish,entity_or_value,city administrator,"""City Administrator""",2,4,1,administrador municipal,4,1.0,False,"{""administrador municipal"": 4}"
es,Spanish,entity_or_value,city council,"""City Council""",2,2,1,ayuntamiento,2,1.0,False,"{""ayuntamiento"": 2}"
es,Spanish,entity_or_value,city manager,"""City Manager""",2,21,1,administrador municipal,21,1.0,False,"{""administrador municipal"": 21}"
es,Spanish,entity_or_value,city of brussels,City_of_Brussels,2,3,1,ciudad de bruselas,3,1.0,False,"{""ciudad de bruselas"": 3}"
es,Spanish,entity_or_value,ciudad ayala,Ciudad_Ayala,2,235,1,ciudad ayala,235,1.0,False,"{""ciudad ayala"": 235}"
es,Spanish,entity_or_value,civil aviation authority of new zealand,Civil_Aviation_Authority_of_New_Zealand,2,11,1,autoridad de aviación civil de nueva zelanda,11,1.0,False,"{""autoridad de aviación civil de nueva zelanda"": 11}"
es,Spanish,entity_or_value,clarinet,Clarinet,2,4,1,clarinete,4,1.0,False,"{""clarinete"": 4}"
es,Spanish,entity_or_value,claude bartolone,Claude_Bartolone,2,15,1,claude bartolone,15,1.0,False,"{""claude bartolone"": 15}"
es,Spanish,entity_or_value,"clayton, winnebago county, wisconsin","Clayton,_Winnebago_County,_Wisconsin",2,6,1,"clayton (condado de winnebago, wisconsin)",6,1.0,False,"{""clayton (condado de winnebago, wisconsin)"": 6}"
es,Spanish,entity_or_value,clerk (municipal official),Clerk_(municipal_official),2,4,1,secretario (funcionario municipal),4,1.0,False,"{""secretario (funcionario municipal)"": 4}"
es,Spanish,entity_or_value,cleveland,Cleveland,2,145,1,cleveland,145,1.0,False,"{""cleveland"": 145}"
es,Spanish,entity_or_value,cleveland city council,Cleveland_City_Council,2,11,1,ayuntamiento de cleveland,11,1.0,False,"{""ayuntamiento de cleveland"": 11}"
es,Spanish,entity_or_value,"cleveland, ohio 44114","""Cleveland, Ohio 44114""",2,4,1,"cleveland, ohio 44114",4,1.0,False,"{""cleveland, ohio 44114"": 4}"
es,Spanish,entity_or_value,club sandwich,Club_sandwich,2,24,1,club sandwich,24,1.0,False,"{""club sandwich"": 24}"
es,Spanish,entity_or_value,clyde f.c.,Clyde_F.C.,2,32,1,clyde f.c.,32,1.0,False,"{""clyde f.c."": 32}"
es,Spanish,entity_or_value,coatbridge,Coatbridge,2,3,1,coatbridge,3,1.0,False,"{""coatbridge"": 3}"
es,Spanish,entity_or_value,coconut milk,Coconut_milk,2,18,1,leche de coco,18,1.0,False,"{""leche de coco"": 18}"
es,Spanish,entity_or_value,colin powell,Colin_Powell,2,6,1,colin powell,6,1.0,False,"{""colin powell"": 6}"
es,Spanish,entity_or_value,college of william & mary,College_of_William_&_Mary,2,58,1,the college of william and mary,58,1.0,False,"{""the college of william and mary"": 58}"
es,Spanish,entity_or_value,"collin county, texas","Collin_County,_Texas",2,5,1,"condado de collin, texas",5,1.0,False,"{""condado de collin, texas"": 5}"
es,Spanish,entity_or_value,colmore row,Colmore_Row,2,10,1,colmore row,10,1.0,False,"{""colmore row"": 10}"
es,Spanish,entity_or_value,"colmore row, birmingham, england","""Colmore Row, Birmingham, England""",2,11,1,"colmore row, birmingham, inglaterra",11,1.0,False,"{""colmore row, birmingham, inglaterra"": 11}"
es,Spanish,entity_or_value,colombia,Colombia,2,13,1,colombia,13,1.0,False,"{""colombia"": 13}"
es,Spanish,entity_or_value,colombian cuisine,Colombian_cuisine,2,52,1,gastronomía de colombia,52,1.0,False,"{""gastronomía de colombia"": 52}"
es,Spanish,entity_or_value,coloured,Coloured,2,10,1,coloured,10,1.0,False,"{""coloured"": 10}"
es,Spanish,entity_or_value,columbia records,Columbia_Records,2,14,1,columbia records,14,1.0,False,"{""columbia records"": 14}"
es,Spanish,entity_or_value,columbus blue jackets,Columbus_Blue_Jackets,2,28,1,columbus blue jackets,28,1.0,False,"{""columbus blue jackets"": 28}"
es,Spanish,entity_or_value,"columbus, ohio","Columbus,_Ohio",2,9,1,"columbus, ohio",9,1.0,False,"{""columbus, ohio"": 9}"
es,Spanish,entity_or_value,colwyn bay f.c.,Colwyn_Bay_F.C.,2,5,1,colwyn bay f.c.,5,1.0,False,"{""colwyn bay f.c."": 5}"
es,Spanish,entity_or_value,commelinids,Commelinids,2,20,1,commelinidae,20,1.0,False,"{""commelinidae"": 20}"
es,Spanish,entity_or_value,community of madrid,Community_of_Madrid,2,33,1,comunidad de madrid,33,1.0,False,"{""comunidad de madrid"": 33}"
es,Spanish,entity_or_value,compilation album,Compilation_Album,2,10,1,álbum recopilatorio,10,1.0,False,"{""álbum recopilatorio"": 10}"
es,Spanish,entity_or_value,compressed rice cooked in banana leaf with vegetables or minced meat fillings,"""compressed rice cooked in banana leaf with vegetables or minced meat fillings""",2,16,1,arroz comprimido cocido en hoja de plátano con relleno de verduras o carne picada,16,1.0,False,"{""arroz comprimido cocido en hoja de plátano con relleno de verduras o carne picada"": 16}"
es,Spanish,entity_or_value,computer science,Computer_science,2,7,1,ciencias de la computación,7,1.0,False,"{""ciencias de la computación"": 7}"
es,Spanish,entity_or_value,concert and events venue,"""Concert and events venue""",2,8,1,sala de conciertos y eventos,8,1.0,False,"{""sala de conciertos y eventos"": 8}"
es,Spanish,entity_or_value,concrete,Concrete,2,11,1,concreto,11,1.0,False,"{""concreto"": 11}"
es,Spanish,entity_or_value,condensed milk,Condensed_milk,2,11,1,leche condensada,11,1.0,False,"{""leche condensada"": 11}"
es,Spanish,entity_or_value,condiment,Condiment,2,10,1,condimento,10,1.0,False,"{""condimento"": 10}"
es,Spanish,entity_or_value,congress poland,Congress_Poland,2,5,1,zarato de polonia (1815-1915),5,1.0,False,"{""zarato de polonia (1815-1915)"": 5}"
es,Spanish,entity_or_value,connecticut,Connecticut,2,40,1,connecticut,40,1.0,False,"{""connecticut"": 40}"
es,Spanish,entity_or_value,connecticut huskies,Connecticut_Huskies,2,5,1,huskies de connecticut,5,1.0,False,"{""huskies de connecticut"": 5}"
es,Spanish,entity_or_value,connecticut's 4th congressional district,Connecticut's_4th_congressional_district,2,3,1,4.o distrito congresional de connecticut,3,1.0,False,"{""4.o distrito congresional de connecticut"": 3}"
es,Spanish,entity_or_value,conservative party (uk),Conservative_Party_(UK),2,25,1,partido conservador,25,1.0,False,"{""partido conservador"": 25}"
es,Spanish,entity_or_value,"contra costa county, california","Contra_Costa_County,_California",2,43,1,"condado de contra costa, california",43,1.0,False,"{""condado de contra costa, california"": 43}"
es,Spanish,entity_or_value,contributing property,Contributing_property,2,87,1,propiedad contribuidora,87,1.0,False,"{""propiedad contribuidora"": 87}"
es,Spanish,entity_or_value,convertible,Convertible,2,4,1,descapotable,4,1.0,False,"{""descapotable"": 4}"
es,Spanish,entity_or_value,"cook county, illinois","Cook_County,_Illinois",2,7,1,condado de cook,7,1.0,False,"{""condado de cook"": 7}"
es,Spanish,entity_or_value,cookie,Cookie,2,28,1,galleta,28,1.0,False,"{""galleta"": 28}"
es,Spanish,entity_or_value,cooking plantain,Cooking_plantain,2,3,1,cocinar plátanos,3,1.0,False,"{""cocinar plátanos"": 3}"
es,Spanish,entity_or_value,copenhagen,Copenhagen,2,13,1,copenhague,13,1.0,False,"{""copenhague"": 13}"
es,Spanish,entity_or_value,coritiba foot ball club,Coritiba_Foot_Ball_Club,2,13,1,coritiba foot ball club,13,1.0,False,"{""coritiba foot ball club"": 13}"
es,Spanish,entity_or_value,cornell big red,Cornell_Big_Red,2,7,1,cornell big red,7,1.0,False,"{""cornell big red"": 7}"
es,Spanish,entity_or_value,cornell university,Cornell_University,2,93,1,universidad cornell,93,1.0,False,"{""universidad cornell"": 93}"
es,Spanish,entity_or_value,cornish language,Cornish_language,2,14,1,córnico,14,1.0,False,"{""córnico"": 14}"
es,Spanish,entity_or_value,"corvallis, oregon","Corvallis,_Oregon",2,2,1,corvallis,2,1.0,False,"{""corvallis"": 2}"
es,Spanish,entity_or_value,cosmetics,Cosmetics,2,11,1,cosméticos,11,1.0,False,"{""cosméticos"": 11}"
es,Spanish,entity_or_value,costa crociere,Costa_Crociere,2,39,1,costa crociere,39,1.0,False,"{""costa crociere"": 39}"
es,Spanish,entity_or_value,cottage cheese,Cottage_cheese,2,10,1,requesón,10,1.0,False,"{""requesón"": 10}"
es,Spanish,entity_or_value,council-manager government,Council-manager_government,2,18,1,gobierno consejo-gerente,18,1.0,False,"{""gobierno consejo-gerente"": 18}"
es,Spanish,entity_or_value,country music,Country_music,2,57,1,música country,57,1.0,False,"{""música country"": 57}"
es,Spanish,entity_or_value,county limerick,County_Limerick,2,15,1,condado de limerick,15,1.0,False,"{""condado de limerick"": 15}"
es,Spanish,entity_or_value,county manager,"""County Manager""",2,3,1,county manager,3,1.0,False,"{""county manager"": 3}"
es,Spanish,entity_or_value,county of tyrol,County_of_Tyrol,2,10,1,condado de tirol,10,1.0,False,"{""condado de tirol"": 10}"
es,Spanish,entity_or_value,coupe,Coupe,2,9,1,cupé,9,1.0,False,"{""cupé"": 9}"
es,Spanish,entity_or_value,coupé,Coupé,2,17,1,coupé,17,1.0,False,"{""coupé"": 17}"
es,Spanish,entity_or_value,courcouronnes,Courcouronnes,2,7,1,courcouronnes,7,1.0,False,"{""courcouronnes"": 7}"
es,Spanish,entity_or_value,coventry,Coventry,2,9,1,coventry,9,1.0,False,"{""coventry"": 9}"
es,Spanish,entity_or_value,"covington, indiana","Covington,_Indiana",2,7,1,"covington, indiana",7,1.0,False,"{""covington, indiana"": 7}"
es,Spanish,entity_or_value,crbl,CRBL,2,4,1,crbl,4,1.0,False,"{""crbl"": 4}"
es,Spanish,entity_or_value,crewe alexandra f.c.,Crewe_Alexandra_F.C.,2,16,1,crewe alexandra football club,16,1.0,False,"{""crewe alexandra football club"": 16}"
es,Spanish,entity_or_value,cross of independence,Cross_of_Independence,2,7,1,cruz y medalla independencia,7,1.0,False,"{""cruz y medalla independencia"": 7}"
es,Spanish,entity_or_value,cross of valour (poland),Cross_of_Valour_(Poland),2,10,1,cruz del valor (polonia),10,1.0,False,"{""cruz del valor (polonia)"": 10}"
es,Spanish,entity_or_value,crucial blast,Crucial_Blast,2,14,1,crucial blast,14,1.0,False,"{""crucial blast"": 14}"
es,Spanish,entity_or_value,cruise ship,Cruise_ship,2,5,1,crucero,5,1.0,False,"{""crucero"": 5}"
es,Spanish,entity_or_value,críona ní dhálaigh,Críona_Ní_Dhálaigh,2,7,1,críona ní dhálaigh,7,1.0,False,"{""críona ní dhálaigh"": 7}"
es,Spanish,entity_or_value,cubanelle,Cubanelle,2,6,1,capsicum annuum ‘cubanelle’,6,1.0,False,"{""capsicum annuum ‘cubanelle’"": 6}"
es,Spanish,entity_or_value,cuernavaca,Cuernavaca,2,2,1,cuernavaca,2,1.0,False,"{""cuernavaca"": 2}"
es,Spanish,entity_or_value,"cumberland county, pennsylvania","Cumberland_County,_Pennsylvania",2,53,1,"condado de cumberland, pennsylvania",53,1.0,False,"{""condado de cumberland, pennsylvania"": 53}"
es,Spanish,entity_or_value,curitiba,Curitiba,2,44,1,curitiba,44,1.0,False,"{""curitiba"": 44}"
es,Spanish,entity_or_value,cuttlefish,Cuttlefish,2,7,1,sepia,7,1.0,False,"{""sepia"": 7}"
es,Spanish,entity_or_value,"cuyahoga county, ohio","Cuyahoga_County,_Ohio",2,17,1,"condado de cuyahoga, ohio",17,1.0,False,"{""condado de cuyahoga, ohio"": 17}"
es,Spanish,entity_or_value,cyril bruce,Cyril_Bruce,2,14,1,cyril bruce,14,1.0,False,"{""cyril bruce"": 14}"
es,Spanish,entity_or_value,cyril frankel,Cyril_Frankel,2,27,1,cyril frankel,27,1.0,False,"{""cyril frankel"": 27}"
es,Spanish,entity_or_value,cyril ramaphosa,Cyril_Ramaphosa,2,18,1,cyril ramaphosa,18,1.0,False,"{""cyril ramaphosa"": 18}"
es,Spanish,entity_or_value,"cyrus vance, jr.","Cyrus_Vance,_Jr.",2,6,1,"cyrus vance, jr.",6,1.0,False,"{""cyrus vance, jr."": 6}"
es,Spanish,entity_or_value,câmpia turzii,Câmpia_Turzii,2,8,1,câmpia turzii,8,1.0,False,"{""câmpia turzii"": 8}"
es,Spanish,entity_or_value,dale tallon,Dale_Tallon,2,3,1,dale tallon,3,1.0,False,"{""dale tallon"": 3}"
es,Spanish,entity_or_value,"dale, wisconsin","Dale,_Wisconsin",2,9,1,"dale, wisconsin",9,1.0,False,"{""dale, wisconsin"": 9}"
es,Spanish,entity_or_value,dallas,Dallas,2,94,1,dallas,94,1.0,False,"{""dallas"": 94}"
es,Spanish,entity_or_value,"damon wayans, jr.","Damon_Wayans,_Jr.",2,4,1,"damon wayans, jr.",4,1.0,False,"{""damon wayans, jr."": 4}"
es,Spanish,entity_or_value,dan horrigan,Dan_Horrigan,2,8,1,dan horrigan,8,1.0,False,"{""dan horrigan"": 8}"
es,Spanish,entity_or_value,dan mishkin,Dan_Mishkin,2,10,1,dan mishkin,10,1.0,False,"{""dan mishkin"": 10}"
es,Spanish,entity_or_value,dan quinn (american football),Dan_Quinn_(American_football),2,2,1,dan quinn (fútbol americano),2,1.0,False,"{""dan quinn (fútbol americano)"": 2}"
es,Spanish,entity_or_value,dance-pop,Dance-pop,2,11,1,dance pop,11,1.0,False,"{""dance pop"": 11}"
es,Spanish,entity_or_value,dane whitman,"""Dane Whitman""",2,4,1,dane whitman,4,1.0,False,"{""dane whitman"": 4}"
es,Spanish,entity_or_value,dane whitman black knight (comicscharacter),Dane_Whitman_Black_Knight_(comicsCharacter),2,15,1,dane whitman caballero negro (personaje de cómic),15,1.0,False,"{""dane whitman caballero negro (personaje de cómic)"": 15}"
es,Spanish,entity_or_value,daniel gould fowle,Daniel_Gould_Fowle,2,7,1,daniel gould fowle,7,1.0,False,"{""daniel gould fowle"": 7}"
es,Spanish,entity_or_value,daniel martínez (politician),Daniel_Martínez_(politician),2,15,1,daniel martínez (político),15,1.0,False,"{""daniel martínez (político)"": 15}"
es,Spanish,entity_or_value,daniel webster,Daniel_Webster,2,8,1,daniel webster,8,1.0,False,"{""daniel webster"": 8}"
es,Spanish,entity_or_value,daniele zoratto,Daniele_Zoratto,2,5,1,daniele zoratto,5,1.0,False,"{""daniele zoratto"": 5}"
es,Spanish,entity_or_value,danielle harris,Danielle_Harris,2,2,1,danielle harris,2,1.0,False,"{""danielle harris"": 2}"
es,Spanish,entity_or_value,danish language,Danish_language,2,5,1,danés,5,1.0,False,"{""danés"": 5}"
es,Spanish,entity_or_value,"darien, connecticut","Darien,_Connecticut",2,10,1,"darien, connecticut",10,1.0,False,"{""darien, connecticut"": 10}"
es,Spanish,entity_or_value,darinka dentcheva,Darinka_Dentcheva,2,114,1,darinka dentcheva,114,1.0,False,"{""darinka dentcheva"": 114}"
es,Spanish,entity_or_value,darlington,Darlington,2,31,1,darlington,31,1.0,False,"{""darlington"": 31}"
es,Spanish,entity_or_value,dave challinor,Dave_Challinor,2,25,1,dave challinor,25,1.0,False,"{""dave challinor"": 25}"
es,Spanish,entity_or_value,dave laughlin,Dave_Laughlin,2,2,1,dave laughlin,2,1.0,False,"{""dave laughlin"": 2}"
es,Spanish,entity_or_value,david cameron,David_Cameron,2,20,1,david cameron,20,1.0,False,"{""david cameron"": 20}"
es,Spanish,entity_or_value,"david sainsbury, baron sainsbury of turville","David_Sainsbury,_Baron_Sainsbury_of_Turville",2,4,1,"david sainsbury, baron sainsbury of turville",4,1.0,False,"{""david sainsbury, baron sainsbury of turville"": 4}"
es,Spanish,entity_or_value,david scott,David_Scott,2,24,1,david scott,24,1.0,False,"{""david scott"": 24}"
es,Spanish,entity_or_value,david weber,David_Weber,2,4,1,david weber,4,1.0,False,"{""david weber"": 4}"
es,Spanish,entity_or_value,dayton dutch lions,Dayton_Dutch_Lions,2,7,1,dayton dutch lions,7,1.0,False,"{""dayton dutch lions"": 7}"
es,Spanish,entity_or_value,de graafschap,De_Graafschap,2,6,1,de graafschap,6,1.0,False,"{""de graafschap"": 6}"
es,Spanish,entity_or_value,dead man's plack,Dead_Man's_Plack,2,58,1,plack del hombre muerto,58,1.0,False,"{""plack del hombre muerto"": 58}"
es,Spanish,entity_or_value,death metal,Death_metal,2,36,1,death metal,36,1.0,False,"{""death metal"": 36}"
es,Spanish,entity_or_value,death on a factory farm,Death_on_a_Factory_Farm,2,122,1,muerte en una granja industrial,122,1.0,False,"{""muerte en una granja industrial"": 122}"
es,Spanish,entity_or_value,debbie wasserman schultz,Debbie_Wasserman_Schultz,2,2,1,debbie wasserman schultz,2,1.0,False,"{""debbie wasserman schultz"": 2}"
es,Spanish,entity_or_value,deceased,"""Deceased""",2,73,1,fallecido,73,1.0,False,"{""fallecido"": 73}"
es,Spanish,entity_or_value,december 2008,"""December 2008""",2,15,1,diciembre de 2008,15,1.0,False,"{""diciembre de 2008"": 15}"
es,Spanish,entity_or_value,defender (football),Defender_(football),2,10,1,defensa (fútbol),10,1.0,False,"{""defensa (fútbol)"": 10}"
es,Spanish,entity_or_value,"dekalb county, georgia","DeKalb_County,_Georgia",2,31,1,"condado de dekalb, georgia",31,1.0,False,"{""condado de dekalb, georgia"": 31}"
es,Spanish,entity_or_value,"dekalb county, illinois","DeKalb_County,_Illinois",2,5,1,condado de dekalb,5,1.0,False,"{""condado de dekalb"": 5}"
es,Spanish,entity_or_value,delfino pescara 1936,Delfino_Pescara_1936,2,4,1,delfino pescara 1936,4,1.0,False,"{""delfino pescara 1936"": 4}"
es,Spanish,entity_or_value,delta ii,Delta_II,2,107,1,delta ii,107,1.0,False,"{""delta ii"": 107}"
es,Spanish,entity_or_value,"demak jaya, jalan bako, kuching, sarawak","""Demak Jaya, Jalan Bako, Kuching, Sarawak""",2,19,1,"demak jaya, jalan bako, kuching, sarawak",19,1.0,False,"{""demak jaya, jalan bako, kuching, sarawak"": 19}"
es,Spanish,entity_or_value,demarce short stories in the the grantville gazettes,"""DeMarce short stories in the The Grantville Gazettes""",2,11,1,relatos cortos de demarce en the grantville gazettes,11,1.0,False,"{""relatos cortos de demarce en the grantville gazettes"": 11}"
es,Spanish,entity_or_value,demo 2004 (year of no light album),Demo_2004_(Year_of_No_Light_album),2,6,1,demo 2004 (álbum year of no light),6,1.0,False,"{""demo 2004 (álbum year of no light)"": 6}"
es,Spanish,entity_or_value,democratic labour party (brazil),Democratic_Labour_Party_(Brazil),2,5,1,partido democrático laborista (brasil),5,1.0,False,"{""partido democrático laborista (brasil)"": 5}"
es,Spanish,entity_or_value,democratic party (united states),Democratic_Party_(United_States),2,57,1,partido demócrata (estados unidos),57,1.0,False,"{""partido demócrata (estados unidos)"": 57}"
es,Spanish,entity_or_value,"denham, buckinghamshire","Denham,_Buckinghamshire",2,3,1,"denham, buckinghamshire",3,1.0,False,"{""denham, buckinghamshire"": 3}"
es,Spanish,entity_or_value,denmark,Denmark,2,211,1,dinamarca,211,1.0,False,"{""dinamarca"": 211}"
es,Spanish,entity_or_value,dennis william sciama,Dennis_William_Sciama,2,17,1,dennis william sciama,17,1.0,False,"{""dennis william sciama"": 17}"
es,Spanish,entity_or_value,denzil antonio,Denzil_Antonio,2,7,1,denzil antonio,7,1.0,False,"{""denzil antonio"": 7}"
es,Spanish,entity_or_value,department of commerce gold medal,Department_of_Commerce_Gold_Medal,2,33,1,medalla de oro del departamento de comercio,33,1.0,False,"{""medalla de oro del departamento de comercio"": 33}"
es,Spanish,entity_or_value,deptford,Deptford,2,8,1,deptford,8,1.0,False,"{""deptford"": 8}"
es,Spanish,entity_or_value,"deputy minister for development, competitiveness and shipping","""Deputy Minister for Development, Competitiveness and Shipping""",2,2,1,"viceministro de desarrollo, competitividad y transporte marítimo",2,1.0,False,"{""viceministro de desarrollo, competitividad y transporte marítimo"": 2}"
es,Spanish,entity_or_value,deputy parliamentary spokesman of popular orthodox rally,"""Deputy Parliamentary Spokesman of Popular Orthodox Rally""",2,2,1,portavoz parlamentario adjunto de la agrupación popular ortodoxa,2,1.0,False,"{""portavoz parlamentario adjunto de la agrupación popular ortodoxa"": 2}"
es,Spanish,entity_or_value,deram records,Deram_Records,2,47,1,deram records,47,1.0,False,"{""deram records"": 47}"
es,Spanish,entity_or_value,derbyshire,Derbyshire,2,14,1,derbyshire,14,1.0,False,"{""derbyshire"": 14}"
es,Spanish,entity_or_value,derbyshire dales,Derbyshire_Dales,2,68,1,derbyshire dales,68,1.0,False,"{""derbyshire dales"": 68}"
es,Spanish,entity_or_value,desoto (automobile),DeSoto_(automobile),2,7,1,desoto (automóvil),7,1.0,False,"{""desoto (automóvil)"": 7}"
es,Spanish,entity_or_value,desoto custom,DeSoto_Custom,2,49,1,desoto custom,49,1.0,False,"{""desoto custom"": 49}"
es,Spanish,entity_or_value,desoto firedome,DeSoto_Firedome,2,6,1,desoto firedome,6,1.0,False,"{""desoto firedome"": 6}"
es,Spanish,entity_or_value,dessert,Dessert,2,238,1,postre,238,1.0,False,"{""postre"": 238}"
es,Spanish,entity_or_value,detroit,Detroit,2,24,1,detroit,24,1.0,False,"{""detroit"": 24}"
es,Spanish,entity_or_value,"deșteaptă-te, române!","Deșteaptă-te,_române!",2,12,1,"deșteaptă-te, române!",12,1.0,False,"{""deșteaptă-te, române!"": 12}"
es,Spanish,entity_or_value,diane duane,Diane_Duane,2,12,1,diane duane,12,1.0,False,"{""diane duane"": 12}"
es,Spanish,entity_or_value,dianne feinstein,Dianne_Feinstein,2,9,1,dianne feinstein,9,1.0,False,"{""dianne feinstein"": 9}"
es,Spanish,entity_or_value,dick dillin,Dick_Dillin,2,13,1,dick dillin,13,1.0,False,"{""dick dillin"": 13}"
es,Spanish,entity_or_value,diego santilli,Diego_Santilli,2,8,1,diego santilli,8,1.0,False,"{""diego santilli"": 8}"
es,Spanish,entity_or_value,diemen,Diemen,2,2,1,diemen,2,1.0,False,"{""diemen"": 2}"
es,Spanish,entity_or_value,diesel-electric transmission,Diesel-electric_transmission,2,21,1,transmisión diesel-eléctrica,21,1.0,False,"{""transmisión diesel-eléctrica"": 21}"
es,Spanish,entity_or_value,dieter hecking,Dieter_Hecking,2,10,1,dieter hecking,10,1.0,False,"{""dieter hecking"": 10}"
es,Spanish,entity_or_value,"digify, inc.","Digify,_Inc.",2,9,1,"digify, inc.",9,1.0,False,"{""digify, inc."": 9}"
es,Spanish,entity_or_value,digital distribution,Digital_distribution,2,2,1,distribución digital,2,1.0,False,"{""distribución digital"": 2}"
es,Spanish,entity_or_value,dijon,Dijon,2,40,1,dijon,40,1.0,False,"{""dijon"": 40}"
es,Spanish,entity_or_value,diliman,Diliman,2,2,1,diliman,2,1.0,False,"{""diliman"": 2}"
es,Spanish,entity_or_value,"dimmit county, texas","Dimmit_County,_Texas",2,4,1,"condado de dimmit, texas",4,1.0,False,"{""condado de dimmit, texas"": 4}"
es,Spanish,entity_or_value,disco,Disco,2,124,1,música disco,124,1.0,False,"{""música disco"": 124}"
es,Spanish,entity_or_value,distinguished service medal (united states navy),Distinguished_Service_Medal_(United_States_Navy),2,87,1,medalla al servicio distinguido (marina de los estados unidos),87,1.0,False,"{""medalla al servicio distinguido (marina de los estados unidos)"": 87}"
es,Spanish,entity_or_value,distinguished service order,Distinguished_Service_Order,2,3,1,orden del servicio distinguido,3,1.0,False,"{""orden del servicio distinguido"": 3}"
es,Spanish,entity_or_value,dnipropetrovsk,Dnipropetrovsk,2,2,1,dnipropetrovsk,2,1.0,False,"{""dnipropetrovsk"": 2}"
es,Spanish,entity_or_value,dodge,Dodge,2,19,1,dodge,19,1.0,False,"{""dodge"": 19}"
es,Spanish,entity_or_value,dodge coronet,Dodge_Coronet,2,13,1,dodge coronet,13,1.0,False,"{""dodge coronet"": 13}"
es,Spanish,entity_or_value,dodge custom royal,"""Dodge Custom Royal""",2,3,1,dodge custom royal,3,1.0,False,"{""dodge custom royal"": 3}"
es,Spanish,entity_or_value,dodge suburban,"""Dodge Suburban""",2,2,1,dodge suburban,2,1.0,False,"{""dodge suburban"": 2}"
es,Spanish,entity_or_value,doesburg,Doesburg,2,7,1,doesburg,7,1.0,False,"{""doesburg"": 7}"
es,Spanish,entity_or_value,don guardian,Don_Guardian,2,9,1,don guardian,9,1.0,False,"{""don guardian"": 9}"
es,Spanish,entity_or_value,don sweeney,Don_Sweeney,2,3,1,don sweeney,3,1.0,False,"{""don sweeney"": 3}"
es,Spanish,entity_or_value,don tripp,Don_Tripp,2,2,1,don tripp,2,1.0,False,"{""don tripp"": 2}"
es,Spanish,entity_or_value,donabate,Donabate,2,2,1,donabate,2,1.0,False,"{""donabate"": 2}"
es,Spanish,entity_or_value,donal o'ceallaigh,Donal_O'Ceallaigh,2,6,1,donal o'ceallaigh,6,1.0,False,"{""donal o'ceallaigh"": 6}"
es,Spanish,entity_or_value,donald j. irwin,Donald_J._Irwin,2,9,1,donald j. irwin,9,1.0,False,"{""donald j. irwin"": 9}"
es,Spanish,entity_or_value,doom metal,Doom_metal,2,3,1,doom metal,3,1.0,False,"{""doom metal"": 3}"
es,Spanish,entity_or_value,doomsday argument,Doomsday_argument,2,3,1,argumento del juicio final,3,1.0,False,"{""argumento del juicio final"": 3}"
es,Spanish,entity_or_value,doris bures,Doris_Bures,2,26,1,doris bures,26,1.0,False,"{""doris bures"": 26}"
es,Spanish,entity_or_value,"dothan, alabama","Dothan,_Alabama",2,10,1,"dothan, alabama",10,1.0,False,"{""dothan, alabama"": 10}"
es,Spanish,entity_or_value,doug moench,Doug_Moench,2,6,1,doug moench,6,1.0,False,"{""doug moench"": 6}"
es,Spanish,entity_or_value,"dougherty county, georgia","Dougherty_County,_Georgia",2,24,1,"condado de dougherty, georgia",24,1.0,False,"{""condado de dougherty, georgia"": 24}"
es,Spanish,entity_or_value,douglas r. oberhelman,Douglas_R._Oberhelman,2,24,1,douglas r. oberhelman,24,1.0,False,"{""douglas r. oberhelman"": 24}"
es,Spanish,entity_or_value,"doña ana county, new mexico","Doña_Ana_County,_New_Mexico",2,18,1,"condado de doña ana, nuevo méxico",18,1.0,False,"{""condado de doña ana, nuevo méxico"": 18}"
es,Spanish,entity_or_value,dr. g. p. prabhukumar,"""Dr. G. P. Prabhukumar""",2,49,1,dr. g. p. prabhukumar,49,1.0,False,"{""dr. g. p. prabhukumar"": 49}"
es,Spanish,entity_or_value,drake stevens,"""Drake Stevens""",2,4,1,drake stevens,4,1.0,False,"{""drake stevens"": 4}"
es,Spanish,entity_or_value,drew caldwell,Drew_Caldwell,2,2,1,drew caldwell,2,1.0,False,"{""drew caldwell"": 2}"
es,Spanish,entity_or_value,drogheda united f.c.,Drogheda_United_F.C.,2,8,1,drogheda united football club,8,1.0,False,"{""drogheda united football club"": 8}"
es,Spanish,entity_or_value,drone music,Drone_music,2,3,1,drone,3,1.0,False,"{""drone"": 3}"
es,Spanish,entity_or_value,drugs,Drugs,2,29,1,drogas,29,1.0,False,"{""drogas"": 29}"
es,Spanish,entity_or_value,drum and bass,Drum_and_bass,2,39,1,drum and bass,39,1.0,False,"{""drum and bass"": 39}"
es,Spanish,entity_or_value,drum kit,Drum_kit,2,2,1,batería,2,1.0,False,"{""batería"": 2}"
es,Spanish,entity_or_value,dublin,Dublin,2,68,1,dublín,68,1.0,False,"{""dublín"": 68}"
es,Spanish,entity_or_value,dublin (european parliament constituency),Dublin_(European_Parliament_constituency),2,2,1,dublín (circunscripción del parlamento europeo),2,1.0,False,"{""dublín (circunscripción del parlamento europeo)"": 2}"
es,Spanish,entity_or_value,ducati,Ducati,2,5,1,ducati,5,1.0,False,"{""ducati"": 5}"
es,Spanish,entity_or_value,duhok sc,Duhok_SC,2,4,1,dohuk football club,4,1.0,False,"{""dohuk football club"": 4}"
es,Spanish,entity_or_value,duncan rouleau,Duncan_Rouleau,2,40,1,duncan rouleau,40,1.0,False,"{""duncan rouleau"": 40}"
es,Spanish,entity_or_value,"dunwoody, georgia","Dunwoody,_Georgia",2,6,1,"dunwoody, georgia",6,1.0,False,"{""dunwoody, georgia"": 6}"
es,Spanish,entity_or_value,"dupage county, illinois","DuPage_County,_Illinois",2,7,1,"condado de dupage, illinois",7,1.0,False,"{""condado de dupage, illinois"": 7}"
es,Spanish,entity_or_value,dutch language,Dutch_language,2,3,1,neerlandés,3,1.0,False,"{""neerlandés"": 3}"
es,Spanish,entity_or_value,dušan ivković,Dušan_Ivković,2,3,1,dusan ivkovic,3,1.0,False,"{""dusan ivkovic"": 3}"
es,Spanish,entity_or_value,dáil éireann,Dáil_Éireann,2,5,1,dáil éireann,5,1.0,False,"{""dáil éireann"": 5}"
es,Spanish,entity_or_value,e-book,E-book,2,9,1,libro electrónico,9,1.0,False,"{""libro electrónico"": 9}"
es,Spanish,entity_or_value,e-vinyl,E-Vinyl,2,7,1,e-vinilo,7,1.0,False,"{""e-vinilo"": 7}"
es,Spanish,entity_or_value,e. wells,E._Wells,2,5,1,e. wells,5,1.0,False,"{""e. wells"": 5}"
es,Spanish,entity_or_value,e11,"""E11""",2,2,1,e11,2,1.0,False,"{""e11"": 2}"
es,Spanish,entity_or_value,eagle (automobile),Eagle_(automobile),2,7,1,eagle (automóvil),7,1.0,False,"{""eagle (automóvil)"": 7}"
es,Spanish,entity_or_value,eagle award (comics),Eagle_Award_(comics),2,3,1,premio eagle (cómics),3,1.0,False,"{""premio eagle (cómics)"": 3}"
es,Spanish,entity_or_value,east african campaign (world war ii),East_African_Campaign_(World_War_II),2,2,1,campaña de áfrica oriental (segunda guerra mundial),2,1.0,False,"{""campaña de áfrica oriental (segunda guerra mundial)"": 2}"
es,Spanish,entity_or_value,east link bridge,"""East Link Bridge""",2,7,1,puente east link,7,1.0,False,"{""puente east link"": 7}"
es,Spanish,entity_or_value,eastern european summer time,Eastern_European_Summer_Time,2,3,1,horario de verano de europa oriental,3,1.0,False,"{""horario de verano de europa oriental"": 3}"
es,Spanish,entity_or_value,eastern european time,Eastern_European_Time,2,3,1,hora de europa oriental,3,1.0,False,"{""hora de europa oriental"": 3}"
es,Spanish,entity_or_value,"eastern province, sri lanka","Eastern_Province,_Sri_Lanka",2,47,1,"provincia del este, sri lanka",47,1.0,False,"{""provincia del este, sri lanka"": 47}"
es,Spanish,entity_or_value,eastern provincial council,Eastern_Provincial_Council,2,5,1,consejo provincial oriental,5,1.0,False,"{""consejo provincial oriental"": 5}"
es,Spanish,entity_or_value,easy listening,Easy_listening,2,8,1,música ligera,8,1.0,False,"{""música ligera"": 8}"
es,Spanish,entity_or_value,eberhard van der laan,Eberhard_van_der_Laan,2,4,1,eberhard van der laan,4,1.0,False,"{""eberhard van der laan"": 4}"
es,Spanish,entity_or_value,economics,Economics,2,10,1,economía,10,1.0,False,"{""economía"": 10}"
es,Spanish,entity_or_value,ed lee (politician),Ed_Lee_(politician),2,2,1,ed lee (político),2,1.0,False,"{""ed lee (político)"": 2}"
es,Spanish,entity_or_value,edmund j. davis,Edmund_J._Davis,2,7,1,edmund j. davis,7,1.0,False,"{""edmund j. davis"": 7}"
es,Spanish,entity_or_value,"edwin e. aldrin, jr.","""Edwin E. Aldrin, Jr.""",2,14,1,"edwin e. aldrin, jr.",14,1.0,False,"{""edwin e. aldrin, jr."": 14}"
es,Spanish,entity_or_value,edwin eugene aldrin jr.,"""Edwin Eugene Aldrin Jr.""",2,4,1,edwin eugene aldrin jr.,4,1.0,False,"{""edwin eugene aldrin jr."": 4}"
es,Spanish,entity_or_value,efxeinoupoli,Efxeinoupoli,2,7,1,efxeinoupoli,7,1.0,False,"{""efxeinoupoli"": 7}"
es,Spanish,entity_or_value,egbf,EGBF,2,25,1,egbf,25,1.0,False,"{""egbf"": 25}"
es,Spanish,entity_or_value,"egg harbor township, new jersey","Egg_Harbor_Township,_New_Jersey",2,91,1,"municipio de egg harbor, nueva jersey",91,1.0,False,"{""municipio de egg harbor, nueva jersey"": 91}"
es,Spanish,entity_or_value,eisner award,Eisner_Award,2,6,1,premio eisner,6,1.0,False,"{""premio eisner"": 6}"
es,Spanish,entity_or_value,el salvador national football team,El_Salvador_national_football_team,2,6,1,selección de fútbol de el salvador,6,1.0,False,"{""selección de fútbol de el salvador"": 6}"
es,Spanish,entity_or_value,ela-3,ELA-3,2,84,1,ela-3,84,1.0,False,"{""ela-3"": 84}"
es,Spanish,entity_or_value,electric guitar,Electric_guitar,2,29,1,guitarra eléctrica,29,1.0,False,"{""guitarra eléctrica"": 29}"
es,Spanish,entity_or_value,electroacoustic music,Electroacoustic_music,2,5,1,música electroacústica,5,1.0,False,"{""música electroacústica"": 5}"
es,Spanish,entity_or_value,electronic music,Electronic_music,2,4,1,música electrónica,4,1.0,False,"{""música electrónica"": 4}"
es,Spanish,entity_or_value,electropop,Electropop,2,4,1,electropop,4,1.0,False,"{""electropop"": 4}"
es,Spanish,entity_or_value,elizabeth garrett,Elizabeth_Garrett,2,8,1,elizabeth garrett,8,1.0,False,"{""elizabeth garrett"": 8}"
es,Spanish,entity_or_value,elizabeth ii,Elizabeth_II,2,79,1,isabel ii del reino unido,79,1.0,False,"{""isabel ii del reino unido"": 79}"
es,Spanish,entity_or_value,"ellington, wisconsin","Ellington,_Wisconsin",2,14,1,"ellington, wisconsin",14,1.0,False,"{""ellington, wisconsin"": 14}"
es,Spanish,entity_or_value,elliot see,Elliot_See,2,474,1,elliot see,474,1.0,False,"{""elliot see"": 474}"
es,Spanish,entity_or_value,emi records,EMI_Records,2,3,1,emi records,3,1.0,False,"{""emi records"": 3}"
es,Spanish,entity_or_value,emile roemer,Emile_Roemer,2,17,1,emile roemer,17,1.0,False,"{""emile roemer"": 17}"
es,Spanish,entity_or_value,empoli f.c.,Empoli_F.C.,2,4,1,empoli f.c.,4,1.0,False,"{""empoli f.c."": 4}"
es,Spanish,entity_or_value,enaire,ENAIRE,2,93,1,enaire,93,1.0,False,"{""enaire"": 93}"
es,Spanish,entity_or_value,enda kenny,Enda_Kenny,2,12,1,enda kenny,12,1.0,False,"{""enda kenny"": 12}"
es,Spanish,entity_or_value,energy industry,Energy_industry,2,24,1,industria de la energía,24,1.0,False,"{""industria de la energía"": 24}"
es,Spanish,entity_or_value,england,England,2,143,1,inglaterra,143,1.0,False,"{""inglaterra"": 143}"
es,Spanish,entity_or_value,english americans,English_Americans,2,5,1,anglo-estadounidenses,5,1.0,False,"{""anglo-estadounidenses"": 5}"
es,Spanish,entity_or_value,english football league system,English_football_league_system,2,2,1,sistema de ligas de fútbol de inglaterra,2,1.0,False,"{""sistema de ligas de fútbol de inglaterra"": 2}"
es,Spanish,entity_or_value,english language,English_language,2,606,1,inglés,606,1.0,False,"{""inglés"": 606}"
es,Spanish,entity_or_value,english without tears,English_Without_Tears,2,153,1,amor en seis lecciones,153,1.0,False,"{""amor en seis lecciones"": 153}"
es,Spanish,entity_or_value,enrique peña nieto,Enrique_Peña_Nieto,2,18,1,enrique peña nieto,18,1.0,False,"{""enrique peña nieto"": 18}"
es,Spanish,entity_or_value,entertainment,Entertainment,2,22,1,entretenimiento,22,1.0,False,"{""entretenimiento"": 22}"
es,Spanish,entity_or_value,erasmus university rotterdam,Erasmus_University_Rotterdam,2,61,1,universidad erasmo de róterdam,61,1.0,False,"{""universidad erasmo de róterdam"": 61}"
es,Spanish,entity_or_value,eric flint,Eric_Flint,2,111,1,eric flint,111,1.0,False,"{""eric flint"": 111}"
es,Spanish,entity_or_value,"eric flint, virginia demarce, et al.","""Eric Flint, Virginia DeMarce, et al.""",2,6,1,"eric flint, virginia demarce, et al.",6,1.0,False,"{""eric flint, virginia demarce, et al."": 6}"
es,Spanish,entity_or_value,"erie county, new york","Erie_County,_New_York",2,3,1,"condado de erie, nueva york",3,1.0,False,"{""condado de erie, nueva york"": 3}"
es,Spanish,entity_or_value,ernie colón,Ernie_Colón,2,21,1,ernie colón,21,1.0,False,"{""ernie colón"": 21}"
es,Spanish,entity_or_value,erosi manjgaladze stadium,Erosi_Manjgaladze_Stadium,2,6,1,estadio erosi manjgaladze,6,1.0,False,"{""estadio erosi manjgaladze"": 6}"
es,Spanish,entity_or_value,"errata, mississippi","Errata,_Mississippi",2,17,1,"erratas, mississippi",17,1.0,False,"{""erratas, mississippi"": 17}"
es,Spanish,entity_or_value,esa and arianespace,"""ESA and Arianespace""",2,7,1,esa y arianespace,7,1.0,False,"{""esa y arianespace"": 7}"
es,Spanish,entity_or_value,espen lind,Espen_Lind,2,11,1,espen lind,11,1.0,False,"{""espen lind"": 11}"
es,Spanish,entity_or_value,espionage (production team),Espionage_(production_team),2,15,1,espionage (equipo de producción),15,1.0,False,"{""espionage (equipo de producción)"": 15}"
es,Spanish,entity_or_value,"essex county, new jersey","Essex_County,_New_Jersey",2,10,1,"condado de essex, nueva jersey",10,1.0,False,"{""condado de essex, nueva jersey"": 10}"
es,Spanish,entity_or_value,"essex county, new york","Essex_County,_New_York",2,11,1,"condado de essex, nueva york",11,1.0,False,"{""condado de essex, nueva york"": 11}"
es,Spanish,entity_or_value,estadio jorge calero suárez,Estadio_Jorge_Calero_Suárez,2,6,1,estadio jorge calero suárez,6,1.0,False,"{""estadio jorge calero suárez"": 6}"
es,Spanish,entity_or_value,esteghlal ahvaz f.c.,Esteghlal_Ahvaz_F.C.,2,21,1,esteghlal ahvaz football club,21,1.0,False,"{""esteghlal ahvaz football club"": 21}"
es,Spanish,entity_or_value,estádio municipal coaracy da mata fonseca,Estádio_Municipal_Coaracy_da_Mata_Fonseca,2,71,1,estádio municipal coaracy da mata fonseca,71,1.0,False,"{""estádio municipal coaracy da mata fonseca"": 71}"
es,Spanish,entity_or_value,ethiopia,Ethiopia,2,72,1,etiopía,72,1.0,False,"{""etiopía"": 72}"
es,Spanish,entity_or_value,ethiopian birr,Ethiopian_birr,2,2,1,birr etíope,2,1.0,False,"{""birr etíope"": 2}"
es,Spanish,entity_or_value,euro,Euro,2,55,1,euro,55,1.0,False,"{""euro"": 55}"
es,Spanish,entity_or_value,euroleague,Euroleague,2,7,1,euroliga,7,1.0,False,"{""euroliga"": 7}"
es,Spanish,entity_or_value,europe,Europe,2,8,1,europa,8,1.0,False,"{""europa"": 8}"
es,Spanish,entity_or_value,european parliament,European_Parliament,2,28,1,parlamento europeo,28,1.0,False,"{""parlamento europeo"": 28}"
es,Spanish,entity_or_value,european space agency,European_Space_Agency,2,14,1,agencia espacial europea,14,1.0,False,"{""agencia espacial europea"": 14}"
es,Spanish,entity_or_value,european university association,European_University_Association,2,80,1,asociación de universidades europeas,80,1.0,False,"{""asociación de universidades europeas"": 80}"
es,Spanish,entity_or_value,eva perón,Eva_Perón,2,8,1,eva perón,8,1.0,False,"{""eva perón"": 8}"
es,Spanish,entity_or_value,evangelos venizelos,Evangelos_Venizelos,2,12,1,evángelos venizelos,12,1.0,False,"{""evángelos venizelos"": 12}"
es,Spanish,entity_or_value,exchange national bank building,"""Exchange National Bank Building""",2,2,1,edificio exchange national bank,2,1.0,False,"{""edificio exchange national bank"": 2}"
es,Spanish,entity_or_value,executive car,Executive_car,2,5,1,automóvil ejecutivo,5,1.0,False,"{""automóvil ejecutivo"": 5}"
es,Spanish,entity_or_value,expect a miracle,Expect_a_Miracle,2,104,1,espere un milagro,104,1.0,False,"{""espere un milagro"": 104}"
es,Spanish,entity_or_value,f. vilas,F._Vilas,2,3,1,f. vilas,3,1.0,False,"{""f. vilas"": 3}"
es,Spanish,entity_or_value,f.c. bari 1908,F.C._Bari_1908,2,9,1,f.c. bari 1908,9,1.0,False,"{""f.c. bari 1908"": 9}"
es,Spanish,entity_or_value,faber and faber,Faber_and_Faber,2,7,1,faber y faber,7,1.0,False,"{""faber y faber"": 7}"
es,Spanish,entity_or_value,"fall creek township, madison county, indiana","Fall_Creek_Township,_Madison_County,_Indiana",2,17,1,"municipio de fall creek (condado de madison, indiana)",17,1.0,False,"{""municipio de fall creek (condado de madison, indiana)"": 17}"
es,Spanish,entity_or_value,fallujah,Fallujah,2,33,1,faluya,33,1.0,False,"{""faluya"": 33}"
es,Spanish,entity_or_value,fantasy (genre),Fantasy_(genre),2,12,1,fantasía (género),12,1.0,False,"{""fantasía (género)"": 12}"
es,Spanish,entity_or_value,fantasy literature,Fantasy_literature,2,3,1,literatura fantástica,3,1.0,False,"{""literatura fantástica"": 3}"
es,Spanish,entity_or_value,faroese language,Faroese_language,2,8,1,feroés,8,1.0,False,"{""feroés"": 8}"
es,Spanish,entity_or_value,"farrar, straus and giroux","Farrar,_Straus_and_Giroux",2,3,1,"farrar, straus and giroux",3,1.0,False,"{""farrar, straus and giroux"": 3}"
es,Spanish,entity_or_value,faversham,Faversham,2,12,1,faversham,12,1.0,False,"{""faversham"": 12}"
es,Spanish,entity_or_value,"faversham, kent, england","""Faversham, Kent, England""",2,13,1,"faversham, kent, inglaterra",13,1.0,False,"{""faversham, kent, inglaterra"": 13}"
es,Spanish,entity_or_value,favoritner ac,Favoritner_AC,2,3,1,favoritner ac,3,1.0,False,"{""favoritner ac"": 3}"
es,Spanish,entity_or_value,fc admira wacker mödling,FC_Admira_Wacker_Mödling,2,7,1,fc admira wacker mödling,7,1.0,False,"{""fc admira wacker mödling"": 7}"
es,Spanish,entity_or_value,fc alania vladikavkaz,FC_Alania_Vladikavkaz,2,6,1,fc alania vladikavkaz,6,1.0,False,"{""fc alania vladikavkaz"": 6}"
es,Spanish,entity_or_value,fc amkar perm,FC_Amkar_Perm,2,48,1,fc amkar perm,48,1.0,False,"{""fc amkar perm"": 48}"
es,Spanish,entity_or_value,fc anzhi makhachkala,FC_Anzhi_Makhachkala,2,3,1,fc anzhí majachkalá,3,1.0,False,"{""fc anzhí majachkalá"": 3}"
es,Spanish,entity_or_value,fc barcelona,FC_Barcelona,2,2,1,fútbol club barcelona,2,1.0,False,"{""fútbol club barcelona"": 2}"
es,Spanish,entity_or_value,fc dallas,FC_Dallas,2,3,1,fc dallas,3,1.0,False,"{""fc dallas"": 3}"
es,Spanish,entity_or_value,fc dila gori,FC_Dila_Gori,2,3,1,fc dila gori,3,1.0,False,"{""fc dila gori"": 3}"
es,Spanish,entity_or_value,fc dinamo batumi,FC_Dinamo_Batumi,2,17,1,dinamo batumi,17,1.0,False,"{""dinamo batumi"": 17}"
es,Spanish,entity_or_value,fc dynamo moscow,FC_Dynamo_Moscow,2,7,1,fc dinamo moscú,7,1.0,False,"{""fc dinamo moscú"": 7}"
es,Spanish,entity_or_value,fc karpaty lviv,FC_Karpaty_Lviv,2,25,1,fk karpaty lviv,25,1.0,False,"{""fk karpaty lviv"": 25}"
es,Spanish,entity_or_value,fc kuban krasnodar,FC_Kuban_Krasnodar,2,13,1,fc kubán krasnodar,13,1.0,False,"{""fc kubán krasnodar"": 13}"
es,Spanish,entity_or_value,fc rubin kazan,FC_Rubin_Kazan,2,5,1,fc rubin kazán,5,1.0,False,"{""fc rubin kazán"": 5}"
es,Spanish,entity_or_value,fc sachsen leipzig,FC_Sachsen_Leipzig,2,9,1,fc sachsen leipzig,9,1.0,False,"{""fc sachsen leipzig"": 9}"
es,Spanish,entity_or_value,fc samtredia,FC_Samtredia,2,13,1,fc samtredia,13,1.0,False,"{""fc samtredia"": 13}"
es,Spanish,entity_or_value,fc spartak moscow,FC_Spartak_Moscow,2,98,1,fc spartak de moscú,98,1.0,False,"{""fc spartak de moscú"": 98}"
es,Spanish,entity_or_value,fc terek grozny,FC_Terek_Grozny,2,85,1,fc terek grozny,85,1.0,False,"{""fc terek grozny"": 85}"
es,Spanish,entity_or_value,fc tom tomsk,FC_Tom_Tomsk,2,13,1,fc tom tomsk,13,1.0,False,"{""fc tom tomsk"": 13}"
es,Spanish,entity_or_value,fc torpedo moscow,FC_Torpedo_Moscow,2,53,1,fc torpedo moscú,53,1.0,False,"{""fc torpedo moscú"": 53}"
es,Spanish,entity_or_value,fc zestafoni,FC_Zestafoni,2,3,1,football club zestafoni,3,1.0,False,"{""football club zestafoni"": 3}"
es,Spanish,entity_or_value,federal assembly (switzerland),Federal_Assembly_(Switzerland),2,11,1,asamblea federal (suiza),11,1.0,False,"{""asamblea federal (suiza)"": 11}"
es,Spanish,entity_or_value,federal chancellor of switzerland,Federal_Chancellor_of_Switzerland,2,28,1,canciller federal de suiza,28,1.0,False,"{""canciller federal de suiza"": 28}"
es,Spanish,entity_or_value,federalism,Federalism,2,5,1,federalismo,5,1.0,False,"{""federalismo"": 5}"
es,Spanish,entity_or_value,felipe gonzález,Felipe_González,2,20,1,felipe gonzález,20,1.0,False,"{""felipe gonzález"": 20}"
es,Spanish,entity_or_value,felipe gozon,Felipe_Gozon,2,28,1,felipe gozon,28,1.0,False,"{""felipe gozon"": 28}"
es,Spanish,entity_or_value,felipe vi of spain,Felipe_VI_of_Spain,2,58,1,felipe vi de españa,58,1.0,False,"{""felipe vi de españa"": 58}"
es,Spanish,entity_or_value,ferencvárosi tc,Ferencvárosi_TC,2,39,1,ferencváros t.c.,39,1.0,False,"{""ferencváros t.c."": 39}"
es,Spanish,entity_or_value,fiat croma,Fiat_Croma,2,35,1,fiat croma,35,1.0,False,"{""fiat croma"": 35}"
es,Spanish,entity_or_value,fiction,Fiction,2,7,1,ficción,7,1.0,False,"{""ficción"": 7}"
es,Spanish,entity_or_value,fighter pilot,Fighter_pilot,2,93,1,piloto de caza,93,1.0,False,"{""piloto de caza"": 93}"
es,Spanish,entity_or_value,filipino language,Filipino_language,2,2,1,idioma filipino,2,1.0,False,"{""idioma filipino"": 2}"
es,Spanish,entity_or_value,filipinos in japan,Filipinos_in_Japan,2,8,1,filipinos en japón,8,1.0,False,"{""filipinos en japón"": 8}"
es,Spanish,entity_or_value,film director,Film_director,2,2,1,director de cine,2,1.0,False,"{""director de cine"": 2}"
es,Spanish,entity_or_value,fimi,FIMI,2,3,1,fimi,3,1.0,False,"{""fimi"": 3}"
es,Spanish,entity_or_value,finland,Finland,2,74,1,finlandia,74,1.0,False,"{""finlandia"": 74}"
es,Spanish,entity_or_value,finns,Finns,2,11,1,pueblo finés,11,1.0,False,"{""pueblo finés"": 11}"
es,Spanish,entity_or_value,fir park,Fir_Park,2,5,1,fir park,5,1.0,False,"{""fir park"": 5}"
es,Spanish,entity_or_value,first vienna fc,First_Vienna_FC,2,4,1,first vienna fc,4,1.0,False,"{""first vienna fc"": 4}"
es,Spanish,entity_or_value,fish cooked in sour and hot sauce,"""Fish cooked in sour and hot sauce""",2,12,1,pescado cocinado en salsa agria y picante,12,1.0,False,"{""pescado cocinado en salsa agria y picante"": 12}"
es,Spanish,entity_or_value,fk austria wien,FK_Austria_Wien,2,7,1,fk austria viena,7,1.0,False,"{""fk austria viena"": 7}"
es,Spanish,entity_or_value,fk mughan,FK_Mughan,2,3,1,fk mughan,3,1.0,False,"{""fk mughan"": 3}"
es,Spanish,entity_or_value,flanders,Flanders,2,2,1,flandes,2,1.0,False,"{""flandes"": 2}"
es,Spanish,entity_or_value,flemish department of mobility and public works,"""Flemish department of Mobility and Public Works""",2,8,1,departamento flamenco de movilidad y obras públicas,8,1.0,False,"{""departamento flamenco de movilidad y obras públicas"": 8}"
es,Spanish,entity_or_value,flemish government,Flemish_Government,2,18,1,gobierno flamenco,18,1.0,False,"{""gobierno flamenco"": 18}"
es,Spanish,entity_or_value,flemish region,Flemish_Region,2,18,1,región flamenca,18,1.0,False,"{""región flamenca"": 18}"
es,Spanish,entity_or_value,flibbertigibbet,Flibbertigibbet,2,19,1,flibbertigibbet,19,1.0,False,"{""flibbertigibbet"": 19}"
es,Spanish,entity_or_value,floating world records,Floating_World_Records,2,11,1,récords mundiales flotantes,11,1.0,False,"{""récords mundiales flotantes"": 11}"
es,Spanish,entity_or_value,florida gators men's basketball,Florida_Gators_men's_basketball,2,4,1,baloncesto masculino de los florida gators,4,1.0,False,"{""baloncesto masculino de los florida gators"": 4}"
es,Spanish,entity_or_value,florida panthers,Florida_Panthers,2,16,1,florida panthers,16,1.0,False,"{""florida panthers"": 16}"
es,Spanish,entity_or_value,flowering plant,Flowering_plant,2,40,1,magnoliophyta,40,1.0,False,"{""magnoliophyta"": 40}"
es,Spanish,entity_or_value,folk music,Folk_music,2,29,1,música folclórica,29,1.0,False,"{""música folclórica"": 29}"
es,Spanish,entity_or_value,folk music of ireland,Folk_music_of_Ireland,2,7,1,música folclórica de irlanda,7,1.0,False,"{""música folclórica de irlanda"": 7}"
es,Spanish,entity_or_value,folk rock,Folk_rock,2,8,1,folk rock,8,1.0,False,"{""folk rock"": 8}"
es,Spanish,entity_or_value,fort campbell,Fort_Campbell,2,11,1,fort campbell,11,1.0,False,"{""fort campbell"": 11}"
es,Spanish,entity_or_value,"fort campbell, ky, raised in dothan, al","""Fort Campbell, KY, raised in Dothan, AL""",2,8,1,"fort campbell, ky, criado en dothan, al",8,1.0,False,"{""fort campbell, ky, criado en dothan, al"": 8}"
es,Spanish,entity_or_value,"fort worth, texas","Fort_Worth,_Texas",2,17,1,"fort worth, texas",17,1.0,False,"{""fort worth, texas"": 17}"
es,Spanish,entity_or_value,forward (football),Forward_(football),2,2,1,delantero (fútbol),2,1.0,False,"{""delantero (fútbol)"": 2}"
es,Spanish,entity_or_value,"fountain county, indiana","Fountain_County,_Indiana",2,39,1,"condado de fountain, indiana",39,1.0,False,"{""condado de fountain, indiana"": 39}"
es,Spanish,entity_or_value,four world trade center,Four_World_Trade_Center,2,5,1,cuatro torres gemelas,5,1.0,False,"{""cuatro torres gemelas"": 5}"
es,Spanish,entity_or_value,four-stroke engine,Four-stroke_engine,2,26,1,ciclo de cuatro tiempos,26,1.0,False,"{""ciclo de cuatro tiempos"": 26}"
es,Spanish,entity_or_value,france,France,2,207,1,francia,207,1.0,False,"{""francia"": 207}"
es,Spanish,entity_or_value,"france, united states or china","""France, United States or China""",2,11,1,"francia, estados unidos o china",11,1.0,False,"{""francia, estados unidos o china"": 11}"
es,Spanish,entity_or_value,francis g. slay,Francis_G._Slay,2,12,1,francis g. slay,12,1.0,False,"{""francis g. slay"": 12}"
es,Spanish,entity_or_value,francisco franco,Francisco_Franco,2,8,1,francisco franco,8,1.0,False,"{""francisco franco"": 8}"
es,Spanish,entity_or_value,frangipane,Frangipane,2,10,1,frangipane,10,1.0,False,"{""frangipane"": 10}"
es,Spanish,entity_or_value,frank borman,Frank_Borman,2,35,1,frank borman,35,1.0,False,"{""frank borman"": 35}"
es,Spanish,entity_or_value,frank de boer,Frank_de_Boer,2,17,1,frank de boer,17,1.0,False,"{""frank de boer"": 17}"
es,Spanish,entity_or_value,frank g. jackson,Frank_G._Jackson,2,11,1,frank g. jackson,11,1.0,False,"{""frank g. jackson"": 11}"
es,Spanish,entity_or_value,"franklin county, pennsylvania","Franklin_County,_Pennsylvania",2,32,1,"condado de franklin, pennsylvania",32,1.0,False,"{""condado de franklin, pennsylvania"": 32}"
es,Spanish,entity_or_value,franklin d. roosevelt,Franklin_D._Roosevelt,2,6,1,franklin d. roosevelt,6,1.0,False,"{""franklin d. roosevelt"": 6}"
es,Spanish,entity_or_value,françois hollande,François_Hollande,2,14,1,françois hollande,14,1.0,False,"{""françois hollande"": 14}"
es,Spanish,entity_or_value,"frederick county, maryland","Frederick_County,_Maryland",2,44,1,condado de frederick,44,1.0,False,"{""condado de frederick"": 44}"
es,Spanish,entity_or_value,"frederick, maryland","Frederick,_Maryland",2,16,1,"frederick, maryland",16,1.0,False,"{""frederick, maryland"": 16}"
es,Spanish,entity_or_value,french first republic,French_First_Republic,2,3,1,primera república francesa,3,1.0,False,"{""primera república francesa"": 3}"
es,Spanish,entity_or_value,french guiana,French_Guiana,2,12,1,guayana francesa,12,1.0,False,"{""guayana francesa"": 12}"
es,Spanish,entity_or_value,french language,French_language,2,54,1,francés,54,1.0,False,"{""francés"": 54}"
es,Spanish,entity_or_value,french people,French_people,2,4,1,franceses,4,1.0,False,"{""franceses"": 4}"
es,Spanish,entity_or_value,french republic,"""French Republic""",2,2,1,república francesa,2,1.0,False,"{""república francesa"": 2}"
es,Spanish,entity_or_value,fried chicken,Fried_chicken,2,60,1,pollo frito,60,1.0,False,"{""pollo frito"": 60}"
es,Spanish,entity_or_value,fried egg,Fried_egg,2,3,1,huevo frito,3,1.0,False,"{""huevo frito"": 3}"
es,Spanish,entity_or_value,fried fish dumpling with tofu and vegetables in peanut sauce,"""fried fish dumpling with tofu and vegetables in peanut sauce""",2,6,1,dumpling de pescado frito con tofu y verduras en salsa de cacahuete,6,1.0,False,"{""dumpling de pescado frito con tofu y verduras en salsa de cacahuete"": 6}"
es,Spanish,entity_or_value,friedrichshafen,Friedrichshafen,2,8,1,friedrichshafen,8,1.0,False,"{""friedrichshafen"": 8}"
es,Spanish,entity_or_value,front-engine design,Front-engine_design,2,5,1,motor delantero,5,1.0,False,"{""motor delantero"": 5}"
es,Spanish,entity_or_value,"front-engine, front-wheel-drive layout","Front-engine,_front-wheel-drive_layout",2,4,1,motor delantero y tracción delantera,4,1.0,False,"{""motor delantero y tracción delantera"": 4}"
es,Spanish,entity_or_value,front-wheel drive,Front-wheel_drive,2,3,1,tracción delantera,3,1.0,False,"{""tracción delantera"": 3}"
es,Spanish,entity_or_value,front-wheel drive / all-wheel drive,"""front-wheel drive / all-wheel drive""",2,7,1,tracción delantera / tracción total,7,1.0,False,"{""tracción delantera / tracción total"": 7}"
es,Spanish,entity_or_value,fruit preserves,Fruit_preserves,2,8,1,conservas de frutas,8,1.0,False,"{""conservas de frutas"": 8}"
es,Spanish,entity_or_value,fruits de mer records,Fruits_de_Mer_Records,2,9,1,fruits de mer records,9,1.0,False,"{""fruits de mer records"": 9}"
es,Spanish,entity_or_value,fsv zwickau,FSV_Zwickau,2,3,1,fsv zwickau,3,1.0,False,"{""fsv zwickau"": 3}"
es,Spanish,entity_or_value,fuad masum,Fuad_Masum,2,9,1,fuad masum,9,1.0,False,"{""fuad masum"": 9}"
es,Spanish,entity_or_value,full-size car,Full-size_car,2,10,1,coche de tamaño completo,10,1.0,False,"{""coche de tamaño completo"": 10}"
es,Spanish,entity_or_value,full-size luxury car,"""Full-size luxury car""",2,7,1,coche de lujo,7,1.0,False,"{""coche de lujo"": 7}"
es,Spanish,entity_or_value,"fulton county, georgia","Fulton_County,_Georgia",2,59,1,"condado de fulton, georgia",59,1.0,False,"{""condado de fulton, georgia"": 59}"
es,Spanish,entity_or_value,funk,Funk,2,76,1,funk,76,1.0,False,"{""funk"": 76}"
es,Spanish,entity_or_value,gabriela michetti,Gabriela_Michetti,2,12,1,gabriela michetti,12,1.0,False,"{""gabriela michetti"": 12}"
es,Spanish,entity_or_value,gadzhi gadzhiyev,Gadzhi_Gadzhiyev,2,16,1,gadzhi gadzhiyev,16,1.0,False,"{""gadzhi gadzhiyev"": 16}"
es,Spanish,entity_or_value,galactic,Galactic,2,11,1,galactic,11,1.0,False,"{""galactic"": 11}"
es,Spanish,entity_or_value,gale brewer,Gale_Brewer,2,7,1,gale brewer,7,1.0,False,"{""gale brewer"": 7}"
es,Spanish,entity_or_value,galicia (spain),Galicia_(Spain),2,24,1,galicia (españa),24,1.0,False,"{""galicia (españa)"": 24}"
es,Spanish,entity_or_value,ganges,Ganges,2,18,1,río ganges,18,1.0,False,"{""río ganges"": 18}"
es,Spanish,entity_or_value,gangsta rap,Gangsta_rap,2,16,1,gangsta rap,16,1.0,False,"{""gangsta rap"": 16}"
es,Spanish,entity_or_value,garage rock,Garage_rock,2,21,1,garage rock,21,1.0,False,"{""garage rock"": 21}"
es,Spanish,entity_or_value,gardner fox,Gardner_Fox,2,9,1,gardner fox,9,1.0,False,"{""gardner fox"": 9}"
es,Spanish,entity_or_value,garlic,Garlic,2,17,1,ajo,17,1.0,False,"{""ajo"": 17}"
es,Spanish,entity_or_value,garth nix,Garth_Nix,2,25,1,garth nix,25,1.0,False,"{""garth nix"": 25}"
es,Spanish,entity_or_value,gary cohn (comics),Gary_Cohn_(comics),2,8,1,gary cohn,8,1.0,False,"{""gary cohn"": 8}"
es,Spanish,entity_or_value,"gdynia, poland","Gdynia,_Poland",2,24,1,"gdynia, polonia",24,1.0,False,"{""gdynia, polonia"": 24}"
es,Spanish,entity_or_value,"geared steam engine humphrys, tennant and dykes 140hp","""Geared steam engine Humphrys, Tennant and Dykes 140hp""",2,2,1,"máquina de vapor de engranajes humphrys, tennant and dykes 140 cv",2,1.0,False,"{""máquina de vapor de engranajes humphrys, tennant and dykes 140 cv"": 2}"
es,Spanish,entity_or_value,gene colan,Gene_Colan,2,12,1,gene colan,12,1.0,False,"{""gene colan"": 12}"
es,Spanish,entity_or_value,general dynamics,General_Dynamics,2,4,1,general dynamics,4,1.0,False,"{""general dynamics"": 4}"
es,Spanish,entity_or_value,general dynamics electric boat,General_Dynamics_Electric_Boat,2,16,1,general dynamics electric boat,16,1.0,False,"{""general dynamics electric boat"": 16}"
es,Spanish,entity_or_value,general dynamics f-16 fighting falcon,General_Dynamics_F-16_Fighting_Falcon,2,17,1,general dynamics f-16 fighting falcon,17,1.0,False,"{""general dynamics f-16 fighting falcon"": 17}"
es,Spanish,entity_or_value,general motors,General_Motors,2,4,1,general motors,4,1.0,False,"{""general motors"": 4}"
es,Spanish,entity_or_value,general relativity,General_relativity,2,13,1,relatividad general,13,1.0,False,"{""relatividad general"": 13}"
es,Spanish,entity_or_value,genoa,Genoa,2,3,1,génova,3,1.0,False,"{""génova"": 3}"
es,Spanish,entity_or_value,genoa c.f.c.,Genoa_C.F.C.,2,7,1,genoa c.f.c.,7,1.0,False,"{""genoa c.f.c."": 7}"
es,Spanish,entity_or_value,geof bartz,Geof_Bartz,2,15,1,geof bartz,15,1.0,False,"{""geof bartz"": 15}"
es,Spanish,entity_or_value,george allen & unwin,George_Allen_&_Unwin,2,16,1,george allen & unwin,16,1.0,False,"{""george allen & unwin"": 16}"
es,Spanish,entity_or_value,george brenner,George_Brenner,2,2,1,george brenner,2,1.0,False,"{""george brenner"": 2}"
es,Spanish,entity_or_value,george h. w. bush,George_H._W._Bush,2,4,1,george h. w. bush,4,1.0,False,"{""george h. w. bush"": 4}"
es,Spanish,entity_or_value,george kapitan,George_Kapitan,2,4,1,george kapitan,4,1.0,False,"{""george kapitan"": 4}"
es,Spanish,entity_or_value,george macdonald,George_MacDonald,2,2,1,george macdonald,2,1.0,False,"{""george macdonald"": 2}"
es,Spanish,entity_or_value,george monson,George_Monson,2,11,1,george monson,11,1.0,False,"{""george monson"": 11}"
es,Spanish,entity_or_value,george richard pain,George_Richard_Pain,2,3,1,george richard pain,3,1.0,False,"{""george richard pain"": 3}"
es,Spanish,entity_or_value,george winkler,George_Winkler,2,5,1,george winkler,5,1.0,False,"{""george winkler"": 5}"
es,Spanish,entity_or_value,"georgetown, texas","Georgetown,_Texas",2,9,1,"georgetown, texas",9,1.0,False,"{""georgetown, texas"": 9}"
es,Spanish,entity_or_value,georgia,"""Georgia""",2,10,1,georgia,10,1.0,False,"{""georgia"": 10}"
es,Spanish,entity_or_value,georgia (u.s. state),Georgia_(U.S._state),2,65,1,georgia (estado de ee.uu.),65,1.0,False,"{""georgia (estado de ee.uu.)"": 65}"
es,Spanish,entity_or_value,georgia national football team,Georgia_national_football_team,2,2,1,selección de fútbol de georgia,2,1.0,False,"{""selección de fútbol de georgia"": 2}"
es,Spanish,entity_or_value,"georgia, vermont","Georgia,_Vermont",2,20,1,georgia,20,1.0,False,"{""georgia"": 20}"
es,Spanish,entity_or_value,georgian architecture,Georgian_architecture,2,9,1,arquitectura georgiana,9,1.0,False,"{""arquitectura georgiana"": 9}"
es,Spanish,entity_or_value,georgian soviet socialist republic,Georgian_Soviet_Socialist_Republic,2,3,1,república socialista soviética georgiana,3,1.0,False,"{""república socialista soviética georgiana"": 3}"
es,Spanish,entity_or_value,georgy poltavchenko,Georgy_Poltavchenko,2,2,1,georgy poltavchenko,2,1.0,False,"{""georgy poltavchenko"": 2}"
es,Spanish,entity_or_value,gerd von rundstedt,Gerd_von_Rundstedt,2,3,1,gerd von rundstedt,3,1.0,False,"{""gerd von rundstedt"": 3}"
es,Spanish,entity_or_value,german empire,German_Empire,2,42,1,imperio alemán,42,1.0,False,"{""imperio alemán"": 42}"
es,Spanish,entity_or_value,german language,German_language,2,17,1,alemán,17,1.0,False,"{""alemán"": 17}"
es,Spanish,entity_or_value,german papiermark,German_Papiermark,2,2,1,papiermark alemán,2,1.0,False,"{""papiermark alemán"": 2}"
es,Spanish,entity_or_value,germans,Germans,2,7,1,alemanes,7,1.0,False,"{""alemanes"": 7}"
es,Spanish,entity_or_value,germans of romania,Germans_of_Romania,2,26,1,alemanes de rumanía,26,1.0,False,"{""alemanes de rumanía"": 26}"
es,Spanish,entity_or_value,germany,Germany,2,79,1,alemania,79,1.0,False,"{""alemania"": 79}"
es,Spanish,entity_or_value,germany national under-21 football team,Germany_national_under-21_football_team,2,3,1,selección de fútbol sub-21 de alemania,3,1.0,False,"{""selección de fútbol sub-21 de alemania"": 3}"
es,Spanish,entity_or_value,germany national youth football team,Germany_national_youth_football_team,2,2,1,selección juvenil de fútbol de alemania,2,1.0,False,"{""selección juvenil de fútbol de alemania"": 2}"
es,Spanish,entity_or_value,"gettysburg, pennsylvania","Gettysburg,_Pennsylvania",2,56,1,"gettysburg, pennsylvania",56,1.0,False,"{""gettysburg, pennsylvania"": 56}"
es,Spanish,entity_or_value,gilbert taylor,Gilbert_Taylor,2,14,1,gilbert taylor,14,1.0,False,"{""gilbert taylor"": 14}"
es,Spanish,entity_or_value,giorgos kaminis,Giorgos_Kaminis,2,5,1,iorgos kaminis,5,1.0,False,"{""iorgos kaminis"": 5}"
es,Spanish,entity_or_value,giovanni bertone,Giovanni_Bertone,2,9,1,giovanni bertone,9,1.0,False,"{""giovanni bertone"": 9}"
es,Spanish,entity_or_value,giuseppe iachini,Giuseppe_Iachini,2,14,1,giuseppe iachini,14,1.0,False,"{""giuseppe iachini"": 14}"
es,Spanish,entity_or_value,glass tiger,Glass_Tiger,2,4,1,glass tiger,4,1.0,False,"{""glass tiger"": 4}"
es,Spanish,entity_or_value,"glen ridge, new jersey","Glen_Ridge,_New_Jersey",2,77,1,"glen ridge, nueva jersey",77,1.0,False,"{""glen ridge, nueva jersey"": 77}"
es,Spanish,entity_or_value,gma network (company),GMA_Network_(company),2,21,1,gma network (empresa),21,1.0,False,"{""gma network (empresa)"": 21}"
es,Spanish,entity_or_value,gma network center,GMA_Network_Center,2,24,1,centro de la red gma,24,1.0,False,"{""centro de la red gma"": 24}"
es,Spanish,entity_or_value,gma new media,GMA_New_Media,2,265,1,gma nuevos medios,265,1.0,False,"{""gma nuevos medios"": 265}"
es,Spanish,entity_or_value,gordon marsden,Gordon_Marsden,2,7,1,gordon marsden,7,1.0,False,"{""gordon marsden"": 7}"
es,Spanish,entity_or_value,goslarer sc 08,Goslarer_SC_08,2,13,1,goslarer sc 08,13,1.0,False,"{""goslarer sc 08"": 13}"
es,Spanish,entity_or_value,governator,Governator,2,18,1,gobernador,18,1.0,False,"{""gobernador"": 18}"
es,Spanish,entity_or_value,government of addis ababa,"""Government of Addis Ababa""",2,6,1,gobierno de addis abeba,6,1.0,False,"{""gobierno de addis abeba"": 6}"
es,Spanish,entity_or_value,governor,Governor,2,4,1,gobernador,4,1.0,False,"{""gobernador"": 4}"
es,Spanish,entity_or_value,governor of connecticut,"""Governor of Connecticut""",2,15,1,gobernador de connecticut,15,1.0,False,"{""gobernador de connecticut"": 15}"
es,Spanish,entity_or_value,governor of north carolina,"""Governor of North Carolina""",2,11,1,gobernador de carolina del norte,11,1.0,False,"{""gobernador de carolina del norte"": 11}"
es,Spanish,entity_or_value,governor of texas,"""Governor of Texas""",2,5,1,gobernador de texas,5,1.0,False,"{""gobernador de texas"": 5}"
es,Spanish,entity_or_value,governor of west virginia,"""Governor of West Virginia""",2,2,1,gobernador de virginia occidental,2,1.0,False,"{""gobernador de virginia occidental"": 2}"
es,Spanish,entity_or_value,graeme garden,Graeme_Garden,2,15,1,graeme garden,15,1.0,False,"{""graeme garden"": 15}"
es,Spanish,entity_or_value,gram flour,Gram_flour,2,13,1,harina de garbanzo,13,1.0,False,"{""harina de garbanzo"": 13}"
es,Spanish,entity_or_value,"gram flour, vegetables","""Gram flour, vegetables""",2,13,1,"harina de gramo, verduras",13,1.0,False,"{""harina de gramo, verduras"": 13}"
es,Spanish,entity_or_value,gran asunción,Gran_Asunción,2,14,1,gran asunción,14,1.0,False,"{""gran asunción"": 14}"
es,Spanish,entity_or_value,"grand chute, wisconsin","Grand_Chute,_Wisconsin",2,17,1,"grand chute, wisconsin",17,1.0,False,"{""grand chute, wisconsin"": 17}"
es,Spanish,entity_or_value,granola,Granola,2,23,1,granola,23,1.0,False,"{""granola"": 23}"
es,Spanish,entity_or_value,grantville gazette ii,Grantville_Gazette_II,2,15,1,gaceta de grantville ii,15,1.0,False,"{""gaceta de grantville ii"": 15}"
es,Spanish,entity_or_value,grantville gazette iii,Grantville_Gazette_III,2,12,1,gaceta de grantville iii,12,1.0,False,"{""gaceta de grantville iii"": 12}"
es,Spanish,entity_or_value,gravesend,Gravesend,2,2,1,gravesend,2,1.0,False,"{""gravesend"": 2}"
es,Spanish,entity_or_value,graz,Graz,2,24,1,graz,24,1.0,False,"{""graz"": 24}"
es,Spanish,entity_or_value,great britain,Great_Britain,2,124,1,gran bretaña,124,1.0,False,"{""gran bretaña"": 124}"
es,Spanish,entity_or_value,greater london authority,Greater_London_Authority,2,6,1,autoridad del gran londres,6,1.0,False,"{""autoridad del gran londres"": 6}"
es,Spanish,entity_or_value,greater los angeles area,Greater_Los_Angeles_Area,2,13,1,área metropolitana de los ángeles,13,1.0,False,"{""área metropolitana de los ángeles"": 13}"
es,Spanish,entity_or_value,greater st. louis,Greater_St._Louis,2,2,1,gran san luis,2,1.0,False,"{""gran san luis"": 2}"
es,Spanish,entity_or_value,greece,Greece,2,194,1,grecia,194,1.0,False,"{""grecia"": 194}"
es,Spanish,entity_or_value,greek language,Greek_language,2,19,1,griego,19,1.0,False,"{""griego"": 19}"
es,Spanish,entity_or_value,greeks,Greeks,2,6,1,griegos,6,1.0,False,"{""griegos"": 6}"
es,Spanish,entity_or_value,"greene, maine","Greene,_Maine",2,7,1,"greene, maine",7,1.0,False,"{""greene, maine"": 7}"
es,Spanish,entity_or_value,greenlandic language,Greenlandic_language,2,7,1,groenlandés,7,1.0,False,"{""groenlandés"": 7}"
es,Spanish,entity_or_value,"greenville, wisconsin","Greenville,_Wisconsin",2,109,1,"greenville, wisconsin",109,1.0,False,"{""greenville, wisconsin"": 109}"
es,Spanish,entity_or_value,gregory allen,Gregory_Allen,2,2,1,gregory allen,2,1.0,False,"{""gregory allen"": 2}"
es,Spanish,entity_or_value,gregory l. fenves,Gregory_L._Fenves,2,12,1,gregory l. fenves,12,1.0,False,"{""gregory l. fenves"": 12}"
es,Spanish,entity_or_value,grenadier guards,Grenadier_Guards,2,29,1,grenadier guards,29,1.0,False,"{""grenadier guards"": 29}"
es,Spanish,entity_or_value,greymachine,Greymachine,2,21,1,greymachine,21,1.0,False,"{""greymachine"": 21}"
es,Spanish,entity_or_value,grigory neujmin,Grigory_Neujmin,2,26,1,grigori neúimin,26,1.0,False,"{""grigori neúimin"": 26}"
es,Spanish,entity_or_value,"groton, connecticut","Groton,_Connecticut",2,5,1,"groton, connecticut",5,1.0,False,"{""groton, connecticut"": 5}"
es,Spanish,entity_or_value,"ground almond, jam, butter, eggs","""Ground almond, jam, butter, eggs""",2,22,1,"almendra molida, mermelada, mantequilla, huevos",22,1.0,False,"{""almendra molida, mermelada, mantequilla, huevos"": 22}"
es,Spanish,entity_or_value,ground beef,Ground_beef,2,3,1,carne picada,3,1.0,False,"{""carne picada"": 3}"
es,Spanish,entity_or_value,"ground beef, tapioca, noodle, rice vermicelli, beef broth, kailan, celery, salted vegetables, fried shallots","""Ground beef, tapioca, noodle, rice vermicelli, beef broth, kailan, celery, salted vegetables, fried shallots""",2,10,1,"carne picada, tapioca, fideos, fideos de arroz, caldo de carne, kailan, apio, verduras saladas, chalotas fritas",10,1.0,False,"{""carne picada, tapioca, fideos, fideos de arroz, caldo de carne, kailan, apio, verduras saladas, chalotas fritas"": 10}"
es,Spanish,entity_or_value,ground meat,Ground_meat,2,3,1,carne picada,3,1.0,False,"{""carne picada"": 3}"
es,Spanish,entity_or_value,grozny,Grozny,2,24,1,grozni,24,1.0,False,"{""grozni"": 24}"
es,Spanish,entity_or_value,gruppo bertone,Gruppo_Bertone,2,61,1,gruppo bertone,61,1.0,False,"{""gruppo bertone"": 61}"
es,Spanish,entity_or_value,guadalajara,Guadalajara,2,33,1,guadalajara,33,1.0,False,"{""guadalajara"": 33}"
es,Spanish,entity_or_value,guanciale,Guanciale,2,6,1,guanciale,6,1.0,False,"{""guanciale"": 6}"
es,Spanish,entity_or_value,guarania (music),Guarania_(music),2,7,1,guarania (música),7,1.0,False,"{""guarania (música)"": 7}"
es,Spanish,entity_or_value,gubbio,Gubbio,2,3,1,gubbio,3,1.0,False,"{""gubbio"": 3}"
es,Spanish,entity_or_value,guiana space centre,Guiana_Space_Centre,2,63,1,puerto espacial de kourou,63,1.0,False,"{""puerto espacial de kourou"": 63}"
es,Spanish,entity_or_value,guitar,Guitar,2,35,1,guitarra,35,1.0,False,"{""guitarra"": 35}"
es,Spanish,entity_or_value,guitarist,Guitarist,2,4,1,guitarrista,4,1.0,False,"{""guitarrista"": 4}"
es,Spanish,entity_or_value,gujarat,Gujarat,2,44,1,guyarat,44,1.0,False,"{""guyarat"": 44}"
es,Spanish,entity_or_value,gujarat legislative assembly,Gujarat_Legislative_Assembly,2,7,1,asamblea legislativa de gujarat,7,1.0,False,"{""asamblea legislativa de gujarat"": 7}"
es,Spanish,entity_or_value,gulf war,Gulf_War,2,32,1,guerra del golfo,32,1.0,False,"{""guerra del golfo"": 32}"
es,Spanish,entity_or_value,gus poyet,Gus_Poyet,2,22,1,gustavo poyet,22,1.0,False,"{""gustavo poyet"": 22}"
es,Spanish,entity_or_value,gábor kubatov,Gábor_Kubatov,2,7,1,gábor kubatov,7,1.0,False,"{""gábor kubatov"": 7}"
es,Spanish,entity_or_value,gérard larcher,Gérard_Larcher,2,31,1,gérard larcher,31,1.0,False,"{""gérard larcher"": 31}"
es,Spanish,entity_or_value,göttingen,Göttingen,2,11,1,gotinga,11,1.0,False,"{""gotinga"": 11}"
es,Spanish,entity_or_value,haarlemmermeer,Haarlemmermeer,2,2,1,haarlemmermeer,2,1.0,False,"{""haarlemmermeer"": 2}"
es,Spanish,entity_or_value,habbaniyah,Habbaniyah,2,3,1,habbaniyah,3,1.0,False,"{""habbaniyah"": 3}"
es,Spanish,entity_or_value,haider al-abadi,Haider_al-Abadi,2,8,1,haider al-abadi,8,1.0,False,"{""haider al-abadi"": 8}"
es,Spanish,entity_or_value,hailemariam desalegn,Hailemariam_Desalegn,2,14,1,haile mariam desalegne,14,1.0,False,"{""haile mariam desalegne"": 14}"
es,Spanish,entity_or_value,hal light combat helicopter,HAL_Light_Combat_Helicopter,2,6,1,helicóptero de combate ligero hal,6,1.0,False,"{""helicóptero de combate ligero hal"": 6}"
es,Spanish,entity_or_value,halimah yacob,Halimah_Yacob,2,30,1,halimah yacob,30,1.0,False,"{""halimah yacob"": 30}"
es,Spanish,entity_or_value,halton arp,Halton_Arp,2,18,1,halton arp,18,1.0,False,"{""halton arp"": 18}"
es,Spanish,entity_or_value,hamburger sv,Hamburger_SV,2,20,1,hamburgo sv,20,1.0,False,"{""hamburgo sv"": 20}"
es,Spanish,entity_or_value,hamilton academical f.c.,Hamilton_Academical_F.C.,2,26,1,hamilton academical football club,26,1.0,False,"{""hamilton academical football club"": 26}"
es,Spanish,entity_or_value,"hamilton, south lanarkshire","Hamilton,_South_Lanarkshire",2,4,1,"hamilton, south lanarkshire",4,1.0,False,"{""hamilton, south lanarkshire"": 4}"
es,Spanish,entity_or_value,happy xmas (war is over),Happy_Xmas_(War_Is_Over),2,8,1,happy xmas (war is over),8,1.0,False,"{""happy xmas (war is over)"": 8}"
es,Spanish,entity_or_value,haputale,Haputale,2,14,1,haputale,14,1.0,False,"{""haputale"": 14}"
es,Spanish,entity_or_value,"haputale, sri lanka","""Haputale, Sri Lanka""",2,18,1,"haputale, sri lanka",18,1.0,False,"{""haputale, sri lanka"": 18}"
es,Spanish,entity_or_value,harbour view f.c.,Harbour_View_F.C.,2,12,1,harbour view football club,12,1.0,False,"{""harbour view football club"": 12}"
es,Spanish,entity_or_value,harcourt (publisher),Harcourt_(publisher),2,4,1,harcourt (editorial),4,1.0,False,"{""harcourt (editorial)"": 4}"
es,Spanish,entity_or_value,hardcover,Hardcover,2,69,1,cartoné,69,1.0,False,"{""cartoné"": 69}"
es,Spanish,entity_or_value,hardtop,Hardtop,2,10,1,hardtop,10,1.0,False,"{""hardtop"": 10}"
es,Spanish,entity_or_value,harold french,Harold_French,2,26,1,harold french,26,1.0,False,"{""harold french"": 26}"
es,Spanish,entity_or_value,"harrietstown, new york","Harrietstown,_New_York",2,42,1,harrietstown,42,1.0,False,"{""harrietstown"": 42}"
es,Spanish,entity_or_value,harry carey (actor born 1878),Harry_Carey_(actor_born_1878),2,40,1,harry carey (actor nacido en 1878),40,1.0,False,"{""harry carey (actor nacido en 1878)"": 40}"
es,Spanish,entity_or_value,harry sahle,Harry_Sahle,2,4,1,harry sahle,4,1.0,False,"{""harry sahle"": 4}"
es,Spanish,entity_or_value,harvard university,Harvard_University,2,14,1,universidad de harvard,14,1.0,False,"{""universidad de harvard"": 14}"
es,Spanish,entity_or_value,hatchback,Hatchback,2,9,1,hatchback,9,1.0,False,"{""hatchback"": 9}"
es,Spanish,entity_or_value,"hays county, texas","Hays_County,_Texas",2,16,1,"condado de hays, texas",16,1.0,False,"{""condado de hays, texas"": 16}"
es,Spanish,entity_or_value,hbo,HBO,2,25,1,hbo,25,1.0,False,"{""hbo"": 25}"
es,Spanish,entity_or_value,"hbo east, hbo west","HBO East, HBO West",2,2,1,"hbo este, hbo oeste",2,1.0,False,"{""hbo este, hbo oeste"": 2}"
es,Spanish,entity_or_value,head south by weaving,Head_South_By_Weaving,2,4,1,hacia el sur tejiendo,4,1.0,False,"{""hacia el sur tejiendo"": 4}"
es,Spanish,entity_or_value,healthcare,Healthcare,2,20,1,sanidad,20,1.0,False,"{""sanidad"": 20}"
es,Spanish,entity_or_value,hearst castle,Hearst_Castle,2,9,1,castillo hearst,9,1.0,False,"{""castillo hearst"": 9}"
es,Spanish,entity_or_value,helipad,"""Helipad""",2,2,1,helisuperficie,2,1.0,False,"{""helisuperficie"": 2}"
es,Spanish,entity_or_value,helmut jahn,Helmut_Jahn,2,8,1,helmut jahn,8,1.0,False,"{""helmut jahn"": 8}"
es,Spanish,entity_or_value,helsinki,Helsinki,2,20,1,helsinki,20,1.0,False,"{""helsinki"": 20}"
es,Spanish,entity_or_value,henry clay,Henry_Clay,2,8,1,henry clay,8,1.0,False,"{""henry clay"": 8}"
es,Spanish,entity_or_value,hessisch oldendorf,Hessisch_Oldendorf,2,10,1,hessisch oldendorf,10,1.0,False,"{""hessisch oldendorf"": 10}"
es,Spanish,entity_or_value,high fantasy,High_fantasy,2,2,1,alta fantasía,2,1.0,False,"{""alta fantasía"": 2}"
es,Spanish,entity_or_value,hilario pérez,Hilario_Pérez,2,3,1,hilario pérez,3,1.0,False,"{""hilario pérez"": 3}"
es,Spanish,entity_or_value,hip hop music,Hip_hop_music,2,188,1,hip hop,188,1.0,False,"{""hip hop"": 188}"
es,Spanish,entity_or_value,historic districts in the united states,Historic_districts_in_the_United_States,2,25,1,distrito histórico de estados unidos,25,1.0,False,"{""distrito histórico de estados unidos"": 25}"
es,Spanish,entity_or_value,hiv,HIV,2,24,1,virus de la inmunodeficiencia humana,24,1.0,False,"{""virus de la inmunodeficiencia humana"": 24}"
es,Spanish,entity_or_value,hiv/aids,HIV/AIDS,2,13,1,sida,13,1.0,False,"{""sida"": 13}"
es,Spanish,entity_or_value,hogao,Hogao,2,4,1,hogao,4,1.0,False,"{""hogao"": 4}"
es,Spanish,entity_or_value,hohne,Hohne,2,6,1,hohne,6,1.0,False,"{""hohne"": 6}"
es,Spanish,entity_or_value,hok (firm),HOK_(firm),2,2,1,"hellmuth, obata & kassabaum",2,1.0,False,"{""hellmuth, obata & kassabaum"": 2}"
es,Spanish,entity_or_value,hok sve,"""HOK SVE""",2,11,1,hok sve,11,1.0,False,"{""hok sve"": 11}"
es,Spanish,entity_or_value,homer elihu royce,Homer_Elihu_Royce,2,11,1,homer elihu royce,11,1.0,False,"{""homer elihu royce"": 11}"
es,Spanish,entity_or_value,honda,Honda,2,45,1,honda,45,1.0,False,"{""honda"": 45}"
es,Spanish,entity_or_value,honda accord,Honda_Accord,2,11,1,honda accord,11,1.0,False,"{""honda accord"": 11}"
es,Spanish,entity_or_value,honda j engine,Honda_J_engine,2,9,1,honda j series,9,1.0,False,"{""honda j series"": 9}"
es,Spanish,entity_or_value,honda k engine,Honda_K_engine,2,18,1,motor honda k,18,1.0,False,"{""motor honda k"": 18}"
es,Spanish,entity_or_value,honey,Honey,2,10,1,miel,10,1.0,False,"{""miel"": 10}"
es,Spanish,entity_or_value,hong kong,Hong_Kong,2,25,1,hong kong,25,1.0,False,"{""hong kong"": 25}"
es,Spanish,entity_or_value,hoofdklasse,Hoofdklasse,2,3,1,hoofdklasse,3,1.0,False,"{""hoofdklasse"": 3}"
es,Spanish,entity_or_value,hook 'em (mascot),Hook_'em_(mascot),2,9,1,hook 'em (mascota),9,1.0,False,"{""hook 'em (mascota)"": 9}"
es,Spanish,entity_or_value,horacio rodríguez larreta,Horacio_Rodríguez_Larreta,2,7,1,horacio rodríguez larreta,7,1.0,False,"{""horacio rodríguez larreta"": 7}"
es,Spanish,entity_or_value,hornchurch,Hornchurch,2,4,1,hornchurch,4,1.0,False,"{""hornchurch"": 4}"
es,Spanish,entity_or_value,hortensio quijano,Hortensio_Quijano,2,6,1,hortensio quijano,6,1.0,False,"{""hortensio quijano"": 6}"
es,Spanish,entity_or_value,hot,"""Hot""",2,9,1,hot,9,1.0,False,"{""hot"": 9}"
es,Spanish,entity_or_value,house music,House_music,2,46,1,música house,46,1.0,False,"{""música house"": 46}"
es,Spanish,entity_or_value,house of low culture,House_of_Low_Culture,2,9,1,house of low culture,9,1.0,False,"{""house of low culture"": 9}"
es,Spanish,entity_or_value,house of representatives (netherlands),House_of_Representatives_(Netherlands),2,20,1,segunda cámara de los estados generales (países bajos),20,1.0,False,"{""segunda cámara de los estados generales (países bajos)"": 20}"
es,Spanish,entity_or_value,houston,Houston,2,54,1,houston,54,1.0,False,"{""houston"": 54}"
es,Spanish,entity_or_value,houston texans,Houston_Texans,2,56,1,houston texans,56,1.0,False,"{""houston texans"": 56}"
es,Spanish,entity_or_value,hubei,Hubei,2,16,1,hubei,16,1.0,False,"{""hubei"": 16}"
es,Spanish,entity_or_value,hugh hazzard,"""Hugh Hazzard""",2,2,1,hugh hazzard,2,1.0,False,"{""hugh hazzard"": 2}"
es,Spanish,entity_or_value,hugo sperrle,Hugo_Sperrle,2,2,1,hugo sperrle,2,1.0,False,"{""hugo sperrle"": 2}"
es,Spanish,entity_or_value,hull city a.f.c.,Hull_City_A.F.C.,2,12,1,hull city association football club,12,1.0,False,"{""hull city association football club"": 12}"
es,Spanish,entity_or_value,humboldt university,Humboldt_University,2,13,1,universidad de humboldt,13,1.0,False,"{""universidad de humboldt"": 13}"
es,Spanish,entity_or_value,"humphrys, tennant and dykes","Humphrys,_Tennant_and_Dykes",2,38,1,"humphrys, tennant y dykes",38,1.0,False,"{""humphrys, tennant y dykes"": 38}"
es,Spanish,entity_or_value,hungary,Hungary,2,6,1,hungría,6,1.0,False,"{""hungría"": 6}"
es,Spanish,entity_or_value,hvac,HVAC,2,23,1,hvac,23,1.0,False,"{""hvac"": 23}"
es,Spanish,entity_or_value,hypermarcas,Hypermarcas,2,301,1,hipermarcas,301,1.0,False,"{""hipermarcas"": 301}"
es,Spanish,entity_or_value,héctor numa moraes,Héctor_Numa_Moraes,2,6,1,héctor numa moraes,6,1.0,False,"{""héctor numa moraes"": 6}"
es,Spanish,entity_or_value,hüseyin bütüner and hilmi güner,"""Hüseyin Bütüner and Hilmi Güner""",2,33,1,hüseyin bütüner y hilmi güner,33,1.0,False,"{""hüseyin bütüner y hilmi güner"": 33}"
es,Spanish,entity_or_value,ice cream,Ice_cream,2,20,1,helado,20,1.0,False,"{""helado"": 20}"
es,Spanish,entity_or_value,igorot people,Igorot_people,2,17,1,igorrotes,17,1.0,False,"{""igorrotes"": 17}"
es,Spanish,entity_or_value,illinois,Illinois,2,72,1,illinois,72,1.0,False,"{""illinois"": 72}"
es,Spanish,entity_or_value,illustration,Illustration,2,2,1,ilustración,2,1.0,False,"{""ilustración"": 2}"
es,Spanish,entity_or_value,ilocano people,Ilocano_people,2,22,1,ilocanos,22,1.0,False,"{""ilocanos"": 22}"
es,Spanish,entity_or_value,imagine (john lennon album),Imagine_(John_Lennon_album),2,2,1,imagine (álbum de john lennon),2,1.0,False,"{""imagine (álbum de john lennon)"": 2}"
es,Spanish,entity_or_value,imagine (john lennon song),Imagine_(John_Lennon_song),2,49,1,imagine (canción de john lennon),49,1.0,False,"{""imagine (canción de john lennon)"": 49}"
es,Spanish,entity_or_value,imst,Imst,2,27,1,imst,27,1.0,False,"{""imst"": 27}"
es,Spanish,entity_or_value,in god we trust,"""In God we trust""",2,3,1,en dios confiamos,3,1.0,False,"{""en dios confiamos"": 3}"
es,Spanish,entity_or_value,in service,"""In service""",2,14,1,en servicio,14,1.0,False,"{""en servicio"": 14}"
es,Spanish,entity_or_value,"in soldevanahalli, acharya dr. sarvapalli radhakrishnan road, hessarghatta main road, bangalore – 560090.","""In Soldevanahalli, Acharya Dr. Sarvapalli Radhakrishnan Road, Hessarghatta Main Road, Bangalore – 560090.""",2,83,1,"en soldevanahalli, acharya dr. sarvapalli radhakrishnan road, hessarghatta main road, bangalore - 560090.",83,1.0,False,"{""en soldevanahalli, acharya dr. sarvapalli radhakrishnan road, hessarghatta main road, bangalore - 560090."": 83}"
es,Spanish,entity_or_value,india,India,2,415,1,india,415,1.0,False,"{""india"": 415}"
es,Spanish,entity_or_value,indian,Indian,2,2,1,indian,2,1.0,False,"{""indian"": 2}"
es,Spanish,entity_or_value,indian air force,Indian_Air_Force,2,44,1,fuerza aérea india,44,1.0,False,"{""fuerza aérea india"": 44}"
es,Spanish,entity_or_value,indian people,Indian_people,2,17,1,indios,17,1.0,False,"{""indios"": 17}"
es,Spanish,entity_or_value,indian rupee,Indian_rupee,2,10,1,rupia india,10,1.0,False,"{""rupia india"": 10}"
es,Spanish,entity_or_value,indiana,Indiana,2,183,1,indiana,183,1.0,False,"{""indiana"": 183}"
es,Spanish,entity_or_value,indianapolis,Indianapolis,2,54,1,indianápolis,54,1.0,False,"{""indianápolis"": 54}"
es,Spanish,entity_or_value,indie rock,Indie_rock,2,84,1,indie rock,84,1.0,False,"{""indie rock"": 84}"
es,Spanish,entity_or_value,indonesia,Indonesia,2,277,1,indonesia,277,1.0,False,"{""indonesia"": 277}"
es,Spanish,entity_or_value,indonesia and malaysia,"""Indonesia and Malaysia""",2,9,1,indonesia y malasia,9,1.0,False,"{""indonesia y malasia"": 9}"
es,Spanish,entity_or_value,indonesian language,Indonesian_language,2,22,1,indonesio,22,1.0,False,"{""indonesio"": 22}"
es,Spanish,entity_or_value,indonesian rupiah,Indonesian_rupiah,2,9,1,rupia indonesia,9,1.0,False,"{""rupia indonesia"": 9}"
es,Spanish,entity_or_value,infraero,Infraero,2,25,1,infraero,25,1.0,False,"{""infraero"": 25}"
es,Spanish,entity_or_value,inkpot award,Inkpot_Award,2,8,1,premio inkpot,8,1.0,False,"{""premio inkpot"": 8}"
es,Spanish,entity_or_value,inline-four engine,Inline-four_engine,2,5,1,motor de cuatro cilindros en línea,5,1.0,False,"{""motor de cuatro cilindros en línea"": 5}"
es,Spanish,entity_or_value,"institute of paleobiology, polish academy of sciences","""Institute of Paleobiology, Polish Academy of Sciences""",2,5,1,"instituto de paleobiología, academia polaca de ciencias",5,1.0,False,"{""instituto de paleobiología, academia polaca de ciencias"": 5}"
es,Spanish,entity_or_value,instrumental music,Instrumental_music,2,16,1,música instrumental,16,1.0,False,"{""música instrumental"": 16}"
es,Spanish,entity_or_value,insular government of the philippine islands,Insular_Government_of_the_Philippine_Islands,2,24,1,gobierno insular de las islas filipinas,24,1.0,False,"{""gobierno insular de las islas filipinas"": 24}"
es,Spanish,entity_or_value,inter milan,Inter_Milan,2,6,1,inter de milán,6,1.0,False,"{""inter de milán"": 6}"
es,Spanish,entity_or_value,international tennis federation,International_Tennis_Federation,2,15,1,federación internacional de tenis,15,1.0,False,"{""federación internacional de tenis"": 15}"
es,Spanish,entity_or_value,into battle (novel),Into_Battle_(novel),2,14,1,into battle (novela),14,1.0,False,"{""into battle (novela)"": 14}"
es,Spanish,entity_or_value,inuktitut,Inuktitut,2,4,1,lenguas inuit,4,1.0,False,"{""lenguas inuit"": 4}"
es,Spanish,entity_or_value,invasion of grenada,Invasion_of_Grenada,2,21,1,invasión de granada,21,1.0,False,"{""invasión de granada"": 21}"
es,Spanish,entity_or_value,iran football's 3rd division,Iran_Football's_3rd_Division,2,3,1,3a división del fútbol iraní,3,1.0,False,"{""3a división del fútbol iraní"": 3}"
es,Spanish,entity_or_value,iraq,Iraq,2,64,1,irak,64,1.0,False,"{""irak"": 64}"
es,Spanish,entity_or_value,iraq national under-20 football team,Iraq_national_under-20_football_team,2,6,1,selección de fútbol sub-20 de irak,6,1.0,False,"{""selección de fútbol sub-20 de irak"": 6}"
es,Spanish,entity_or_value,iraq national under-23 football team,Iraq_national_under-23_football_team,2,5,1,selección de fútbol sub-23 de irak,5,1.0,False,"{""selección de fútbol sub-23 de irak"": 5}"
es,Spanish,entity_or_value,iraqi dinar,Iraqi_dinar,2,2,1,dinar iraquí,2,1.0,False,"{""dinar iraquí"": 2}"
es,Spanish,entity_or_value,ireland,Ireland,2,68,1,isla de irlanda,68,1.0,False,"{""isla de irlanda"": 68}"
es,Spanish,entity_or_value,irish language,Irish_language,2,7,1,irlandés,7,1.0,False,"{""irlandés"": 7}"
es,Spanish,entity_or_value,irish people,Irish_people,2,8,1,irlandeses,8,1.0,False,"{""irlandeses"": 8}"
es,Spanish,entity_or_value,irlam town f.c.,Irlam_Town_F.C.,2,5,1,irlam town f.c.,5,1.0,False,"{""irlam town f.c."": 5}"
es,Spanish,entity_or_value,irreligion,Irreligion,2,2,1,irreligión,2,1.0,False,"{""irreligión"": 2}"
es,Spanish,entity_or_value,isaac rojas,Isaac_Rojas,2,17,1,isaac francisco rojas,17,1.0,False,"{""isaac francisco rojas"": 17}"
es,Spanish,entity_or_value,isidro metapán,"""Isidro Metapán""",2,4,1,isidro metapán,4,1.0,False,"{""isidro metapán"": 4}"
es,Spanish,entity_or_value,isis (band),Isis_(band),2,13,1,isis (banda),13,1.0,False,"{""isis (banda)"": 13}"
es,Spanish,entity_or_value,israel,Israel,2,69,1,israel,69,1.0,False,"{""israel"": 69}"
es,Spanish,entity_or_value,istanbul,Istanbul,2,53,1,estambul,53,1.0,False,"{""estambul"": 53}"
es,Spanish,entity_or_value,"istanbul, turkey","""Istanbul, Turkey""",2,2,1,"estambul, turquía",2,1.0,False,"{""estambul, turquía"": 2}"
es,Spanish,entity_or_value,it's great to be young (1956 film),It's_Great_to_Be_Young_(1956_film),2,155,1,es grande ser joven (película de 1956),155,1.0,False,"{""es grande ser joven (película de 1956)"": 155}"
es,Spanish,entity_or_value,italian language,Italian_language,2,47,1,italiano,47,1.0,False,"{""italiano"": 47}"
es,Spanish,entity_or_value,italian meal structure,Italian_meal_structure,2,5,1,estructura de la comida italiana,5,1.0,False,"{""estructura de la comida italiana"": 5}"
es,Spanish,entity_or_value,italians,Italians,2,31,1,italianos,31,1.0,False,"{""italianos"": 31}"
es,Spanish,entity_or_value,italy,Italy,2,444,1,italia,444,1.0,False,"{""italia"": 444}"
es,Spanish,entity_or_value,italy national football team,Italy_national_football_team,2,5,1,selección de fútbol de italia,5,1.0,False,"{""selección de fútbol de italia"": 5}"
es,Spanish,entity_or_value,italy national under-16 football team,Italy_national_under-16_football_team,2,22,1,selección de fútbol sub-16 de italia,22,1.0,False,"{""selección de fútbol sub-16 de italia"": 22}"
es,Spanish,entity_or_value,italy national under-17 football team,Italy_national_under-17_football_team,2,23,1,selección de fútbol sub-17 de italia,23,1.0,False,"{""selección de fútbol sub-17 de italia"": 23}"
es,Spanish,entity_or_value,italy national under-19 football team,Italy_national_under-19_football_team,2,10,1,selección de fútbol sub-19 de italia,10,1.0,False,"{""selección de fútbol sub-19 de italia"": 10}"
es,Spanish,entity_or_value,"ithaca, new york","Ithaca,_New_York",2,16,1,ithaca,16,1.0,False,"{""ithaca"": 16}"
es,Spanish,entity_or_value,itzik braverman,Itzik_Braverman,2,2,1,itzik braverman,2,1.0,False,"{""itzik braverman"": 2}"
es,Spanish,entity_or_value,iwan p. williams,Iwan_P._Williams,2,6,1,iwan p. williams,6,1.0,False,"{""iwan p. williams"": 6}"
es,Spanish,entity_or_value,i̇stanbulspor a.ş.,İstanbulspor_A.Ş.,2,6,1,i̇stanbulspor a.ş.,6,1.0,False,"{""i̇stanbulspor a.ş."": 6}"
es,Spanish,entity_or_value,j. p. mcmanus,J._P._McManus,2,3,1,j. p. mcmanus,3,1.0,False,"{""j. p. mcmanus"": 3}"
es,Spanish,entity_or_value,j. r. r. tolkien,J._R._R._Tolkien,2,20,1,j. r. r. tolkien,20,1.0,False,"{""j. r. r. tolkien"": 20}"
es,Spanish,entity_or_value,j. v. jones,J._V._Jones,2,11,1,j. v. jones,11,1.0,False,"{""j. v. jones"": 11}"
es,Spanish,entity_or_value,jack kirby,Jack_Kirby,2,13,1,jack kirby,13,1.0,False,"{""jack kirby"": 13}"
es,Spanish,entity_or_value,jacksonville dolphins,Jacksonville_Dolphins,2,18,1,jacksonville dolphins,18,1.0,False,"{""jacksonville dolphins"": 18}"
es,Spanish,entity_or_value,jacksonville university,Jacksonville_University,2,2,1,universidad de jacksonville,2,1.0,False,"{""universidad de jacksonville"": 2}"
es,Spanish,entity_or_value,"jacksonville, florida","Jacksonville,_Florida",2,2,1,"jacksonville, florida",2,1.0,False,"{""jacksonville, florida"": 2}"
es,Spanish,entity_or_value,jacob bundsgaard,Jacob_Bundsgaard,2,2,1,jacob bundsgaard,2,1.0,False,"{""jacob bundsgaard"": 2}"
es,Spanish,entity_or_value,jacob zuma,Jacob_Zuma,2,15,1,jacob zuma,15,1.0,False,"{""jacob zuma"": 15}"
es,Spanish,entity_or_value,jakarta,Jakarta,2,17,1,yakarta,17,1.0,False,"{""yakarta"": 17}"
es,Spanish,entity_or_value,jalisco,Jalisco,2,26,1,jalisco,26,1.0,False,"{""jalisco"": 26}"
es,Spanish,entity_or_value,jamaica,Jamaica,2,10,1,jamaica,10,1.0,False,"{""jamaica"": 10}"
es,Spanish,entity_or_value,jamaica national football team,Jamaica_national_football_team,2,5,1,selección de fútbol de jamaica,5,1.0,False,"{""selección de fútbol de jamaica"": 5}"
es,Spanish,entity_or_value,james craig watson,James_Craig_Watson,2,201,1,james craig watson,201,1.0,False,"{""james craig watson"": 201}"
es,Spanish,entity_or_value,james madison leach,James_Madison_Leach,2,5,1,james madison leach,5,1.0,False,"{""james madison leach"": 5}"
es,Spanish,entity_or_value,james pain,James_Pain,2,4,1,james pain,4,1.0,False,"{""james pain"": 4}"
es,Spanish,entity_or_value,"james pain and george richard pain,","""James Pain and George Richard Pain,""",2,4,1,"james pain y george richard pain,",4,1.0,False,"{""james pain y george richard pain,"": 4}"
es,Spanish,entity_or_value,james pallotta,James_Pallotta,2,6,1,james pallotta,6,1.0,False,"{""james pallotta"": 6}"
es,Spanish,entity_or_value,james w. reid (politician),James_W._Reid_(politician),2,5,1,james w. reid (político),5,1.0,False,"{""james w. reid (político)"": 5}"
es,Spanish,entity_or_value,jamie chung,Jamie_Chung,2,5,1,jamie chung,5,1.0,False,"{""jamie chung"": 5}"
es,Spanish,entity_or_value,jamie lawrence,Jamie_Lawrence,2,20,1,jamie lawrence,20,1.0,False,"{""jamie lawrence"": 20}"
es,Spanish,entity_or_value,jan duursema,Jan_Duursema,2,11,1,jan duursema,11,1.0,False,"{""jan duursema"": 11}"
es,Spanish,entity_or_value,january 2009,"""January 2009""",2,3,1,enero de 2009,3,1.0,False,"{""enero de 2009"": 3}"
es,Spanish,entity_or_value,"january, 2014","""January, 2014""",2,10,1,"enero, 2014",10,1.0,False,"{""enero, 2014"": 10}"
es,Spanish,entity_or_value,japan,Japan,2,90,1,japón,90,1.0,False,"{""japón"": 90}"
es,Spanish,entity_or_value,japanese occupation of british borneo,Japanese_occupation_of_British_Borneo,2,7,1,ocupación japonesa de borneo,7,1.0,False,"{""ocupación japonesa de borneo"": 7}"
es,Spanish,entity_or_value,japanese people,Japanese_people,2,3,1,japoneses,3,1.0,False,"{""japoneses"": 3}"
es,Spanish,entity_or_value,jarmo kekäläinen,Jarmo_Kekäläinen,2,6,1,jarmo kekäläinen,6,1.0,False,"{""jarmo kekäläinen"": 6}"
es,Spanish,entity_or_value,java,Java,2,108,1,java,108,1.0,False,"{""java"": 108}"
es,Spanish,entity_or_value,javanese cuisine,Javanese_cuisine,2,16,1,gastronomía de java,16,1.0,False,"{""gastronomía de java"": 16}"
es,Spanish,entity_or_value,javanese people,Javanese_people,2,18,1,etnia javanesa,18,1.0,False,"{""etnia javanesa"": 18}"
es,Spanish,entity_or_value,jazz,Jazz,2,126,1,jazz,126,1.0,False,"{""jazz"": 126}"
es,Spanish,entity_or_value,jean-michel aulas,Jean-Michel_Aulas,2,7,1,jean-michel aulas,7,1.0,False,"{""jean-michel aulas"": 7}"
es,Spanish,entity_or_value,jeff fisher,Jeff_Fisher,2,8,1,jeff fisher,8,1.0,False,"{""jeff fisher"": 8}"
es,Spanish,entity_or_value,jefferson davis,Jefferson_Davis,2,27,1,jefferson davis,27,1.0,False,"{""jefferson davis"": 27}"
es,Spanish,entity_or_value,jens härtel,Jens_Härtel,2,87,1,jens härtel,87,1.0,False,"{""jens härtel"": 87}"
es,Spanish,entity_or_value,"jepson way,","""Jepson Way,""",2,4,1,"jepson way,",4,1.0,False,"{""jepson way,"": 4}"
es,Spanish,entity_or_value,jerry ordway,Jerry_Ordway,2,9,1,jerry ordway,9,1.0,False,"{""jerry ordway"": 9}"
es,Spanish,entity_or_value,jesús casillas romero,Jesús_Casillas_Romero,2,2,1,jesús casillas romero,2,1.0,False,"{""jesús casillas romero"": 2}"
es,Spanish,entity_or_value,jill shilling,Jill_Shilling,2,8,1,jill shilling,8,1.0,False,"{""jill shilling"": 8}"
es,Spanish,entity_or_value,jinnah international airport,Jinnah_International_Airport,2,8,1,aeropuerto internacional jinnah,8,1.0,False,"{""aeropuerto internacional jinnah"": 8}"
es,Spanish,entity_or_value,joachim gauck,Joachim_Gauck,2,4,1,joachim gauck,4,1.0,False,"{""joachim gauck"": 4}"
es,Spanish,entity_or_value,joe biden,Joe_Biden,2,43,1,joe biden,43,1.0,False,"{""joe biden"": 43}"
es,Spanish,entity_or_value,joe vitt,Joe_Vitt,2,2,1,joe vitt,2,1.0,False,"{""joe vitt"": 2}"
es,Spanish,entity_or_value,johann schneider-ammann,Johann_Schneider-Ammann,2,45,1,johann schneider-ammann,45,1.0,False,"{""johann schneider-ammann"": 45}"
es,Spanish,entity_or_value,john aman,"""John Aman""",2,2,1,john aman,2,1.0,False,"{""john aman"": 2}"
es,Spanish,entity_or_value,john buscema,John_Buscema,2,13,1,john buscema,13,1.0,False,"{""john buscema"": 13}"
es,Spanish,entity_or_value,john clancy (labour politician),John_Clancy_(Labour_politician),2,6,1,john clancy (político laborista),6,1.0,False,"{""john clancy (político laborista)"": 6}"
es,Spanish,entity_or_value,john cowper powys,John_Cowper_Powys,2,47,1,john cowper powys,47,1.0,False,"{""john cowper powys"": 47}"
es,Spanish,entity_or_value,john digweed,John_Digweed,2,10,1,john digweed,10,1.0,False,"{""john digweed"": 10}"
es,Spanish,entity_or_value,john f. kennedy,John_F._Kennedy,2,11,1,john f. kennedy,11,1.0,False,"{""john f. kennedy"": 11}"
es,Spanish,entity_or_value,john geering,John_Geering,2,8,1,john geering,8,1.0,False,"{""john geering"": 8}"
es,Spanish,entity_or_value,john lennon,John_Lennon,2,3,1,john lennon,3,1.0,False,"{""john lennon"": 3}"
es,Spanish,entity_or_value,john madin,John_Madin,2,81,1,john madin,81,1.0,False,"{""john madin"": 81}"
es,Spanish,entity_or_value,john major,John_Major,2,5,1,john major,5,1.0,False,"{""john major"": 5}"
es,Spanish,entity_or_value,john mills,John_Mills,2,35,1,john mills,35,1.0,False,"{""john mills"": 35}"
es,Spanish,entity_or_value,john n. dempsey,John_N._Dempsey,2,14,1,john n. dempsey,14,1.0,False,"{""john n. dempsey"": 14}"
es,Spanish,entity_or_value,"john reith, 1st baron reith","John_Reith,_1st_Baron_Reith",2,7,1,"john reith, 1er barón reith",7,1.0,False,"{""john reith, 1er barón reith"": 7}"
es,Spanish,entity_or_value,john roberts,John_Roberts,2,24,1,john roberts,24,1.0,False,"{""john roberts"": 24}"
es,Spanish,entity_or_value,john sessions stadium,John_Sessions_Stadium,2,2,1,estadio john sessions,2,1.0,False,"{""estadio john sessions"": 2}"
es,Spanish,entity_or_value,john sánchez,John_Sánchez,2,8,1,john sánchez,8,1.0,False,"{""john sánchez"": 8}"
es,Spanish,entity_or_value,john van den brom,John_van_den_Brom,2,70,1,john van den brom,70,1.0,False,"{""john van den brom"": 70}"
es,Spanish,entity_or_value,john wiley & sons,John_Wiley_&_Sons,2,7,1,john wiley & sons,7,1.0,False,"{""john wiley & sons"": 7}"
es,Spanish,entity_or_value,john wilkes booze,John_Wilkes_Booze,2,2,1,john wilkes booze,2,1.0,False,"{""john wilkes booze"": 2}"
es,Spanish,entity_or_value,johnny sansone,Johnny_Sansone,2,5,1,johnny sansone,5,1.0,False,"{""johnny sansone"": 5}"
es,Spanish,entity_or_value,johns hopkins university,Johns_Hopkins_University,2,7,1,universidad johns hopkins,7,1.0,False,"{""universidad johns hopkins"": 7}"
es,Spanish,entity_or_value,johns hopkins university press,Johns_Hopkins_University_Press,2,33,1,johns hopkins university press,33,1.0,False,"{""johns hopkins university press"": 33}"
es,Spanish,entity_or_value,joko widodo,Joko_Widodo,2,30,1,joko widodo,30,1.0,False,"{""joko widodo"": 30}"
es,Spanish,entity_or_value,jon feltheimer,Jon_Feltheimer,2,2,1,jon feltheimer,2,1.0,False,"{""jon feltheimer"": 2}"
es,Spanish,entity_or_value,jon valor,"""Jon Valor""",2,3,1,jon valor,3,1.0,False,"{""jon valor"": 3}"
es,Spanish,entity_or_value,jonathan mendelsohn,Jonathan_Mendelsohn,2,16,1,jonathan mendelsohn,16,1.0,False,"{""jonathan mendelsohn"": 16}"
es,Spanish,entity_or_value,"jones county, texas","Jones_County,_Texas",2,25,1,"condado de jones, texas",25,1.0,False,"{""condado de jones, texas"": 25}"
es,Spanish,entity_or_value,jong ajax,Jong_Ajax,2,9,1,jong ajax,9,1.0,False,"{""jong ajax"": 9}"
es,Spanish,entity_or_value,jordan premier league,Jordan_Premier_League,2,3,1,premier league de jordania,3,1.0,False,"{""premier league de jordania"": 3}"
es,Spanish,entity_or_value,jorge humberto rodríguez,Jorge_Humberto_Rodríguez,2,32,1,jorge humberto rodríguez,32,1.0,False,"{""jorge humberto rodríguez"": 32}"
es,Spanish,entity_or_value,jorge orosmán da silva,Jorge_Orosmán_da_Silva,2,10,1,jorge orosmán da silva,10,1.0,False,"{""jorge orosmán da silva"": 10}"
es,Spanish,entity_or_value,josef klaus,Josef_Klaus,2,4,1,josef klaus,4,1.0,False,"{""josef klaus"": 4}"
es,Spanish,entity_or_value,joseph stalin,Joseph_Stalin,2,13,1,iósif stalin,13,1.0,False,"{""iósif stalin"": 13}"
es,Spanish,entity_or_value,juan afara,Juan_Afara,2,19,1,juan afara,19,1.0,False,"{""juan afara"": 19}"
es,Spanish,entity_or_value,juan carlos i of spain,Juan_Carlos_I_of_Spain,2,61,1,juan carlos i de españa,61,1.0,False,"{""juan carlos i de españa"": 61}"
es,Spanish,entity_or_value,juan nolasco,Juan_Nolasco,2,6,1,juan nolasco,6,1.0,False,"{""juan nolasco"": 6}"
es,Spanish,entity_or_value,juan perón,Juan_Perón,2,59,1,juan domingo perón,59,1.0,False,"{""juan domingo perón"": 59}"
es,Spanish,entity_or_value,juha sipilä,Juha_Sipilä,2,10,1,juha sipilä,10,1.0,False,"{""juha sipilä"": 10}"
es,Spanish,entity_or_value,julia morgan,Julia_Morgan,2,122,1,julia morgan,122,1.0,False,"{""julia morgan"": 122}"
es,Spanish,entity_or_value,julius springer,Julius_Springer,2,2,1,julius springer,2,1.0,False,"{""julius springer"": 2}"
es,Spanish,entity_or_value,june 1981,"""June 1981""",2,6,1,junio de 1981,6,1.0,False,"{""junio de 1981"": 6}"
es,Spanish,entity_or_value,justicialist party,Justicialist_Party,2,20,1,partido justicialista,20,1.0,False,"{""partido justicialista"": 20}"
es,Spanish,entity_or_value,justin whalin,Justin_Whalin,2,9,1,justin whalin,9,1.0,False,"{""justin whalin"": 9}"
es,Spanish,entity_or_value,jusuf kalla,Jusuf_Kalla,2,33,1,jusuf kalla,33,1.0,False,"{""jusuf kalla"": 33}"
es,Spanish,entity_or_value,juvenile fantasy,Juvenile_fantasy,2,2,1,fantasía juvenil,2,1.0,False,"{""fantasía juvenil"": 2}"
es,Spanish,entity_or_value,juventus f.c.,Juventus_F.C.,2,22,1,juventus f.c.,22,1.0,False,"{""juventus f.c."": 22}"
es,Spanish,entity_or_value,jwaydan moyine,Jwaydan_Moyine,2,50,1,jwaydan moyine,50,1.0,False,"{""jwaydan moyine"": 50}"
es,Spanish,entity_or_value,k-w united fc,K-W_United_FC,2,9,1,k-w united fc,9,1.0,False,"{""k-w united fc"": 9}"
es,Spanish,entity_or_value,k2 (kovač sisters duo),K2_(Kovač_sisters_duo),2,7,1,k2 (dúo de hermanas kovač),7,1.0,False,"{""k2 (dúo de hermanas kovač)"": 7}"
es,Spanish,entity_or_value,kabi,"""KABI""",2,5,1,kabi,5,1.0,False,"{""kabi"": 5}"
es,Spanish,entity_or_value,kacy,"""KACY""",2,4,1,kacy,4,1.0,False,"{""kacy"": 4}"
es,Spanish,entity_or_value,kaiser chiefs,Kaiser_Chiefs,2,17,1,kaiser chiefs,17,1.0,False,"{""kaiser chiefs"": 17}"
es,Spanish,entity_or_value,kaliber 44,Kaliber_44,2,8,1,kaliber 44,8,1.0,False,"{""kaliber 44"": 8}"
es,Spanish,entity_or_value,kansas city metropolitan area,Kansas_City_metropolitan_area,2,18,1,área metropolitana de kansas city,18,1.0,False,"{""área metropolitana de kansas city"": 18}"
es,Spanish,entity_or_value,karl kesel,Karl_Kesel,2,17,1,karl kesel,17,1.0,False,"{""karl kesel"": 17}"
es,Spanish,entity_or_value,karlsruhe,Karlsruhe,2,35,1,karlsruhe,35,1.0,False,"{""karlsruhe"": 35}"
es,Spanish,entity_or_value,karnataka,Karnataka,2,135,1,karnataka,135,1.0,False,"{""karnataka"": 135}"
es,Spanish,entity_or_value,karysun / year of no light,Karysun_/_Year_of_No_Light,2,2,1,karysun / year of no light,2,1.0,False,"{""karysun / year of no light"": 2}"
es,Spanish,entity_or_value,kashubian language,Kashubian_language,2,4,1,casubio,4,1.0,False,"{""casubio"": 4}"
es,Spanish,entity_or_value,kashubians,Kashubians,2,5,1,casubios,5,1.0,False,"{""casubios"": 5}"
es,Spanish,entity_or_value,kate hardie,Kate_Hardie,2,3,1,kate hardie,3,1.0,False,"{""kate hardie"": 3}"
es,Spanish,entity_or_value,katowice,Katowice,2,9,1,katowice,9,1.0,False,"{""katowice"": 9}"
es,Spanish,entity_or_value,kellamergh park,"""Kellamergh Park""",2,4,1,parque kellamergh,4,1.0,False,"{""parque kellamergh"": 4}"
es,Spanish,entity_or_value,kelvin mao,"""Kelvin Mao""",2,4,1,kelvin mao,4,1.0,False,"{""kelvin mao"": 4}"
es,Spanish,entity_or_value,kempe gowda i,Kempe_Gowda_I,2,14,1,kempēgauḍa i,14,1.0,False,"{""kempēgauḍa i"": 14}"
es,Spanish,entity_or_value,"kendall county, texas","Kendall_County,_Texas",2,3,1,"condado de kendall, texas",3,1.0,False,"{""condado de kendall, texas"": 3}"
es,Spanish,entity_or_value,"kenosha, wisconsin","Kenosha,_Wisconsin",2,5,1,"kenosha, wisconsin",5,1.0,False,"{""kenosha, wisconsin"": 5}"
es,Spanish,entity_or_value,kent,Kent,2,11,1,kent,11,1.0,False,"{""kent"": 11}"
es,Spanish,entity_or_value,kerala,Kerala,2,64,1,kerala,64,1.0,False,"{""kerala"": 64}"
es,Spanish,entity_or_value,ketchup,Ketchup,2,11,1,kétchup,11,1.0,False,"{""kétchup"": 11}"
es,Spanish,entity_or_value,keyboard instrument,Keyboard_instrument,2,8,1,teclado,8,1.0,False,"{""teclado"": 8}"
es,Spanish,entity_or_value,khadija arib,Khadija_Arib,2,5,1,khadija arib,5,1.0,False,"{""khadija arib"": 5}"
es,Spanish,entity_or_value,khalid mahmood (british politician),Khalid_Mahmood_(British_politician),2,6,1,khalid mahmood (político británico),6,1.0,False,"{""khalid mahmood (político británico)"": 6}"
es,Spanish,entity_or_value,kheria air force station,"""Kheria Air Force Station""",2,2,1,estación aérea de kheria,2,1.0,False,"{""estación aérea de kheria"": 2}"
es,Spanish,entity_or_value,kidney bean,Kidney_bean,2,3,1,alubia roja,3,1.0,False,"{""alubia roja"": 3}"
es,Spanish,entity_or_value,kids imagine nation,Kids_Imagine_Nation,2,23,1,kids imagine nation,23,1.0,False,"{""kids imagine nation"": 23}"
es,Spanish,entity_or_value,kill rock stars,Kill_Rock_Stars,2,5,1,kill rock stars,5,1.0,False,"{""kill rock stars"": 5}"
es,Spanish,entity_or_value,"kimberly, wisconsin","Kimberly,_Wisconsin",2,8,1,"kimberly, wisconsin",8,1.0,False,"{""kimberly, wisconsin"": 8}"
es,Spanish,entity_or_value,"king county, washington","King_County,_Washington",2,42,1,"condado de king, washington",42,1.0,False,"{""condado de king, washington"": 42}"
es,Spanish,entity_or_value,"king of prussia, pennsylvania","King_of_Prussia,_Pennsylvania",2,30,1,"king of prussia, pennsylvania",30,1.0,False,"{""king of prussia, pennsylvania"": 30}"
es,Spanish,entity_or_value,kingdom of england,Kingdom_of_England,2,42,1,reino de inglaterra,42,1.0,False,"{""reino de inglaterra"": 42}"
es,Spanish,entity_or_value,kingdom of france,Kingdom_of_France,2,9,1,reino de francia,9,1.0,False,"{""reino de francia"": 9}"
es,Spanish,entity_or_value,kingdom of sarawak,Kingdom_of_Sarawak,2,32,1,reino de sarawak,32,1.0,False,"{""reino de sarawak"": 32}"
es,Spanish,entity_or_value,kinsealy,Kinsealy,2,2,1,kinsealy,2,1.0,False,"{""kinsealy"": 2}"
es,Spanish,entity_or_value,kissing spell records,Kissing_Spell_Records,2,6,1,discos kissing spell,6,1.0,False,"{""discos kissing spell"": 6}"
es,Spanish,entity_or_value,klaus iohannis,Klaus_Iohannis,2,30,1,klaus iohannis,30,1.0,False,"{""klaus iohannis"": 30}"
es,Spanish,entity_or_value,knightsbridge,Knightsbridge,2,7,1,knightsbridge,7,1.0,False,"{""knightsbridge"": 7}"
es,Spanish,entity_or_value,"knightsbridge, london","""Knightsbridge, London""",2,6,1,"knightsbridge, londres",6,1.0,False,"{""knightsbridge, londres"": 6}"
es,Spanish,entity_or_value,kochi,Kochi,2,15,1,cochín,15,1.0,False,"{""cochín"": 15}"
es,Spanish,entity_or_value,konstantinos mitsotakis,Konstantinos_Mitsotakis,2,24,1,konstantínos mitsotákis,24,1.0,False,"{""konstantínos mitsotákis"": 24}"
es,Spanish,entity_or_value,korean war,Korean_War,2,23,1,guerra de corea,23,1.0,False,"{""guerra de corea"": 23}"
es,Spanish,entity_or_value,koreans in japan,Koreans_in_Japan,2,3,1,coreanos en japón,3,1.0,False,"{""coreanos en japón"": 3}"
es,Spanish,entity_or_value,kornelije kovač,Kornelije_Kovač,2,17,1,kornelije kovač,17,1.0,False,"{""kornelije kovač"": 17}"
es,Spanish,entity_or_value,kota samarahan,Kota_Samarahan,2,5,1,kota samarahan,5,1.0,False,"{""kota samarahan"": 5}"
es,Spanish,entity_or_value,"kourou, french guiana","Kourou,_French_Guiana",2,13,1,"kourou, guayana francesa",13,1.0,False,"{""kourou, guayana francesa"": 13}"
es,Spanish,entity_or_value,kristina kovač,Kristina_Kovač,2,11,1,kristina kovač,11,1.0,False,"{""kristina kovač"": 11}"
es,Spanish,entity_or_value,kuala lumpur,Kuala_Lumpur,2,10,1,kuala lumpur,10,1.0,False,"{""kuala lumpur"": 10}"
es,Spanish,entity_or_value,kuching,Kuching,2,14,1,kuching,14,1.0,False,"{""kuching"": 14}"
es,Spanish,entity_or_value,kurdish languages,Kurdish_languages,2,5,1,lenguas kurdas,5,1.0,False,"{""lenguas kurdas"": 5}"
es,Spanish,entity_or_value,kuttikkattoor,"""Kuttikkattoor""",2,29,1,kuttikkattoor,29,1.0,False,"{""kuttikkattoor"": 29}"
es,Spanish,entity_or_value,kv mechelen,KV_Mechelen,2,13,1,kv malinas,13,1.0,False,"{""kv malinas"": 13}"
es,Spanish,entity_or_value,"kway teow, beef tender loin, gula melaka, sliced, dried black beans, garlic, dark soy sauce, lengkuas, oyster sauce, soya sauce, chilli and sesame oil","""Kway teow, beef tender loin, gula Melaka, sliced, dried black beans, garlic, dark soy sauce, lengkuas, oyster sauce, soya sauce, chilli and sesame oil""",2,12,1,"kway teow, lomo tierno de ternera, gula melaka, en rodajas, judías negras secas, ajo, salsa de soja oscura, lengkuas, salsa de ostras, salsa de soja, guindilla y aceite de sésamo.",12,1.0,False,"{""kway teow, lomo tierno de ternera, gula melaka, en rodajas, judías negras secas, ajo, salsa de soja oscura, lengkuas, salsa de ostras, salsa de soja, guindilla y aceite de sésamo."": 12}"
es,Spanish,entity_or_value,"la crosse county, wisconsin","La_Crosse_County,_Wisconsin",2,2,1,"condado de la crosse, wisconsin",2,1.0,False,"{""condado de la crosse, wisconsin"": 2}"
es,Spanish,entity_or_value,"la crosse, wisconsin","La_Crosse,_Wisconsin",2,41,1,"la crosse, wisconsin",41,1.0,False,"{""la crosse, wisconsin"": 41}"
es,Spanish,entity_or_value,"la paz, iloilo city","La_Paz,_Iloilo_City",2,8,1,"la paz, ciudad de iloilo",8,1.0,False,"{""la paz, ciudad de iloilo"": 8}"
es,Spanish,entity_or_value,labour party (argentina),Labour_Party_(Argentina),2,15,1,partido laborista (argentina),15,1.0,False,"{""partido laborista (argentina)"": 15}"
es,Spanish,entity_or_value,labour party (uk),Labour_Party_(UK),2,17,1,partido laborista (reino unido),17,1.0,False,"{""partido laborista (reino unido)"": 17}"
es,Spanish,entity_or_value,lady anne monson,Lady_Anne_Monson,2,126,1,anne monson,126,1.0,False,"{""anne monson"": 126}"
es,Spanish,entity_or_value,"lafayette township, madison county, indiana","Lafayette_Township,_Madison_County,_Indiana",2,9,1,"municipio de lafayette (condado de madison, indiana)",9,1.0,False,"{""municipio de lafayette (condado de madison, indiana)"": 9}"
es,Spanish,entity_or_value,lahore,Lahore,2,53,1,lahore,53,1.0,False,"{""lahore"": 53}"
es,Spanish,entity_or_value,"lake placid, new york","Lake_Placid,_New_York",2,28,1,"lake placid, nueva york",28,1.0,False,"{""lake placid, nueva york"": 28}"
es,Spanish,entity_or_value,"lalbhai dalpatbhai campus, near cept university, opp. gujarat university, university road","""Lalbhai Dalpatbhai Campus, near CEPT University, opp. Gujarat University, University Road""",2,5,1,"campus lalbhai dalpatbhai, cerca de la universidad cept, opp. universidad de gujarat, university road",5,1.0,False,"{""campus lalbhai dalpatbhai, cerca de la universidad cept, opp. universidad de gujarat, university road"": 5}"
es,Spanish,entity_or_value,lambien,"""Lambien""",2,8,1,lambien,8,1.0,False,"{""lambien"": 8}"
es,Spanish,entity_or_value,lamborghini,Lamborghini,2,5,1,lamborghini,5,1.0,False,"{""lamborghini"": 5}"
es,Spanish,entity_or_value,lancashire,Lancashire,2,8,1,lancashire,8,1.0,False,"{""lancashire"": 8}"
es,Spanish,entity_or_value,lancia thema,Lancia_Thema,2,22,1,lancia thema,22,1.0,False,"{""lancia thema"": 22}"
es,Spanish,entity_or_value,"lansing, michigan","Lansing,_Michigan",2,14,1,"lansing, michigan",14,1.0,False,"{""lansing, michigan"": 14}"
es,Spanish,entity_or_value,larry bolatinsky,"""Larry Bolatinsky""",2,10,1,larry bolatinsky,10,1.0,False,"{""larry bolatinsky"": 10}"
es,Spanish,entity_or_value,larry maguire,Larry_Maguire,2,2,1,larry maguire,2,1.0,False,"{""larry maguire"": 2}"
es,Spanish,entity_or_value,lars løkke rasmussen,Lars_Løkke_Rasmussen,2,36,1,lars løkke rasmussen,36,1.0,False,"{""lars løkke rasmussen"": 36}"
es,Spanish,entity_or_value,lask linz,LASK_Linz,2,3,1,lask linz,3,1.0,False,"{""lask linz"": 3}"
es,Spanish,entity_or_value,laura boldrini,Laura_Boldrini,2,12,1,laura boldrini,12,1.0,False,"{""laura boldrini"": 12}"
es,Spanish,entity_or_value,lauraceae,Lauraceae,2,11,1,lauraceae,11,1.0,False,"{""lauraceae"": 11}"
es,Spanish,entity_or_value,laurales,Laurales,2,5,1,laurales,5,1.0,False,"{""laurales"": 5}"
es,Spanish,entity_or_value,lazio,Lazio,2,15,1,lacio,15,1.0,False,"{""lacio"": 15}"
es,Spanish,entity_or_value,"lee county, alabama","Lee_County,_Alabama",2,73,1,"condado de lee, alabama",73,1.0,False,"{""condado de lee, alabama"": 73}"
es,Spanish,entity_or_value,leeds united f.c.,Leeds_United_F.C.,2,2,1,leeds united association football club,2,1.0,False,"{""leeds united association football club"": 2}"
es,Spanish,entity_or_value,left ecology freedom,Left_Ecology_Freedom,2,2,1,"izquierda, ecología y libertad",2,1.0,False,"{""izquierda, ecología y libertad"": 2}"
es,Spanish,entity_or_value,lega basket serie a,Lega_Basket_Serie_A,2,2,1,lega basket serie a,2,1.0,False,"{""lega basket serie a"": 2}"
es,Spanish,entity_or_value,lega pro,Lega_Pro,2,5,1,lega italiana calcio professionistico,5,1.0,False,"{""lega italiana calcio professionistico"": 5}"
es,Spanish,entity_or_value,lega pro/a,"""Lega Pro/A""",2,4,1,lega pro/a,4,1.0,False,"{""lega pro/a"": 4}"
es,Spanish,entity_or_value,legacy recordings,Legacy_Recordings,2,2,1,legacy recordings,2,1.0,False,"{""legacy recordings"": 2}"
es,Spanish,entity_or_value,legion of honour,Legion_of_Honour,2,3,1,orden nacional de la legión de honor,3,1.0,False,"{""orden nacional de la legión de honor"": 3}"
es,Spanish,entity_or_value,legion of merit ribbon.svg,"""Legion of Merit ribbon.svg""",2,2,1,cinta de la legión al mérito.svg,2,1.0,False,"{""cinta de la legión al mérito.svg"": 2}"
es,Spanish,entity_or_value,leiden university,Leiden_University,2,8,1,universidad de leiden,8,1.0,False,"{""universidad de leiden"": 8}"
es,Spanish,entity_or_value,leinster,Leinster,2,12,1,leinster,12,1.0,False,"{""leinster"": 12}"
es,Spanish,entity_or_value,lemon,Lemon,2,46,1,limón,46,1.0,False,"{""limón"": 46}"
es,Spanish,entity_or_value,lemper,Lemper,2,4,1,lemper,4,1.0,False,"{""lemper"": 4}"
es,Spanish,entity_or_value,len wein,Len_Wein,2,8,1,len wein,8,1.0,False,"{""len wein"": 8}"
es,Spanish,entity_or_value,leni robredo,Leni_Robredo,2,2,1,leni robredo,2,1.0,False,"{""leni robredo"": 2}"
es,Spanish,entity_or_value,leningrad state university,Leningrad_State_University,2,16,1,universidad estatal de leningrado,16,1.0,False,"{""universidad estatal de leningrado"": 16}"
es,Spanish,entity_or_value,"leningrad, ussr","Leningrad,_USSR",2,13,1,"leningrado, urss",13,1.0,False,"{""leningrado, urss"": 13}"
es,Spanish,entity_or_value,lentivirus,Lentivirus,2,3,1,lentivirus,3,1.0,False,"{""lentivirus"": 3}"
es,Spanish,entity_or_value,leon trotsky,Leon_Trotsky,2,9,1,león trotski,9,1.0,False,"{""león trotski"": 9}"
es,Spanish,entity_or_value,leszek borysiewicz,Leszek_Borysiewicz,2,2,1,leszek borysiewicz,2,1.0,False,"{""leszek borysiewicz"": 2}"
es,Spanish,entity_or_value,let it breed,Let_It_Breed,2,13,1,let it breed,13,1.0,False,"{""let it breed"": 13}"
es,Spanish,entity_or_value,lettuce,Lettuce,2,5,1,lechuga,5,1.0,False,"{""lechuga"": 5}"
es,Spanish,entity_or_value,levan khomeriki,Levan_Khomeriki,2,5,1,levan khomeriki,5,1.0,False,"{""levan khomeriki"": 5}"
es,Spanish,entity_or_value,lewis nockalls cottingham,Lewis_Nockalls_Cottingham,2,5,1,lewis nockalls cottingham,5,1.0,False,"{""lewis nockalls cottingham"": 5}"
es,Spanish,entity_or_value,liberal democrats,Liberal_Democrats,2,5,1,liberal democrats,5,1.0,False,"{""liberal democrats"": 5}"
es,Spanish,entity_or_value,liberal party (philippines),Liberal_Party_(Philippines),2,2,1,partido liberal de filipinas,2,1.0,False,"{""partido liberal de filipinas"": 2}"
es,Spanish,entity_or_value,lieutenant governor of texas,"""Lieutenant Governor of Texas""",2,6,1,vicegobernador de texas,6,1.0,False,"{""vicegobernador de texas"": 6}"
es,Spanish,entity_or_value,limerick city and county council,Limerick_City_and_County_Council,2,2,1,ayuntamiento de limerick,2,1.0,False,"{""ayuntamiento de limerick"": 2}"
es,Spanish,entity_or_value,lincoln near-earth asteroid research,Lincoln_Near-Earth_Asteroid_Research,2,5,1,lincoln near-earth asteroid research,5,1.0,False,"{""lincoln near-earth asteroid research"": 5}"
es,Spanish,entity_or_value,"lincoln, nebraska","Lincoln,_Nebraska",2,4,1,"lincoln, nebraska",4,1.0,False,"{""lincoln, nebraska"": 4}"
es,Spanish,entity_or_value,linebacker,Linebacker,2,6,1,linebacker,6,1.0,False,"{""linebacker"": 6}"
es,Spanish,entity_or_value,"linn county, oregon","Linn_County,_Oregon",2,13,1,"condado de linn, oregón",13,1.0,False,"{""condado de linn, oregón"": 13}"
es,Spanish,entity_or_value,lionsgate,Lionsgate,2,29,1,lionsgate,29,1.0,False,"{""lionsgate"": 29}"
es,Spanish,entity_or_value,lippincott williams & wilkins,Lippincott_Williams_&_Wilkins,2,44,1,lippincott williams & wilkins,44,1.0,False,"{""lippincott williams & wilkins"": 44}"
es,Spanish,entity_or_value,liselotte grschebina,Liselotte_Grschebina,2,186,1,liselotte grschebina,186,1.0,False,"{""liselotte grschebina"": 186}"
es,Spanish,entity_or_value,list of counties in texas,List_of_counties_in_Texas,2,8,1,listado de condados de texas,8,1.0,False,"{""listado de condados de texas"": 8}"
es,Spanish,entity_or_value,"little chute, wisconsin","Little_Chute,_Wisconsin",2,7,1,little chute,7,1.0,False,"{""little chute"": 7}"
es,Spanish,entity_or_value,live at roadburn 2008 (year of no light album),Live_at_Roadburn_2008_(Year_of_No_Light_album),2,22,1,live at roadburn 2008 (álbum year of no light),22,1.0,False,"{""live at roadburn 2008 (álbum year of no light)"": 22}"
es,Spanish,entity_or_value,live nation entertainment,Live_Nation_Entertainment,2,26,1,live nation entertainment,26,1.0,False,"{""live nation entertainment"": 26}"
es,Spanish,entity_or_value,livorno,Livorno,2,5,1,livorno,5,1.0,False,"{""livorno"": 5}"
es,Spanish,entity_or_value,livorno calcio s.p.a.,"""Livorno Calcio S.p.A.""",2,5,1,livorno calcio s.p.a.,5,1.0,False,"{""livorno calcio s.p.a."": 5}"
es,Spanish,entity_or_value,"livorno, italy","""Livorno, Italy""",2,5,1,"livorno, italia",5,1.0,False,"{""livorno, italia"": 5}"
es,Spanish,entity_or_value,lockheed ac-130,Lockheed_AC-130,2,34,1,lockheed ac-130,34,1.0,False,"{""lockheed ac-130"": 34}"
es,Spanish,entity_or_value,lockheed c-130 hercules,Lockheed_C-130_Hercules,2,7,1,lockheed c-130 hercules,7,1.0,False,"{""lockheed c-130 hercules"": 7}"
es,Spanish,entity_or_value,lockheed martin,Lockheed_Martin,2,14,1,lockheed martin,14,1.0,False,"{""lockheed martin"": 14}"
es,Spanish,entity_or_value,"logan township, fountain county, indiana","Logan_Township,_Fountain_County,_Indiana",2,13,1,"municipio de logan (condado de fountain, indiana)",13,1.0,False,"{""municipio de logan (condado de fountain, indiana)"": 13}"
es,Spanish,entity_or_value,"lompoc, california","Lompoc,_California",2,3,1,"lompoc, california",3,1.0,False,"{""lompoc, california"": 3}"
es,Spanish,entity_or_value,london,London,2,250,1,londres,250,1.0,False,"{""londres"": 250}"
es,Spanish,entity_or_value,london borough of havering,London_Borough_of_Havering,2,6,1,havering,6,1.0,False,"{""havering"": 6}"
es,Spanish,entity_or_value,longfield,Longfield,2,2,1,longfield,2,1.0,False,"{""longfield"": 2}"
es,Spanish,entity_or_value,los angeles,Los_Angeles,2,9,1,los ángeles,9,1.0,False,"{""los ángeles"": 9}"
es,Spanish,entity_or_value,los angeles herald-examiner,Los_Angeles_Herald-Examiner,2,11,1,los angeles herald-examiner,11,1.0,False,"{""los angeles herald-examiner"": 11}"
es,Spanish,entity_or_value,los angeles memorial coliseum,Los_Angeles_Memorial_Coliseum,2,10,1,los angeles memorial coliseum,10,1.0,False,"{""los angeles memorial coliseum"": 10}"
es,Spanish,entity_or_value,los angeles rams,Los_Angeles_Rams,2,51,1,los angeles rams,51,1.0,False,"{""los angeles rams"": 51}"
es,Spanish,entity_or_value,lotus eaters (band),Lotus_Eaters_(band),2,33,1,lotus eaters (banda),33,1.0,False,"{""lotus eaters (banda)"": 33}"
es,Spanish,entity_or_value,lou reed,Lou_Reed,2,2,1,lou reed,2,1.0,False,"{""lou reed"": 2}"
es,Spanish,entity_or_value,louis levy,Louis_Levy,2,22,1,louis levy,22,1.0,False,"{""louis levy"": 22}"
es,Spanish,entity_or_value,love american style (album),Love_American_Style_(album),2,2,1,love american style (álbum),2,1.0,False,"{""love american style (álbum)"": 2}"
es,Spanish,entity_or_value,luanda,Luanda,2,15,1,luanda,15,1.0,False,"{""luanda"": 15}"
es,Spanish,entity_or_value,luanda province,Luanda_Province,2,13,1,provincia de luanda,13,1.0,False,"{""provincia de luanda"": 13}"
es,Spanish,entity_or_value,lucian grainge,Lucian_Grainge,2,3,1,lucian grainge,3,1.0,False,"{""lucian grainge"": 3}"
es,Spanish,entity_or_value,luciano spalletti,Luciano_Spalletti,2,24,1,luciano spalletti,24,1.0,False,"{""luciano spalletti"": 24}"
es,Spanish,entity_or_value,lucky ajax,"""Lucky Ajax""",2,2,1,suerte ajax,2,1.0,False,"{""suerte ajax"": 2}"
es,Spanish,entity_or_value,"lufkin, texas","Lufkin,_Texas",2,9,1,"lufkin, texas",9,1.0,False,"{""lufkin, texas"": 9}"
es,Spanish,entity_or_value,luis miguel ramis,Luis_Miguel_Ramis,2,7,1,luis miguel ramis,7,1.0,False,"{""luis miguel ramis"": 7}"
es,Spanish,entity_or_value,luxury vehicle,Luxury_vehicle,2,12,1,vehículo de lujo,12,1.0,False,"{""vehículo de lujo"": 12}"
es,Spanish,entity_or_value,m. gaffey,M._Gaffey,2,4,1,m. gaffey,4,1.0,False,"{""m. gaffey"": 4}"
es,Spanish,entity_or_value,maccabi ashdod b.c.,Maccabi_Ashdod_B.C.,2,5,1,maccabi ashdod b.c.,5,1.0,False,"{""maccabi ashdod b.c."": 5}"
es,Spanish,entity_or_value,maccabi tel aviv b.c.,Maccabi_Tel_Aviv_B.C.,2,8,1,maccabi tel aviv basketball club,8,1.0,False,"{""maccabi tel aviv basketball club"": 8}"
es,Spanish,entity_or_value,maccabi tel aviv f.c.,Maccabi_Tel_Aviv_F.C.,2,4,1,maccabi tel aviv fc,4,1.0,False,"{""maccabi tel aviv fc"": 4}"
es,Spanish,entity_or_value,macmillan publishers,Macmillan_Publishers,2,3,1,macmillan publishers,3,1.0,False,"{""macmillan publishers"": 3}"
es,Spanish,entity_or_value,madeleine l'engle,Madeleine_L'Engle,2,4,1,madeleine l'engle,4,1.0,False,"{""madeleine l'engle"": 4}"
es,Spanish,entity_or_value,"madison county, indiana","Madison_County,_Indiana",2,55,1,"condado de madison, indiana",55,1.0,False,"{""condado de madison, indiana"": 55}"
es,Spanish,entity_or_value,"madison, wisconsin","Madison,_Wisconsin",2,40,1,"madison, wisconsin",40,1.0,False,"{""madison, wisconsin"": 40}"
es,Spanish,entity_or_value,madrid,Madrid,2,84,1,madrid,84,1.0,False,"{""madrid"": 84}"
es,Spanish,entity_or_value,"madrid, paracuellos de jarama, san sebastián de los reyes and alcobendas","""Madrid, Paracuellos de Jarama, San Sebastián de los Reyes and Alcobendas""",2,16,1,"madrid, paracuellos de jarama, san sebastián de los reyes y alcobendas",16,1.0,False,"{""madrid, paracuellos de jarama, san sebastián de los reyes y alcobendas"": 16}"
es,Spanish,entity_or_value,"magdalene college, cambridge","Magdalene_College,_Cambridge",2,25,1,"magdalene college, cambridge",25,1.0,False,"{""magdalene college, cambridge"": 25}"
es,Spanish,entity_or_value,magik (rapper),Magik_(rapper),2,8,1,magik,8,1.0,False,"{""magik"": 8}"
es,Spanish,entity_or_value,magistrate,Magistrate,2,9,1,magistrado,9,1.0,False,"{""magistrado"": 9}"
es,Spanish,entity_or_value,"mahé, india","Mahé,_India",2,15,1,"mahe, india",15,1.0,False,"{""mahe, india"": 15}"
es,Spanish,entity_or_value,maiden castle (novel),Maiden_Castle_(novel),2,13,1,castillo de la doncella (novela),13,1.0,False,"{""castillo de la doncella (novela)"": 13}"
es,Spanish,entity_or_value,main course,"""Main course""",2,23,1,plato principal,23,1.0,False,"{""plato principal"": 23}"
es,Spanish,entity_or_value,maine,Maine,2,10,1,maine,10,1.0,False,"{""maine"": 10}"
es,Spanish,entity_or_value,"maka-diyos, maka-tao, makakalikasan at makabansa","""Maka-Diyos, Maka-Tao, Makakalikasan at Makabansa""",2,2,1,"maka-diyos, maka-tao, makakalikasan en makabansa",2,1.0,False,"{""maka-diyos, maka-tao, makakalikasan en makabansa"": 2}"
es,Spanish,entity_or_value,makis voridis,Makis_Voridis,2,26,1,makis voridis,26,1.0,False,"{""makis voridis"": 26}"
es,Spanish,entity_or_value,malay peninsula,Malay_Peninsula,2,16,1,península de malaca,16,1.0,False,"{""península de malaca"": 16}"
es,Spanish,entity_or_value,malays (ethnic group),Malays_(ethnic_group),2,5,1,malayos (grupo étnico),5,1.0,False,"{""malayos (grupo étnico)"": 5}"
es,Spanish,entity_or_value,malaysia,Malaysia,2,174,1,malasia,174,1.0,False,"{""malasia"": 174}"
es,Spanish,entity_or_value,malaysian chinese,Malaysian_Chinese,2,28,1,chino malayo,28,1.0,False,"{""chino malayo"": 28}"
es,Spanish,entity_or_value,malaysian indian,Malaysian_Indian,2,7,1,indio malayo,7,1.0,False,"{""indio malayo"": 7}"
es,Spanish,entity_or_value,malaysian malay,Malaysian_Malay,2,18,1,malayo malasia,18,1.0,False,"{""malayo malasia"": 18}"
es,Spanish,entity_or_value,malik muhammad rafique rajwana,Malik_Muhammad_Rafique_Rajwana,2,2,1,malik muhammad rafique rajwana,2,1.0,False,"{""malik muhammad rafique rajwana"": 2}"
es,Spanish,entity_or_value,mamiffer,Mamiffer,2,13,1,mamiffer,13,1.0,False,"{""mamiffer"": 13}"
es,Spanish,entity_or_value,mamnoon hussain,Mamnoon_Hussain,2,8,1,mamnoon hussain,8,1.0,False,"{""mamnoon hussain"": 8}"
es,Spanish,entity_or_value,management,Management,2,7,1,gestión,7,1.0,False,"{""gestión"": 7}"
es,Spanish,entity_or_value,manchester,Manchester,2,39,1,mánchester,39,1.0,False,"{""mánchester"": 39}"
es,Spanish,entity_or_value,manhattan,Manhattan,2,44,1,manhattan,44,1.0,False,"{""manhattan"": 44}"
es,Spanish,entity_or_value,manila,Manila,2,35,1,manila,35,1.0,False,"{""manila"": 35}"
es,Spanish,entity_or_value,manitoba,Manitoba,2,7,1,manitoba,7,1.0,False,"{""manitoba"": 7}"
es,Spanish,entity_or_value,mantecorp,Mantecorp,2,21,1,mantecorp,21,1.0,False,"{""mantecorp"": 21}"
es,Spanish,entity_or_value,manuel valls,Manuel_Valls,2,28,1,manuel valls,28,1.0,False,"{""manuel valls"": 28}"
es,Spanish,entity_or_value,"maple ridge township, alpena county, michigan","Maple_Ridge_Township,_Alpena_County,_Michigan",2,18,1,"municipio de maple ridge (condado de alpena, míchigan)",18,1.0,False,"{""municipio de maple ridge (condado de alpena, míchigan)"": 18}"
es,Spanish,entity_or_value,margrethe ii of denmark,Margrethe_II_of_Denmark,2,14,1,margarita ii de dinamarca,14,1.0,False,"{""margarita ii de dinamarca"": 14}"
es,Spanish,entity_or_value,maria lourdes sereno,Maria_Lourdes_Sereno,2,3,1,maria lourdes sereno,3,1.0,False,"{""maria lourdes sereno"": 3}"
es,Spanish,entity_or_value,"marietta, ohio","Marietta,_Ohio",2,7,1,marietta,7,1.0,False,"{""marietta"": 7}"
es,Spanish,entity_or_value,mario botta,Mario_Botta,2,33,1,mario botta,33,1.0,False,"{""mario botta"": 33}"
es,Spanish,entity_or_value,marius moga,Marius_Moga,2,8,1,marius moga,8,1.0,False,"{""marius moga"": 8}"
es,Spanish,entity_or_value,marjorie farmer,Marjorie_Farmer,2,9,1,marjorie farmer,9,1.0,False,"{""marjorie farmer"": 9}"
es,Spanish,entity_or_value,mark desmond,"""Mark Desmond""",2,6,1,mark desmond,6,1.0,False,"{""mark desmond"": 6}"
es,Spanish,entity_or_value,mark rutte,Mark_Rutte,2,33,1,mark rutte,33,1.0,False,"{""mark rutte"": 33}"
es,Spanish,entity_or_value,mark sixma,Mark_Sixma,2,14,1,mark sixma,14,1.0,False,"{""mark sixma"": 14}"
es,Spanish,entity_or_value,marousi,Marousi,2,3,1,marusi,3,1.0,False,"{""marusi"": 3}"
es,Spanish,entity_or_value,marriott international,Marriott_International,2,79,1,marriott international,79,1.0,False,"{""marriott international"": 79}"
es,Spanish,entity_or_value,marry banilow,Marry_Banilow,2,15,1,marry banilow,15,1.0,False,"{""marry banilow"": 15}"
es,Spanish,entity_or_value,marv wolfman,Marv_Wolfman,2,15,1,marv wolfman,15,1.0,False,"{""marv wolfman"": 15}"
es,Spanish,entity_or_value,mary hayley bell,Mary_Hayley_Bell,2,2,1,mary hayley bell,2,1.0,False,"{""mary hayley bell"": 2}"
es,Spanish,entity_or_value,maryland,"""Maryland""",2,2,1,maryland,2,1.0,False,"{""maryland"": 2}"
es,Spanish,entity_or_value,marysville auto plant,Marysville_Auto_Plant,2,11,1,fábrica de automóviles de marysville,11,1.0,False,"{""fábrica de automóviles de marysville"": 11}"
es,Spanish,entity_or_value,"marysville, ohio","Marysville,_Ohio",2,10,1,"marysville, ohio",10,1.0,False,"{""marysville, ohio"": 10}"
es,Spanish,entity_or_value,mason school of business,Mason_School_of_Business,2,101,1,escuela de negocios mason,101,1.0,False,"{""escuela de negocios mason"": 101}"
es,Spanish,entity_or_value,mass media,Mass_Media,2,21,1,medios de comunicación,21,1.0,False,"{""medios de comunicación"": 21}"
es,Spanish,entity_or_value,massachusetts,Massachusetts,2,13,1,massachusetts,13,1.0,False,"{""massachusetts"": 13}"
es,Spanish,entity_or_value,"massachusetts institute of technology, sc.d. 1963","""Massachusetts Institute of Technology, Sc.D. 1963""",2,43,1,"instituto tecnológico de massachusetts, sc.d. 1963",43,1.0,False,"{""instituto tecnológico de massachusetts, sc.d. 1963"": 43}"
es,Spanish,entity_or_value,massimo drago,Massimo_Drago,2,50,1,massimo drago,50,1.0,False,"{""massimo drago"": 50}"
es,Spanish,entity_or_value,"matchstik, match, allan, forrester, alan, foster, forest matchstick, matchstix, allen forrest","""Matchstik, Match, Allan, Forrester, Alan, Foster, Forest Matchstick, Matchstix, Allen Forrest""",2,2,1,"matchstik, match, allan, forrester, alan, foster, forest matchstick, matchstix, allen forrest",2,1.0,False,"{""matchstik, match, allan, forrester, alan, foster, forest matchstick, matchstix, allen forrest"": 2}"
es,Spanish,entity_or_value,mathematical optimization,Mathematical_optimization,2,17,1,optimización,17,1.0,False,"{""optimización"": 17}"
es,Spanish,entity_or_value,mathematics,Mathematics,2,23,1,matemáticas,23,1.0,False,"{""matemáticas"": 23}"
es,Spanish,entity_or_value,matteo renzi,Matteo_Renzi,2,12,1,matteo renzi,12,1.0,False,"{""matteo renzi"": 12}"
es,Spanish,entity_or_value,mauricio macri,Mauricio_Macri,2,4,1,mauricio macri,4,1.0,False,"{""mauricio macri"": 4}"
es,Spanish,entity_or_value,max benedict,Max_Benedict,2,11,1,max benedict,11,1.0,False,"{""max benedict"": 11}"
es,Spanish,entity_or_value,max huiberts,Max_Huiberts,2,5,1,max huiberts,5,1.0,False,"{""max huiberts"": 5}"
es,Spanish,entity_or_value,may 1950 - august 1956,"""May 1950 - August 1956""",2,38,1,mayo de 1950 - agosto de 1956,38,1.0,False,"{""mayo de 1950 - agosto de 1956"": 38}"
es,Spanish,entity_or_value,maya rudolph,Maya_Rudolph,2,5,1,maya rudolph,5,1.0,False,"{""maya rudolph"": 5}"
es,Spanish,entity_or_value,mayor,Mayor,2,25,1,alcalde,25,1.0,False,"{""alcalde"": 25}"
es,Spanish,entity_or_value,mayor of albuquerque,Mayor_of_Albuquerque,2,6,1,alcalde de albuquerque,6,1.0,False,"{""alcalde de albuquerque"": 6}"
es,Spanish,entity_or_value,"mayor of stamford, connecticut","Mayor_of_Stamford,_Connecticut",2,6,1,"alcalde de stamford, connecticut",6,1.0,False,"{""alcalde de stamford, connecticut"": 6}"
es,Spanish,entity_or_value,mayor of vigo,"""Mayor of Vigo""",2,3,1,alcalde de vigo,3,1.0,False,"{""alcalde de vigo"": 3}"
es,Spanish,entity_or_value,"mayors of atlantic city, new jersey","Mayors_of_Atlantic_City,_New_Jersey",2,2,1,"alcaldes de atlantic city, nueva jersey",2,1.0,False,"{""alcaldes de atlantic city, nueva jersey"": 2}"
es,Spanish,entity_or_value,mcdonnell douglas f-15 eagle,McDonnell_Douglas_F-15_Eagle,2,13,1,mcdonnell douglas f-15 eagle,13,1.0,False,"{""mcdonnell douglas f-15 eagle"": 13}"
es,Spanish,entity_or_value,mcveagh of the south seas,McVeagh_of_the_South_Seas,2,85,1,mcveagh de los mares del sur,85,1.0,False,"{""mcveagh de los mares del sur"": 85}"
es,Spanish,entity_or_value,media company,Media_company,2,24,1,medios de comunicación,24,1.0,False,"{""medios de comunicación"": 24}"
es,Spanish,entity_or_value,medium expendable launch system,"""Medium expendable launch system""",2,4,1,sistema de lanzamiento medio,4,1.0,False,"{""sistema de lanzamiento medio"": 4}"
es,Spanish,entity_or_value,mellow candle,Mellow_Candle,2,15,1,mellow candle,15,1.0,False,"{""mellow candle"": 15}"
es,Spanish,entity_or_value,member of parliament,Member_of_parliament,2,5,1,parlamentario,5,1.0,False,"{""parlamentario"": 5}"
es,Spanish,entity_or_value,member of parliament for gravesham,Member_of_Parliament_for_Gravesham,2,5,1,diputado por gravesham,5,1.0,False,"{""diputado por gravesham"": 5}"
es,Spanish,entity_or_value,member of the congress of deputies,"""Member of the Congress of Deputies""",2,4,1,miembro del congreso de los diputados,4,1.0,False,"{""miembro del congreso de los diputados"": 4}"
es,Spanish,entity_or_value,member of the connecticut senate from the 26th district,"""Member of the Connecticut Senate from the 26th District""",2,21,1,miembro del senado de connecticut por el distrito 26,21,1.0,False,"{""miembro del senado de connecticut por el distrito 26"": 21}"
es,Spanish,entity_or_value,member of the hellenic parliament,"""Member of the Hellenic Parliament""",2,2,1,diputado al parlamento griego,2,1.0,False,"{""diputado al parlamento griego"": 2}"
es,Spanish,entity_or_value,member of the house of representatives,"""Member of the House of Representatives""",2,18,1,miembro de la cámara de representantes,18,1.0,False,"{""miembro de la cámara de representantes"": 18}"
es,Spanish,entity_or_value,member of the senate,"""Member of the Senate""",2,6,1,miembro del senado,6,1.0,False,"{""miembro del senado"": 6}"
es,Spanish,entity_or_value,member of the texas state senate from district 4 (port arthur),"""Member of the Texas State Senate from District 4 (Port Arthur)""",2,10,1,miembro del senado del estado de texas por el distrito 4 (port arthur),10,1.0,False,"{""miembro del senado del estado de texas por el distrito 4 (port arthur)"": 10}"
es,Spanish,entity_or_value,member of the u.s. house of representatives from connecticut's 4th district,"""Member of the U.S. House of Representatives from Connecticut's 4th district""",2,10,1,miembro de la cámara de representantes de ee.uu. por el 4o distrito de connecticut,10,1.0,False,"{""miembro de la cámara de representantes de ee.uu. por el 4o distrito de connecticut"": 10}"
es,Spanish,entity_or_value,"menasha (town), wisconsin","Menasha_(town),_Wisconsin",2,10,1,"menasha, wisconsin",10,1.0,False,"{""menasha, wisconsin"": 10}"
es,Spanish,entity_or_value,"mendoza, argentina","Mendoza,_Argentina",2,22,1,mendoza,22,1.0,False,"{""mendoza"": 22}"
es,Spanish,entity_or_value,mendrisio,Mendrisio,2,63,1,mendrisio,63,1.0,False,"{""mendrisio"": 63}"
es,Spanish,entity_or_value,meride,Meride,2,9,1,meride,9,1.0,False,"{""meride"": 9}"
es,Spanish,entity_or_value,meringue,Meringue,2,8,1,merengue,8,1.0,False,"{""merengue"": 8}"
es,Spanish,entity_or_value,"meringue, ice cream, sponge cake or christmas pudding","""Meringue, ice cream, sponge cake or Christmas pudding""",2,13,1,"merengue, helado, bizcocho o pudin de navidad",13,1.0,False,"{""merengue, helado, bizcocho o pudin de navidad"": 13}"
es,Spanish,entity_or_value,mermaid (train song),Mermaid_(Train_song),2,190,1,mermaid (canción de train),190,1.0,False,"{""mermaid (canción de train)"": 190}"
es,Spanish,entity_or_value,mestizo,Mestizo,2,8,1,mestizo,8,1.0,False,"{""mestizo"": 8}"
es,Spanish,entity_or_value,metapán,Metapán,2,6,1,metapán,6,1.0,False,"{""metapán"": 6}"
es,Spanish,entity_or_value,"metapán, el salvador","""Metapán, El Salvador""",2,6,1,"metapán, el salvador",6,1.0,False,"{""metapán, el salvador"": 6}"
es,Spanish,entity_or_value,metro manila,Metro_Manila,2,3,1,gran manila,3,1.0,False,"{""gran manila"": 3}"
es,Spanish,entity_or_value,mexican peso,Mexican_peso,2,33,1,peso mexicano,33,1.0,False,"{""peso mexicano"": 33}"
es,Spanish,entity_or_value,mexican spanish,Mexican_Spanish,2,7,1,español mexicano,7,1.0,False,"{""español mexicano"": 7}"
es,Spanish,entity_or_value,mexicans,Mexicans,2,27,1,mexicanos,27,1.0,False,"{""mexicanos"": 27}"
es,Spanish,entity_or_value,mexico,Mexico,2,266,1,méxico,266,1.0,False,"{""méxico"": 266}"
es,Spanish,entity_or_value,mexico city,Mexico_City,2,6,1,ciudad de méxico,6,1.0,False,"{""ciudad de méxico"": 6}"
es,Spanish,entity_or_value,meyer werft,Meyer_Werft,2,47,1,meyer werft,47,1.0,False,"{""meyer werft"": 47}"
es,Spanish,entity_or_value,michael manley,"""Michael Manley""",2,4,1,michael manley,4,1.0,False,"{""michael manley"": 4}"
es,Spanish,entity_or_value,michael r. burns,Michael_R._Burns,2,2,1,michael r. burns,2,1.0,False,"{""michael r. burns"": 2}"
es,Spanish,entity_or_value,michael rooker,Michael_Rooker,2,26,1,michael rooker,26,1.0,False,"{""michael rooker"": 26}"
es,Spanish,entity_or_value,michael tinkham,Michael_Tinkham,2,12,1,michael tinkham,12,1.0,False,"{""michael tinkham"": 12}"
es,Spanish,entity_or_value,michel temer,Michel_Temer,2,2,1,michel temer,2,1.0,False,"{""michel temer"": 2}"
es,Spanish,entity_or_value,michele marcolini,Michele_Marcolini,2,68,1,michele marcolini,68,1.0,False,"{""michele marcolini"": 68}"
es,Spanish,entity_or_value,michigan,Michigan,2,77,1,míchigan,77,1.0,False,"{""míchigan"": 77}"
es,Spanish,entity_or_value,mid-atlantic regional spaceport,Mid-Atlantic_Regional_Spaceport,2,32,1,puerto espacial regional del atlántico medio,32,1.0,False,"{""puerto espacial regional del atlántico medio"": 32}"
es,Spanish,entity_or_value,mid-atlantic regional spaceport launch pad 0,Mid-Atlantic_Regional_Spaceport_Launch_Pad_0,2,55,1,plataforma de lanzamiento 0 del puerto espacial regional del atlántico medio,55,1.0,False,"{""plataforma de lanzamiento 0 del puerto espacial regional del atlántico medio"": 55}"
es,Spanish,entity_or_value,mid-size car,Mid-size_car,2,14,1,coche de tamaño medio,14,1.0,False,"{""coche de tamaño medio"": 14}"
es,Spanish,entity_or_value,mid-size luxury / executive car,"""Mid-size luxury / Executive car""",2,9,1,coche de lujo / ejecutivo de tamaño medio,9,1.0,False,"{""coche de lujo / ejecutivo de tamaño medio"": 9}"
es,Spanish,entity_or_value,mike akhigbe,Mike_Akhigbe,2,52,1,mike akhigbe,52,1.0,False,"{""mike akhigbe"": 52}"
es,Spanish,entity_or_value,mike mularkey,Mike_Mularkey,2,4,1,mike mularkey,4,1.0,False,"{""mike mularkey"": 4}"
es,Spanish,entity_or_value,milan,Milan,2,13,1,milán,13,1.0,False,"{""milán"": 13}"
es,Spanish,entity_or_value,milk,Milk,2,2,1,leche,2,1.0,False,"{""leche"": 2}"
es,Spanish,entity_or_value,milonga (music),Milonga_(music),2,5,1,milonga (música),5,1.0,False,"{""milonga (música)"": 5}"
es,Spanish,entity_or_value,minangkabau people,Minangkabau_people,2,4,1,minangkabau,4,1.0,False,"{""minangkabau"": 4}"
es,Spanish,entity_or_value,mindanao,Mindanao,2,3,1,mindanao,3,1.0,False,"{""mindanao"": 3}"
es,Spanish,entity_or_value,minister for health,"""Minister for Health""",2,3,1,ministra de sanidad,3,1.0,False,"{""ministra de sanidad"": 3}"
es,Spanish,entity_or_value,minister of transport,"""Minister of Transport""",2,6,1,ministro de transportes,6,1.0,False,"{""ministro de transportes"": 6}"
es,Spanish,entity_or_value,"ministry of economy, development and tourism (greece)","Ministry_of_Economy,_Development_and_Tourism_(Greece)",2,2,1,"ministerio de economía, desarrollo y turismo (grecia)",2,1.0,False,"{""ministerio de economía, desarrollo y turismo (grecia)"": 2}"
es,Spanish,entity_or_value,ministry of health (greece),Ministry_of_Health_(Greece),2,2,1,ministerio de salud de grecia,2,1.0,False,"{""ministerio de salud de grecia"": 2}"
es,Spanish,entity_or_value,"ministry of health, welfare and sport (netherlands)","Ministry_of_Health,_Welfare_and_Sport_(Netherlands)",2,4,1,"ministerio de sanidad, bienestar y deportes (países bajos)",4,1.0,False,"{""ministerio de sanidad, bienestar y deportes (países bajos)"": 4}"
es,Spanish,entity_or_value,ministry of public works and transport (spain),Ministry_of_Public_Works_and_Transport_(Spain),2,2,1,ministerio de fomento (españa),2,1.0,False,"{""ministerio de fomento (españa)"": 2}"
es,Spanish,entity_or_value,minna,Minna,2,4,1,minna,4,1.0,False,"{""minna"": 4}"
es,Spanish,entity_or_value,minnesota wild,Minnesota_Wild,2,4,1,minnesota wild,4,1.0,False,"{""minnesota wild"": 4}"
es,Spanish,entity_or_value,minotaur iv,Minotaur_IV,2,6,1,minotaur iv,6,1.0,False,"{""minotaur iv"": 6}"
es,Spanish,entity_or_value,minotaur v,Minotaur_V,2,7,1,minotaur v,7,1.0,False,"{""minotaur v"": 7}"
es,Spanish,entity_or_value,"miri, malaysia","Miri,_Malaysia",2,31,1,"miri, malasia",31,1.0,False,"{""miri, malasia"": 31}"
es,Spanish,entity_or_value,mk44,MK44,2,4,1,mk44,4,1.0,False,"{""mk44"": 4}"
es,Spanish,entity_or_value,mobile applications,Mobile_Applications,2,21,1,aplicaciones móviles,21,1.0,False,"{""aplicaciones móviles"": 21}"
es,Spanish,entity_or_value,modern hebrew,Modern_Hebrew,2,4,1,hebreo moderno,4,1.0,False,"{""hebreo moderno"": 4}"
es,Spanish,entity_or_value,modern standard arabic,Modern_Standard_Arabic,2,2,1,árabe estándar moderno,2,1.0,False,"{""árabe estándar moderno"": 2}"
es,Spanish,entity_or_value,mols,Mols,2,10,1,mols,10,1.0,False,"{""mols"": 10}"
es,Spanish,entity_or_value,monarch (band),Monarch_(band),2,2,1,monarch (grupo),2,1.0,False,"{""monarch (grupo)"": 2}"
es,Spanish,entity_or_value,monarchy of denmark,Monarchy_of_Denmark,2,7,1,monarquía de dinamarca,7,1.0,False,"{""monarquía de dinamarca"": 7}"
es,Spanish,entity_or_value,mondelez international,Mondelez_International,2,22,1,mondelēz international,22,1.0,False,"{""mondelēz international"": 22}"
es,Spanish,entity_or_value,monocacy national battlefield,Monocacy_National_Battlefield,2,65,1,monocacy national battlefield,65,1.0,False,"{""monocacy national battlefield"": 65}"
es,Spanish,entity_or_value,monocotyledon,Monocotyledon,2,22,1,liliopsida,22,1.0,False,"{""liliopsida"": 22}"
es,Spanish,entity_or_value,"monroe township, madison county, indiana","Monroe_Township,_Madison_County,_Indiana",2,26,1,"municipio de monroe (condado de madison, indiana)",26,1.0,False,"{""municipio de monroe (condado de madison, indiana)"": 26}"
es,Spanish,entity_or_value,montevideo,Montevideo,2,77,1,montevideo,77,1.0,False,"{""montevideo"": 77}"
es,Spanish,entity_or_value,montreal canadiens,Montreal_Canadiens,2,2,1,canadiens de montréal,2,1.0,False,"{""canadiens de montréal"": 2}"
es,Spanish,entity_or_value,montreal locomotive works,Montreal_Locomotive_Works,2,27,1,montreal locomotive woks,27,1.0,False,"{""montreal locomotive woks"": 27}"
es,Spanish,entity_or_value,morelos,Morelos,2,32,1,morelos,32,1.0,False,"{""morelos"": 32}"
es,Spanish,entity_or_value,moro people,Moro_people,2,12,1,moro,12,1.0,False,"{""moro"": 12}"
es,Spanish,entity_or_value,moscow,Moscow,2,17,1,moscú,17,1.0,False,"{""moscú"": 17}"
es,Spanish,entity_or_value,"moscow, russia","""Moscow, Russia""",2,2,1,"moscú, rusia",2,1.0,False,"{""moscú, rusia"": 2}"
es,Spanish,entity_or_value,motherwell f.c.,Motherwell_F.C.,2,12,1,motherwell football club,12,1.0,False,"{""motherwell football club"": 12}"
es,Spanish,entity_or_value,motorsport vision,MotorSport_Vision,2,34,1,motorsport vision,34,1.0,False,"{""motorsport vision"": 34}"
es,Spanish,entity_or_value,movieplay,Movieplay,2,3,1,movieplay,3,1.0,False,"{""movieplay"": 3}"
es,Spanish,entity_or_value,mtu friedrichshafen,MTU_Friedrichshafen,2,31,1,mtu friedrichshafen,31,1.0,False,"{""mtu friedrichshafen"": 31}"
es,Spanish,entity_or_value,mulatu teshome,Mulatu_Teshome,2,14,1,mulatu teshome,14,1.0,False,"{""mulatu teshome"": 14}"
es,Spanish,entity_or_value,mumbai,Mumbai,2,58,1,bombay,58,1.0,False,"{""bombay"": 58}"
es,Spanish,entity_or_value,munster,Munster,2,7,1,munster,7,1.0,False,"{""munster"": 7}"
es,Spanish,entity_or_value,music download,Music_download,2,6,1,descarga de música,6,1.0,False,"{""descarga de música"": 6}"
es,Spanish,entity_or_value,musician,Musician,2,3,1,músico,3,1.0,False,"{""músico"": 3}"
es,Spanish,entity_or_value,n. r. pogson,N._R._Pogson,2,64,1,norman pogson,64,1.0,False,"{""norman pogson"": 64}"
es,Spanish,entity_or_value,najib razak,Najib_Razak,2,4,1,najib tun razak,4,1.0,False,"{""najib tun razak"": 4}"
es,Spanish,entity_or_value,narendra modi,Narendra_Modi,2,32,1,narendra modi,32,1.0,False,"{""narendra modi"": 32}"
es,Spanish,entity_or_value,nasa,NASA,2,124,1,administración nacional de aeronáutica y del espacio,124,1.0,False,"{""administración nacional de aeronáutica y del espacio"": 124}"
es,Spanish,entity_or_value,"nashville, tennessee","Nashville,_Tennessee",2,14,1,"nashville, tennessee",14,1.0,False,"{""nashville, tennessee"": 14}"
es,Spanish,entity_or_value,national and kapodistrian university of athens,National_and_Kapodistrian_University_of_Athens,2,3,1,universidad de atenas,3,1.0,False,"{""universidad de atenas"": 3}"
es,Spanish,entity_or_value,national anthem of uruguay,National_Anthem_of_Uruguay,2,2,1,himno nacional de uruguay,2,1.0,False,"{""himno nacional de uruguay"": 2}"
es,Spanish,entity_or_value,national assembly (azerbaijan),National_Assembly_(Azerbaijan),2,14,1,asamblea nacional de la república de azerbaiyán,14,1.0,False,"{""asamblea nacional de la república de azerbaiyán"": 14}"
es,Spanish,entity_or_value,national hockey league,National_Hockey_League,2,4,1,national hockey league,4,1.0,False,"{""national hockey league"": 4}"
es,Spanish,entity_or_value,national league north,National_League_North,2,4,1,conference north,4,1.0,False,"{""conference north"": 4}"
es,Spanish,entity_or_value,national park service,National_Park_Service,2,16,1,servicio de parques nacionales,16,1.0,False,"{""servicio de parques nacionales"": 16}"
es,Spanish,entity_or_value,"nationwide in indonesia, also popular in neighboring southeast asian countries","""Nationwide in Indonesia, also popular in neighboring Southeast Asian countries""",2,12,1,"de ámbito nacional en indonesia, también es popular en los países vecinos del sudeste asiático",12,1.0,False,"{""de ámbito nacional en indonesia, también es popular en los países vecinos del sudeste asiático"": 12}"
es,Spanish,entity_or_value,"nationwide in indonesia, but more specific to java","""Nationwide in Indonesia, but more specific to Java""",2,16,1,"en todo indonesia, pero más específicamente en java",16,1.0,False,"{""en todo indonesia, pero más específicamente en java"": 16}"
es,Spanish,entity_or_value,nationwide in singapore and indonesia,"""Nationwide in Singapore and Indonesia""",2,10,1,"en todo el país, en singapur e indonesia",10,1.0,False,"{""en todo el país, en singapur e indonesia"": 10}"
es,Spanish,entity_or_value,"nationwide, also can be found in malaysia and singapore","""Nationwide, also can be found in Malaysia and Singapore""",2,18,1,"en todo el país, también en malasia y singapur",18,1.0,False,"{""en todo el país, también en malasia y singapur"": 18}"
es,Spanish,entity_or_value,native american,Native_American,2,2,1,nativos americanos,2,1.0,False,"{""nativos americanos"": 2}"
es,Spanish,entity_or_value,native americans in the united states,Native_Americans_in_the_United_States,2,231,1,pueblos nativos de los estados unidos,231,1.0,False,"{""pueblos nativos de los estados unidos"": 231}"
es,Spanish,entity_or_value,navajo language,Navajo_language,2,3,1,navajo,3,1.0,False,"{""navajo"": 3}"
es,Spanish,entity_or_value,nawaz sharif,Nawaz_Sharif,2,7,1,nawaz sharif,7,1.0,False,"{""nawaz sharif"": 7}"
es,Spanish,entity_or_value,neptun werft,Neptun_Werft,2,45,1,neptun werft,45,1.0,False,"{""neptun werft"": 45}"
es,Spanish,entity_or_value,"neptun werft, warnemünde,","""Neptun Werft, Warnemünde,""",2,9,1,"neptun werft, warnemünde,",9,1.0,False,"{""neptun werft, warnemünde,"": 9}"
es,Spanish,entity_or_value,netherlands,Netherlands,2,121,1,países bajos,121,1.0,False,"{""países bajos"": 121}"
es,Spanish,entity_or_value,netherlands national football team,Netherlands_national_football_team,2,6,1,selección de fútbol de los países bajos,6,1.0,False,"{""selección de fútbol de los países bajos"": 6}"
es,Spanish,entity_or_value,netherlands national under-17 football team,Netherlands_national_under-17_football_team,2,4,1,selección de fútbol sub-17 de los países bajos,4,1.0,False,"{""selección de fútbol sub-17 de los países bajos"": 4}"
es,Spanish,entity_or_value,"new britain, connecticut","New_Britain,_Connecticut",2,17,1,"new britain, connecticut",17,1.0,False,"{""new britain, connecticut"": 17}"
es,Spanish,entity_or_value,new democracy (greece),New_Democracy_(Greece),2,23,1,nueva democracia (grecia),23,1.0,False,"{""nueva democracia (grecia)"": 23}"
es,Spanish,entity_or_value,new douglas park,New_Douglas_Park,2,5,1,new douglas park,5,1.0,False,"{""new douglas park"": 5}"
es,Spanish,entity_or_value,new england patriots,New_England_Patriots,2,9,1,new england patriots,9,1.0,False,"{""new england patriots"": 9}"
es,Spanish,entity_or_value,new hampshire,New_Hampshire,2,137,1,nuevo hampshire,137,1.0,False,"{""nuevo hampshire"": 137}"
es,Spanish,entity_or_value,new jersey,New_Jersey,2,92,1,nueva jersey,92,1.0,False,"{""nueva jersey"": 92}"
es,Spanish,entity_or_value,new mexico,New_Mexico,2,14,1,nuevo méxico,14,1.0,False,"{""nuevo méxico"": 14}"
es,Spanish,entity_or_value,new mexico house of representatives,New_Mexico_House_of_Representatives,2,8,1,cámara de representantes de nuevo méxico,8,1.0,False,"{""cámara de representantes de nuevo méxico"": 8}"
es,Spanish,entity_or_value,new mexico senate,New_Mexico_Senate,2,20,1,senado de nuevo méxico,20,1.0,False,"{""senado de nuevo méxico"": 20}"
es,Spanish,entity_or_value,new mexico territory,New_Mexico_Territory,2,15,1,territorio de nuevo méxico,15,1.0,False,"{""territorio de nuevo méxico"": 15}"
es,Spanish,entity_or_value,new netherland,New_Netherland,2,7,1,nuevos países bajos,7,1.0,False,"{""nuevos países bajos"": 7}"
es,Spanish,entity_or_value,new wave music,New_wave_music,2,42,1,new wave,42,1.0,False,"{""new wave"": 42}"
es,Spanish,entity_or_value,new york,New_York,2,101,1,new york,101,1.0,False,"{""new york"": 101}"
es,Spanish,entity_or_value,new york city,New_York_City,2,160,1,nueva york,160,1.0,False,"{""nueva york"": 160}"
es,Spanish,entity_or_value,"new york city, new york, u.s.","""New York City, New York, U.S.""",2,5,1,"ciudad de nueva york, nueva york, ee.uu.",5,1.0,False,"{""ciudad de nueva york, nueva york, ee.uu."": 5}"
es,Spanish,entity_or_value,"newark, new jersey","Newark,_New_Jersey",2,11,1,"newark, nueva jersey",11,1.0,False,"{""newark, nueva jersey"": 11}"
es,Spanish,entity_or_value,"newmarket, ontario","Newmarket,_Ontario",2,12,1,"newmarket, ontario",12,1.0,False,"{""newmarket, ontario"": 12}"
es,Spanish,entity_or_value,newport pagnell,Newport_Pagnell,2,10,1,newport pagnell,10,1.0,False,"{""newport pagnell"": 10}"
es,Spanish,entity_or_value,"newport pagnell, buckinghamshire, england, united kingdom","""Newport Pagnell, Buckinghamshire, England, United Kingdom""",2,8,1,"newport pagnell, buckinghamshire, inglaterra, reino unido",8,1.0,False,"{""newport pagnell, buckinghamshire, inglaterra, reino unido"": 8}"
es,Spanish,entity_or_value,nicholas brodszky,Nicholas_Brodszky,2,22,1,nicholas brodzsky,22,1.0,False,"{""nicholas brodzsky"": 22}"
es,Spanish,entity_or_value,nie haisheng,Nie_Haisheng,2,85,1,nie haisheng,85,1.0,False,"{""nie haisheng"": 85}"
es,Spanish,entity_or_value,niger state,Niger_State,2,4,1,estado de níger,4,1.0,False,"{""estado de níger"": 4}"
es,Spanish,entity_or_value,nigeria,Nigeria,2,4,1,nigeria,4,1.0,False,"{""nigeria"": 4}"
es,Spanish,entity_or_value,nigerian air force,Nigerian_Air_Force,2,23,1,fuerza aérea nigeriana,23,1.0,False,"{""fuerza aérea nigeriana"": 23}"
es,Spanish,entity_or_value,nigerian army,Nigerian_Army,2,6,1,ejército de nigeria,6,1.0,False,"{""ejército de nigeria"": 6}"
es,Spanish,entity_or_value,nigerian navy,Nigerian_Navy,2,4,1,armada de nigeria,4,1.0,False,"{""armada de nigeria"": 4}"
es,Spanish,entity_or_value,nikolai chernykh,Nikolai_Chernykh,2,8,1,nikolái chernyj,8,1.0,False,"{""nikolái chernyj"": 8}"
es,Spanish,entity_or_value,nikos voutsis,Nikos_Voutsis,2,25,1,nikos voutsis,25,1.0,False,"{""nikos voutsis"": 25}"
es,Spanish,entity_or_value,no-hair theorem,No-hair_theorem,2,10,1,teorema de no pelo,10,1.0,False,"{""teorema de no pelo"": 10}"
es,Spanish,entity_or_value,noise music,Noise_music,2,2,1,noise,2,1.0,False,"{""noise"": 2}"
es,Spanish,entity_or_value,noise pop,Noise_pop,2,3,1,noise pop,3,1.0,False,"{""noise pop"": 3}"
es,Spanish,entity_or_value,noise rock,Noise_rock,2,22,1,noise rock,22,1.0,False,"{""noise rock"": 22}"
es,Spanish,entity_or_value,non performing personnel,"""non_performing_personnel""",2,18,1,personal no operativo,18,1.0,False,"{""personal no operativo"": 18}"
es,Spanish,entity_or_value,non vocal instrumentalist,"""non_vocal_instrumentalist""",2,5,1,instrumentista no vocal,5,1.0,False,"{""instrumentista no vocal"": 5}"
es,Spanish,entity_or_value,noodle,Noodle,2,12,1,fideo,12,1.0,False,"{""fideo"": 12}"
es,Spanish,entity_or_value,"noodles, pork organs, vegetables, chicken, shrimp, beef","""noodles, pork organs, vegetables, chicken, shrimp, beef""",2,17,1,"fideos, órganos de cerdo, verduras, pollo, gambas, ternera",17,1.0,False,"{""fideos, órganos de cerdo, verduras, pollo, gambas, ternera"": 17}"
es,Spanish,entity_or_value,norbert lammert,Norbert_Lammert,2,3,1,norbert lammert,3,1.0,False,"{""norbert lammert"": 3}"
es,Spanish,entity_or_value,nord (year of no light album),Nord_(Year_of_No_Light_album),2,141,1,nord (álbum year of no light),141,1.0,False,"{""nord (álbum year of no light)"": 141}"
es,Spanish,entity_or_value,north american eastern time zone,North_American_Eastern_Time_Zone,2,2,1,zona horaria del este de norteamérica,2,1.0,False,"{""zona horaria del este de norteamérica"": 2}"
es,Spanish,entity_or_value,north east england,North_East_England,2,2,1,nordeste de inglaterra,2,1.0,False,"{""nordeste de inglaterra"": 2}"
es,Spanish,entity_or_value,north wall quay,"""North Wall Quay""",2,6,1,north wall quay,6,1.0,False,"{""north wall quay"": 6}"
es,Spanish,entity_or_value,"north wall, dublin","North_Wall,_Dublin",2,9,1,"north wall, dublín",9,1.0,False,"{""north wall, dublín"": 9}"
es,Spanish,entity_or_value,north west counties football league,North_West_Counties_Football_League,2,2,1,north west counties football league,2,1.0,False,"{""north west counties football league"": 2}"
es,Spanish,entity_or_value,nottingham,Nottingham,2,17,1,nottingham,17,1.0,False,"{""nottingham"": 17}"
es,Spanish,entity_or_value,nrbq,NRBQ,2,41,1,nrbq,41,1.0,False,"{""nrbq"": 41}"
es,Spanish,entity_or_value,nu metal,Nu_metal,2,19,1,nu metal,19,1.0,False,"{""nu metal"": 19}"
es,Spanish,entity_or_value,nurhan atasoy,Nurhan_Atasoy,2,117,1,nurhan atasoy,117,1.0,False,"{""nurhan atasoy"": 117}"
es,Spanish,entity_or_value,nurturing excellence,"""Nurturing Excellence""",2,12,1,fomentar la excelencia,12,1.0,False,"{""fomentar la excelencia"": 12}"
es,Spanish,entity_or_value,"nwc, m.a. 1957","""NWC, M.A. 1957""",2,63,1,"nwc, m.a. 1957",63,1.0,False,"{""nwc, m.a. 1957"": 63}"
es,Spanish,entity_or_value,nz289147,NZ289147,2,3,1,nz289147,3,1.0,False,"{""nz289147"": 3}"
es,Spanish,entity_or_value,o canada,O_Canada,2,15,1,o canada,15,1.0,False,"{""o canada"": 15}"
es,Spanish,entity_or_value,oberbürgermeister,Oberbürgermeister,2,3,1,oberbürgermeister,3,1.0,False,"{""oberbürgermeister"": 3}"
es,Spanish,entity_or_value,odeon records,Odeon_Records,2,8,1,odeon,8,1.0,False,"{""odeon"": 8}"
es,Spanish,entity_or_value,"officer's star ""parasol","Officer's_Star_""Parasol""",2,2,1,parasol estrella de oficial,2,1.0,False,"{""parasol estrella de oficial"": 2}"
es,Spanish,entity_or_value,ohio,Ohio,2,28,1,ohio,28,1.0,False,"{""ohio"": 28}"
es,Spanish,entity_or_value,okeh records,Okeh_Records,2,12,1,okeh,12,1.0,False,"{""okeh"": 12}"
es,Spanish,entity_or_value,oladipo diya,Oladipo_Diya,2,16,1,oladipo diya,16,1.0,False,"{""oladipo diya"": 16}"
es,Spanish,entity_or_value,old man gloom,Old_Man_Gloom,2,24,1,old man gloom,24,1.0,False,"{""old man gloom"": 24}"
es,Spanish,entity_or_value,oleh luzhny,Oleh_Luzhny,2,4,1,oleh luzhny,4,1.0,False,"{""oleh luzhny"": 4}"
es,Spanish,entity_or_value,olga bondareva,Olga_Bondareva,2,120,1,olga bondareva,120,1.0,False,"{""olga bondareva"": 120}"
es,Spanish,entity_or_value,olga nikolaevna bondareva,"""Olga Nikolaevna Bondareva""",2,13,1,olga nikolaevna bondareva,13,1.0,False,"{""olga nikolaevna bondareva"": 13}"
es,Spanish,entity_or_value,olive oil,Olive_oil,2,20,1,aceite de oliva,20,1.0,False,"{""aceite de oliva"": 20}"
es,Spanish,entity_or_value,oliver wyss,Oliver_Wyss,2,15,1,oliver wyss,15,1.0,False,"{""oliver wyss"": 15}"
es,Spanish,entity_or_value,olusegun obasanjo,Olusegun_Obasanjo,2,20,1,olusegun obasanjo,20,1.0,False,"{""olusegun obasanjo"": 20}"
es,Spanish,entity_or_value,"olympia, washington","Olympia,_Washington",2,7,1,"olympia, washington",7,1.0,False,"{""olympia, washington"": 7}"
es,Spanish,entity_or_value,olympiacos f.c.,Olympiacos_F.C.,2,11,1,olympiacos fútbol club,11,1.0,False,"{""olympiacos fútbol club"": 11}"
es,Spanish,entity_or_value,olympic stadium (athens),Olympic_Stadium_(Athens),2,25,1,estadio olímpico de atenas,25,1.0,False,"{""estadio olímpico de atenas"": 25}"
es,Spanish,entity_or_value,olympique lyonnais,Olympique_Lyonnais,2,40,1,olympique de lyon,40,1.0,False,"{""olympique de lyon"": 40}"
es,Spanish,entity_or_value,onion,Onion,2,2,1,cebolla,2,1.0,False,"{""cebolla"": 2}"
es,Spanish,entity_or_value,"onion, garlic, black pepper, chili","""Onion, garlic, black pepper, chili""",2,3,1,"cebolla, ajo, pimienta negra, guindilla",3,1.0,False,"{""cebolla, ajo, pimienta negra, guindilla"": 3}"
es,Spanish,entity_or_value,online game,Online_Game,2,12,1,juego en línea,12,1.0,False,"{""juego en línea"": 12}"
es,Spanish,entity_or_value,opel vectra,Opel_Vectra,2,7,1,opel vectra,7,1.0,False,"{""opel vectra"": 7}"
es,Spanish,entity_or_value,"opelika, alabama","Opelika,_Alabama",2,9,1,"opelika, alabama",9,1.0,False,"{""opelika, alabama"": 9}"
es,Spanish,entity_or_value,opening of hope,"""Opening of hope""",2,2,1,apertura de la esperanza,2,1.0,False,"{""apertura de la esperanza"": 2}"
es,Spanish,entity_or_value,operation enduring freedom,Operation_Enduring_Freedom,2,16,1,operación enduring freedom,16,1.0,False,"{""operación enduring freedom"": 16}"
es,Spanish,entity_or_value,oraa,"""ORAA""",2,8,1,oraa,8,1.0,False,"{""oraa"": 8}"
es,Spanish,entity_or_value,orange county blues fc,Orange_County_Blues_FC,2,30,1,orange county blues fc,30,1.0,False,"{""orange county blues fc"": 30}"
es,Spanish,entity_or_value,"orange county, california","Orange_County,_California",2,47,1,"condado de orange, california",47,1.0,False,"{""condado de orange, california"": 47}"
es,Spanish,entity_or_value,orbital atk,Orbital_ATK,2,12,1,orbital atk,12,1.0,False,"{""orbital atk"": 12}"
es,Spanish,entity_or_value,order of polonia restituta,Order_of_Polonia_Restituta,2,7,1,orden polonia restituta,7,1.0,False,"{""orden polonia restituta"": 7}"
es,Spanish,entity_or_value,order of the british empire,Order_of_the_British_Empire,2,3,1,orden del imperio británico,3,1.0,False,"{""orden del imperio británico"": 3}"
es,Spanish,entity_or_value,oregano,Oregano,2,4,1,orégano,4,1.0,False,"{""orégano"": 4}"
es,Spanish,entity_or_value,oregon,Oregon,2,32,1,oregón,32,1.0,False,"{""oregón"": 32}"
es,Spanish,entity_or_value,orfeo (uruguayan record label),Orfeo_(Uruguayan_record_label),2,2,1,orfeo (sello discográfico uruguayo),2,1.0,False,"{""orfeo (sello discográfico uruguayo)"": 2}"
es,Spanish,entity_or_value,orthoretrovirinae,Orthoretrovirinae,2,3,1,orthoretrovirinae,3,1.0,False,"{""orthoretrovirinae"": 3}"
es,Spanish,entity_or_value,osmosys records,Osmosys_Records,2,4,1,discos osmosys,4,1.0,False,"{""discos osmosys"": 4}"
es,Spanish,entity_or_value,otkrytiye arena,Otkrytiye_Arena,2,33,1,otkrytiye arena,33,1.0,False,"{""otkrytiye arena"": 33}"
es,Spanish,entity_or_value,ottoman army soldiers killed in the battle of baku,"""Ottoman Army soldiers killed in the Battle of Baku""",2,36,1,soldados del ejército otomano muertos en la batalla de bakú,36,1.0,False,"{""soldados del ejército otomano muertos en la batalla de bakú"": 36}"
es,Spanish,entity_or_value,"outagamie county, wisconsin","Outagamie_County,_Wisconsin",2,4,1,"condado de outagamie, wisconsin",4,1.0,False,"{""condado de outagamie, wisconsin"": 4}"
es,Spanish,entity_or_value,owen glendower (novel),Owen_Glendower_(novel),2,3,1,owen glendower (novela),3,1.0,False,"{""owen glendower (novela)"": 3}"
es,Spanish,entity_or_value,oyster sauce,Oyster_sauce,2,9,1,salsa de ostras,9,1.0,False,"{""salsa de ostras"": 9}"
es,Spanish,entity_or_value,p&o (company),P&O_(company),2,20,1,p&o (empresa),20,1.0,False,"{""p&o (empresa)"": 20}"
es,Spanish,entity_or_value,pacific daylight time,Pacific_Daylight_Time,2,18,1,hora diurna del pacífico,18,1.0,False,"{""hora diurna del pacífico"": 18}"
es,Spanish,entity_or_value,"pacific grove, california","Pacific_Grove,_California",2,18,1,"pacific grove, california",18,1.0,False,"{""pacific grove, california"": 18}"
es,Spanish,entity_or_value,pacific standard time zone,Pacific_Standard_Time_Zone,2,10,1,zona horaria estándar del pacífico,10,1.0,False,"{""zona horaria estándar del pacífico"": 10}"
es,Spanish,entity_or_value,paisa region,Paisa_Region,2,21,1,región paisa,21,1.0,False,"{""región paisa"": 21}"
es,Spanish,entity_or_value,pakistan,Pakistan,2,69,1,pakistán,69,1.0,False,"{""pakistán"": 69}"
es,Spanish,entity_or_value,pakistan civil aviation authority,Pakistan_Civil_Aviation_Authority,2,39,1,autoridad de aviación civil de pakistán,39,1.0,False,"{""autoridad de aviación civil de pakistán"": 39}"
es,Spanish,entity_or_value,pakora,Pakora,2,7,1,pakora,7,1.0,False,"{""pakora"": 7}"
es,Spanish,entity_or_value,pakora and other fritters made from wheat or corn flour,"""Pakora and other fritters made from wheat or corn flour""",2,3,1,pakora y otros buñuelos de harina de trigo o maíz,3,1.0,False,"{""pakora y otros buñuelos de harina de trigo o maíz"": 3}"
es,Spanish,entity_or_value,palace of westminster,Palace_of_Westminster,2,4,1,palacio de westminster,4,1.0,False,"{""palacio de westminster"": 4}"
es,Spanish,entity_or_value,paleobiology,Paleobiology,2,5,1,paleobiología,5,1.0,False,"{""paleobiología"": 5}"
es,Spanish,entity_or_value,paleontology,Paleontology,2,8,1,paleontología,8,1.0,False,"{""paleontología"": 8}"
es,Spanish,entity_or_value,pallacanestro cantù,Pallacanestro_Cantù,2,7,1,pallacanestro cantù,7,1.0,False,"{""pallacanestro cantù"": 7}"
es,Spanish,entity_or_value,palm sugar,Palm_sugar,2,9,1,azúcar de palma,9,1.0,False,"{""azúcar de palma"": 9}"
es,Spanish,entity_or_value,palo seco,Palo_Seco,2,11,1,palo seco,11,1.0,False,"{""palo seco"": 11}"
es,Spanish,entity_or_value,palo seco velodrome,Palo_Seco_Velodrome,2,8,1,velódromo de palo seco,8,1.0,False,"{""velódromo de palo seco"": 8}"
es,Spanish,entity_or_value,paneer,Paneer,2,2,1,panir,2,1.0,False,"{""panir"": 2}"
es,Spanish,entity_or_value,pangasinense people,Pangasinense_people,2,3,1,pueblo pangasinense,3,1.0,False,"{""pueblo pangasinense"": 3}"
es,Spanish,entity_or_value,pantaleon alvarez,Pantaleon_Alvarez,2,2,1,pantaleón álvarez,2,1.0,False,"{""pantaleón álvarez"": 2}"
es,Spanish,entity_or_value,papenburg,Papenburg,2,6,1,papenburgo,6,1.0,False,"{""papenburgo"": 6}"
es,Spanish,entity_or_value,paperback,Paperback,2,9,1,rústica,9,1.0,False,"{""rústica"": 9}"
es,Spanish,entity_or_value,paracuellos de jarama,Paracuellos_de_Jarama,2,28,1,paracuellos de jarama,28,1.0,False,"{""paracuellos de jarama"": 28}"
es,Spanish,entity_or_value,paraguay,Paraguay,2,68,1,paraguay,68,1.0,False,"{""paraguay"": 68}"
es,Spanish,entity_or_value,paraná (state),Paraná_(state),2,15,1,paraná (estado),15,1.0,False,"{""paraná (estado)"": 15}"
es,Spanish,entity_or_value,parc olympique lyonnais,Parc_Olympique_Lyonnais,2,16,1,parc olympique lyonnais,16,1.0,False,"{""parc olympique lyonnais"": 16}"
es,Spanish,entity_or_value,paris cullins,Paris_Cullins,2,24,1,paris cullins,24,1.0,False,"{""paris cullins"": 24}"
es,Spanish,entity_or_value,"paris, new york or hong kong","""Paris, New York or Hong Kong""",2,10,1,"parís, nueva york o hong kong",10,1.0,False,"{""parís, nueva york o hong kong"": 10}"
es,Spanish,entity_or_value,"parkersburg, west virginia","Parkersburg,_West_Virginia",2,31,1,"parkersburg, virginia occidental",31,1.0,False,"{""parkersburg, virginia occidental"": 31}"
es,Spanish,entity_or_value,parliament of catalonia,Parliament_of_Catalonia,2,8,1,parlamento de cataluña,8,1.0,False,"{""parlamento de cataluña"": 8}"
es,Spanish,entity_or_value,parliament of the united kingdom,Parliament_of_the_United_Kingdom,2,20,1,parlamento del reino unido,20,1.0,False,"{""parlamento del reino unido"": 20}"
es,Spanish,entity_or_value,parliamentary group leader,Parliamentary_group_leader,2,6,1,jefe de grupo parlamentario,6,1.0,False,"{""jefe de grupo parlamentario"": 6}"
es,Spanish,entity_or_value,parti bumiputera sarawak,"""Parti Bumiputera Sarawak""",2,4,1,partido bumiputera sarawak,4,1.0,False,"{""partido bumiputera sarawak"": 4}"
es,Spanish,entity_or_value,parti pesaka bumiputera bersatu,Parti_Pesaka_Bumiputera_Bersatu,2,38,1,parti pesaka bumiputera bersatu,38,1.0,False,"{""parti pesaka bumiputera bersatu"": 38}"
es,Spanish,entity_or_value,pas tehran f.c.,PAS_Tehran_F.C.,2,3,1,pas teherán fc,3,1.0,False,"{""pas teherán fc"": 3}"
es,Spanish,entity_or_value,pat monahan,Pat_Monahan,2,3,1,patrick monahan,3,1.0,False,"{""patrick monahan"": 3}"
es,Spanish,entity_or_value,patrick allen (politician),Patrick_Allen_(politician),2,3,1,patrick allen (político),3,1.0,False,"{""patrick allen (político)"": 3}"
es,Spanish,entity_or_value,patrick mcloughlin,Patrick_McLoughlin,2,15,1,patrick mcloughlin,15,1.0,False,"{""patrick mcloughlin"": 15}"
es,Spanish,entity_or_value,paul gustavson,Paul_Gustavson,2,3,1,paul gustavson,3,1.0,False,"{""paul gustavson"": 3}"
es,Spanish,entity_or_value,paul kupperberg,Paul_Kupperberg,2,6,1,paul kupperberg,6,1.0,False,"{""paul kupperberg"": 6}"
es,Spanish,entity_or_value,paul ryan,Paul_Ryan,2,31,1,paul ryan,31,1.0,False,"{""paul ryan"": 31}"
es,Spanish,entity_or_value,paulo sousa,Paulo_Sousa,2,20,1,paulo sousa,20,1.0,False,"{""paulo sousa"": 20}"
es,Spanish,entity_or_value,peanut sauce,Peanut_sauce,2,22,1,salsa satay,22,1.0,False,"{""salsa satay"": 22}"
es,Spanish,entity_or_value,pecorino romano,Pecorino_Romano,2,6,1,pecorino romano,6,1.0,False,"{""pecorino romano"": 6}"
es,Spanish,entity_or_value,penguin random house,Penguin_Random_House,2,8,1,penguin random house,8,1.0,False,"{""penguin random house"": 8}"
es,Spanish,entity_or_value,pennsylvania,"""Pennsylvania""",2,34,1,pensilvania,34,1.0,False,"{""pensilvania"": 34}"
es,Spanish,entity_or_value,people's party (spain),People's_Party_(Spain),2,8,1,partido popular (españa),8,1.0,False,"{""partido popular (españa)"": 8}"
es,Spanish,entity_or_value,people's republic of china,People's_Republic_of_China,2,14,1,república popular de china,14,1.0,False,"{""república popular de china"": 14}"
es,Spanish,entity_or_value,"peoria, illinois","Peoria,_Illinois",2,13,1,"peoria, illinois",13,1.0,False,"{""peoria, illinois"": 13}"
es,Spanish,entity_or_value,peritonitis,Peritonitis,2,20,1,peritonitis,20,1.0,False,"{""peritonitis"": 20}"
es,Spanish,entity_or_value,persea,Persea,2,5,1,persea,5,1.0,False,"{""persea"": 5}"
es,Spanish,entity_or_value,perth,Perth,2,18,1,perth,18,1.0,False,"{""perth"": 18}"
es,Spanish,entity_or_value,petah tikva,Petah_Tikva,2,18,1,petaj tikva,18,1.0,False,"{""petaj tikva"": 18}"
es,Spanish,entity_or_value,peter laird,Peter_Laird,2,2,1,peter laird,2,1.0,False,"{""peter laird"": 2}"
es,Spanish,entity_or_value,peter ogden,Peter_Ogden,2,3,1,peter ogden,3,1.0,False,"{""peter ogden"": 3}"
es,Spanish,entity_or_value,peter stöger,Peter_Stöger,2,73,1,peter stöger,73,1.0,False,"{""peter stöger"": 73}"
es,Spanish,entity_or_value,petrol,"""Petrol""",2,2,1,gasolina,2,1.0,False,"{""gasolina"": 2}"
es,Spanish,entity_or_value,peñarol,Peñarol,2,46,1,club atlético peñarol,46,1.0,False,"{""club atlético peñarol"": 46}"
es,Spanish,entity_or_value,pharmaceuticals,Pharmaceuticals,2,29,1,productos farmacéuticos,29,1.0,False,"{""productos farmacéuticos"": 29}"
es,Spanish,entity_or_value,phil lesh and friends,Phil_Lesh_and_Friends,2,2,1,phil lesh and friends,2,1.0,False,"{""phil lesh and friends"": 2}"
es,Spanish,entity_or_value,phil spector,Phil_Spector,2,2,1,phil spector,2,1.0,False,"{""phil spector"": 2}"
es,Spanish,entity_or_value,philip charles hardwick,Philip_Charles_Hardwick,2,4,1,philip charles hardwick,4,1.0,False,"{""philip charles hardwick"": 4}"
es,Spanish,entity_or_value,philippe of belgium,Philippe_of_Belgium,2,11,1,felipe i de bélgica,11,1.0,False,"{""felipe i de bélgica"": 11}"
es,Spanish,entity_or_value,philippine english,Philippine_English,2,22,1,inglés filipino,22,1.0,False,"{""inglés filipino"": 22}"
es,Spanish,entity_or_value,philippine entertainment portal,Philippine_Entertainment_Portal,2,19,1,portal filipino del entretenimiento,19,1.0,False,"{""portal filipino del entretenimiento"": 19}"
es,Spanish,entity_or_value,philippine spanish,Philippine_Spanish,2,24,1,español filipino,24,1.0,False,"{""español filipino"": 24}"
es,Spanish,entity_or_value,philippines,Philippines,2,342,1,filipinas,342,1.0,False,"{""filipinas"": 342}"
es,Spanish,entity_or_value,philips records,Philips_Records,2,10,1,philips records,10,1.0,False,"{""philips records"": 10}"
es,Spanish,entity_or_value,phillip cocu,Phillip_Cocu,2,5,1,phillip cocu,5,1.0,False,"{""phillip cocu"": 5}"
es,Spanish,entity_or_value,photographer,Photographer,2,11,1,fotógrafo,11,1.0,False,"{""fotógrafo"": 11}"
es,Spanish,entity_or_value,physics,Physics,2,2,1,física,2,1.0,False,"{""física"": 2}"
es,Spanish,entity_or_value,piano,Piano,2,10,1,piano,10,1.0,False,"{""piano"": 10}"
es,Spanish,entity_or_value,pickard chilton,Pickard_Chilton,2,6,1,pickard chilton,6,1.0,False,"{""pickard chilton"": 6}"
es,Spanish,entity_or_value,"pierce county, washington","Pierce_County,_Washington",2,27,1,"condado de pierce, washington",27,1.0,False,"{""condado de pierce, washington"": 27}"
es,Spanish,entity_or_value,pietro canonica,Pietro_Canonica,2,24,1,pietro canonica,24,1.0,False,"{""pietro canonica"": 24}"
es,Spanish,entity_or_value,pietro grasso,Pietro_Grasso,2,46,1,pietro grasso,46,1.0,False,"{""pietro grasso"": 46}"
es,Spanish,entity_or_value,piotr hallmann,Piotr_Hallmann,2,38,1,piotr hallmann,38,1.0,False,"{""piotr hallmann"": 38}"
es,Spanish,entity_or_value,plastik mak,Plastik_Mak,2,7,1,plastik mak,7,1.0,False,"{""plastik mak"": 7}"
es,Spanish,entity_or_value,"pleasant township, steuben county, indiana","Pleasant_Township,_Steuben_County,_Indiana",2,18,1,"municipio de pleasant (condado de steuben, indiana)",18,1.0,False,"{""municipio de pleasant (condado de steuben, indiana)"": 18}"
es,Spanish,entity_or_value,plymouth (automobile),Plymouth_(automobile),2,5,1,plymouth (automóvil),5,1.0,False,"{""plymouth (automóvil)"": 5}"
es,Spanish,entity_or_value,plymouth plaza,Plymouth_Plaza,2,19,1,plaza plymouth,19,1.0,False,"{""plaza plymouth"": 19}"
es,Spanish,entity_or_value,plymouth satellite,Plymouth_Satellite,2,3,1,plymouth satellite,3,1.0,False,"{""plymouth satellite"": 3}"
es,Spanish,entity_or_value,poaceae,Poaceae,2,157,1,gramíneas,157,1.0,False,"{""gramíneas"": 157}"
es,Spanish,entity_or_value,poales,Poales,2,20,1,poales,20,1.0,False,"{""poales"": 20}"
es,Spanish,entity_or_value,"point fortin, trinidad and tobago","""Point Fortin, Trinidad and Tobago""",2,5,1,"point fortin, trinidad y tobago",5,1.0,False,"{""point fortin, trinidad y tobago"": 5}"
es,Spanish,entity_or_value,poland,Poland,2,43,1,polonia,43,1.0,False,"{""polonia"": 43}"
es,Spanish,entity_or_value,polish academy of sciences,Polish_Academy_of_Sciences,2,14,1,academia de ciencias de polonia,14,1.0,False,"{""academia de ciencias de polonia"": 14}"
es,Spanish,entity_or_value,polish language,Polish_language,2,6,1,polaco,6,1.0,False,"{""polaco"": 6}"
es,Spanish,entity_or_value,polish–soviet war,Polish–Soviet_War,2,51,1,guerra polaco-soviética,51,1.0,False,"{""guerra polaco-soviética"": 51}"
es,Spanish,entity_or_value,polydor records,Polydor_Records,2,44,1,polydor records,44,1.0,False,"{""polydor records"": 44}"
es,Spanish,entity_or_value,ponteareas,Ponteareas,2,18,1,puenteareas,18,1.0,False,"{""puenteareas"": 18}"
es,Spanish,entity_or_value,pontiac,Pontiac,2,19,1,pontiac,19,1.0,False,"{""pontiac"": 19}"
es,Spanish,entity_or_value,pontiac rageous,Pontiac_Rageous,2,66,1,pontiac rageous,66,1.0,False,"{""pontiac rageous"": 66}"
es,Spanish,entity_or_value,pools of light (brian kelly album),Pools_of_Light_(Brian_Kelly_album),2,17,1,pools of light (álbum de brian kelly),17,1.0,False,"{""pools of light (álbum de brian kelly)"": 17}"
es,Spanish,entity_or_value,pop music,Pop_music,2,87,1,pop,87,1.0,False,"{""pop"": 87}"
es,Spanish,entity_or_value,pop rock,Pop_rock,2,20,1,pop rock,20,1.0,False,"{""pop rock"": 20}"
es,Spanish,entity_or_value,populous (company),Populous_(company),2,12,1,populous (compañía),12,1.0,False,"{""populous (compañía)"": 12}"
es,Spanish,entity_or_value,porius: a romance of the dark ages,Porius:_A_Romance_of_the_Dark_Ages,2,2,1,porio: un romance de la edad media,2,1.0,False,"{""porio: un romance de la edad media"": 2}"
es,Spanish,entity_or_value,pork,Pork,2,4,1,carne de cerdo,4,1.0,False,"{""carne de cerdo"": 4}"
es,Spanish,entity_or_value,pork belly,Pork_belly,2,5,1,panza de cerdo,5,1.0,False,"{""panza de cerdo"": 5}"
es,Spanish,entity_or_value,port authority of new york and new jersey,Port_Authority_of_New_York_and_New_Jersey,2,38,1,autoridad portuaria de nueva york y nueva jersey,38,1.0,False,"{""autoridad portuaria de nueva york y nueva jersey"": 38}"
es,Spanish,entity_or_value,"port melbourne, victoria","Port_Melbourne,_Victoria",2,7,1,"puerto melbourne, victoria",7,1.0,False,"{""puerto melbourne, victoria"": 7}"
es,Spanish,entity_or_value,"portland, oregon","Portland,_Oregon",2,4,1,"portland, oregón",4,1.0,False,"{""portland, oregón"": 4}"
es,Spanish,entity_or_value,portugal national football team,Portugal_national_football_team,2,4,1,selección de fútbol de portugal,4,1.0,False,"{""selección de fútbol de portugal"": 4}"
es,Spanish,entity_or_value,post-metal,Post-metal,2,61,1,post-metal,61,1.0,False,"{""post-metal"": 61}"
es,Spanish,entity_or_value,postmodern architecture,Postmodern_architecture,2,3,1,arquitectura posmoderna,3,1.0,False,"{""arquitectura posmoderna"": 3}"
es,Spanish,entity_or_value,"potter county, texas","Potter_County,_Texas",2,76,1,"condado de potter, texas",76,1.0,False,"{""condado de potter, texas"": 76}"
es,Spanish,entity_or_value,pound sterling,Pound_sterling,2,8,1,libra esterlina,8,1.0,False,"{""libra esterlina"": 8}"
es,Spanish,entity_or_value,power to the people (song),Power_to_the_People_(song),2,2,1,power to the people (canción),2,1.0,False,"{""power to the people (canción)"": 2}"
es,Spanish,entity_or_value,pr6031.o867,"""PR6031.O867""",2,2,1,pr6031.o867,2,1.0,False,"{""pr6031.o867"": 2}"
es,Spanish,entity_or_value,pranab mukherjee,Pranab_Mukherjee,2,2,1,pranab mukherjee,2,1.0,False,"{""pranab mukherjee"": 2}"
es,Spanish,entity_or_value,premier development league,Premier_Development_League,2,18,1,premier liga de desarrollo,18,1.0,False,"{""premier liga de desarrollo"": 18}"
es,Spanish,entity_or_value,president,President,2,10,1,presidente,10,1.0,False,"{""presidente"": 10}"
es,Spanish,entity_or_value,president of the chamber of deputies,"""President of the Chamber of Deputies""",2,2,1,president of the chamber of deputies,2,1.0,False,"{""president of the chamber of deputies"": 2}"
es,Spanish,entity_or_value,president of the senate,"""President of the Senate""",2,2,1,presidente del senado,2,1.0,False,"{""presidente del senado"": 2}"
es,Spanish,entity_or_value,president of the supreme federal court,"""President of the Supreme Federal Court""",2,5,1,anexo:presidentes del supremo tribunal federal,5,1.0,False,"{""anexo:presidentes del supremo tribunal federal"": 5}"
es,Spanish,entity_or_value,president of the united states,President_of_the_United_States,2,133,1,presidente de los estados unidos,133,1.0,False,"{""presidente de los estados unidos"": 133}"
es,Spanish,entity_or_value,president of turkey,President_of_Turkey,2,19,1,presidente de turquía,19,1.0,False,"{""presidente de turquía"": 19}"
es,Spanish,entity_or_value,president pro tempore of the texas senate,President_pro_tempore_of_the_Texas_Senate,2,2,1,presidente pro tempore del senado de texas,2,1.0,False,"{""presidente pro tempore del senado de texas"": 2}"
es,Spanish,entity_or_value,preussisch oldendorf,Preußisch_Oldendorf,2,15,1,preussisch oldendorf,15,1.0,False,"{""preussisch oldendorf"": 15}"
es,Spanish,entity_or_value,price daniel,Price_Daniel,2,8,1,price daniel,8,1.0,False,"{""price daniel"": 8}"
es,Spanish,entity_or_value,prime minister,"""Prime Minister""",2,3,1,primer ministro,3,1.0,False,"{""primer ministro"": 3}"
es,Spanish,entity_or_value,prime minister of azerbaijan,Prime_Minister_of_Azerbaijan,2,20,1,primer ministro de azerbaiyán,20,1.0,False,"{""primer ministro de azerbaiyán"": 20}"
es,Spanish,entity_or_value,prime minister of romania,Prime_Minister_of_Romania,2,21,1,primer ministro de rumania,21,1.0,False,"{""primer ministro de rumania"": 21}"
es,Spanish,entity_or_value,prince edward island,Prince_Edward_Island,2,6,1,isla del príncipe eduardo,6,1.0,False,"{""isla del príncipe eduardo"": 6}"
es,Spanish,entity_or_value,print,"""Print""",2,66,1,print,66,1.0,False,"{""print"": 66}"
es,Spanish,entity_or_value,print & paperback,"""Print & Paperback""",2,8,1,impreso y en rústica,8,1.0,False,"{""impreso y en rústica"": 8}"
es,Spanish,entity_or_value,progressive metal,Progressive_metal,2,2,1,metal progresivo,2,1.0,False,"{""metal progresivo"": 2}"
es,Spanish,entity_or_value,prokopis pavlopoulos,Prokopis_Pavlopoulos,2,23,1,prokopis pavlopoulos,23,1.0,False,"{""prokopis pavlopoulos"": 23}"
es,Spanish,entity_or_value,proto-punk,Proto-punk,2,5,1,proto-punk,5,1.0,False,"{""proto-punk"": 5}"
es,Spanish,entity_or_value,provided spare parts for nael minas geraisand and remainder was scrapped in 2000,"""Provided spare parts for NAeL Minas Geraisand and remainder was scrapped in 2000""",2,3,1,proporcionó piezas de repuesto para nael minas geraisand y el resto fue desguazado en 2000,3,1.0,False,"{""proporcionó piezas de repuesto para nael minas geraisand y el resto fue desguazado en 2000"": 3}"
es,Spanish,entity_or_value,provincial assembly of the punjab,Provincial_Assembly_of_the_Punjab,2,4,1,asamblea provincial del punjab,4,1.0,False,"{""asamblea provincial del punjab"": 4}"
es,Spanish,entity_or_value,provisional president of the argentine senate,"""Provisional President of the Argentine Senate""",2,17,1,presidente provisional del senado argentino,17,1.0,False,"{""presidente provisional del senado argentino"": 17}"
es,Spanish,entity_or_value,ps3523.e55 s4 1982,"""PS3523.E55 S4 1982""",2,3,1,ps3523.e55 s4 1982,3,1.0,False,"{""ps3523.e55 s4 1982"": 3}"
es,Spanish,entity_or_value,psv eindhoven,PSV_Eindhoven,2,13,1,psv eindhoven,13,1.0,False,"{""psv eindhoven"": 13}"
es,Spanish,entity_or_value,psychedelia,Psychedelia,2,12,1,psicodelia,12,1.0,False,"{""psicodelia"": 12}"
es,Spanish,entity_or_value,psychedelic folk,Psychedelic_folk,2,7,1,acid folk,7,1.0,False,"{""acid folk"": 7}"
es,Spanish,entity_or_value,public company,Public_company,2,22,1,empresa de capital abierto,22,1.0,False,"{""empresa de capital abierto"": 22}"
es,Spanish,entity_or_value,public speaking,Public_speaking,2,2,1,oratoria,2,1.0,False,"{""oratoria"": 2}"
es,Spanish,entity_or_value,"public square, cleveland","Public_Square,_Cleveland",2,4,1,public square (cleveland),4,1.0,False,"{""public square (cleveland)"": 4}"
es,Spanish,entity_or_value,puerto ricans,Puerto_Ricans,2,7,1,puertorriqueños,7,1.0,False,"{""puertorriqueños"": 7}"
es,Spanish,entity_or_value,"punjab, pakistan","Punjab,_Pakistan",2,51,1,"punyab, pakistán",51,1.0,False,"{""punyab, pakistán"": 51}"
es,Spanish,entity_or_value,punk blues,Punk_blues,2,24,1,punk blues,24,1.0,False,"{""punk blues"": 24}"
es,Spanish,entity_or_value,punk rock,Punk_rock,2,22,1,punk rock,22,1.0,False,"{""punk rock"": 22}"
es,Spanish,entity_or_value,pure mathematics,Pure_mathematics,2,4,1,matemáticas puras,4,1.0,False,"{""matemáticas puras"": 4}"
es,Spanish,entity_or_value,purple finch,Purple_finch,2,7,1,camachuelo purpúreo,7,1.0,False,"{""camachuelo purpúreo"": 7}"
es,Spanish,entity_or_value,purple heart,Purple_Heart,2,23,1,corazón púrpura,23,1.0,False,"{""corazón púrpura"": 23}"
es,Spanish,entity_or_value,putrajaya,Putrajaya,2,10,1,putrajaya,10,1.0,False,"{""putrajaya"": 10}"
es,Spanish,entity_or_value,puya (singer),Puya_(singer),2,6,1,puya (cantante),6,1.0,False,"{""puya (cantante)"": 6}"
es,Spanish,entity_or_value,qarabağ fk,Qarabağ_FK,2,13,1,fk qarabağ,13,1.0,False,"{""fk qarabağ"": 13}"
es,Spanish,entity_or_value,qatar stars league,Qatar_Stars_League,2,21,1,liga de fútbol de catar,21,1.0,False,"{""liga de fútbol de catar"": 21}"
es,Spanish,entity_or_value,qiu xiaolong,Qiu_Xiaolong,2,11,1,qiu xiaolong,11,1.0,False,"{""qiu xiaolong"": 11}"
es,Spanish,entity_or_value,quattro gmbh,Quattro_GmbH,2,6,1,quattro gmbh,6,1.0,False,"{""quattro gmbh"": 6}"
es,Spanish,entity_or_value,queen sofía of spain,Queen_Sofía_of_Spain,2,4,1,sofía de grecia,4,1.0,False,"{""sofía de grecia"": 4}"
es,Spanish,entity_or_value,quezon city,Quezon_City,2,20,1,ciudad quezon,20,1.0,False,"{""ciudad quezon"": 20}"
es,Spanish,entity_or_value,r.s.c. anderlecht,R.S.C._Anderlecht,2,5,1,royal sporting club anderlecht,5,1.0,False,"{""royal sporting club anderlecht"": 5}"
es,Spanish,entity_or_value,rabadash records,Rabadash_Records,2,13,1,rabadash records,13,1.0,False,"{""rabadash records"": 13}"
es,Spanish,entity_or_value,radboud university nijmegen,Radboud_University_Nijmegen,2,16,1,universidad radboud de nimega,16,1.0,False,"{""universidad radboud de nimega"": 16}"
es,Spanish,entity_or_value,rafael viñoly,Rafael_Viñoly,2,3,1,rafael viñoly,3,1.0,False,"{""rafael viñoly"": 3}"
es,Spanish,entity_or_value,rahm emanuel,Rahm_Emanuel,2,13,1,rahm emanuel,13,1.0,False,"{""rahm emanuel"": 13}"
es,Spanish,entity_or_value,raisin,Raisin,2,12,1,pasa,12,1.0,False,"{""pasa"": 12}"
es,Spanish,entity_or_value,ralph payne,"""Ralph Payne""",2,2,1,ralph payne,2,1.0,False,"{""ralph payne"": 2}"
es,Spanish,entity_or_value,ram naik,Ram_Naik,2,16,1,ram naik,16,1.0,False,"{""ram naik"": 16}"
es,Spanish,entity_or_value,rambler matador,"""Rambler Matador""",2,2,1,rambler matador,2,1.0,False,"{""rambler matador"": 2}"
es,Spanish,entity_or_value,"randall county, texas","Randall_County,_Texas",2,21,1,"condado de randall, texas",21,1.0,False,"{""condado de randall, texas"": 21}"
es,Spanish,entity_or_value,ranil wickremesinghe,Ranil_Wickremesinghe,2,31,1,ranil wickremasinghe,31,1.0,False,"{""ranil wickremasinghe"": 31}"
es,Spanish,entity_or_value,rashid rakhimov,Rashid_Rakhimov,2,22,1,rashid rajímov,22,1.0,False,"{""rashid rajímov"": 22}"
es,Spanish,entity_or_value,ray griggs (director),Ray_Griggs_(director),2,24,1,ray griggs (director),24,1.0,False,"{""ray griggs (director)"": 24}"
es,Spanish,entity_or_value,raúl fernando sendic rodríguez,Raúl_Fernando_Sendic_Rodríguez,2,18,1,raúl sendic rodríguez,18,1.0,False,"{""raúl sendic rodríguez"": 18}"
es,Spanish,entity_or_value,rb leipzig,RB_Leipzig,2,5,1,rb leipzig,5,1.0,False,"{""rb leipzig"": 5}"
es,Spanish,entity_or_value,rca records,RCA_Records,2,16,1,rca records,16,1.0,False,"{""rca records"": 16}"
es,Spanish,entity_or_value,real madrid c.f.,Real_Madrid_C.F.,2,3,1,real madrid c.f.,3,1.0,False,"{""real madrid c.f."": 3}"
es,Spanish,entity_or_value,real madrid castilla,Real_Madrid_Castilla,2,21,1,real madrid castilla club de fútbol,21,1.0,False,"{""real madrid castilla club de fútbol"": 21}"
es,Spanish,entity_or_value,real zaragoza,Real_Zaragoza,2,6,1,real zaragoza,6,1.0,False,"{""real zaragoza"": 6}"
es,Spanish,entity_or_value,rear admiral,Rear_admiral,2,6,1,contralmirante,6,1.0,False,"{""contralmirante"": 6}"
es,Spanish,entity_or_value,rear admiral in the argentine navy,"""Rear Admiral in the Argentine Navy""",2,3,1,contraalmirante de la armada argentina,3,1.0,False,"{""contraalmirante de la armada argentina"": 3}"
es,Spanish,entity_or_value,recep tayyip erdoğan,Recep_Tayyip_Erdoğan,2,2,1,recep tayyip erdoğan,2,1.0,False,"{""recep tayyip erdoğan"": 2}"
es,Spanish,entity_or_value,red,Red,2,4,1,rojo,4,1.0,False,"{""rojo"": 4}"
es,Spanish,entity_or_value,"red beans, pork belly, white rice, ground meat, chicharon, fried egg, plantain (patacones), chorizo, arepa, hogao sauce, black pudding (morcilla), avocado and lemon","""red beans, pork belly, white rice, ground meat, chicharon, fried egg, plantain (patacones), chorizo, arepa, hogao sauce, black pudding (morcilla), avocado and lemon""",2,14,1,"frijoles rojos, panza de cerdo, arroz blanco, carne molida, chicharon, huevo frito, patacones, chorizo, arepa, salsa hogao, morcilla, aguacate y limón",14,1.0,False,"{""frijoles rojos, panza de cerdo, arroz blanco, carne molida, chicharon, huevo frito, patacones, chorizo, arepa, salsa hogao, morcilla, aguacate y limón"": 14}"
es,Spanish,entity_or_value,red granite and white marble,"""Red granite and white marble""",2,27,1,granito rojo y mármol blanco,27,1.0,False,"{""granito rojo y mármol blanco"": 27}"
es,Spanish,entity_or_value,redefine properties limited,Redefine_Properties_Limited,2,4,1,redefine properties limited,4,1.0,False,"{""redefine properties limited"": 4}"
es,Spanish,entity_or_value,reggae,Reggae,2,19,1,reggae,19,1.0,False,"{""reggae"": 19}"
es,Spanish,entity_or_value,"regina, saskatchewan","Regina,_Saskatchewan",2,8,1,"regina, saskatchewan",8,1.0,False,"{""regina, saskatchewan"": 8}"
es,Spanish,entity_or_value,"reidsville, north carolina","Reidsville,_North_Carolina",2,6,1,"reidsville, carolina del norte",6,1.0,False,"{""reidsville, carolina del norte"": 6}"
es,Spanish,entity_or_value,rené goscinny,René_Goscinny,2,11,1,rené goscinny,11,1.0,False,"{""rené goscinny"": 11}"
es,Spanish,entity_or_value,republic of ireland,Republic_of_Ireland,2,68,1,irlanda,68,1.0,False,"{""irlanda"": 68}"
es,Spanish,entity_or_value,republic of turkey,"""Republic of Turkey""",2,2,1,república de turquía,2,1.0,False,"{""república de turquía"": 2}"
es,Spanish,entity_or_value,republican party (united states),Republican_Party_(United_States),2,20,1,partido republicano (estados unidos),20,1.0,False,"{""partido republicano (estados unidos)"": 20}"
es,Spanish,entity_or_value,retired,"""Retired""",2,85,1,retirado,85,1.0,False,"{""retirado"": 85}"
es,Spanish,entity_or_value,retrovirus,Retrovirus,2,3,1,retroviridae,3,1.0,False,"{""retroviridae"": 3}"
es,Spanish,entity_or_value,reuven rivlin,Reuven_Rivlin,2,2,1,reuven rivlin,2,1.0,False,"{""reuven rivlin"": 2}"
es,Spanish,entity_or_value,reşadiye,Reşadiye,2,12,1,reşadiye,12,1.0,False,"{""reşadiye"": 12}"
es,Spanish,entity_or_value,rhythm and blues,Rhythm_and_blues,2,258,2,rhythm and blues,256,0.9922480620155039,True,"{""rhythm and blues"": 256, ""ritmo y blues"": 2}"
es,Spanish,entity_or_value,rice,Rice,2,3,1,arroz,3,1.0,False,"{""arroz"": 3}"
es,Spanish,entity_or_value,richard a. teague,Richard_A._Teague,2,7,1,richard a. teague,7,1.0,False,"{""richard a. teague"": 7}"
es,Spanish,entity_or_value,richard j. berry,Richard_J._Berry,2,13,1,richard j. berry,13,1.0,False,"{""richard j. berry"": 13}"
es,Spanish,entity_or_value,"richland township, madison county, indiana","Richland_Township,_Madison_County,_Indiana",2,3,1,"municipio de richland (condado de madison, indiana)",3,1.0,False,"{""municipio de richland (condado de madison, indiana)"": 3}"
es,Spanish,entity_or_value,rick parker,"""Rick Parker""",2,2,1,rick parker,2,1.0,False,"{""rick parker"": 2}"
es,Spanish,entity_or_value,ricky sbragia,Ricky_Sbragia,2,2,1,ricky sbragia,2,1.0,False,"{""ricky sbragia"": 2}"
es,Spanish,entity_or_value,"ridgewood, queens","Ridgewood,_Queens",2,15,1,"ridgewood, queens",15,1.0,False,"{""ridgewood, queens"": 15}"
es,Spanish,entity_or_value,ring of fire ii,Ring_of_Fire_II,2,9,1,anillo de fuego ii,9,1.0,False,"{""anillo de fuego ii"": 9}"
es,Spanish,entity_or_value,riverside art museum,Riverside_Art_Museum,2,16,1,museo de arte de riverside,16,1.0,False,"{""museo de arte de riverside"": 16}"
es,Spanish,entity_or_value,roadburn festival,Roadburn_Festival,2,2,1,festival roadburn,2,1.0,False,"{""festival roadburn"": 2}"
es,Spanish,entity_or_value,roadside attractions,Roadside_Attractions,2,19,1,roadside attractions,19,1.0,False,"{""roadside attractions"": 19}"
es,Spanish,entity_or_value,robert a. heinlein,Robert_A._Heinlein,2,20,1,robert a. heinlein,20,1.0,False,"{""robert a. heinlein"": 20}"
es,Spanish,entity_or_value,robert a. m. stern,Robert_A._M._Stern,2,47,1,robert a. m. stern,47,1.0,False,"{""robert a. m. stern"": 47}"
es,Spanish,entity_or_value,robert e. lee,Robert_E._Lee,2,17,1,robert e. lee,17,1.0,False,"{""robert e. lee"": 17}"
es,Spanish,entity_or_value,robert eenhoorn,Robert_Eenhoorn,2,3,1,robert eenhoorn,3,1.0,False,"{""robert eenhoorn"": 3}"
es,Spanish,entity_or_value,robert gates,Robert_Gates,2,5,1,robert gates,5,1.0,False,"{""robert gates"": 5}"
es,Spanish,entity_or_value,rochdale,Rochdale,2,7,1,rochdale,7,1.0,False,"{""rochdale"": 7}"
es,Spanish,entity_or_value,rock (geology),Rock_(geology),2,15,1,roca (geología),15,1.0,False,"{""roca (geología)"": 15}"
es,Spanish,entity_or_value,rock and roll,Rock_and_roll,2,15,1,rock and roll,15,1.0,False,"{""rock and roll"": 15}"
es,Spanish,entity_or_value,rock music,Rock_music,2,239,1,rock,239,1.0,False,"{""rock"": 239}"
es,Spanish,entity_or_value,rodolfo llopis,Rodolfo_Llopis,2,6,1,rodolfo llopis,6,1.0,False,"{""rodolfo llopis"": 6}"
es,Spanish,entity_or_value,rodrigo duterte,Rodrigo_Duterte,2,3,1,rodrigo duterte,3,1.0,False,"{""rodrigo duterte"": 3}"
es,Spanish,entity_or_value,roger mckenzie (comic book writer),Roger_McKenzie_(comic_book_writer),2,11,1,roger mckenzie (guionista de cómics),11,1.0,False,"{""roger mckenzie (guionista de cómics)"": 11}"
es,Spanish,entity_or_value,roger stern,Roger_Stern,2,9,1,roger stern,9,1.0,False,"{""roger stern"": 9}"
es,Spanish,entity_or_value,roland desmond,"""Roland Desmond""",2,5,1,roland desmond,5,1.0,False,"{""roland desmond"": 5}"
es,Spanish,entity_or_value,rolando maran,Rolando_Maran,2,46,1,rolando maran,46,1.0,False,"{""rolando maran"": 46}"
es,Spanish,entity_or_value,rolls-royce holdings,Rolls-Royce_Holdings,2,4,1,rolls-royce holdings,4,1.0,False,"{""rolls-royce holdings"": 4}"
es,Spanish,entity_or_value,rolls-royce power systems,Rolls-Royce_Power_Systems,2,5,1,rolls-royce power systems,5,1.0,False,"{""rolls-royce power systems"": 5}"
es,Spanish,entity_or_value,romanesque revival architecture,Romanesque_Revival_architecture,2,6,1,neorrománico,6,1.0,False,"{""neorrománico"": 6}"
es,Spanish,entity_or_value,romani people,Romani_people,2,3,1,pueblo gitano,3,1.0,False,"{""pueblo gitano"": 3}"
es,Spanish,entity_or_value,romania,Romania,2,184,1,rumania,184,1.0,False,"{""rumania"": 184}"
es,Spanish,entity_or_value,rome,Rome,2,98,1,roma,98,1.0,False,"{""roma"": 98}"
es,Spanish,entity_or_value,"rome, italy","""Rome, Italy""",2,9,1,roma (italia),9,1.0,False,"{""roma (italia)"": 9}"
es,Spanish,entity_or_value,rona fairhead,Rona_Fairhead,2,4,1,rona fairhead,4,1.0,False,"{""rona fairhead"": 4}"
es,Spanish,entity_or_value,rops,RoPS,2,6,1,rops,6,1.0,False,"{""rops"": 6}"
es,Spanish,entity_or_value,roque de los muchachos observatory,Roque_de_los_Muchachos_Observatory,2,6,1,observatorio del roque de los muchachos,6,1.0,False,"{""observatorio del roque de los muchachos"": 6}"
es,Spanish,entity_or_value,rosaceae,Rosaceae,2,9,1,rosaceae,9,1.0,False,"{""rosaceae"": 9}"
es,Spanish,entity_or_value,rosales,Rosales,2,7,1,rosales,7,1.0,False,"{""rosales"": 7}"
es,Spanish,entity_or_value,rosids,Rosids,2,9,1,rósidas,9,1.0,False,"{""rósidas"": 9}"
es,Spanish,entity_or_value,rostock,Rostock,2,52,1,rostock,52,1.0,False,"{""rostock"": 52}"
es,Spanish,entity_or_value,"round rock, texas","Round_Rock,_Texas",2,9,1,"round rock, texas",9,1.0,False,"{""round rock, texas"": 9}"
es,Spanish,entity_or_value,rover company,Rover_Company,2,6,1,compañía rover,6,1.0,False,"{""compañía rover"": 6}"
es,Spanish,entity_or_value,"roy d. chapin, jr.","Roy_D._Chapin,_Jr.",2,9,1,"roy d. chapin, jr.",9,1.0,False,"{""roy d. chapin, jr."": 9}"
es,Spanish,entity_or_value,roy thomas,Roy_Thomas,2,7,1,roy thomas,7,1.0,False,"{""roy thomas"": 7}"
es,Spanish,entity_or_value,royal artillery,Royal_Artillery,2,15,1,royal artillery,15,1.0,False,"{""royal artillery"": 15}"
es,Spanish,entity_or_value,runcorn f.c. halton,Runcorn_F.C._Halton,2,6,1,runcorn f.c. halton,6,1.0,False,"{""runcorn f.c. halton"": 6}"
es,Spanish,entity_or_value,russia,Russia,2,22,1,rusia,22,1.0,False,"{""rusia"": 22}"
es,Spanish,entity_or_value,russian civil war,Russian_Civil_War,2,8,1,guerra civil rusa,8,1.0,False,"{""guerra civil rusa"": 8}"
es,Spanish,entity_or_value,russian football national league,Russian_Football_National_League,2,2,1,liga nacional de fútbol de rusia,2,1.0,False,"{""liga nacional de fútbol de rusia"": 2}"
es,Spanish,entity_or_value,russian language,Russian_language,2,2,1,ruso,2,1.0,False,"{""ruso"": 2}"
es,Spanish,entity_or_value,rutaceae,Rutaceae,2,12,1,rutaceae,12,1.0,False,"{""rutaceae"": 12}"
es,Spanish,entity_or_value,ruth ribicoff,"""Ruth Ribicoff""",2,33,1,ruth ribicoff,33,1.0,False,"{""ruth ribicoff"": 33}"
es,Spanish,entity_or_value,"rutland arms, bakewell, in 1820","""Rutland Arms, Bakewell, in 1820""",2,9,1,"rutland arms, bakewell, en 1820",9,1.0,False,"{""rutland arms, bakewell, en 1820"": 9}"
es,Spanish,entity_or_value,ryan potter,Ryan_Potter,2,5,1,ryan potter,5,1.0,False,"{""ryan potter"": 5}"
es,Spanish,entity_or_value,s.a. (corporation),S.A._(corporation),2,28,1,sociedad anónima,28,1.0,False,"{""sociedad anónima"": 28}"
es,Spanish,entity_or_value,s.s. chieti calcio,S.S._Chieti_Calcio,2,3,1,s.s. chieti calcio,3,1.0,False,"{""s.s. chieti calcio"": 3}"
es,Spanish,entity_or_value,s.s. robur siena,S.S._Robur_Siena,2,5,1,s.s. robur siena,5,1.0,False,"{""s.s. robur siena"": 5}"
es,Spanish,entity_or_value,s.s.d. potenza calcio,S.S.D._Potenza_Calcio,2,5,1,s.s.d. potenza calcio,5,1.0,False,"{""s.s.d. potenza calcio"": 5}"
es,Spanish,entity_or_value,saab 9000,Saab_9000,2,24,1,saab 9000,24,1.0,False,"{""saab 9000"": 24}"
es,Spanish,entity_or_value,sadique abubakar,Sadique_Abubakar,2,5,1,sadique abubakar,5,1.0,False,"{""sadique abubakar"": 5}"
es,Spanish,entity_or_value,sage publications,SAGE_Publications,2,9,1,publicaciones sage,9,1.0,False,"{""publicaciones sage"": 9}"
es,Spanish,entity_or_value,"sage publications for the samuel curtis johnson graduate school of management, cornell university","""SAGE Publications for the Samuel Curtis Johnson Graduate School of Management, Cornell University""",2,4,1,"publicaciones sage para la samuel curtis johnson graduate school of management, cornell university",4,1.0,False,"{""publicaciones sage para la samuel curtis johnson graduate school of management, cornell university"": 4}"
es,Spanish,entity_or_value,sago,Sago,2,24,1,sagú,24,1.0,False,"{""sagú"": 24}"
es,Spanish,entity_or_value,"saint anne, alderney","Saint_Anne,_Alderney",2,2,1,"santa ana, alderney",2,1.0,False,"{""santa ana, alderney"": 2}"
es,Spanish,entity_or_value,saint petersburg,Saint_Petersburg,2,37,1,san petersburgo,37,1.0,False,"{""san petersburgo"": 37}"
es,Spanish,entity_or_value,"salem, oregon","Salem,_Oregon",2,9,1,"salem, oregón",9,1.0,False,"{""salem, oregón"": 9}"
es,Spanish,entity_or_value,salvadoran primera división,Salvadoran_Primera_División,2,7,1,primera división salvadoreña,7,1.0,False,"{""primera división salvadoreña"": 7}"
es,Spanish,entity_or_value,sami languages,Sami_languages,2,4,1,lenguas sami,4,1.0,False,"{""lenguas sami"": 4}"
es,Spanish,entity_or_value,sammy price,Sammy_Price,2,4,1,sammy price,4,1.0,False,"{""sammy price"": 4}"
es,Spanish,entity_or_value,samuda brothers,Samuda_Brothers,2,13,1,samuda brothers,13,1.0,False,"{""samuda brothers"": 13}"
es,Spanish,entity_or_value,san francisco,San_Francisco,2,32,1,san francisco,32,1.0,False,"{""san francisco"": 32}"
es,Spanish,entity_or_value,san francisco bay area,San_Francisco_Bay_Area,2,17,1,área de la bahía de san francisco,17,1.0,False,"{""área de la bahía de san francisco"": 17}"
es,Spanish,entity_or_value,"san marcos, texas","San_Marcos,_Texas",2,7,1,"san marcos, texas",7,1.0,False,"{""san marcos, texas"": 7}"
es,Spanish,entity_or_value,san sebastián de los reyes,San_Sebastián_de_los_Reyes,2,40,1,san sebastián de los reyes,40,1.0,False,"{""san sebastián de los reyes"": 40}"
es,Spanish,entity_or_value,sanat mes kerman f.c.,Sanat_Mes_Kerman_F.C.,2,5,1,mes kerman football club,5,1.0,False,"{""mes kerman football club"": 5}"
es,Spanish,entity_or_value,sandesh (confectionery),Sandesh_(confectionery),2,35,1,sandesh (confitería),35,1.0,False,"{""sandesh (confitería)"": 35}"
es,Spanish,entity_or_value,sapindales,Sapindales,2,5,1,sapindales,5,1.0,False,"{""sapindales"": 5}"
es,Spanish,entity_or_value,sara miller mccune,Sara_Miller_McCune,2,4,1,sara miller mccune,4,1.0,False,"{""sara miller mccune"": 4}"
es,Spanish,entity_or_value,sarah teale,Sarah_Teale,2,20,1,sarah teale,20,1.0,False,"{""sarah teale"": 20}"
es,Spanish,entity_or_value,"saranac lake, new york","Saranac_Lake,_New_York",2,71,1,saranac lake,71,1.0,False,"{""saranac lake"": 71}"
es,Spanish,entity_or_value,sarawak,Sarawak,2,21,1,sarawak,21,1.0,False,"{""sarawak"": 21}"
es,Spanish,entity_or_value,sardar ayaz sadiq,Sardar_Ayaz_Sadiq,2,5,1,sardar ayaz sadiq,5,1.0,False,"{""sardar ayaz sadiq"": 5}"
es,Spanish,entity_or_value,saskatchewan,Saskatchewan,2,6,1,saskatchewan,6,1.0,False,"{""saskatchewan"": 6}"
es,Spanish,entity_or_value,sauli niinistö,Sauli_Niinistö,2,13,1,sauli niinistö,13,1.0,False,"{""sauli niinistö"": 13}"
es,Spanish,entity_or_value,sausage,Sausage,2,31,1,salchicha,31,1.0,False,"{""salchicha"": 31}"
es,Spanish,entity_or_value,sbct,"""SBCT""",2,4,1,sbct,4,1.0,False,"{""sbct"": 4}"
es,Spanish,entity_or_value,sc wiener neustadt,SC_Wiener_Neustadt,2,9,1,sc wiener neustadt,9,1.0,False,"{""sc wiener neustadt"": 9}"
es,Spanish,entity_or_value,"schenectady, new york","Schenectady,_New_York",2,3,1,"schenectady, nueva york",3,1.0,False,"{""schenectady, nueva york"": 3}"
es,Spanish,entity_or_value,schiphol group,Schiphol_Group,2,2,1,royal schiphol group,2,1.0,False,"{""royal schiphol group"": 2}"
es,Spanish,entity_or_value,school of applied arts in stuttgart,School_of_Applied_Arts_in_Stuttgart,2,12,1,escuela de artes aplicadas de stuttgart,12,1.0,False,"{""escuela de artes aplicadas de stuttgart"": 12}"
es,Spanish,entity_or_value,school of business and social sciences at the aarhus university,School of Business and Social Sciences at the Aarhus University,2,286,1,facultad de ciencias empresariales y sociales de la universidad de aarhus,286,1.0,False,"{""facultad de ciencias empresariales y sociales de la universidad de aarhus"": 286}"
es,Spanish,entity_or_value,scot gemmill,Scot_Gemmill,2,2,1,scot gemmill,2,1.0,False,"{""scot gemmill"": 2}"
es,Spanish,entity_or_value,scotland,Scotland,2,2,1,escocia,2,1.0,False,"{""escocia"": 2}"
es,Spanish,entity_or_value,scotland national under-19 football team,Scotland_national_under-19_football_team,2,4,1,selección de fútbol sub-19 de escocia,4,1.0,False,"{""selección de fútbol sub-19 de escocia"": 4}"
es,Spanish,entity_or_value,scotland national under-21 football team,Scotland_national_under-21_football_team,2,5,1,selección de fútbol sub-21 de escocia,5,1.0,False,"{""selección de fútbol sub-21 de escocia"": 5}"
es,Spanish,entity_or_value,scott adsit,Scott_Adsit,2,11,1,scott adsit,11,1.0,False,"{""scott adsit"": 11}"
es,Spanish,entity_or_value,seat ibiza,SEAT_Ibiza,2,7,1,seat ibiza,7,1.0,False,"{""seat ibiza"": 7}"
es,Spanish,entity_or_value,seat of local government,Seat_of_local_government,2,2,1,sede del gobierno local,2,1.0,False,"{""sede del gobierno local"": 2}"
es,Spanish,entity_or_value,seattle,Seattle,2,12,1,seattle,12,1.0,False,"{""seattle"": 12}"
es,Spanish,entity_or_value,secretary of state of vermont,Secretary_of_State_of_Vermont,2,20,1,secretario de estado de vermont,20,1.0,False,"{""secretario de estado de vermont"": 20}"
es,Spanish,entity_or_value,sedan (automobile),Sedan_(automobile),2,11,1,sedán (automóvil),11,1.0,False,"{""sedán (automóvil)"": 11}"
es,Spanish,entity_or_value,seminary ridge,Seminary_Ridge,2,12,1,seminary ridge,12,1.0,False,"{""seminary ridge"": 12}"
es,Spanish,entity_or_value,senate (netherlands),Senate_(Netherlands),2,2,1,senado de los estados generales,2,1.0,False,"{""senado de los estados generales"": 2}"
es,Spanish,entity_or_value,serbia,Serbia,2,4,1,serbia,4,1.0,False,"{""serbia"": 4}"
es,Spanish,entity_or_value,sergey belyavsky,Sergey_Belyavsky,2,7,1,serguéi beliavski,7,1.0,False,"{""serguéi beliavski"": 7}"
es,Spanish,entity_or_value,sergey naryshkin,Sergey_Naryshkin,2,5,1,serguéi narishkin,5,1.0,False,"{""serguéi narishkin"": 5}"
es,Spanish,entity_or_value,sergey rodionov,Sergey_Rodionov,2,3,1,sergey rodionov,3,1.0,False,"{""sergey rodionov"": 3}"
es,Spanish,entity_or_value,sergey sobyanin,Sergey_Sobyanin,2,5,1,sergéi sobianin,5,1.0,False,"{""sergéi sobianin"": 5}"
es,Spanish,entity_or_value,sergio marchionne,Sergio_Marchionne,2,4,1,sergio marchionne,4,1.0,False,"{""sergio marchionne"": 4}"
es,Spanish,entity_or_value,sergio mattarella,Sergio_Mattarella,2,36,1,sergio mattarella,36,1.0,False,"{""sergio mattarella"": 36}"
es,Spanish,entity_or_value,serie a,Serie_A,2,76,1,serie a,76,1.0,False,"{""serie a"": 76}"
es,Spanish,entity_or_value,serie b,Serie_B,2,31,1,serie a,31,1.0,False,"{""serie a"": 31}"
es,Spanish,entity_or_value,serie d,Serie_D,2,10,1,serie d,10,1.0,False,"{""serie d"": 10}"
es,Spanish,entity_or_value,sesame oil,Sesame_oil,2,12,1,aceite de sésamo,12,1.0,False,"{""aceite de sésamo"": 12}"
es,Spanish,entity_or_value,shabab al-ordon club,Shabab_Al-Ordon_Club,2,14,1,club shabab al-ordon,14,1.0,False,"{""club shabab al-ordon"": 14}"
es,Spanish,entity_or_value,shanachie records,Shanachie_Records,2,13,1,shanachie records,13,1.0,False,"{""shanachie records"": 13}"
es,Spanish,entity_or_value,shehbaz sharif,Shehbaz_Sharif,2,4,1,shahbaz sharif,4,1.0,False,"{""shahbaz sharif"": 4}"
es,Spanish,entity_or_value,sheikh russel kc,Sheikh_Russel_KC,2,7,1,sheikh russel kc,7,1.0,False,"{""sheikh russel kc"": 7}"
es,Spanish,entity_or_value,sheldon moldoff,Sheldon_Moldoff,2,16,1,sheldon moldoff,16,1.0,False,"{""sheldon moldoff"": 16}"
es,Spanish,entity_or_value,shenzhou 10,Shenzhou_10,2,15,1,shenzhou 10,15,1.0,False,"{""shenzhou 10"": 15}"
es,Spanish,entity_or_value,shenzhou 6,Shenzhou_6,2,13,1,shenzhou 6,13,1.0,False,"{""shenzhou 6"": 13}"
es,Spanish,entity_or_value,shiitake,Shiitake,2,8,1,shiitake,8,1.0,False,"{""shiitake"": 8}"
es,Spanish,entity_or_value,shinzō abe,Shinzō_Abe,2,5,1,shinzō abe,5,1.0,False,"{""shinzō abe"": 5}"
es,Spanish,entity_or_value,"shirley, derbyshire","Shirley,_Derbyshire",2,12,1,"shirley, derbyshire",12,1.0,False,"{""shirley, derbyshire"": 12}"
es,Spanish,entity_or_value,shortcrust pastry,Shortcrust_pastry,2,9,1,pasta brisa,9,1.0,False,"{""pasta brisa"": 9}"
es,Spanish,entity_or_value,shrimp,Shrimp,2,4,1,gamba,4,1.0,False,"{""gamba"": 4}"
es,Spanish,entity_or_value,shumai,Shumai,2,43,1,shaomai,43,1.0,False,"{""shaomai"": 43}"
es,Spanish,entity_or_value,shuvalan,Shuvalan,2,3,1,shuvalan,3,1.0,False,"{""shuvalan"": 3}"
es,Spanish,entity_or_value,"shuvalan, baku, azerbaijan","""Shuvalan, Baku, Azerbaijan""",2,2,1,"shuvalan, bakú, azerbaiyán",2,1.0,False,"{""shuvalan, bakú, azerbaiyán"": 2}"
es,Spanish,entity_or_value,sidcup,Sidcup,2,32,1,sidcup,32,1.0,False,"{""sidcup"": 32}"
es,Spanish,entity_or_value,siege of petersburg,Siege_of_Petersburg,2,14,1,campaña de petersburg,14,1.0,False,"{""campaña de petersburg"": 14}"
es,Spanish,entity_or_value,silvano aureoles conejo,Silvano_Aureoles_Conejo,2,28,1,silvano aureoles conejo,28,1.0,False,"{""silvano aureoles conejo"": 28}"
es,Spanish,entity_or_value,silvio berlusconi,Silvio_Berlusconi,2,10,1,silvio berlusconi,10,1.0,False,"{""silvio berlusconi"": 10}"
es,Spanish,entity_or_value,simon & schuster,Simon_&_Schuster,2,2,1,simon & schuster,2,1.0,False,"{""simon & schuster"": 2}"
es,Spanish,entity_or_value,singapore,Singapore,2,184,1,singapur,184,1.0,False,"{""singapur"": 184}"
es,Spanish,entity_or_value,singapore and indonesia,"""Singapore and Indonesia""",2,23,1,singapur e indonesia,23,1.0,False,"{""singapur e indonesia"": 23}"
es,Spanish,entity_or_value,singapore dollar,Singapore_dollar,2,3,1,dólar de singapur,3,1.0,False,"{""dólar de singapur"": 3}"
es,Spanish,entity_or_value,"singer, reality television judge","""singer, Reality television judge""",2,9,1,"cantante, juez de telerrealidad",9,1.0,False,"{""cantante, juez de telerrealidad"": 9}"
es,Spanish,entity_or_value,singing,Singing,2,61,1,canto,61,1.0,False,"{""canto"": 61}"
es,Spanish,entity_or_value,"single plate clutch, separate 4-speed gearbox all-silent and all-syncromesh, centre change lever, open tubular propellor shaft with metal joints , spiral bevel fully floating back axle","""single plate clutch, separate 4-speed gearbox all-silent and all-syncromesh, centre change lever, open tubular propellor shaft with metal joints , spiral bevel fully floating back axle""",2,16,1,"embrague monoplato, caja de cambios independiente de 4 velocidades totalmente silenciosa y sincronizada, palanca de cambio central, eje de la hélice tubular abierto con juntas metálicas , eje trasero cónico espiral totalmente flotante",16,1.0,False,"{""embrague monoplato, caja de cambios independiente de 4 velocidades totalmente silenciosa y sincronizada, palanca de cambio central, eje de la hélice tubular abierto con juntas metálicas , eje trasero cónico espiral totalmente flotante"": 16}"
es,Spanish,entity_or_value,siniša mihajlović,Siniša_Mihajlović,2,29,1,siniša mihajlović,29,1.0,False,"{""siniša mihajlović"": 29}"
es,Spanish,entity_or_value,siomay,Siomay,2,50,1,siomay,50,1.0,False,"{""siomay"": 50}"
es,Spanish,entity_or_value,sk rapid wien,SK_Rapid_Wien,2,4,1,sk rapid viena,4,1.0,False,"{""sk rapid viena"": 4}"
es,Spanish,entity_or_value,sk vorwärts steyr,SK_Vorwärts_Steyr,2,9,1,sk vorwärts steyr,9,1.0,False,"{""sk vorwärts steyr"": 9}"
es,Spanish,entity_or_value,ska,Ska,2,11,1,ska,11,1.0,False,"{""ska"": 11}"
es,Spanish,entity_or_value,ska punk,Ska_punk,2,32,1,ska punk,32,1.0,False,"{""ska punk"": 32}"
es,Spanish,entity_or_value,slavey language,Slavey_language,2,3,1,slave,3,1.0,False,"{""slave"": 3}"
es,Spanish,entity_or_value,slk,"""SLK""",2,2,1,slk,2,1.0,False,"{""slk"": 2}"
es,Spanish,entity_or_value,sludge metal,Sludge_metal,2,29,1,sludge metal,29,1.0,False,"{""sludge metal"": 29}"
es,Spanish,entity_or_value,smilodon,Smilodon,2,2,1,smilodon,2,1.0,False,"{""smilodon"": 2}"
es,Spanish,entity_or_value,socialist party (netherlands),Socialist_Party_(Netherlands),2,49,1,partido socialista,49,1.0,False,"{""partido socialista"": 49}"
es,Spanish,entity_or_value,socialist republic of serbia,Socialist_Republic_of_Serbia,2,2,1,república socialista de serbia,2,1.0,False,"{""república socialista de serbia"": 2}"
es,Spanish,entity_or_value,soho press,Soho_Press,2,47,1,soho press,47,1.0,False,"{""soho press"": 47}"
es,Spanish,entity_or_value,solanaceae,Solanaceae,2,7,1,solanaceae,7,1.0,False,"{""solanaceae"": 7}"
es,Spanish,entity_or_value,solanales,Solanales,2,26,1,solanales,26,1.0,False,"{""solanales"": 26}"
es,Spanish,entity_or_value,solanum,Solanum,2,4,1,solanum,4,1.0,False,"{""solanum"": 4}"
es,Spanish,entity_or_value,sold to argentina 15 october 1968,"""Sold to Argentina 15 October 1968""",2,2,1,vendido a argentina el 15 de octubre de 1968,2,1.0,False,"{""vendido a argentina el 15 de octubre de 1968"": 2}"
es,Spanish,entity_or_value,solo singer,"""solo_singer""",2,193,1,cantante solista,193,1.0,False,"{""cantante solista"": 193}"
es,Spanish,entity_or_value,songwriter,Songwriter,2,5,1,compositor de canciones,5,1.0,False,"{""compositor de canciones"": 5}"
es,Spanish,entity_or_value,sony music entertainment,Sony_Music_Entertainment,2,13,1,sony music entertainment,13,1.0,False,"{""sony music entertainment"": 13}"
es,Spanish,entity_or_value,soul music,Soul_music,2,6,1,soul,6,1.0,False,"{""soul"": 6}"
es,Spanish,entity_or_value,soup,Soup,2,5,1,sopa,5,1.0,False,"{""sopa"": 5}"
es,Spanish,entity_or_value,sour cream,Sour_cream,2,13,1,crema agria,13,1.0,False,"{""crema agria"": 13}"
es,Spanish,entity_or_value,south africa,South_Africa,2,114,1,sudáfrica,114,1.0,False,"{""sudáfrica"": 114}"
es,Spanish,entity_or_value,south capitol street,South_Capitol_Street,2,4,1,calle capitolio sur,4,1.0,False,"{""calle capitolio sur"": 4}"
es,Spanish,entity_or_value,south german gulden,South_German_gulden,2,2,1,florín del sur de alemania,2,1.0,False,"{""florín del sur de alemania"": 2}"
es,Spanish,entity_or_value,south jersey transportation authority,South_Jersey_Transportation_Authority,2,8,1,autoridad de transporte de jersey meridional,8,1.0,False,"{""autoridad de transporte de jersey meridional"": 8}"
es,Spanish,entity_or_value,"south region, brazil","South_Region,_Brazil",2,13,1,región sur de brasil,13,1.0,False,"{""región sur de brasil"": 13}"
es,Spanish,entity_or_value,south runway,"""South Runway""",2,6,1,pista sur,6,1.0,False,"{""pista sur"": 6}"
es,Spanish,entity_or_value,south-east asian theatre of world war ii,South-East_Asian_theatre_of_World_War_II,2,3,1,frente del sudeste de asia en la segunda guerra mundial,3,1.0,False,"{""frente del sudeste de asia en la segunda guerra mundial"": 3}"
es,Spanish,entity_or_value,southern sludge,Southern_sludge,2,3,1,lodos del sur,3,1.0,False,"{""lodos del sur"": 3}"
es,Spanish,entity_or_value,sovcomflot,Sovcomflot,2,4,1,sovcomflot,4,1.0,False,"{""sovcomflot"": 4}"
es,Spanish,entity_or_value,soviet union,Soviet_Union,2,5,1,unión soviética,5,1.0,False,"{""unión soviética"": 5}"
es,Spanish,entity_or_value,soviet union national football team,Soviet_Union_national_football_team,2,19,1,selección de fútbol de la unión soviética,19,1.0,False,"{""selección de fútbol de la unión soviética"": 19}"
es,Spanish,entity_or_value,spaceport florida launch complex 36,Spaceport_Florida_Launch_Complex_36,2,16,1,complejo de lanzamiento 36 del puerto espacial de florida,16,1.0,False,"{""complejo de lanzamiento 36 del puerto espacial de florida"": 16}"
es,Spanish,entity_or_value,spacewatch,Spacewatch,2,21,1,spacewatch,21,1.0,False,"{""spacewatch"": 21}"
es,Spanish,entity_or_value,spain,Spain,2,346,1,españa,346,1.0,False,"{""españa"": 346}"
es,Spanish,entity_or_value,spaniards,Spaniards,2,37,1,españoles,37,1.0,False,"{""españoles"": 37}"
es,Spanish,entity_or_value,spanish language,Spanish_language,2,108,1,español,108,1.0,False,"{""español"": 108}"
es,Spanish,entity_or_value,spanish socialist workers' party,Spanish_Socialist_Workers'_Party,2,12,1,partido socialista obrero español,12,1.0,False,"{""partido socialista obrero español"": 12}"
es,Spanish,entity_or_value,spanish–american war,Spanish–American_War,2,4,1,guerra hispano-estadounidense,4,1.0,False,"{""guerra hispano-estadounidense"": 4}"
es,Spanish,entity_or_value,sparta prague,Sparta_Prague,2,5,1,esparta praga,5,1.0,False,"{""esparta praga"": 5}"
es,Spanish,entity_or_value,sparta rotterdam,Sparta_Rotterdam,2,2,1,sparta rotterdam,2,1.0,False,"{""sparta rotterdam"": 2}"
es,Spanish,entity_or_value,spata,Spata,2,8,1,spata,8,1.0,False,"{""spata"": 8}"
es,Spanish,entity_or_value,sphinx class cruise ship,"""Sphinx class cruise ship""",2,2,1,crucero clase sphinx,2,1.0,False,"{""crucero clase sphinx"": 2}"
es,Spanish,entity_or_value,sphinx-class cruise ship,"""Sphinx-class cruise ship""",2,3,1,crucero clase sphinx,3,1.0,False,"{""crucero clase sphinx"": 3}"
es,Spanish,entity_or_value,spokesman of popular orthodox rally,"""Spokesman of Popular Orthodox Rally""",2,3,1,portavoz de la agrupación popular ortodoxa,3,1.0,False,"{""portavoz de la agrupación popular ortodoxa"": 3}"
es,Spanish,entity_or_value,sponge cake,Sponge_cake,2,17,1,bizcochuelo,17,1.0,False,"{""bizcochuelo"": 17}"
es,Spanish,entity_or_value,sportpark de toekomst,Sportpark_De_Toekomst,2,42,1,sportpark de toekomst,42,1.0,False,"{""sportpark de toekomst"": 42}"
es,Spanish,entity_or_value,springer science+business media,Springer_Science+Business_Media,2,5,1,springer science+business media,5,1.0,False,"{""springer science+business media"": 5}"
es,Spanish,entity_or_value,"springfield, illinois","Springfield,_Illinois",2,6,1,"springfield, illinois",6,1.0,False,"{""springfield, illinois"": 6}"
es,Spanish,entity_or_value,squeeze (the velvet underground album),Squeeze_(The_Velvet_Underground_album),2,31,1,squeeze (álbum the velvet underground),31,1.0,False,"{""squeeze (álbum the velvet underground)"": 31}"
es,Spanish,entity_or_value,"squeezed"" or ""smashed"" fried chicken served with sambal","""Squeezed"" or ""smashed"" fried chicken served with sambal",2,22,1,pollo frito exprimido o aplastado servido con sambal,22,1.0,False,"{""pollo frito exprimido o aplastado servido con sambal"": 22}"
es,Spanish,entity_or_value,squid,Squid,2,7,2,calamar,6,0.8571428571428571,True,"{""calamar"": 6, ""teuthida"": 1}"
es,Spanish,entity_or_value,sri jayawardenepura kotte,Sri_Jayawardenepura_Kotte,2,28,1,sri jayawardenapura kotte,28,1.0,False,"{""sri jayawardenapura kotte"": 28}"
es,Spanish,entity_or_value,sri lanka,Sri_Lanka,2,156,1,sri lanka,156,1.0,False,"{""sri lanka"": 156}"
es,Spanish,entity_or_value,sri lankan rupee,Sri_Lankan_rupee,2,13,1,rupia esrilanquesa,13,1.0,False,"{""rupia esrilanquesa"": 13}"
es,Spanish,entity_or_value,"st. benedict's monastery, adisham, haputhale, sri lanka","""St. Benedict's Monastery, Adisham, Haputhale, Sri Lanka""",2,5,1,"monasterio de san benito, adisham, haputhale, sri lanka",5,1.0,False,"{""monasterio de san benito, adisham, haputhale, sri lanka"": 5}"
es,Spanish,entity_or_value,st. louis,St._Louis,2,123,1,san luis,123,1.0,False,"{""san luis"": 123}"
es,Spanish,entity_or_value,st. louis rams,St._Louis_Rams,2,41,1,st. louis rams,41,1.0,False,"{""st. louis rams"": 41}"
es,Spanish,entity_or_value,"st. louis, missouri","St._Louis,_Missouri",2,13,1,"st. louis, missouri",13,1.0,False,"{""st. louis, missouri"": 13}"
es,Spanish,entity_or_value,st. vincent–st. mary high school,St._Vincent–St._Mary_High_School,2,70,1,instituto st. vincent-st. mary,70,1.0,False,"{""instituto st. vincent-st. mary"": 70}"
es,Spanish,entity_or_value,stacy katzman,Stacy_Katzman,2,11,1,stacy katzman,11,1.0,False,"{""stacy katzman"": 11}"
es,Spanish,entity_or_value,stadio armando picchi,Stadio_Armando_Picchi,2,8,1,estadio armando picchi,8,1.0,False,"{""estadio armando picchi"": 8}"
es,Spanish,entity_or_value,stadio dino manuzzi,Stadio_Dino_Manuzzi,2,6,1,stadio dino manuzzi,6,1.0,False,"{""stadio dino manuzzi"": 6}"
es,Spanish,entity_or_value,stadio marc'antonio bentegodi,Stadio_Marc'Antonio_Bentegodi,2,7,1,estadio marc'antonio bentegodi,7,1.0,False,"{""estadio marc'antonio bentegodi"": 7}"
es,Spanish,entity_or_value,stadio olimpico,Stadio_Olimpico,2,8,1,estadio olímpico,8,1.0,False,"{""estadio olímpico"": 8}"
es,Spanish,entity_or_value,stadio pietro barbetti,Stadio_Pietro_Barbetti,2,3,1,estadio pietro barbetti,3,1.0,False,"{""estadio pietro barbetti"": 3}"
es,Spanish,entity_or_value,stan lee,Stan_Lee,2,6,1,stan lee,6,1.0,False,"{""stan lee"": 6}"
es,Spanish,entity_or_value,standard chinese,Standard_Chinese,2,20,1,mandarín estándar,20,1.0,False,"{""mandarín estándar"": 20}"
es,Spanish,entity_or_value,stanford university,Stanford_University,2,13,1,universidad stanford,13,1.0,False,"{""universidad stanford"": 13}"
es,Spanish,entity_or_value,stanislaw tillich,Stanislaw_Tillich,2,3,1,stanislaw tillich,3,1.0,False,"{""stanislaw tillich"": 3}"
es,Spanish,entity_or_value,stanyan records,Stanyan_Records,2,6,1,stanyan records,6,1.0,False,"{""stanyan records"": 6}"
es,Spanish,entity_or_value,stargate (production team),Stargate_(production_team),2,7,1,stargate (equipo de producción),7,1.0,False,"{""stargate (equipo de producción)"": 7}"
es,Spanish,entity_or_value,state award for superior achievement,State_Award_for_Superior_Achievement,2,7,1,premio estatal a los mejores logros,7,1.0,False,"{""premio estatal a los mejores logros"": 7}"
es,Spanish,entity_or_value,state of israel,"""State of Israel""",2,3,1,estado de israel,3,1.0,False,"{""estado de israel"": 3}"
es,Spanish,entity_or_value,staten island,Staten_Island,2,27,1,staten island,27,1.0,False,"{""staten island"": 27}"
es,Spanish,entity_or_value,static caravan recordings,Static_Caravan_Recordings,2,17,1,static caravan recordings,17,1.0,False,"{""static caravan recordings"": 17}"
es,Spanish,entity_or_value,station wagon,Station_wagon,2,15,1,familiar (automóvil),15,1.0,False,"{""familiar (automóvil)"": 15}"
es,Spanish,entity_or_value,steel azin f.c.,Steel_Azin_F.C.,2,14,1,steel azin fc,14,1.0,False,"{""steel azin fc"": 14}"
es,Spanish,entity_or_value,stellendam,Stellendam,2,26,1,stellendam,26,1.0,False,"{""stellendam"": 26}"
es,Spanish,entity_or_value,"stellendam, netherlands","""Stellendam, Netherlands""",2,3,1,"stellendam, países bajos",3,1.0,False,"{""stellendam, países bajos"": 3}"
es,Spanish,entity_or_value,stephen dilts,Stephen_Dilts,2,5,1,stephen dilts,5,1.0,False,"{""stephen dilts"": 5}"
es,Spanish,entity_or_value,stephen yong kuet tze,Stephen_Yong_Kuet_Tze,2,5,1,stephen yong kuet tze,5,1.0,False,"{""stephen yong kuet tze"": 5}"
es,Spanish,entity_or_value,"steuben county, indiana","Steuben_County,_Indiana",2,17,1,condado de steuben,17,1.0,False,"{""condado de steuben"": 17}"
es,Spanish,entity_or_value,steve bright,Steve_Bright,2,26,1,steve bright,26,1.0,False,"{""steve bright"": 26}"
es,Spanish,entity_or_value,steve bruce,Steve_Bruce,2,4,1,steve bruce,4,1.0,False,"{""steve bruce"": 4}"
es,Spanish,entity_or_value,steve davis (footballer),Steve_Davis_(footballer),2,5,1,steve davis (futbolista),5,1.0,False,"{""steve davis (futbolista)"": 5}"
es,Spanish,entity_or_value,steve spagnuolo,Steve_Spagnuolo,2,3,1,steve spagnuolo,3,1.0,False,"{""steve spagnuolo"": 3}"
es,Spanish,entity_or_value,steven t. seagle,Steven_T._Seagle,2,17,1,steven t. seagle,17,1.0,False,"{""steven t. seagle"": 17}"
es,Spanish,entity_or_value,stochastic programming,Stochastic_programming,2,16,1,programación estocástica,16,1.0,False,"{""programación estocástica"": 16}"
es,Spanish,entity_or_value,stockholm,Stockholm,2,10,1,estocolmo,10,1.0,False,"{""estocolmo"": 10}"
es,Spanish,entity_or_value,stockport county f.c.,Stockport_County_F.C.,2,11,1,stockport county football club,11,1.0,False,"{""stockport county football club"": 11}"
es,Spanish,entity_or_value,stoner sludge,Stoner_sludge,2,2,1,stoner sludge,2,1.0,False,"{""stoner sludge"": 2}"
es,Spanish,entity_or_value,straight-four engine,Straight-four_engine,2,29,1,motor de cuatro cilindros en línea,29,1.0,False,"{""motor de cuatro cilindros en línea"": 29}"
es,Spanish,entity_or_value,straight-six engine,Straight-six_engine,2,5,1,motor de seis cilindros en línea,5,1.0,False,"{""motor de seis cilindros en línea"": 5}"
es,Spanish,entity_or_value,strawberry,Strawberry,2,2,1,fresa,2,1.0,False,"{""fresa"": 2}"
es,Spanish,entity_or_value,string instrument,String_instrument,2,5,1,instrumento de cuerda,5,1.0,False,"{""instrumento de cuerda"": 5}"
es,Spanish,entity_or_value,stuart parker (footballer),Stuart_Parker_(footballer),2,100,1,stuart parker (futbolista),100,1.0,False,"{""stuart parker (futbolista)"": 100}"
es,Spanish,entity_or_value,stv,"""STV""",2,12,1,stv,12,1.0,False,"{""stv"": 12}"
es,Spanish,entity_or_value,styria,Styria,2,16,1,estiria,16,1.0,False,"{""estiria"": 16}"
es,Spanish,entity_or_value,subsidiary,Subsidiary,2,20,1,filial,20,1.0,False,"{""filial"": 20}"
es,Spanish,entity_or_value,suburban legends,Suburban_Legends,2,44,1,suburban legends,44,1.0,False,"{""suburban legends"": 44}"
es,Spanish,entity_or_value,sulaiman abdul rahman taib,Sulaiman_Abdul_Rahman_Taib,2,8,1,sulaiman abdul rahman taib,8,1.0,False,"{""sulaiman abdul rahman taib"": 8}"
es,Spanish,entity_or_value,sumac (band),Sumac_(band),2,9,1,sumac (banda),9,1.0,False,"{""sumac (banda)"": 9}"
es,Spanish,entity_or_value,sumatra,Sumatra,2,38,1,sumatra,38,1.0,False,"{""sumatra"": 38}"
es,Spanish,entity_or_value,sumatra and malay peninsula,"""Sumatra and Malay Peninsula""",2,10,1,sumatra y península malaya,10,1.0,False,"{""sumatra y península malaya"": 10}"
es,Spanish,entity_or_value,sumitra mahajan,Sumitra_Mahajan,2,26,1,sumitra mahajan,26,1.0,False,"{""sumitra mahajan"": 26}"
es,Spanish,entity_or_value,"summit county, ohio","Summit_County,_Ohio",2,38,1,"condado de summit, ohio",38,1.0,False,"{""condado de summit, ohio"": 38}"
es,Spanish,entity_or_value,summit media,Summit_Media,2,2,1,cumbre de los medios de comunicación,2,1.0,False,"{""cumbre de los medios de comunicación"": 2}"
es,Spanish,entity_or_value,super capers,Super_Capers,2,168,1,súper alcaparras,168,1.0,False,"{""súper alcaparras"": 168}"
es,Spanish,entity_or_value,superleague greece,Superleague_Greece,2,30,1,superliga grecia,30,1.0,False,"{""superliga grecia"": 30}"
es,Spanish,entity_or_value,supermini,Supermini,2,4,1,supermini,4,1.0,False,"{""supermini"": 4}"
es,Spanish,entity_or_value,susana díaz,Susana_Díaz,2,13,1,susana díaz,13,1.0,False,"{""susana díaz"": 13}"
es,Spanish,entity_or_value,susana mendoza,Susana_Mendoza,2,16,1,susana mendoza,16,1.0,False,"{""susana mendoza"": 16}"
es,Spanish,entity_or_value,suwałki,Suwałki,2,4,1,suwałki,4,1.0,False,"{""suwałki"": 4}"
es,Spanish,entity_or_value,sv babelsberg 03,SV_Babelsberg_03,2,11,1,sv babelsberg 03,11,1.0,False,"{""sv babelsberg 03"": 11}"
es,Spanish,entity_or_value,sv germania schöneiche,SV_Germania_Schöneiche,2,4,1,sv germania schöneiche,4,1.0,False,"{""sv germania schöneiche"": 4}"
es,Spanish,entity_or_value,sv werder bremen,SV_Werder_Bremen,2,42,1,werder bremen,42,1.0,False,"{""werder bremen"": 42}"
es,Spanish,entity_or_value,sv werder bremen ii,SV_Werder_Bremen_II,2,25,1,sv werder bremen ii,25,1.0,False,"{""sv werder bremen ii"": 25}"
es,Spanish,entity_or_value,sweden,Sweden,2,9,1,suecia,9,1.0,False,"{""suecia"": 9}"
es,Spanish,entity_or_value,sweet potato,Sweet_potato,2,80,1,ipomoea batatas,80,1.0,False,"{""ipomoea batatas"": 80}"
es,Spanish,entity_or_value,swiss psalm,Swiss_Psalm,2,12,1,himno de suiza,12,1.0,False,"{""himno de suiza"": 12}"
es,Spanish,entity_or_value,switzerland,Switzerland,2,163,1,suiza,163,1.0,False,"{""suiza"": 163}"
es,Spanish,entity_or_value,"swords, dublin","Swords,_Dublin",2,46,1,"swords, dublín",46,1.0,False,"{""swords, dublín"": 46}"
es,Spanish,entity_or_value,"sycamore, illinois","Sycamore,_Illinois",2,22,1,sycamore,22,1.0,False,"{""sycamore"": 22}"
es,Spanish,entity_or_value,synthesizer,Synthesizer,2,2,1,sintetizador,2,1.0,False,"{""sintetizador"": 2}"
es,Spanish,entity_or_value,synthpop,Synthpop,2,73,1,synthpop,73,1.0,False,"{""synthpop"": 73}"
es,Spanish,entity_or_value,são josé dos pinhais,São_José_dos_Pinhais,2,36,1,são josé dos pinhais,36,1.0,False,"{""são josé dos pinhais"": 36}"
es,Spanish,entity_or_value,são paulo,São_Paulo,2,20,1,são paulo,20,1.0,False,"{""são paulo"": 20}"
es,Spanish,entity_or_value,t&tec sports club,T&TEC_Sports_Club,2,7,1,t&tec sc,7,1.0,False,"{""t&tec sc"": 7}"
es,Spanish,entity_or_value,t. s. thakur,T._S._Thakur,2,37,1,t. s. thakur,37,1.0,False,"{""t. s. thakur"": 37}"
es,Spanish,entity_or_value,tab benoit,Tab_Benoit,2,23,1,tab benoit,23,1.0,False,"{""tab benoit"": 23}"
es,Spanish,entity_or_value,tabaré vázquez,Tabaré_Vázquez,2,18,1,tabaré vázquez,18,1.0,False,"{""tabaré vázquez"": 18}"
es,Spanish,entity_or_value,"tacoma, washington","Tacoma,_Washington",2,2,1,"tacoma, washington",2,1.0,False,"{""tacoma, washington"": 2}"
es,Spanish,entity_or_value,tadao ando,Tadao_Ando,2,2,1,tadao andō,2,1.0,False,"{""tadao andō"": 2}"
es,Spanish,entity_or_value,take it off!,Take_It_Off!,2,13,1,take it off!,13,1.0,False,"{""take it off!"": 13}"
es,Spanish,entity_or_value,tamil language,Tamil_language,2,13,1,tamil,13,1.0,False,"{""tamil"": 13}"
es,Spanish,entity_or_value,"tampere, finland","""Tampere, Finland""",2,11,1,"tampere, finlandia",11,1.0,False,"{""tampere, finlandia"": 11}"
es,Spanish,entity_or_value,tapioca,Tapioca,2,7,1,tapioca,7,1.0,False,"{""tapioca"": 7}"
es,Spanish,entity_or_value,taquirari,Taquirari,2,2,1,taquirari,2,1.0,False,"{""taquirari"": 2}"
es,Spanish,entity_or_value,taro,Taro,2,18,1,taro,18,1.0,False,"{""taro"": 18}"
es,Spanish,entity_or_value,"tarrant county, texas","Tarrant_County,_Texas",2,51,1,"condado de tarrant, texas",51,1.0,False,"{""condado de tarrant, texas"": 51}"
es,Spanish,entity_or_value,tarō asō,Tarō_Asō,2,7,1,tarō asō,7,1.0,False,"{""tarō asō"": 7}"
es,Spanish,entity_or_value,"taylor county, texas","Taylor_County,_Texas",2,23,1,"condado de taylor, texas",23,1.0,False,"{""condado de taylor, texas"": 23}"
es,Spanish,entity_or_value,"technical institute, kaduna","Technical_Institute,_Kaduna",2,7,1,"instituto técnico, kaduna",7,1.0,False,"{""instituto técnico, kaduna"": 7}"
es,Spanish,entity_or_value,ted willis,Ted_Willis,2,9,1,ted willis,9,1.0,False,"{""ted willis"": 9}"
es,Spanish,entity_or_value,tejano,Tejano,2,13,1,tejano,13,1.0,False,"{""tejano"": 13}"
es,Spanish,entity_or_value,telangana,Telangana,2,14,1,telangana,14,1.0,False,"{""telangana"": 14}"
es,Spanish,entity_or_value,television director,Television_director,2,2,1,realizador de televisión,2,1.0,False,"{""realizador de televisión"": 2}"
es,Spanish,entity_or_value,tennessee titans,Tennessee_Titans,2,66,1,tennessee titans,66,1.0,False,"{""tennessee titans"": 66}"
es,Spanish,entity_or_value,tennis,Tennis,2,33,1,tenis,33,1.0,False,"{""tenis"": 33}"
es,Spanish,entity_or_value,terence rattigan,Terence_Rattigan,2,17,1,terence rattigan,17,1.0,False,"{""terence rattigan"": 17}"
es,Spanish,entity_or_value,territorial decoration,Territorial_Decoration,2,4,1,condecoración territorial,4,1.0,False,"{""condecoración territorial"": 4}"
es,Spanish,entity_or_value,test pilot,Test_pilot,2,132,1,piloto de pruebas,132,1.0,False,"{""piloto de pruebas"": 132}"
es,Spanish,entity_or_value,texan,Texan,2,14,1,texano,14,1.0,False,"{""texano"": 14}"
es,Spanish,entity_or_value,texas,Texas,2,419,1,texas,419,1.0,False,"{""texas"": 419}"
es,Spanish,entity_or_value,teşvikiye,Teşvikiye,2,3,1,teşvikiye,3,1.0,False,"{""teşvikiye"": 3}"
es,Spanish,entity_or_value,"thames, new zealand","Thames,_New_Zealand",2,15,1,"thames, nueva zelanda",15,1.0,False,"{""thames, nueva zelanda"": 15}"
es,Spanish,entity_or_value,the arrow (comicscharacter),The_Arrow_(comicsCharacter),2,7,1,the arrow (personaje de cómic),7,1.0,False,"{""the arrow (personaje de cómic)"": 7}"
es,Spanish,entity_or_value,the black eyed peas,The_Black_Eyed_Peas,2,2,1,los black eyed peas,2,1.0,False,"{""los black eyed peas"": 2}"
es,Spanish,entity_or_value,the bodley head,The_Bodley_Head,2,5,1,the bodley head,5,1.0,False,"{""the bodley head"": 5}"
es,Spanish,entity_or_value,the fellowship of the ring,The_Fellowship_of_the_Ring,2,78,1,la comunidad del anillo,78,1.0,False,"{""la comunidad del anillo"": 78}"
es,Spanish,entity_or_value,the fylde,The_Fylde,2,4,1,fylde,4,1.0,False,"{""fylde"": 4}"
es,Spanish,entity_or_value,the grantville gazette,The_Grantville_Gazette,2,3,1,la gaceta de grantville,3,1.0,False,"{""la gaceta de grantville"": 3}"
es,Spanish,entity_or_value,the grantville gazettes,The_Grantville_Gazettes,2,15,1,las gacetas de grantville,15,1.0,False,"{""las gacetas de grantville"": 15}"
es,Spanish,entity_or_value,the green channel,The Green Channel,2,2,1,el canal verde,2,1.0,False,"{""el canal verde"": 2}"
es,Spanish,entity_or_value,the hobbit,The_Hobbit,2,14,1,el hobbit,14,1.0,False,"{""el hobbit"": 14}"
es,Spanish,entity_or_value,the honeymoon killers (american band),The_Honeymoon_Killers_(American_band),2,32,1,the honeymoon killers (banda americana),32,1.0,False,"{""the honeymoon killers (banda americana)"": 32}"
es,Spanish,entity_or_value,the horns of happiness,The_Horns_of_Happiness,2,2,1,the horns of happiness,2,1.0,False,"{""the horns of happiness"": 2}"
es,Spanish,entity_or_value,"the mechanics,","""The Mechanics,""",2,4,1,"la mecánica,",4,1.0,False,"{""la mecánica,"": 4}"
es,Spanish,entity_or_value,the owl service (band),The_Owl_Service_(band),2,3,1,the owl service (banda),3,1.0,False,"{""the owl service (banda)"": 3}"
es,Spanish,entity_or_value,the progressive motion picture company,The_Progressive_Motion_Picture_Company,2,8,1,the progressive motion picture company,8,1.0,False,"{""the progressive motion picture company"": 8}"
es,Spanish,entity_or_value,the secret scripture,The_Secret_Scripture,2,33,1,la escritura secreta,33,1.0,False,"{""la escritura secreta"": 33}"
es,Spanish,entity_or_value,the silmarillion,The_Silmarillion,2,2,1,el silmarillion,2,1.0,False,"{""el silmarillion"": 2}"
es,Spanish,entity_or_value,the star-spangled banner,The_Star-Spangled_Banner,2,20,1,the star-spangled banner,20,1.0,False,"{""the star-spangled banner"": 20}"
es,Spanish,entity_or_value,the two towers,The_Two_Towers,2,21,1,las dos torres,21,1.0,False,"{""las dos torres"": 21}"
es,Spanish,entity_or_value,the velvet underground,The_Velvet_Underground,2,39,1,the velvet underground,39,1.0,False,"{""the velvet underground"": 39}"
es,Spanish,entity_or_value,the violet keystone,The_Violet_Keystone,2,5,1,la llave violeta,5,1.0,False,"{""la llave violeta"": 5}"
es,Spanish,entity_or_value,the wildweeds,The_Wildweeds,2,36,1,las plantas silvestres,36,1.0,False,"{""las plantas silvestres"": 36}"
es,Spanish,entity_or_value,theatre of eternal music,Theatre_of_Eternal_Music,2,2,1,theatre of eternal music,2,1.0,False,"{""theatre of eternal music"": 2}"
es,Spanish,entity_or_value,theresa andersson,Theresa_Andersson,2,4,1,theresa andersson,4,1.0,False,"{""theresa andersson"": 4}"
es,Spanish,entity_or_value,this'll be my year,This'll_Be_My_Year,2,12,1,este será mi año,12,1.0,False,"{""este será mi año"": 12}"
es,Spanish,entity_or_value,thomas doll,Thomas_Doll,2,8,1,thomas doll,8,1.0,False,"{""thomas doll"": 8}"
es,Spanish,entity_or_value,thomas pallesen,"""Thomas Pallesen""",2,12,1,thomas pallesen,12,1.0,False,"{""thomas pallesen"": 12}"
es,Spanish,entity_or_value,thurleigh,Thurleigh,2,36,1,thurleigh,36,1.0,False,"{""thurleigh"": 36}"
es,Spanish,entity_or_value,ticino,Ticino,2,16,1,tesino,16,1.0,False,"{""tesino"": 16}"
es,Spanish,entity_or_value,til death do us part (ep),'Til_Death_Do_Us_Part_(EP),2,2,1,til death do us part,2,1.0,False,"{""til death do us part"": 2}"
es,Spanish,entity_or_value,tim brooke-taylor,Tim_Brooke-Taylor,2,25,1,tim brooke-taylor,25,1.0,False,"{""tim brooke-taylor"": 25}"
es,Spanish,entity_or_value,time warner,Time_Warner,2,2,1,time warner,2,1.0,False,"{""time warner"": 2}"
es,Spanish,entity_or_value,tirstrup,Tirstrup,2,76,1,tirstrup,76,1.0,False,"{""tirstrup"": 76}"
es,Spanish,entity_or_value,tokat,Tokat,2,2,1,tokat,2,1.0,False,"{""tokat"": 2}"
es,Spanish,entity_or_value,tokat province,Tokat_Province,2,2,1,provincia de tokat,2,1.0,False,"{""provincia de tokat"": 2}"
es,Spanish,entity_or_value,"tom lister, jr.","Tom_Lister,_Jr.",2,3,1,"tom lister, jr.",3,1.0,False,"{""tom lister, jr."": 3}"
es,Spanish,entity_or_value,tom lyle,Tom_Lyle,2,9,1,tom lyle,9,1.0,False,"{""tom lyle"": 9}"
es,Spanish,entity_or_value,tom simon,Tom_Simon,2,38,1,tom simon,38,1.0,False,"{""tom simon"": 38}"
es,Spanish,entity_or_value,tom sizemore,Tom_Sizemore,2,23,1,tom sizemore,23,1.0,False,"{""tom sizemore"": 23}"
es,Spanish,entity_or_value,tom tait,Tom_Tait,2,10,1,tom tait,10,1.0,False,"{""tom tait"": 10}"
es,Spanish,entity_or_value,tomato,Tomato,2,42,2,tomate,40,0.9523809523809523,True,"{""solanum lycopersicum"": 2, ""tomate"": 40}"
es,Spanish,entity_or_value,"tomatoes, guanciale, cheese, olive oil","""Tomatoes, guanciale, cheese, olive oil""",2,12,1,"tomates, guanciale, queso, aceite de oliva",12,1.0,False,"{""tomates, guanciale, queso, aceite de oliva"": 12}"
es,Spanish,entity_or_value,"tomatoes, red chili, garlic, olive oil","""Tomatoes, red chili, garlic, olive oil""",2,7,1,"tomates, chile rojo, ajo, aceite de oliva",7,1.0,False,"{""tomates, chile rojo, ajo, aceite de oliva"": 7}"
es,Spanish,entity_or_value,"tony hall, baron hall of birkenhead","Tony_Hall,_Baron_Hall_of_Birkenhead",2,3,1,"tony hall, barón hall de birkenhead",3,1.0,False,"{""tony hall, barón hall de birkenhead"": 3}"
es,Spanish,entity_or_value,tony tan,Tony_Tan,2,26,1,tony tan keng yam,26,1.0,False,"{""tony tan keng yam"": 26}"
es,Spanish,entity_or_value,tor books,Tor_Books,2,4,1,tor books,4,1.0,False,"{""tor books"": 4}"
es,Spanish,entity_or_value,torino f.c.,Torino_F.C.,2,11,1,torino f.c.,11,1.0,False,"{""torino f.c."": 11}"
es,Spanish,entity_or_value,tractor sazi f.c.,Tractor_Sazi_F.C.,2,3,1,tractor sazi f.c.,3,1.0,False,"{""tractor sazi f.c."": 3}"
es,Spanish,entity_or_value,train (band),Train_(band),2,21,1,train (banda),21,1.0,False,"{""train (banda)"": 21}"
es,Spanish,entity_or_value,trance music,Trance_music,2,69,1,música trance,69,1.0,False,"{""música trance"": 69}"
es,Spanish,entity_or_value,trane,Trane,2,289,1,trane,289,1.0,False,"{""trane"": 289}"
es,Spanish,entity_or_value,tranmere rovers f.c.,Tranmere_Rovers_F.C.,2,5,1,tranmere rovers football club,5,1.0,False,"{""tranmere rovers football club"": 5}"
es,Spanish,entity_or_value,"travis county, texas","Travis_County,_Texas",2,8,1,"condado de travis, texas",8,1.0,False,"{""condado de travis, texas"": 8}"
es,Spanish,entity_or_value,"trenton, new jersey","Trenton,_New_Jersey",2,9,1,trenton,9,1.0,False,"{""trenton"": 9}"
es,Spanish,entity_or_value,trinidad and tobago national football team,Trinidad_and_Tobago_national_football_team,2,2,1,selección de fútbol de trinidad y tobago,2,1.0,False,"{""selección de fútbol de trinidad y tobago"": 2}"
es,Spanish,entity_or_value,trinidad and tobago national under-17 football team,Trinidad_and_Tobago_national_under-17_football_team,2,3,1,selección de fútbol sub-17 de trinidad y tobago,3,1.0,False,"{""selección de fútbol sub-17 de trinidad y tobago"": 3}"
es,Spanish,entity_or_value,trinidad and tobago national under-20 football team,Trinidad_and_Tobago_national_under-20_football_team,2,3,1,selección de fútbol sub-20 de trinidad y tobago,3,1.0,False,"{""selección de fútbol sub-20 de trinidad y tobago"": 3}"
es,Spanish,entity_or_value,tuanku bujang tuanku othman,Tuanku_Bujang_Tuanku_Othman,2,7,1,tuanku bujang tuanku othman,7,1.0,False,"{""tuanku bujang tuanku othman"": 7}"
es,Spanish,entity_or_value,tudor and jacabian,"""Tudor and Jacabian""",2,12,1,tudor y jacabian,12,1.0,False,"{""tudor y jacabian"": 12}"
es,Spanish,entity_or_value,tudor revival architecture,Tudor_Revival_architecture,2,9,1,arquitectura neo-tudor,9,1.0,False,"{""arquitectura neo-tudor"": 9}"
es,Spanish,entity_or_value,turin,Turin,2,13,1,turín,13,1.0,False,"{""turín"": 13}"
es,Spanish,entity_or_value,turk,Turk,2,2,1,turk,2,1.0,False,"{""turk"": 2}"
es,Spanish,entity_or_value,turkey,Turkey,2,246,1,turquía,246,1.0,False,"{""turquía"": 246}"
es,Spanish,entity_or_value,turkish basketball super league,Turkish_Basketball_Super_League,2,6,1,superliga turca de baloncesto,6,1.0,False,"{""superliga turca de baloncesto"": 6}"
es,Spanish,entity_or_value,turkish language,Turkish_language,2,6,1,turco,6,1.0,False,"{""turco"": 6}"
es,Spanish,entity_or_value,turkish lira,Turkish_lira,2,20,1,lira turca,20,1.0,False,"{""lira turca"": 20}"
es,Spanish,entity_or_value,turkish people,Turkish_people,2,18,1,pueblo turco,18,1.0,False,"{""pueblo turco"": 18}"
es,Spanish,entity_or_value,turkmenabat airport,Turkmenabat_Airport,2,6,1,aeropuerto de turkmenabat,6,1.0,False,"{""aeropuerto de turkmenabat"": 6}"
es,Spanish,entity_or_value,turkmenbashi international airport,Turkmenbashi_International_Airport,2,6,1,aeropuerto internacional de turkmenbashi,6,1.0,False,"{""aeropuerto internacional de turkmenbashi"": 6}"
es,Spanish,entity_or_value,turkmenistan,Turkmenistan,2,10,1,turkmenistán,10,1.0,False,"{""turkmenistán"": 10}"
es,Spanish,entity_or_value,turkmenistan airlines,Turkmenistan_Airlines,2,59,1,turkmenistan airlines,59,1.0,False,"{""turkmenistan airlines"": 59}"
es,Spanish,entity_or_value,turn me on (album),Turn_Me_On_(album),2,100,1,turn me on (álbum),100,1.0,False,"{""turn me on (álbum)"": 100}"
es,Spanish,entity_or_value,twilight (band),Twilight_(band),2,80,1,twilight (banda),80,1.0,False,"{""twilight (banda)"": 80}"
es,Spanish,entity_or_value,two door coupé,"""Two door coupé""",2,12,1,coupé de dos puertas,12,1.0,False,"{""coupé de dos puertas"": 12}"
es,Spanish,entity_or_value,tyrol (state),Tyrol_(state),2,18,1,tirol (estado),18,1.0,False,"{""tirol (estado)"": 18}"
es,Spanish,entity_or_value,türk şehitleri anıtı,"""Türk Şehitleri Anıtı""",2,22,1,türk şehitleri anıtı,22,1.0,False,"{""türk şehitleri anıtı"": 22}"
es,Spanish,entity_or_value,u.c. sampdoria,U.C._Sampdoria,2,25,1,u.c. sampdoria,25,1.0,False,"{""u.c. sampdoria"": 25}"
es,Spanish,entity_or_value,u.s. castrovillari calcio,U.S._Castrovillari_Calcio,2,5,1,u.s. castrovillari calcio,5,1.0,False,"{""u.s. castrovillari calcio"": 5}"
es,Spanish,entity_or_value,u.s. città di palermo,U.S._Città_di_Palermo,2,41,1,u.s. città di palermo,41,1.0,False,"{""u.s. città di palermo"": 41}"
es,Spanish,entity_or_value,u.s. route 83,U.S._Route_83,2,7,1,u.s. route 83,7,1.0,False,"{""u.s. route 83"": 7}"
es,Spanish,entity_or_value,uab,Uab,2,7,1,uab,7,1.0,False,"{""uab"": 7}"
es,Spanish,entity_or_value,udinese calcio,Udinese_Calcio,2,4,1,udinese calcio,4,1.0,False,"{""udinese calcio"": 4}"
es,Spanish,entity_or_value,ukraine,Ukraine,2,2,1,ucrania,2,1.0,False,"{""ucrania"": 2}"
es,Spanish,entity_or_value,union army,Union_Army,2,2,1,ejército de la unión,2,1.0,False,"{""ejército de la unión"": 2}"
es,Spanish,entity_or_value,"union township, madison county, indiana","Union_Township,_Madison_County,_Indiana",2,12,1,"municipio de union, condado de madison, indiana",12,1.0,False,"{""municipio de union, condado de madison, indiana"": 12}"
es,Spanish,entity_or_value,unione triestina 2012 s.s.d.,Unione_Triestina_2012_S.S.D.,2,4,1,unione triestina 2012 s.s.d.,4,1.0,False,"{""unione triestina 2012 s.s.d."": 4}"
es,Spanish,entity_or_value,unitary state,Unitary_state,2,8,1,estado unitario,8,1.0,False,"{""estado unitario"": 8}"
es,Spanish,entity_or_value,united bible studies,United_Bible_Studies,2,7,1,estudios bíblicos unidos,7,1.0,False,"{""estudios bíblicos unidos"": 7}"
es,Spanish,entity_or_value,united kingdom,United_Kingdom,2,324,1,reino unido,324,1.0,False,"{""reino unido"": 324}"
es,Spanish,entity_or_value,united launch alliance,United_Launch_Alliance,2,4,1,united launch alliance,4,1.0,False,"{""united launch alliance"": 4}"
es,Spanish,entity_or_value,united petrotrin f.c.,United_Petrotrin_F.C.,2,40,1,united petrotrin,40,1.0,False,"{""united petrotrin"": 40}"
es,Spanish,entity_or_value,united states,United_States,2,4146,1,estados unidos,4146,1.0,False,"{""estados unidos"": 4146}"
es,Spanish,entity_or_value,united states air force,United_States_Air_Force,2,244,1,fuerza aérea de los estados unidos,244,1.0,False,"{""fuerza aérea de los estados unidos"": 244}"
es,Spanish,entity_or_value,united states ambassador to norway,United_States_Ambassador_to_Norway,2,3,1,embajador de estados unidos en noruega,3,1.0,False,"{""embajador de estados unidos en noruega"": 3}"
es,Spanish,entity_or_value,united states army,United_States_Army,2,62,1,ejército de los estados unidos,62,1.0,False,"{""ejército de los estados unidos"": 62}"
es,Spanish,entity_or_value,united states capitol,United_States_Capitol,2,7,1,capitolio de los estados unidos,7,1.0,False,"{""capitolio de los estados unidos"": 7}"
es,Spanish,entity_or_value,united states congress,United_States_Congress,2,13,1,congreso de los estados unidos,13,1.0,False,"{""congreso de los estados unidos"": 13}"
es,Spanish,entity_or_value,united states house of representatives,United_States_House_of_Representatives,2,90,1,cámara de representantes de los estados unidos,90,1.0,False,"{""cámara de representantes de los estados unidos"": 90}"
es,Spanish,entity_or_value,united states invasion of panama,United_States_invasion_of_Panama,2,16,1,invasión estadounidense de panamá,16,1.0,False,"{""invasión estadounidense de panamá"": 16}"
es,Spanish,entity_or_value,united states of america,United States of America,2,3,1,estados unidos de américa,3,1.0,False,"{""estados unidos de américa"": 3}"
es,Spanish,entity_or_value,"united states secretary of health, education, and welfare","""United States Secretary of Health, Education, and Welfare""",2,25,1,"secretario de sanidad, educación y bienestar social de estados unidos",25,1.0,False,"{""secretario de sanidad, educación y bienestar social de estados unidos"": 25}"
es,Spanish,entity_or_value,universal music group,Universal_Music_Group,2,21,1,universal music group,21,1.0,False,"{""universal music group"": 21}"
es,Spanish,entity_or_value,universal records (defunct record label),Universal_Records_(defunct_record_label),2,4,1,universal records (discográfica desaparecida),4,1.0,False,"{""universal records (discográfica desaparecida)"": 4}"
es,Spanish,entity_or_value,universitas aarhusiensis,"""Universitas Aarhusiensis""",2,9,1,universitas aarhusiensis,9,1.0,False,"{""universitas aarhusiensis"": 9}"
es,Spanish,entity_or_value,universitas apulensis,"""Universitas Apulensis""",2,11,1,universitas apulensis,11,1.0,False,"{""universitas apulensis"": 11}"
es,Spanish,entity_or_value,university of adelaide,University_of_Adelaide,2,12,1,universidad de adelaida,12,1.0,False,"{""universidad de adelaida"": 12}"
es,Spanish,entity_or_value,university of burgundy,University_of_Burgundy,2,121,1,universidad de borgoña,121,1.0,False,"{""universidad de borgoña"": 121}"
es,Spanish,entity_or_value,university of cambridge,University_of_Cambridge,2,22,1,universidad de cambridge,22,1.0,False,"{""universidad de cambridge"": 22}"
es,Spanish,entity_or_value,university of göttingen,University_of_Göttingen,2,34,1,universidad de gotinga,34,1.0,False,"{""universidad de gotinga"": 34}"
es,Spanish,entity_or_value,university of michigan,University_of_Michigan,2,32,1,universidad de míchigan,32,1.0,False,"{""universidad de míchigan"": 32}"
es,Spanish,entity_or_value,university of north carolina at chapel hill,University_of_North_Carolina_at_Chapel_Hill,2,6,1,universidad de carolina del norte en chapel hill,6,1.0,False,"{""universidad de carolina del norte en chapel hill"": 6}"
es,Spanish,entity_or_value,university of santiago de compostela,University_of_Santiago_de_Compostela,2,2,1,universidad de santiago de compostela,2,1.0,False,"{""universidad de santiago de compostela"": 2}"
es,Spanish,entity_or_value,university of texas at austin,University_of_Texas_at_Austin,2,196,1,universidad de texas en austin,196,1.0,False,"{""universidad de texas en austin"": 196}"
es,Spanish,entity_or_value,university of texas system,University_of_Texas_System,2,48,1,sistema universitario de texas,48,1.0,False,"{""sistema universitario de texas"": 48}"
es,Spanish,entity_or_value,university of vienna,University_of_Vienna,2,2,1,universidad de viena,2,1.0,False,"{""universidad de viena"": 2}"
es,Spanish,entity_or_value,uruguay,Uruguay,2,90,1,uruguay,90,1.0,False,"{""uruguay"": 90}"
es,Spanish,entity_or_value,uruguay national football team,Uruguay_national_football_team,2,8,1,selección de fútbol de uruguay,8,1.0,False,"{""selección de fútbol de uruguay"": 8}"
es,Spanish,entity_or_value,uruguay national under-20 football team,Uruguay_national_under-20_football_team,2,2,1,selección de fútbol sub-20 de uruguay,2,1.0,False,"{""selección de fútbol sub-20 de uruguay"": 2}"
es,Spanish,entity_or_value,uruguay olympic football team,Uruguay_Olympic_football_team,2,6,1,selección olímpica de fútbol de uruguay,6,1.0,False,"{""selección olímpica de fútbol de uruguay"": 6}"
es,Spanish,entity_or_value,uruguayan peso,Uruguayan_peso,2,4,1,peso uruguayo,4,1.0,False,"{""peso uruguayo"": 4}"
es,Spanish,entity_or_value,uruguayan primera división,Uruguayan_Primera_División,2,9,1,primera division uruguay,9,1.0,False,"{""primera division uruguay"": 9}"
es,Spanish,entity_or_value,uruguayan segunda división,Uruguayan_Segunda_División,2,7,1,segunda división profesional de uruguay,7,1.0,False,"{""segunda división profesional de uruguay"": 7}"
es,Spanish,entity_or_value,uruguayans,Uruguayans,2,6,1,uruguayos,6,1.0,False,"{""uruguayos"": 6}"
es,Spanish,entity_or_value,us boulogne,US_Boulogne,2,3,1,union sportive de boulogne,3,1.0,False,"{""union sportive de boulogne"": 3}"
es,Spanish,entity_or_value,usa,"""USA""",2,3,1,ee.uu.,3,1.0,False,"{""ee.uu."": 3}"
es,Spanish,entity_or_value,"ut austin, b.s. 1955","""UT Austin, B.S. 1955""",2,40,1,"ut austin, b.s. 1955",40,1.0,False,"{""ut austin, b.s. 1955"": 40}"
es,Spanish,entity_or_value,uttar pradesh,Uttar_Pradesh,2,99,1,uttar pradesh,99,1.0,False,"{""uttar pradesh"": 99}"
es,Spanish,entity_or_value,v12 engine,V12_engine,2,27,1,v12,27,1.0,False,"{""v12"": 27}"
es,Spanish,entity_or_value,v6 engine,V6_engine,2,19,1,motor v6,19,1.0,False,"{""motor v6"": 19}"
es,Spanish,entity_or_value,v8 engine,V8_engine,2,18,1,motor v8,18,1.0,False,"{""motor v8"": 18}"
es,Spanish,entity_or_value,vajubhai vala,Vajubhai_Vala,2,10,1,vajubhai vala,10,1.0,False,"{""vajubhai vala"": 10}"
es,Spanish,entity_or_value,valencian community,Valencian_Community,2,31,1,comunidad valenciana,31,1.0,False,"{""comunidad valenciana"": 31}"
es,Spanish,entity_or_value,valentina matviyenko,Valentina_Matviyenko,2,3,1,valentina matviyenko,3,1.0,False,"{""valentina matviyenko"": 3}"
es,Spanish,entity_or_value,valery petrakov,Valery_Petrakov,2,15,1,valeriy petrakov,15,1.0,False,"{""valeriy petrakov"": 15}"
es,Spanish,entity_or_value,vam classic,"""VAM Classic""",2,9,1,vam clásico,9,1.0,False,"{""vam clásico"": 9}"
es,Spanish,entity_or_value,vandenberg afb space launch complex 2,Vandenberg_AFB_Space_Launch_Complex_2,2,4,1,complejo de lanzamiento espacial 2 de la base aérea de vandenberg,4,1.0,False,"{""complejo de lanzamiento espacial 2 de la base aérea de vandenberg"": 4}"
es,Spanish,entity_or_value,vandenberg afb space launch complex 3,Vandenberg_AFB_Space_Launch_Complex_3,2,10,1,complejo de lanzamiento espacial 3 de la base aérea de vandenberg,10,1.0,False,"{""complejo de lanzamiento espacial 3 de la base aérea de vandenberg"": 10}"
es,Spanish,entity_or_value,vandenberg air force base,Vandenberg_Air_Force_Base,2,29,1,base de las fuerzas aéreas vandenberg,29,1.0,False,"{""base de las fuerzas aéreas vandenberg"": 29}"
es,Spanish,entity_or_value,varese calcio s.s.d.,Varese_Calcio_S.S.D.,2,4,1,varese calcio s.s.d.,4,1.0,False,"{""varese calcio s.s.d."": 4}"
es,Spanish,entity_or_value,vegetable,Vegetable,2,17,1,verdura,17,1.0,False,"{""verdura"": 17}"
es,Spanish,entity_or_value,veikkausliiga,Veikkausliiga,2,2,1,veikkausliiga,2,1.0,False,"{""veikkausliiga"": 2}"
es,Spanish,entity_or_value,vermicelli,Vermicelli,2,4,1,vermicelli,4,1.0,False,"{""vermicelli"": 4}"
es,Spanish,entity_or_value,vermont,Vermont,2,61,1,vermont,61,1.0,False,"{""vermont"": 61}"
es,Spanish,entity_or_value,vermont's 3rd congressional district,Vermont's_3rd_congressional_district,2,23,1,3er distrito electoral de vermont,23,1.0,False,"{""3er distrito electoral de vermont"": 23}"
es,Spanish,entity_or_value,verona,Verona,2,7,1,verona,7,1.0,False,"{""verona"": 7}"
es,Spanish,entity_or_value,"verona, italy","""Verona, Italy""",2,6,1,"verona, italia",6,1.0,False,"{""verona, italia"": 6}"
es,Spanish,entity_or_value,vfl wolfsburg,VfL_Wolfsburg,2,37,1,vfl wolfsburgo,37,1.0,False,"{""vfl wolfsburgo"": 37}"
es,Spanish,entity_or_value,viag,"""VIAG""",2,17,1,viag,17,1.0,False,"{""viag"": 17}"
es,Spanish,entity_or_value,vica,Vica,2,6,1,vica,6,1.0,False,"{""vica"": 6}"
es,Spanish,entity_or_value,vice president,"""Vice President""",2,8,1,vicepresidente,8,1.0,False,"{""vicepresidente"": 8}"
es,Spanish,entity_or_value,vice-president of new democracy,"""Vice-President of New Democracy""",2,2,1,vicepresidente de nueva democracia,2,1.0,False,"{""vicepresidente de nueva democracia"": 2}"
es,Spanish,entity_or_value,vicenza calcio,Vicenza_Calcio,2,9,1,vicenza calcio,9,1.0,False,"{""vicenza calcio"": 9}"
es,Spanish,entity_or_value,vietnamese language,Vietnamese_language,2,7,1,vietnamita,7,1.0,False,"{""vietnamita"": 7}"
es,Spanish,entity_or_value,vietnamese people in japan,Vietnamese_people_in_Japan,2,8,1,vietnamitas en japón,8,1.0,False,"{""vietnamitas en japón"": 8}"
es,Spanish,entity_or_value,vigor lamezia,Vigor_Lamezia,2,4,1,vigor lamezia,4,1.0,False,"{""vigor lamezia"": 4}"
es,Spanish,entity_or_value,viking press,Viking_Press,2,36,1,viking press,36,1.0,False,"{""viking press"": 36}"
es,Spanish,entity_or_value,viktor skrypnyk,Viktor_Skrypnyk,2,10,1,viktor skrypnyk,10,1.0,False,"{""viktor skrypnyk"": 10}"
es,Spanish,entity_or_value,vila nova futebol clube,Vila_Nova_Futebol_Clube,2,37,1,vila nova futebol clube,37,1.0,False,"{""vila nova futebol clube"": 37}"
es,Spanish,entity_or_value,"vincent h. crespi, bernard s. gerstman, a.t. charlie johnson, masaaki tanaka, enge g. wang","""Vincent H. Crespi, Bernard S. Gerstman, A.T. Charlie Johnson, Masaaki Tanaka, Enge G. Wang""",2,2,1,"vincent h. crespi, bernard s. gerstman, a.t. charlie johnson, masaaki tanaka, enge g. wang",2,1.0,False,"{""vincent h. crespi, bernard s. gerstman, a.t. charlie johnson, masaaki tanaka, enge g. wang"": 2}"
es,Spanish,entity_or_value,virginia,Virginia,2,45,1,virginia,45,1.0,False,"{""virginia"": 45}"
es,Spanish,entity_or_value,virginia demarce,Virginia_DeMarce,2,13,1,virginia easley demarce,13,1.0,False,"{""virginia easley demarce"": 13}"
es,Spanish,entity_or_value,virginia demarce and eric flint,"""Virginia DeMarce and Eric Flint""",2,22,1,virginia demarce y eric flint,22,1.0,False,"{""virginia demarce y eric flint"": 22}"
es,Spanish,entity_or_value,virtus entella,Virtus_Entella,2,6,1,virtus entella,6,1.0,False,"{""virtus entella"": 6}"
es,Spanish,entity_or_value,virtuti militari,Virtuti_Militari,2,5,1,orden virtuti militari,5,1.0,False,"{""orden virtuti militari"": 5}"
es,Spanish,entity_or_value,visayas,Visayas,2,17,1,bisayas,17,1.0,False,"{""bisayas"": 17}"
es,Spanish,entity_or_value,visvesvaraya technological university,Visvesvaraya_Technological_University,2,153,1,universidad tecnológica visvesvaraya,153,1.0,False,"{""universidad tecnológica visvesvaraya"": 153}"
es,Spanish,entity_or_value,vitesse arnhem,Vitesse_Arnhem,2,9,1,vitesse arnhem,9,1.0,False,"{""vitesse arnhem"": 9}"
es,Spanish,entity_or_value,vladimir putin,Vladimir_Putin,2,4,1,vladímir putin,4,1.0,False,"{""vladímir putin"": 4}"
es,Spanish,entity_or_value,voice of the wetlands all-stars,Voice_of_the_Wetlands_All-Stars,2,13,1,la voz de las estrellas de los humedales,13,1.0,False,"{""la voz de las estrellas de los humedales"": 13}"
es,Spanish,entity_or_value,"voice, bodhrán, percussion, autoharp","""Voice, bodhrán, percussion, autoharp""",2,2,1,"voz, bodhrán, percusión, autoarpa",2,1.0,False,"{""voz, bodhrán, percusión, autoarpa"": 2}"
es,Spanish,entity_or_value,volkswagen polo,Volkswagen_Polo,2,4,1,volkswagen polo,4,1.0,False,"{""volkswagen polo"": 4}"
es,Spanish,entity_or_value,volkswagen polo mk3,Volkswagen_Polo_Mk3,2,2,1,volkswagen polo mk3,2,1.0,False,"{""volkswagen polo mk3"": 2}"
es,Spanish,entity_or_value,w connection f.c.,W_Connection_F.C.,2,2,1,w connection f.c.,2,1.0,False,"{""w connection f.c."": 2}"
es,Spanish,entity_or_value,walt disney studios motion pictures,Walt_Disney_Studios_Motion_Pictures,2,7,1,walt disney studios motion pictures,7,1.0,False,"{""walt disney studios motion pictures"": 7}"
es,Spanish,entity_or_value,walt simonson,Walt_Simonson,2,7,1,walter simonson (es un zombi),7,1.0,False,"{""walter simonson (es un zombi)"": 7}"
es,Spanish,entity_or_value,walter baade,Walter_Baade,2,160,1,walter baade,160,1.0,False,"{""walter baade"": 160}"
es,Spanish,entity_or_value,warm (freshly baked) or cold,"""Warm (freshly baked) or cold""",2,15,1,caliente (recién horneado) o frío,15,1.0,False,"{""caliente (recién horneado) o frío"": 15}"
es,Spanish,entity_or_value,warm or cold,"""Warm or cold""",2,4,1,caliente o frío,4,1.0,False,"{""caliente o frío"": 4}"
es,Spanish,entity_or_value,warner music group,Warner_Music_Group,2,4,1,warner music group,4,1.0,False,"{""warner music group"": 4}"
es,Spanish,entity_or_value,warsaw,Warsaw,2,3,1,varsovia,3,1.0,False,"{""varsovia"": 3}"
es,Spanish,entity_or_value,"warton, fylde","Warton,_Fylde",2,3,1,"warton, fylde",3,1.0,False,"{""warton, fylde"": 3}"
es,Spanish,entity_or_value,"warton, fylde, lancashire","""Warton, Fylde, Lancashire""",2,3,1,"warton, fylde, lancashire",3,1.0,False,"{""warton, fylde, lancashire"": 3}"
es,Spanish,entity_or_value,washington (state),Washington_(state),2,53,1,washington,53,1.0,False,"{""washington"": 53}"
es,Spanish,entity_or_value,"washington, d.c.","Washington,_D.C.",2,383,1,washington d. c.,383,1.0,False,"{""washington d. c."": 383}"
es,Spanish,entity_or_value,"washtenaw county, michigan","Washtenaw_County,_Michigan",2,25,1,"condado de washtenaw, michigan",25,1.0,False,"{""condado de washtenaw, michigan"": 25}"
es,Spanish,entity_or_value,water,Water,2,8,1,agua,8,1.0,False,"{""agua"": 8}"
es,Spanish,entity_or_value,"wayne county, michigan","Wayne_County,_Michigan",2,2,1,condado de wayne,2,1.0,False,"{""condado de wayne"": 2}"
es,Spanish,entity_or_value,wee giant,Wee_Giant,2,4,1,wee giant,4,1.0,False,"{""wee giant"": 4}"
es,Spanish,entity_or_value,wellington,Wellington,2,2,1,wellington,2,1.0,False,"{""wellington"": 2}"
es,Spanish,entity_or_value,west germany,West_Germany,2,23,1,alemania occidental,23,1.0,False,"{""alemania occidental"": 23}"
es,Spanish,entity_or_value,west roxbury,West_Roxbury,2,6,1,west roxbury,6,1.0,False,"{""west roxbury"": 6}"
es,Spanish,entity_or_value,"westminster hospital, london","""Westminster Hospital, London""",2,3,1,"hospital de westminster, londres",3,1.0,False,"{""hospital de westminster, londres"": 3}"
es,Spanish,entity_or_value,weymouth sands,Weymouth_Sands,2,33,1,arenas de weymouth,33,1.0,False,"{""arenas de weymouth"": 33}"
es,Spanish,entity_or_value,wharton tiers,Wharton_Tiers,2,11,1,wharton tiers,11,1.0,False,"{""wharton tiers"": 11}"
es,Spanish,entity_or_value,wheel horse,Wheel_Horse,2,6,1,wheel horse,6,1.0,False,"{""wheel horse"": 6}"
es,Spanish,entity_or_value,"wheeler, texas","Wheeler,_Texas",2,66,1,"wheeler, texas",66,1.0,False,"{""wheeler, texas"": 66}"
es,Spanish,entity_or_value,whig party (united states),Whig_Party_(United_States),2,31,1,partido whig (estados unidos),31,1.0,False,"{""partido whig (estados unidos)"": 31}"
es,Spanish,entity_or_value,whiskey rebellion,Whiskey_Rebellion,2,6,1,rebelión del whisky,6,1.0,False,"{""rebelión del whisky"": 6}"
es,Spanish,entity_or_value,white american,White_American,2,5,1,blanco americano,5,1.0,False,"{""blanco americano"": 5}"
es,Spanish,entity_or_value,white americans,White_Americans,2,45,1,blanco estadounidense,45,1.0,False,"{""blanco estadounidense"": 45}"
es,Spanish,entity_or_value,white people,White_people,2,12,1,gente blanca,12,1.0,False,"{""gente blanca"": 12}"
es,Spanish,entity_or_value,white rice,White_rice,2,4,1,arroz blanco,4,1.0,False,"{""arroz blanco"": 4}"
es,Spanish,entity_or_value,"white rice, cuttlefish or squid, cephalopod ink, cubanelle peppers","""White rice, cuttlefish or squid, cephalopod ink, cubanelle peppers""",2,9,1,"arroz blanco, sepia o calamar, tinta de cefalópodo, pimientos cubanelle",9,1.0,False,"{""arroz blanco, sepia o calamar, tinta de cefalópodo, pimientos cubanelle"": 9}"
es,Spanish,entity_or_value,white south african,White_South_African,2,10,1,blanco sudafricano,10,1.0,False,"{""blanco sudafricano"": 10}"
es,Spanish,entity_or_value,wichita thunder,Wichita_Thunder,2,15,1,trueno de wichita,15,1.0,False,"{""trueno de wichita"": 15}"
es,Spanish,entity_or_value,wiley-blackwell,Wiley-Blackwell,2,16,1,wiley-blackwell,16,1.0,False,"{""wiley-blackwell"": 16}"
es,Spanish,entity_or_value,wiley-blackwell on behalf of the society for the study of addiction,"""Wiley-Blackwell on behalf of the Society for the Study of Addiction""",2,4,1,wiley-blackwell en nombre de la sociedad para el estudio de la adicción,4,1.0,False,"{""wiley-blackwell en nombre de la sociedad para el estudio de la adicción"": 4}"
es,Spanish,entity_or_value,"wilfred r. cousins, jr.","Wilfred_R._Cousins,_Jr.",2,5,1,"wilfred r. cousins, jr.",5,1.0,False,"{""wilfred r. cousins, jr."": 5}"
es,Spanish,entity_or_value,william anders,William_Anders,2,372,1,william anders,372,1.0,False,"{""william anders"": 372}"
es,Spanish,entity_or_value,william m. o. dawson,William_M._O._Dawson,2,69,1,william m. o. dawson,69,1.0,False,"{""william m. o. dawson"": 69}"
es,Spanish,entity_or_value,"williamsburg, virginia","Williamsburg,_Virginia",2,15,1,"williamsburg, virginia",15,1.0,False,"{""williamsburg, virginia"": 15}"
es,Spanish,entity_or_value,"williamson county, texas","Williamson_County,_Texas",2,31,1,"condado de williamson, texas",31,1.0,False,"{""condado de williamson, texas"": 31}"
es,Spanish,entity_or_value,"wilson township, alpena county, michigan","Wilson_Township,_Alpena_County,_Michigan",2,26,1,"municipio de wilson, condado de alpena, michigan",26,1.0,False,"{""municipio de wilson, condado de alpena, michigan"": 26}"
es,Spanish,entity_or_value,winchester,Winchester,2,2,1,winchester,2,1.0,False,"{""winchester"": 2}"
es,Spanish,entity_or_value,"windsor, connecticut","Windsor,_Connecticut",2,6,1,"windsor, connecticut",6,1.0,False,"{""windsor, connecticut"": 6}"
es,Spanish,entity_or_value,"windsor, connecticut, united states","""Windsor, Connecticut, United States""",2,3,1,"windsor, connecticut, estados unidos",3,1.0,False,"{""windsor, connecticut, estados unidos"": 3}"
es,Spanish,entity_or_value,wisconsin,Wisconsin,2,3,1,wisconsin,3,1.0,False,"{""wisconsin"": 3}"
es,Spanish,entity_or_value,wizards at war,Wizards_at_War,2,5,1,hechiceros en guerra,5,1.0,False,"{""hechiceros en guerra"": 5}"
es,Spanish,entity_or_value,wolf solent,Wolf_Solent,2,21,1,lobo solent,21,1.0,False,"{""lobo solent"": 21}"
es,Spanish,entity_or_value,wolters kluwer,Wolters_Kluwer,2,12,1,wolters kluwer,12,1.0,False,"{""wolters kluwer"": 12}"
es,Spanish,entity_or_value,world war i,World_War_I,2,11,1,primera guerra mundial,11,1.0,False,"{""primera guerra mundial"": 11}"
es,Spanish,entity_or_value,world war ii,World_War_II,2,62,1,segunda guerra mundial,62,1.0,False,"{""segunda guerra mundial"": 62}"
es,Spanish,entity_or_value,world wide web,World_Wide_Web,2,24,1,world wide web,24,1.0,False,"{""world wide web"": 24}"
es,Spanish,entity_or_value,wrecked,"""Wrecked""",2,6,1,wrecked,6,1.0,False,"{""wrecked"": 6}"
es,Spanish,entity_or_value,wärtsilä,Wärtsilä,2,4,1,wärtsilä,4,1.0,False,"{""wärtsilä"": 4}"
es,Spanish,entity_or_value,xiangyang,Xiangyang,2,3,1,xiangyang,3,1.0,False,"{""xiangyang"": 3}"
es,Spanish,entity_or_value,ximo puig,Ximo_Puig,2,9,1,ximo puig,9,1.0,False,"{""ximo puig"": 9}"
es,Spanish,entity_or_value,xm25 cdte,XM25_CDTE,2,2,1,xm25 cdte,2,1.0,False,"{""xm25 cdte"": 2}"
es,Spanish,entity_or_value,yamandú palacios,Yamandú_Palacios,2,2,1,yamandú palacios,2,1.0,False,"{""yamandú palacios"": 2}"
es,Spanish,entity_or_value,year of no light,Year_of_No_Light,2,37,1,year of no light,37,1.0,False,"{""year of no light"": 37}"
es,Spanish,entity_or_value,yemi osinbajo,Yemi_Osinbajo,2,2,1,yemi osinbajo,2,1.0,False,"{""yemi osinbajo"": 2}"
es,Spanish,entity_or_value,yugoslavia,Yugoslavia,2,2,1,yugoslavia,2,1.0,False,"{""yugoslavia"": 2}"
es,Spanish,entity_or_value,yuzhnoye design office,Yuzhnoye_Design_Office,2,25,1,oficina de diseño yuzhnoye,25,1.0,False,"{""oficina de diseño yuzhnoye"": 25}"
es,Spanish,entity_or_value,zamba (artform),Zamba_(artform),2,6,1,zamba (forma de arte),6,1.0,False,"{""zamba (forma de arte)"": 6}"
es,Spanish,entity_or_value,zamboangans,Zamboangans,2,19,1,zamboangans,19,1.0,False,"{""zamboangans"": 19}"
es,Spanish,entity_or_value,zaoyang,Zaoyang,2,26,1,zaoyang,26,1.0,False,"{""zaoyang"": 26}"
es,Spanish,entity_or_value,~500,"""~500""",2,5,1,~500,5,1.0,False,"{""~500"": 5}"
es,Spanish,entity_or_value,"æthelwald, ealdorman of east anglia","Æthelwald,_Ealdorman_of_East_Anglia",2,16,1,"æthelwald, ealdorman de anglia oriental",16,1.0,False,"{""æthelwald, ealdorman de anglia oriental"": 16}"
es,Spanish,entity_or_value,ícolo e bengo,Ícolo_e_Bengo,2,58,1,icolo y bengo,58,1.0,False,"{""icolo y bengo"": 58}"
es,Spanish,entity_or_value,žan tabak,Žan_Tabak,2,3,1,žan tabak,3,1.0,False,"{""žan tabak"": 3}"
es,Spanish,entity_or_value,−6,−6,2,21,1,-6,21,1.0,False,"{""-6"": 21}"
es,Spanish,entity_or_value,−7,&minus;7,2,2,1,−7,2,1.0,False,"{""−7"": 2}"
es,Spanish,predicate,1strunwaylengthfeet,1stRunwayLengthFeet,2,11,1,longitudde1apistaenpies,11,1.0,False,"{""longitudde1apistaenpies"": 11}"
es,Spanish,predicate,1strunwaynumber,1stRunwayNumber,2,3,1,númerode1apista,3,1.0,False,"{""númerode1apista"": 3}"
es,Spanish,predicate,1strunwaysurfacetype,1stRunwaySurfaceType,2,39,1,tipodesuperficiede1apista,39,1.0,False,"{""tipodesuperficiede1apista"": 39}"
es,Spanish,predicate,2ndrunwaysurfacetype,2ndRunwaySurfaceType,2,12,1,tipodesuperficiedela2apista,12,1.0,False,"{""tipodesuperficiedela2apista"": 12}"
es,Spanish,predicate,3rdrunwaylengthfeet,3rdRunwayLengthFeet,2,8,1,longitud3apistapies,8,1.0,False,"{""longitud3apistapies"": 8}"
es,Spanish,predicate,3rdrunwaysurfacetype,3rdRunwaySurfaceType,2,36,1,tipodesuperficiedela3apista,36,1.0,False,"{""tipodesuperficiedela3apista"": 36}"
es,Spanish,predicate,4thrunwaylengthfeet,4thRunwayLengthFeet,2,2,1,4apistalongitudpies,2,1.0,False,"{""4apistalongitudpies"": 2}"
es,Spanish,predicate,4thrunwaysurfacetype,4thRunwaySurfaceType,2,4,1,4otipodesuperficiedepista,4,1.0,False,"{""4otipodesuperficiedepista"": 4}"
es,Spanish,predicate,5thrunwaynumber,5thRunwayNumber,2,2,1,5onúmerodepista,2,1.0,False,"{""5onúmerodepista"": 2}"
es,Spanish,predicate,abbreviation,abbreviation,2,125,1,abreviatura,125,1.0,False,"{""abreviatura"": 125}"
es,Spanish,predicate,absolutemagnitude,absoluteMagnitude,2,27,1,magnitudabsoluta,27,1.0,False,"{""magnitudabsoluta"": 27}"
es,Spanish,predicate,academicdiscipline,academicDiscipline,2,83,1,disciplinaacadémica,83,1.0,False,"{""disciplinaacadémica"": 83}"
es,Spanish,predicate,academicstaffsize,academicStaffSize,2,102,1,númerodeprofesores,102,1.0,False,"{""númerodeprofesores"": 102}"
es,Spanish,predicate,activeyearsenddate,activeYearsEndDate,2,63,1,añosactivosfechafin,63,1.0,False,"{""añosactivosfechafin"": 63}"
es,Spanish,predicate,activeyearsstartdate,activeYearsStartDate,2,71,1,añosactivosfechadeinicio,71,1.0,False,"{""añosactivosfechadeinicio"": 71}"
es,Spanish,predicate,activeyearsstartyear,activeYearsStartYear,2,155,1,añosactivosañodeinicio,155,1.0,False,"{""añosactivosañodeinicio"": 155}"
es,Spanish,predicate,addedtothenationalregisterofhistoricplaces,addedToTheNationalRegisterOfHistoricPlaces,2,35,1,incluidaenelregistronacionaldelugareshistóricos,35,1.0,False,"{""incluidaenelregistronacionaldelugareshistóricos"": 35}"
es,Spanish,predicate,address,address,2,53,1,dirección,53,1.0,False,"{""dirección"": 53}"
es,Spanish,predicate,administrativearrondissement,administrativeArrondissement,2,2,1,distritoadministrativo,2,1.0,False,"{""distritoadministrativo"": 2}"
es,Spanish,predicate,affiliation,affiliation,2,273,1,afiliación,273,1.0,False,"{""afiliación"": 273}"
es,Spanish,predicate,aircraftfighter,aircraftFighter,2,30,1,avióndecombate,30,1.0,False,"{""avióndecombate"": 30}"
es,Spanish,predicate,aircrafthelicopter,aircraftHelicopter,2,6,1,aviónhelicóptero,6,1.0,False,"{""aviónhelicóptero"": 6}"
es,Spanish,predicate,album,album,2,9,1,álbum,9,1.0,False,"{""álbum"": 9}"
es,Spanish,predicate,almamater,almaMater,2,518,1,almamáter,518,1.0,False,"{""almamáter"": 518}"
es,Spanish,predicate,alternativename,alternativeName,2,183,1,nombrealternativo,183,1.0,False,"{""nombrealternativo"": 183}"
es,Spanish,predicate,anthem,anthem,2,63,1,himno,63,1.0,False,"{""himno"": 63}"
es,Spanish,predicate,apoapsis,apoapsis,2,259,1,apoapsis,259,1.0,False,"{""apoapsis"": 259}"
es,Spanish,predicate,architect,architect,2,213,1,arquitecto,213,1.0,False,"{""arquitecto"": 213}"
es,Spanish,predicate,architecturalstyle,architecturalStyle,2,50,1,estiloarquitectónico,50,1.0,False,"{""estiloarquitectónico"": 50}"
es,Spanish,predicate,architecture,architecture,2,6,1,arquitectura,6,1.0,False,"{""arquitectura"": 6}"
es,Spanish,predicate,areacode,areaCode,2,75,1,códigodeárea,75,1.0,False,"{""códigodeárea"": 75}"
es,Spanish,predicate,areaofland,areaOfLand,2,22,1,superficiedeterreno,22,1.0,False,"{""superficiedeterreno"": 22}"
es,Spanish,predicate,areaofwater,areaOfWater,2,16,1,zonadeagua,16,1.0,False,"{""zonadeagua"": 16}"
es,Spanish,predicate,areatotal,areaTotal,2,207,1,áreatotal,207,1.0,False,"{""áreatotal"": 207}"
es,Spanish,predicate,areaurban,areaUrban,2,2,1,zonaurbana,2,1.0,False,"{""zonaurbana"": 2}"
es,Spanish,predicate,artist,artist,2,55,1,artista,55,1.0,False,"{""artista"": 55}"
es,Spanish,predicate,assembly,assembly,2,176,1,montaje,176,1.0,False,"{""montaje"": 176}"
es,Spanish,predicate,associatedband/associatedmusicalartist,associatedBand/associatedMusicalArtist,2,832,1,bandaasociada/artistamusicalasociado,832,1.0,False,"{""bandaasociada/artistamusicalasociado"": 832}"
es,Spanish,predicate,associatedrocket,associatedRocket,2,14,1,coheteasociado,14,1.0,False,"{""coheteasociado"": 14}"
es,Spanish,predicate,attackaircraft,attackAircraft,2,34,1,avióndeataque,34,1.0,False,"{""avióndeataque"": 34}"
es,Spanish,predicate,author,author,2,221,1,autor,221,1.0,False,"{""autor"": 221}"
es,Spanish,predicate,averagespeed,averageSpeed,2,37,1,velocidadmedia,37,1.0,False,"{""velocidadmedia"": 37}"
es,Spanish,predicate,award,award,2,152,1,premio,152,1.0,False,"{""premio"": 152}"
es,Spanish,predicate,awards,awards,2,7,1,premios,7,1.0,False,"{""premios"": 7}"
es,Spanish,predicate,background,background,2,216,1,fondo,216,1.0,False,"{""fondo"": 216}"
es,Spanish,predicate,backuppilot,backupPilot,2,58,1,pilotodereserva,58,1.0,False,"{""pilotodereserva"": 58}"
es,Spanish,predicate,bandmember,bandMember,2,7,1,miembrodelabanda,7,1.0,False,"{""miembrodelabanda"": 7}"
es,Spanish,predicate,battle,battle,2,324,1,batalla,324,1.0,False,"{""batalla"": 324}"
es,Spanish,predicate,bedcount,bedCount,2,7,1,recuentodecamas,7,1.0,False,"{""recuentodecamas"": 7}"
es,Spanish,predicate,bird,bird,2,7,1,pájaro,7,1.0,False,"{""pájaro"": 7}"
es,Spanish,predicate,birthdate,birthDate,2,523,1,fechadenacimiento,523,1.0,False,"{""fechadenacimiento"": 523}"
es,Spanish,predicate,birthname,birthName,2,20,1,nombredenacimiento,20,1.0,False,"{""nombredenacimiento"": 20}"
es,Spanish,predicate,birthplace,birthPlace,2,2019,1,lugardenacimiento,2019,1.0,False,"{""lugardenacimiento"": 2019}"
es,Spanish,predicate,birthyear,birthYear,2,149,1,añodenacimiento,149,1.0,False,"{""añodenacimiento"": 149}"
es,Spanish,predicate,bodystyle,bodyStyle,2,87,1,estilodecarrocería,87,1.0,False,"{""estilodecarrocería"": 87}"
es,Spanish,predicate,broadcastedby,broadcastedBy,2,91,1,emitidopor,91,1.0,False,"{""emitidopor"": 91}"
es,Spanish,predicate,budget,budget,2,7,1,presupuesto,7,1.0,False,"{""presupuesto"": 7}"
es,Spanish,predicate,builddate,buildDate,2,38,1,fechadeconstrucción,38,1.0,False,"{""fechadeconstrucción"": 38}"
es,Spanish,predicate,builder,builder,2,238,1,constructor,238,1.0,False,"{""constructor"": 238}"
es,Spanish,predicate,buildingstartdate,buildingStartDate,2,64,1,fechadeiniciodelaconstrucción,64,1.0,False,"{""fechadeiniciodelaconstrucción"": 64}"
es,Spanish,predicate,buildingtype,buildingType,2,10,1,tipodeedificio,10,1.0,False,"{""tipodeedificio"": 10}"
es,Spanish,predicate,campus,campus,2,102,1,campus,102,1.0,False,"{""campus"": 102}"
es,Spanish,predicate,capital,capital,2,817,1,capital,817,1.0,False,"{""capital"": 817}"
es,Spanish,predicate,carbohydrate,carbohydrate,2,11,1,hidratosdecarbono,11,1.0,False,"{""hidratosdecarbono"": 11}"
es,Spanish,predicate,category,category,2,112,1,categoría,112,1.0,False,"{""categoría"": 112}"
es,Spanish,predicate,certification,certification,2,3,1,certificación,3,1.0,False,"{""certificación"": 3}"
es,Spanish,predicate,chairman,chairman,2,38,1,presidente,38,1.0,False,"{""presidente"": 38}"
es,Spanish,predicate,chairmantitle,chairmanTitle,2,4,1,títulodepresidente,4,1.0,False,"{""títulodepresidente"": 4}"
es,Spanish,predicate,chairperson,chairperson,2,2,1,presidente,2,1.0,False,"{""presidente"": 2}"
es,Spanish,predicate,champions,champions,2,108,1,campeones,108,1.0,False,"{""campeones"": 108}"
es,Spanish,predicate,chancellor,chancellor,2,9,1,canciller,9,1.0,False,"{""canciller"": 9}"
es,Spanish,predicate,chief,chief,2,2,1,jefe,2,1.0,False,"{""jefe"": 2}"
es,Spanish,predicate,child,child,2,5,1,niño,5,1.0,False,"{""niño"": 5}"
es,Spanish,predicate,christeningdate,christeningDate,2,18,1,fechadebautizo,18,1.0,False,"{""fechadebautizo"": 18}"
es,Spanish,predicate,cinematography,cinematography,2,25,1,cinematografía,25,1.0,False,"{""cinematografía"": 25}"
es,Spanish,predicate,citizenship,citizenship,2,33,1,ciudadanía,33,1.0,False,"{""ciudadanía"": 33}"
es,Spanish,predicate,city,city,2,577,1,ciudad,577,1.0,False,"{""ciudad"": 577}"
es,Spanish,predicate,cityserved,cityServed,2,345,1,ciudadservida,345,1.0,False,"{""ciudadservida"": 345}"
es,Spanish,predicate,class,class,2,84,1,clase,84,1.0,False,"{""clase"": 84}"
es,Spanish,predicate,club,club,2,1463,1,club,1463,1.0,False,"{""club"": 1463}"
es,Spanish,predicate,coach,coach,2,42,1,entrenador,42,1.0,False,"{""entrenador"": 42}"
es,Spanish,predicate,codencode,codenCode,2,33,1,códigocoden,33,1.0,False,"{""códigocoden"": 33}"
es,Spanish,predicate,college,college,2,4,1,universidad,4,1.0,False,"{""universidad"": 4}"
es,Spanish,predicate,colour,colour,2,14,1,color,14,1.0,False,"{""color"": 14}"
es,Spanish,predicate,commander,commander,2,170,1,comandante,170,1.0,False,"{""comandante"": 170}"
es,Spanish,predicate,comparable,comparable,2,37,1,comparable,37,1.0,False,"{""comparable"": 37}"
es,Spanish,predicate,competein,competeIn,2,37,1,competiren,37,1.0,False,"{""competiren"": 37}"
es,Spanish,predicate,completiondate,completionDate,2,154,1,fechadefinalización,154,1.0,False,"{""fechadefinalización"": 154}"
es,Spanish,predicate,cosparid,cosparId,2,3,1,identificacióncospar,3,1.0,False,"{""identificacióncospar"": 3}"
es,Spanish,predicate,cost,cost,2,16,1,coste,16,1.0,False,"{""coste"": 16}"
es,Spanish,predicate,country,country,2,3396,1,país,3396,1.0,False,"{""país"": 3396}"
es,Spanish,predicate,countryorigin,countryOrigin,2,133,1,paísdeorigen,133,1.0,False,"{""paísdeorigen"": 133}"
es,Spanish,predicate,countyseat,countySeat,2,48,1,sededelcondado,48,1.0,False,"{""sededelcondado"": 48}"
es,Spanish,predicate,course,course,2,189,1,curso,189,1.0,False,"{""curso"": 189}"
es,Spanish,predicate,creator,creator,2,325,1,creador,325,1.0,False,"{""creador"": 325}"
es,Spanish,predicate,creatorofdish,creatorOfDish,2,2,1,creadordelplato,2,1.0,False,"{""creadordelplato"": 2}"
es,Spanish,predicate,crewmembers,crewMembers,2,25,1,miembrosdelatripulación,25,1.0,False,"{""miembrosdelatripulación"": 25}"
es,Spanish,predicate,currency,currency,2,163,1,divisa,163,1.0,False,"{""divisa"": 163}"
es,Spanish,predicate,currentclub,currentclub,2,25,1,clubactual,25,1.0,False,"{""clubactual"": 25}"
es,Spanish,predicate,currentteam,currentteam,2,4,1,equipoactual,4,1.0,False,"{""equipoactual"": 4}"
es,Spanish,predicate,currenttenants,currentTenants,2,69,1,inquilinosactuales,69,1.0,False,"{""inquilinosactuales"": 69}"
es,Spanish,predicate,cylindercount,cylinderCount,2,28,1,recuentodecilindros,28,1.0,False,"{""recuentodecilindros"": 28}"
es,Spanish,predicate,dateofretirement,dateOfRetirement,2,73,1,fechadejubilación,73,1.0,False,"{""fechadejubilación"": 73}"
es,Spanish,predicate,dean,dean,2,45,1,decano,45,1.0,False,"{""decano"": 45}"
es,Spanish,predicate,deathcause,deathCause,2,20,1,causadelamuerte,20,1.0,False,"{""causadelamuerte"": 20}"
es,Spanish,predicate,deathdate,deathDate,2,122,1,fechadedefunción,122,1.0,False,"{""fechadedefunción"": 122}"
es,Spanish,predicate,deathplace,deathPlace,2,749,1,lugardelamuerte,749,1.0,False,"{""lugardelamuerte"": 749}"
es,Spanish,predicate,deathyear,deathYear,2,10,1,añodefallecimiento,10,1.0,False,"{""añodefallecimiento"": 10}"
es,Spanish,predicate,debutteam,debutTeam,2,68,1,equipodebutante,68,1.0,False,"{""equipodebutante"": 68}"
es,Spanish,predicate,dedicatedto,dedicatedTo,2,52,1,dedicadoa,52,1.0,False,"{""dedicadoa"": 52}"
es,Spanish,predicate,demonym,demonym,2,280,1,gentilicio,280,1.0,False,"{""gentilicio"": 280}"
es,Spanish,predicate,density,density,2,17,1,densidad,17,1.0,False,"{""densidad"": 17}"
es,Spanish,predicate,derivative,derivative,2,159,1,derivado,159,1.0,False,"{""derivado"": 159}"
es,Spanish,predicate,designcompany,designCompany,2,25,1,empresadediseño,25,1.0,False,"{""empresadediseño"": 25}"
es,Spanish,predicate,designer,designer,2,60,1,diseñador,60,1.0,False,"{""diseñador"": 60}"
es,Spanish,predicate,developer,developer,2,2,1,desarrollador,2,1.0,False,"{""desarrollador"": 2}"
es,Spanish,predicate,diameter,diameter,2,48,1,diámetro,48,1.0,False,"{""diámetro"": 48}"
es,Spanish,predicate,director,director,2,158,1,director,158,1.0,False,"{""director"": 158}"
es,Spanish,predicate,discovered,discovered,2,34,1,descubierto,34,1.0,False,"{""descubierto"": 34}"
es,Spanish,predicate,discoverer,discoverer,2,246,1,descubridor,246,1.0,False,"{""descubridor"": 246}"
es,Spanish,predicate,dishvariation,dishVariation,2,288,1,variacióndeplato,288,1.0,False,"{""variacióndeplato"": 288}"
es,Spanish,predicate,distributingcompany,distributingCompany,2,3,1,empresadistribuidora,3,1.0,False,"{""empresadistribuidora"": 3}"
es,Spanish,predicate,distributor,distributor,2,47,1,distribuidor,47,1.0,False,"{""distribuidor"": 47}"
es,Spanish,predicate,district,district,2,30,1,distrito,30,1.0,False,"{""distrito"": 30}"
es,Spanish,predicate,division,division,2,65,1,división,65,1.0,False,"{""división"": 65}"
es,Spanish,predicate,doctoraladvisor,doctoralAdvisor,2,29,1,asesordoctoral,29,1.0,False,"{""asesordoctoral"": 29}"
es,Spanish,predicate,doctoralstudent,doctoralStudent,2,32,1,estudiantededoctorado,32,1.0,False,"{""estudiantededoctorado"": 32}"
es,Spanish,predicate,draftpick,draftPick,2,10,1,eleccióneneldraft,10,1.0,False,"{""eleccióneneldraft"": 10}"
es,Spanish,predicate,draftround,draftRound,2,7,1,rondadereclutamiento,7,1.0,False,"{""rondadereclutamiento"": 7}"
es,Spanish,predicate,draftteam,draftTeam,2,19,1,equipodereclutamiento,19,1.0,False,"{""equipodereclutamiento"": 19}"
es,Spanish,predicate,draftyear,draftYear,2,4,1,añodereclutamiento,4,1.0,False,"{""añodereclutamiento"": 4}"
es,Spanish,predicate,editing,editing,2,36,1,edición,36,1.0,False,"{""edición"": 36}"
es,Spanish,predicate,editor,editor,2,50,1,editor,50,1.0,False,"{""editor"": 50}"
es,Spanish,predicate,eissnnumber,eissnNumber,2,3,1,númeroeissn,3,1.0,False,"{""númeroeissn"": 3}"
es,Spanish,predicate,elevationabovethesealevel,elevationAboveTheSeaLevel,2,322,1,elevaciónsobreelniveldelmar,322,1.0,False,"{""elevaciónsobreelniveldelmar"": 322}"
es,Spanish,predicate,elevationabovethesealevelinfeet,elevationAboveTheSeaLevelInFeet,2,7,1,elevaciónsobreelniveldelmarenpies,7,1.0,False,"{""elevaciónsobreelniveldelmarenpies"": 7}"
es,Spanish,predicate,elevationabovethesealevelinmetres,elevationAboveTheSeaLevelInMetres,2,43,1,altitudsobreelniveldelmarenmetros,43,1.0,False,"{""altitudsobreelniveldelmarenmetros"": 43}"
es,Spanish,predicate,employer,employer,2,4,1,empresario,4,1.0,False,"{""empresario"": 4}"
es,Spanish,predicate,engine,engine,2,237,1,motor,237,1.0,False,"{""motor"": 237}"
es,Spanish,predicate,epoch,epoch,2,336,1,época,336,1.0,False,"{""época"": 336}"
es,Spanish,predicate,escapevelocity,escapeVelocity,2,101,1,velocidaddeescape,101,1.0,False,"{""velocidaddeescape"": 101}"
es,Spanish,predicate,established,established,2,259,1,establecido,259,1.0,False,"{""establecido"": 259}"
es,Spanish,predicate,ethnicgroup,ethnicGroup,2,1135,1,grupoétnico,1135,1.0,False,"{""grupoétnico"": 1135}"
es,Spanish,predicate,failedlaunches,failedLaunches,2,4,1,lanzamientosfallidos,4,1.0,False,"{""lanzamientosfallidos"": 4}"
es,Spanish,predicate,family,family,2,47,1,familia,47,1.0,False,"{""familia"": 47}"
es,Spanish,predicate,fat,fat,2,8,1,grasa,8,1.0,False,"{""grasa"": 8}"
es,Spanish,predicate,fate,fate,2,8,1,destino,8,1.0,False,"{""destino"": 8}"
es,Spanish,predicate,finalflight,finalFlight,2,74,1,vuelofinal,74,1.0,False,"{""vuelofinal"": 74}"
es,Spanish,predicate,firstaired,firstAired,2,35,1,emitidoporprimeravez,35,1.0,False,"{""emitidoporprimeravez"": 35}"
es,Spanish,predicate,firstappearanceinfilm,firstAppearanceInFilm,2,8,1,primeraapariciónenelcine,8,1.0,False,"{""primeraapariciónenelcine"": 8}"
es,Spanish,predicate,firstpublicationyear,firstPublicationYear,2,15,1,primerañodepublicación,15,1.0,False,"{""primerañodepublicación"": 15}"
es,Spanish,predicate,floorarea,floorArea,2,46,1,superficie,46,1.0,False,"{""superficie"": 46}"
es,Spanish,predicate,floorcount,floorCount,2,117,1,recuentodepisos,117,1.0,False,"{""recuentodepisos"": 117}"
es,Spanish,predicate,followedby,followedBy,2,180,1,seguidode,180,1.0,False,"{""seguidode"": 180}"
es,Spanish,predicate,format,format,2,6,1,formato,6,1.0,False,"{""formato"": 6}"
es,Spanish,predicate,formerbandmember,formerBandMember,2,5,1,antiguomiembrodelabanda,5,1.0,False,"{""antiguomiembrodelabanda"": 5}"
es,Spanish,predicate,formername,formerName,2,78,1,nombreanterior,78,1.0,False,"{""nombreanterior"": 78}"
es,Spanish,predicate,formerteam,formerTeam,2,87,1,antiguoequipo,87,1.0,False,"{""antiguoequipo"": 87}"
es,Spanish,predicate,fossil,fossil,2,2,1,fósil,2,1.0,False,"{""fósil"": 2}"
es,Spanish,predicate,foundationplace,foundationPlace,2,185,1,lugardecimentación,185,1.0,False,"{""lugardecimentación"": 185}"
es,Spanish,predicate,foundedby,foundedBy,2,37,1,fundadapor,37,1.0,False,"{""fundadapor"": 37}"
es,Spanish,predicate,founder,founder,2,22,1,fundador,22,1.0,False,"{""fundador"": 22}"
es,Spanish,predicate,foundingdate,foundingDate,2,139,1,fechadefundación,139,1.0,False,"{""fechadefundación"": 139}"
es,Spanish,predicate,foundingyear,foundingYear,2,5,1,añodefundación,5,1.0,False,"{""añodefundación"": 5}"
es,Spanish,predicate,frequency,frequency,2,4,1,frecuencia,4,1.0,False,"{""frecuencia"": 4}"
es,Spanish,predicate,fullname,fullName,2,135,1,nombrecompleto,135,1.0,False,"{""nombrecompleto"": 135}"
es,Spanish,predicate,function,function,2,4,1,función,4,1.0,False,"{""función"": 4}"
es,Spanish,predicate,garrison,garrison,2,6,1,guarnición,6,1.0,False,"{""guarnición"": 6}"
es,Spanish,predicate,gemstone,gemstone,2,4,1,piedrapreciosa,4,1.0,False,"{""piedrapreciosa"": 4}"
es,Spanish,predicate,generalmanager,generalManager,2,14,1,directorgeneral,14,1.0,False,"{""directorgeneral"": 14}"
es,Spanish,predicate,genre,genre,2,1035,1,género,1035,1.0,False,"{""género"": 1035}"
es,Spanish,predicate,genus,genus,2,21,1,género,21,1.0,False,"{""género"": 21}"
es,Spanish,predicate,governingbody,governingBody,2,40,1,órganorector,40,1.0,False,"{""órganorector"": 40}"
es,Spanish,predicate,governmenttype,governmentType,2,42,1,tipodegobierno,42,1.0,False,"{""tipodegobierno"": 42}"
es,Spanish,predicate,gridreference,gridReference,2,3,1,referenciadecoordenadas,3,1.0,False,"{""referenciadecoordenadas"": 3}"
es,Spanish,predicate,gross,gross,2,21,1,bruto,21,1.0,False,"{""bruto"": 21}"
es,Spanish,predicate,ground,ground,2,496,1,suelo,496,1.0,False,"{""suelo"": 496}"
es,Spanish,predicate,hasdeputy,hasDeputy,2,17,1,tieneadjunto,17,1.0,False,"{""tieneadjunto"": 17}"
es,Spanish,predicate,hastoitsnorth,hasToItsNorth,2,53,1,tienealnorte,53,1.0,False,"{""tienealnorte"": 53}"
es,Spanish,predicate,hastoitsnortheast,hasToItsNortheast,2,24,1,tieneasunoreste,24,1.0,False,"{""tieneasunoreste"": 24}"
es,Spanish,predicate,hastoitsnorthwest,hasToItsNorthwest,2,15,1,tieneasunoroeste,15,1.0,False,"{""tieneasunoroeste"": 15}"
es,Spanish,predicate,hastoitssoutheast,hasToItsSoutheast,2,57,1,tieneasusureste,57,1.0,False,"{""tieneasusureste"": 57}"
es,Spanish,predicate,hastoitssouthwest,hasToItsSouthwest,2,25,1,tieneasusuroeste,25,1.0,False,"{""tieneasusuroeste"": 25}"
es,Spanish,predicate,hastoitswest,hasToItsWest,2,50,1,tieneasuoeste,50,1.0,False,"{""tieneasuoeste"": 50}"
es,Spanish,predicate,headquarter,headquarter,2,93,1,sedecentral,93,1.0,False,"{""sedecentral"": 93}"
es,Spanish,predicate,height,height,2,74,1,altura,74,1.0,False,"{""altura"": 74}"
es,Spanish,predicate,higher,higher,2,33,1,superior,33,1.0,False,"{""superior"": 33}"
es,Spanish,predicate,hubairport,hubAirport,2,13,1,aeropuertoprincipal,13,1.0,False,"{""aeropuertoprincipal"": 13}"
es,Spanish,predicate,iatalocationidentifier,iataLocationIdentifier,2,12,1,identificadordeubicacióniata,12,1.0,False,"{""identificadordeubicacióniata"": 12}"
es,Spanish,predicate,icaolocationidentifier,icaoLocationIdentifier,2,64,1,identificadordeubicacióndelaicao,64,1.0,False,"{""identificadordeubicacióndelaicao"": 64}"
es,Spanish,predicate,imdbid,imdbId,2,15,1,idimdb,15,1.0,False,"{""idimdb"": 15}"
es,Spanish,predicate,impactfactor,impactFactor,2,5,1,factordeimpacto,5,1.0,False,"{""factordeimpacto"": 5}"
es,Spanish,predicate,inaugurationdate,inaugurationDate,2,36,1,fechadeinauguración,36,1.0,False,"{""fechadeinauguración"": 36}"
es,Spanish,predicate,industry,industry,2,112,1,industria,112,1.0,False,"{""industria"": 112}"
es,Spanish,predicate,influencedby,influencedBy,2,38,1,influenciadopor,38,1.0,False,"{""influenciadopor"": 38}"
es,Spanish,predicate,ingredient,ingredient,2,740,1,ingrediente,740,1.0,False,"{""ingrediente"": 740}"
es,Spanish,predicate,inofficewhilegovernor,inOfficeWhileGovernor,2,3,1,enelcargodegobernador,3,1.0,False,"{""enelcargodegobernador"": 3}"
es,Spanish,predicate,inofficewhilemonarch,inOfficeWhileMonarch,2,30,1,enelcargomientraselmonarca,30,1.0,False,"{""enelcargomientraselmonarca"": 30}"
es,Spanish,predicate,inofficewhilepresident,inOfficeWhilePresident,2,48,1,enelcargodepresidente,48,1.0,False,"{""enelcargodepresidente"": 48}"
es,Spanish,predicate,inofficewhileprimeminister,inOfficeWhilePrimeMinister,2,63,1,enelcargomientraselprimerministro,63,1.0,False,"{""enelcargomientraselprimerministro"": 63}"
es,Spanish,predicate,inofficewhilevicepresident,inOfficeWhileVicePresident,2,45,1,enelcargomientraselvicepresidente,45,1.0,False,"{""enelcargomientraselvicepresidente"": 45}"
es,Spanish,predicate,instrument,instrument,2,176,1,instrumento,176,1.0,False,"{""instrumento"": 176}"
es,Spanish,predicate,isbnnumber,isbnNumber,2,110,1,númeroisbn,110,1.0,False,"{""númeroisbn"": 110}"
es,Spanish,predicate,ispartof,isPartOf,2,1760,1,formapartede,1760,1.0,False,"{""formapartede"": 1760}"
es,Spanish,predicate,ispartofmilitaryconflict,isPartOfMilitaryConflict,2,57,1,formapartedeunconflictomilitar,57,1.0,False,"{""formapartedeunconflictomilitar"": 57}"
es,Spanish,predicate,issnnumber,issnNumber,2,92,1,númeroissn,92,1.0,False,"{""númeroissn"": 92}"
es,Spanish,predicate,jurisdiction,jurisdiction,2,4,1,jurisdicción,4,1.0,False,"{""jurisdicción"": 4}"
es,Spanish,predicate,keyperson,keyPerson,2,115,1,personaclave,115,1.0,False,"{""personaclave"": 115}"
es,Spanish,predicate,knownfor,knownFor,2,60,1,conocidopor,60,1.0,False,"{""conocidopor"": 60}"
es,Spanish,predicate,language,language,2,977,1,idioma,977,1.0,False,"{""idioma"": 977}"
es,Spanish,predicate,largestcity,largestCity,2,221,1,ciudadmásgrande,221,1.0,False,"{""ciudadmásgrande"": 221}"
es,Spanish,predicate,lastaired,lastAired,2,18,1,últimaemisión,18,1.0,False,"{""últimaemisión"": 18}"
es,Spanish,predicate,latinname,latinName,2,20,1,nombrelatino,20,1.0,False,"{""nombrelatino"": 20}"
es,Spanish,predicate,launchsite,launchSite,2,215,1,lugardelanzamiento,215,1.0,False,"{""lugardelanzamiento"": 215}"
es,Spanish,predicate,layout,layout,2,22,1,diseño,22,1.0,False,"{""diseño"": 22}"
es,Spanish,predicate,lccn number,LCCN_number,2,63,1,lccnnúmero,63,1.0,False,"{""lccnnúmero"": 63}"
es,Spanish,predicate,leader,leader,2,1982,1,líder,1982,1.0,False,"{""líder"": 1982}"
es,Spanish,predicate,leaderparty,leaderParty,2,14,1,partidolíder,14,1.0,False,"{""partidolíder"": 14}"
es,Spanish,predicate,leadertitle,leaderTitle,2,525,1,títulodelíder,525,1.0,False,"{""títulodelíder"": 525}"
es,Spanish,predicate,league,league,2,296,1,liga,296,1.0,False,"{""liga"": 296}"
es,Spanish,predicate,legislature,legislature,2,25,1,legislatura,25,1.0,False,"{""legislatura"": 25}"
es,Spanish,predicate,length,length,2,176,1,longitud,176,1.0,False,"{""longitud"": 176}"
es,Spanish,predicate,libraryofcongressclassification,libraryofCongressClassification,2,5,1,clasificacióndelabibliotecadelcongreso,5,1.0,False,"{""clasificacióndelabibliotecadelcongreso"": 5}"
es,Spanish,predicate,literarygenre,literaryGenre,2,17,1,géneroliterario,17,1.0,False,"{""géneroliterario"": 17}"
es,Spanish,predicate,location,location,2,2075,1,ubicación,2075,1.0,False,"{""ubicación"": 2075}"
es,Spanish,predicate,locationidentifier,locationIdentifier,2,11,1,identificadordeubicación,11,1.0,False,"{""identificadordeubicación"": 11}"
es,Spanish,predicate,longname,longName,2,12,1,nombrelargo,12,1.0,False,"{""nombrelargo"": 12}"
es,Spanish,predicate,maidenflight,maidenFlight,2,51,1,vueloinaugural,51,1.0,False,"{""vueloinaugural"": 51}"
es,Spanish,predicate,maidenvoyage,maidenVoyage,2,15,1,viajeinaugural,15,1.0,False,"{""viajeinaugural"": 15}"
es,Spanish,predicate,mainingredient,mainIngredient,2,339,1,ingredienteprincipal,339,1.0,False,"{""ingredienteprincipal"": 339}"
es,Spanish,predicate,manager,manager,2,462,1,director,462,1.0,False,"{""director"": 462}"
es,Spanish,predicate,manufacturer,manufacturer,2,249,1,fabricante,249,1.0,False,"{""fabricante"": 249}"
es,Spanish,predicate,mascot,mascot,2,9,1,mascota,9,1.0,False,"{""mascota"": 9}"
es,Spanish,predicate,mass,mass,2,85,1,masa,85,1.0,False,"{""masa"": 85}"
es,Spanish,predicate,material,material,2,67,1,material,67,1.0,False,"{""material"": 67}"
es,Spanish,predicate,maximumtemperature,maximumTemperature,2,6,1,temperaturamáxima,6,1.0,False,"{""temperaturamáxima"": 6}"
es,Spanish,predicate,mayor,mayor,2,7,1,alcalde,7,1.0,False,"{""alcalde"": 7}"
es,Spanish,predicate,meaning,meaning,2,2,1,significado,2,1.0,False,"{""significado"": 2}"
es,Spanish,predicate,meantemperature,meanTemperature,2,10,1,temperaturamedia,10,1.0,False,"{""temperaturamedia"": 10}"
es,Spanish,predicate,mediatype,mediaType,2,161,1,tipodemedio,161,1.0,False,"{""tipodemedio"": 161}"
es,Spanish,predicate,militarybranch,militaryBranch,2,89,1,ramamilitar,89,1.0,False,"{""ramamilitar"": 89}"
es,Spanish,predicate,minimumtemperature,minimumTemperature,2,5,1,temperaturamínima,5,1.0,False,"{""temperaturamínima"": 5}"
es,Spanish,predicate,mission,mission,2,280,1,misión,280,1.0,False,"{""misión"": 280}"
es,Spanish,predicate,modelstartyear,modelStartYear,2,4,1,añodeiniciodelmodelo,4,1.0,False,"{""añodeiniciodelmodelo"": 4}"
es,Spanish,predicate,modelyears,modelYears,2,21,1,añosmodelo,21,1.0,False,"{""añosmodelo"": 21}"
es,Spanish,predicate,mostchampions,mostChampions,2,2,1,máscampeones,2,1.0,False,"{""máscampeones"": 2}"
es,Spanish,predicate,motto,motto,2,17,1,lema,17,1.0,False,"{""lema"": 17}"
es,Spanish,predicate,municipality,municipality,2,56,1,municipio,56,1.0,False,"{""municipio"": 56}"
es,Spanish,predicate,musicalartist,musicalArtist,2,3,1,artistamusical,3,1.0,False,"{""artistamusical"": 3}"
es,Spanish,predicate,musicalband,musicalBand,2,14,1,bandademúsica,14,1.0,False,"{""bandademúsica"": 14}"
es,Spanish,predicate,musiccomposer,musicComposer,2,56,1,compositormusical,56,1.0,False,"{""compositormusical"": 56}"
es,Spanish,predicate,musicfusiongenre,musicFusionGenre,2,155,1,géneromusicalfusión,155,1.0,False,"{""géneromusicalfusión"": 155}"
es,Spanish,predicate,musicsubgenre,musicSubgenre,2,31,1,subgéneromusical,31,1.0,False,"{""subgéneromusical"": 31}"
es,Spanish,predicate,nationality,nationality,2,555,1,nacionalidad,555,1.0,False,"{""nacionalidad"": 555}"
es,Spanish,predicate,nationalregisterofhistoricplacesreferencenumber,NationalRegisterOfHistoricPlacesReferenceNumber,2,34,1,númerodereferenciadelregistronacionaldelugareshistóricos,34,1.0,False,"{""númerodereferenciadelregistronacionaldelugareshistóricos"": 34}"
es,Spanish,predicate,nativename,nativeName,2,24,1,nombrenativo,24,1.0,False,"{""nombrenativo"": 24}"
es,Spanish,predicate,nearestcity,nearestCity,2,16,1,ciudadmáscercana,16,1.0,False,"{""ciudadmáscercana"": 16}"
es,Spanish,predicate,neighboringmunicipality,neighboringMunicipality,2,9,1,municipiovecino,9,1.0,False,"{""municipiovecino"": 9}"
es,Spanish,predicate,netincome,netIncome,2,68,1,ingresosnetos,68,1.0,False,"{""ingresosnetos"": 68}"
es,Spanish,predicate,nickname,nickname,2,37,1,apodo,37,1.0,False,"{""apodo"": 37}"
es,Spanish,predicate,notablework,notableWork,2,10,1,obranotable,10,1.0,False,"{""obranotable"": 10}"
es,Spanish,predicate,numberofdoctoralstudents,numberOfDoctoralStudents,2,18,1,númerodedoctorandos,18,1.0,False,"{""númerodedoctorandos"": 18}"
es,Spanish,predicate,numberofemployees,numberOfEmployees,2,70,1,númerodeempleados,70,1.0,False,"{""númerodeempleados"": 70}"
es,Spanish,predicate,numberoflocations,numberOfLocations,2,24,1,númerodeubicaciones,24,1.0,False,"{""númerodeubicaciones"": 24}"
es,Spanish,predicate,numberofmembers,numberOfMembers,2,236,1,númerodemiembros,236,1.0,False,"{""númerodemiembros"": 236}"
es,Spanish,predicate,numberofpages,numberOfPages,2,74,1,númerodepáginas,74,1.0,False,"{""númerodepáginas"": 74}"
es,Spanish,predicate,numberofpostgraduatestudents,numberOfPostgraduateStudents,2,48,1,númerodeestudiantesdeposgrado,48,1.0,False,"{""númerodeestudiantesdeposgrado"": 48}"
es,Spanish,predicate,numberofrooms,numberOfRooms,2,3,1,númerodehabitaciones,3,1.0,False,"{""númerodehabitaciones"": 3}"
es,Spanish,predicate,numberofstudents,numberOfStudents,2,98,1,númerodeestudiantes,98,1.0,False,"{""númerodeestudiantes"": 98}"
es,Spanish,predicate,numberofundergraduatestudents,numberOfUndergraduateStudents,2,16,1,númerodeestudiantesuniversitarios,16,1.0,False,"{""númerodeestudiantesuniversitarios"": 16}"
es,Spanish,predicate,numberofvotesattained,numberOfVotesAttained,2,3,1,númerodevotosobtenidos,3,1.0,False,"{""númerodevotosobtenidos"": 3}"
es,Spanish,predicate,occupation,occupation,2,270,1,ocupación,270,1.0,False,"{""ocupación"": 270}"
es,Spanish,predicate,oclcnumber,oclcNumber,2,75,1,númerooclc,75,1.0,False,"{""númerooclc"": 75}"
es,Spanish,predicate,office,office,2,268,1,oficina,268,1.0,False,"{""oficina"": 268}"
es,Spanish,predicate,officiallanguage,officialLanguage,2,42,1,idiomaoficial,42,1.0,False,"{""idiomaoficial"": 42}"
es,Spanish,predicate,officialschoolcolour,officialSchoolColour,2,3,1,coloroficialdelaescuela,3,1.0,False,"{""coloroficialdelaescuela"": 3}"
es,Spanish,predicate,operatingincome,operatingIncome,2,39,1,ingresosdeexplotación,39,1.0,False,"{""ingresosdeexplotación"": 39}"
es,Spanish,predicate,operatingorganisation,operatingOrganisation,2,360,1,organizaciónoperativa,360,1.0,False,"{""organizaciónoperativa"": 360}"
es,Spanish,predicate,operator,operator,2,186,1,operador,186,1.0,False,"{""operador"": 186}"
es,Spanish,predicate,orbitalperiod,orbitalPeriod,2,251,1,períodoorbital,251,1.0,False,"{""períodoorbital"": 251}"
es,Spanish,predicate,order,order,2,92,1,orden,92,1.0,False,"{""orden"": 92}"
es,Spanish,predicate,origin,origin,2,163,1,origen,163,1.0,False,"{""origen"": 163}"
es,Spanish,predicate,outlookranking,outlookRanking,2,2,1,rankingdeperspectivas,2,1.0,False,"{""rankingdeperspectivas"": 2}"
es,Spanish,predicate,owner,owner,2,227,1,propietario,227,1.0,False,"{""propietario"": 227}"
es,Spanish,predicate,owningorganisation,owningOrganisation,2,13,1,organizaciónpropietaria,13,1.0,False,"{""organizaciónpropietaria"": 13}"
es,Spanish,predicate,parentcompany,parentCompany,2,78,1,empresamatriz,78,1.0,False,"{""empresamatriz"": 78}"
es,Spanish,predicate,part,part,2,15,1,pieza,15,1.0,False,"{""pieza"": 15}"
es,Spanish,predicate,partialfailures,partialFailures,2,2,1,fallosparciales,2,1.0,False,"{""fallosparciales"": 2}"
es,Spanish,predicate,partstype,partsType,2,8,1,tipodepiezas,8,1.0,False,"{""tipodepiezas"": 8}"
es,Spanish,predicate,party,party,2,242,1,fiesta,242,1.0,False,"{""fiesta"": 242}"
es,Spanish,predicate,patronsaint,patronSaint,2,6,1,patrón,6,1.0,False,"{""patrón"": 6}"
es,Spanish,predicate,percentageofareawater,percentageOfAreaWater,2,4,1,porcentajedesuperficieagua,4,1.0,False,"{""porcentajedesuperficieagua"": 4}"
es,Spanish,predicate,periapsis,periapsis,2,226,1,periapsis,226,1.0,False,"{""periapsis"": 226}"
es,Spanish,predicate,place,place,2,5,1,lugar,5,1.0,False,"{""lugar"": 5}"
es,Spanish,predicate,populationdensity,populationDensity,2,166,1,densidaddepoblación,166,1.0,False,"{""densidaddepoblación"": 166}"
es,Spanish,predicate,populationmetro,populationMetro,2,17,1,poblaciónmetro,17,1.0,False,"{""poblaciónmetro"": 17}"
es,Spanish,predicate,populationmetrodensity,populationMetroDensity,2,2,1,poblacióndensidadmetropolitana,2,1.0,False,"{""poblacióndensidadmetropolitana"": 2}"
es,Spanish,predicate,populationtotal,populationTotal,2,18,1,poblacióntotal,18,1.0,False,"{""poblacióntotal"": 18}"
es,Spanish,predicate,position,position,2,30,1,posición,30,1.0,False,"{""posición"": 30}"
es,Spanish,predicate,postalcode,postalCode,2,30,1,códigopostal,30,1.0,False,"{""códigopostal"": 30}"
es,Spanish,predicate,powertype,powerType,2,112,1,tipodepotencia,112,1.0,False,"{""tipodepotencia"": 112}"
es,Spanish,predicate,precededby,precededBy,2,214,1,precedidopor,214,1.0,False,"{""precedidopor"": 214}"
es,Spanish,predicate,predecessor,predecessor,2,43,1,predecesor,43,1.0,False,"{""predecesor"": 43}"
es,Spanish,predicate,president,president,2,49,1,presidente,49,1.0,False,"{""presidente"": 49}"
es,Spanish,predicate,producer,producer,2,151,1,productor,151,1.0,False,"{""productor"": 151}"
es,Spanish,predicate,product,product,2,177,1,producto,177,1.0,False,"{""producto"": 177}"
es,Spanish,predicate,productionendyear,productionEndYear,2,18,1,producciónfindeaño,18,1.0,False,"{""producciónfindeaño"": 18}"
es,Spanish,predicate,productionstartyear,productionStartYear,2,19,1,añodeiniciodelaproducción,19,1.0,False,"{""añodeiniciodelaproducción"": 19}"
es,Spanish,predicate,profession,profession,2,10,1,profesión,10,1.0,False,"{""profesión"": 10}"
es,Spanish,predicate,professionalfield,professionalField,2,68,1,ámbitoprofesional,68,1.0,False,"{""ámbitoprofesional"": 68}"
es,Spanish,predicate,protein,protein,2,9,1,proteína,9,1.0,False,"{""proteína"": 9}"
es,Spanish,predicate,publisher,publisher,2,209,1,editor,209,1.0,False,"{""editor"": 209}"
es,Spanish,predicate,recordedin,recordedIn,2,39,1,registradoen,39,1.0,False,"{""registradoen"": 39}"
es,Spanish,predicate,recordlabel,recordLabel,2,295,1,sellodiscográfico,295,1.0,False,"{""sellodiscográfico"": 295}"
es,Spanish,predicate,rector,rector,2,8,1,rector,8,1.0,False,"{""rector"": 8}"
es,Spanish,predicate,region,region,2,715,1,región,715,1.0,False,"{""región"": 715}"
es,Spanish,predicate,regionserved,regionServed,2,31,1,regiónatendida,31,1.0,False,"{""regiónatendida"": 31}"
es,Spanish,predicate,related,related,2,3,1,relacionado,3,1.0,False,"{""relacionado"": 3}"
es,Spanish,predicate,relatedmeanoftransportation,relatedMeanOfTransportation,2,216,1,mediosdetransporterelacionados,216,1.0,False,"{""mediosdetransporterelacionados"": 216}"
es,Spanish,predicate,releasedate,releaseDate,2,67,1,fechadepublicación,67,1.0,False,"{""fechadepublicación"": 67}"
es,Spanish,predicate,religion,religion,2,24,1,religión,24,1.0,False,"{""religión"": 24}"
es,Spanish,predicate,representative,representative,2,6,1,representante,6,1.0,False,"{""representante"": 6}"
es,Spanish,predicate,residence,residence,2,156,1,residencia,156,1.0,False,"{""residencia"": 156}"
es,Spanish,predicate,revenue,revenue,2,38,1,ingresos,38,1.0,False,"{""ingresos"": 38}"
es,Spanish,predicate,ribbonaward,ribbonAward,2,5,1,premiocinta,5,1.0,False,"{""premiocinta"": 5}"
es,Spanish,predicate,river,river,2,18,1,río,18,1.0,False,"{""río"": 18}"
es,Spanish,predicate,rocketstages,rocketStages,2,6,1,etapasdecohetes,6,1.0,False,"{""etapasdecohetes"": 6}"
es,Spanish,predicate,rotationperiod,rotationPeriod,2,41,1,períododerotación,41,1.0,False,"{""períododerotación"": 41}"
es,Spanish,predicate,runtime,runtime,2,154,1,tiempodeejecución,154,1.0,False,"{""tiempodeejecución"": 154}"
es,Spanish,predicate,runwaylength,runwayLength,2,411,1,longituddelapista,411,1.0,False,"{""longituddelapista"": 411}"
es,Spanish,predicate,runwayname,runwayName,2,221,1,nombredelapista,221,1.0,False,"{""nombredelapista"": 221}"
es,Spanish,predicate,runwaysurfacetype,runwaySurfaceType,2,13,1,tipodesuperficiedelapista,13,1.0,False,"{""tipodesuperficiedelapista"": 13}"
es,Spanish,predicate,saint,saint,2,4,1,santo,4,1.0,False,"{""santo"": 4}"
es,Spanish,predicate,season,season,2,161,1,temporada,161,1.0,False,"{""temporada"": 161}"
es,Spanish,predicate,selectedbynasa,selectedByNasa,2,147,1,seleccionadoporlanasa,147,1.0,False,"{""seleccionadoporlanasa"": 147}"
es,Spanish,predicate,senators,senators,2,9,1,senadores,9,1.0,False,"{""senadores"": 9}"
es,Spanish,predicate,series,series,2,26,1,serie,26,1.0,False,"{""serie"": 26}"
es,Spanish,predicate,served,served,2,4,1,servido,4,1.0,False,"{""servido"": 4}"
es,Spanish,predicate,servedaschiefoftheastronautofficein,servedAsChiefOfTheAstronautOfficeIn,2,19,1,fuejefedelaoficinadeastronautasen,19,1.0,False,"{""fuejefedelaoficinadeastronautasen"": 19}"
es,Spanish,predicate,service,service,2,22,1,servicio,22,1.0,False,"{""servicio"": 22}"
es,Spanish,predicate,servicestartyear,serviceStartYear,2,2,1,añodeiniciodelservicio,2,1.0,False,"{""añodeiniciodelservicio"": 2}"
es,Spanish,predicate,servingtemperature,servingTemperature,2,24,1,temperaturadeservicio,24,1.0,False,"{""temperaturadeservicio"": 24}"
es,Spanish,predicate,shipbeam,shipBeam,2,72,1,vigadelbuque,72,1.0,False,"{""vigadelbuque"": 72}"
es,Spanish,predicate,shipclass,shipClass,2,10,1,clasedebuque,10,1.0,False,"{""clasedebuque"": 10}"
es,Spanish,predicate,shipdisplacement,shipDisplacement,2,17,1,desplazamientodelbuque,17,1.0,False,"{""desplazamientodelbuque"": 17}"
es,Spanish,predicate,shipdraft,shipDraft,2,4,1,caladodelbuque,4,1.0,False,"{""caladodelbuque"": 4}"
es,Spanish,predicate,shipinservice,shipInService,2,4,1,buqueenservicio,4,1.0,False,"{""buqueenservicio"": 4}"
es,Spanish,predicate,shiplaiddown,shipLaidDown,2,2,1,buquefondeado,2,1.0,False,"{""buquefondeado"": 2}"
es,Spanish,predicate,shiplaunch,shipLaunch,2,12,1,botaduradelbuque,12,1.0,False,"{""botaduradelbuque"": 12}"
es,Spanish,predicate,shipordered,shipOrdered,2,4,1,barcoencargado,4,1.0,False,"{""barcoencargado"": 4}"
es,Spanish,predicate,shippower,shipPower,2,5,1,potenciadelbuque,5,1.0,False,"{""potenciadelbuque"": 5}"
es,Spanish,predicate,significantbuilding,significantBuilding,2,57,1,edificiosignificativo,57,1.0,False,"{""edificiosignificativo"": 57}"
es,Spanish,predicate,significantproject,significantProject,2,9,1,proyectosignificativo,9,1.0,False,"{""proyectosignificativo"": 9}"
es,Spanish,predicate,similardish,similarDish,2,3,1,platosimilar,3,1.0,False,"{""platosimilar"": 3}"
es,Spanish,predicate,site,site,2,22,1,sitio,22,1.0,False,"{""sitio"": 22}"
es,Spanish,predicate,spokenin,spokenIn,2,124,1,habladoen,124,1.0,False,"{""habladoen"": 124}"
es,Spanish,predicate,sportgoverningbody,sportGoverningBody,2,15,1,organismorectordeldeporte,15,1.0,False,"{""organismorectordeldeporte"": 15}"
es,Spanish,predicate,sportsoffered,sportsOffered,2,18,1,deportesofertados,18,1.0,False,"{""deportesofertados"": 18}"
es,Spanish,predicate,spouse,spouse,2,130,1,cónyuge,130,1.0,False,"{""cónyuge"": 130}"
es,Spanish,predicate,stadium,stadium,2,2,1,estadio,2,1.0,False,"{""estadio"": 2}"
es,Spanish,predicate,staff,staff,2,18,1,personal,18,1.0,False,"{""personal"": 18}"
es,Spanish,predicate,starring,starring,2,210,1,protagonizadapor,210,1.0,False,"{""protagonizadapor"": 210}"
es,Spanish,predicate,state,state,2,247,1,estado,247,1.0,False,"{""estado"": 247}"
es,Spanish,predicate,stateoforigin,stateOfOrigin,2,16,1,estadodeorigen,16,1.0,False,"{""estadodeorigen"": 16}"
es,Spanish,predicate,status,status,2,184,1,estado,184,1.0,False,"{""estado"": 184}"
es,Spanish,predicate,stylisticorigin,stylisticOrigin,2,336,1,origenestilístico,336,1.0,False,"{""origenestilístico"": 336}"
es,Spanish,predicate,subsidiary,subsidiary,2,68,1,filial,68,1.0,False,"{""filial"": 68}"
es,Spanish,predicate,successor,successor,2,324,1,sucesor,324,1.0,False,"{""sucesor"": 324}"
es,Spanish,predicate,surfacearea,surfaceArea,2,9,1,superficie,9,1.0,False,"{""superficie"": 9}"
es,Spanish,predicate,temperature,temperature,2,31,1,temperatura,31,1.0,False,"{""temperatura"": 31}"
es,Spanish,predicate,tenant,tenant,2,67,1,arrendatario,67,1.0,False,"{""arrendatario"": 67}"
es,Spanish,predicate,timeinspace,timeInSpace,2,35,1,tiempoenelespacio,35,1.0,False,"{""tiempoenelespacio"": 35}"
es,Spanish,predicate,timeshiftchannel,timeshiftChannel,2,2,1,canaltimeshift,2,1.0,False,"{""canaltimeshift"": 2}"
es,Spanish,predicate,timezone,timeZone,2,45,1,zonahoraria,45,1.0,False,"{""zonahoraria"": 45}"
es,Spanish,predicate,title,title,2,6,1,título,6,1.0,False,"{""título"": 6}"
es,Spanish,predicate,topspeed,topSpeed,2,38,1,velocidadmáxima,38,1.0,False,"{""velocidadmáxima"": 38}"
es,Spanish,predicate,totallaunches,totalLaunches,2,5,1,lanzamientostotales,5,1.0,False,"{""lanzamientostotales"": 5}"
es,Spanish,predicate,totalproduction,totalProduction,2,9,1,produccióntotal,9,1.0,False,"{""produccióntotal"": 9}"
es,Spanish,predicate,traineraircraft,trainerAircraft,2,4,1,avióndeentrenamiento,4,1.0,False,"{""avióndeentrenamiento"": 4}"
es,Spanish,predicate,training,training,2,12,1,formación,12,1.0,False,"{""formación"": 12}"
es,Spanish,predicate,transmission,transmission,2,43,1,transmisión,43,1.0,False,"{""transmisión"": 43}"
es,Spanish,predicate,transportaircraft,transportAircraft,2,32,1,avionesdetransporte,32,1.0,False,"{""avionesdetransporte"": 32}"
es,Spanish,predicate,type,type,2,132,1,tipo,132,1.0,False,"{""tipo"": 132}"
es,Spanish,predicate,unit,unit,2,9,1,unidad,9,1.0,False,"{""unidad"": 9}"
es,Spanish,predicate,universityteam,universityTeam,2,2,1,equipouniversitario,2,1.0,False,"{""equipouniversitario"": 2}"
es,Spanish,predicate,utcoffset,utcOffset,2,45,1,desplazamientoutc,45,1.0,False,"{""desplazamientoutc"": 45}"
es,Spanish,predicate,vicechancellor,viceChancellor,2,2,1,vicerrector,2,1.0,False,"{""vicerrector"": 2}"
es,Spanish,predicate,voice,voice,2,6,1,voz,6,1.0,False,"{""voz"": 6}"
es,Spanish,predicate,wasgiventhetechnicalcampusstatusby,wasGivenTheTechnicalCampusStatusBy,2,44,1,recibióelestatusdecampustécnicopor,44,1.0,False,"{""recibióelestatusdecampustécnicopor"": 44}"
es,Spanish,predicate,website,website,2,2,1,sitioweb,2,1.0,False,"{""sitioweb"": 2}"
es,Spanish,predicate,weight,weight,2,21,1,peso,21,1.0,False,"{""peso"": 21}"
es,Spanish,predicate,wheelbase,wheelbase,2,29,1,distanciaentreejes,29,1.0,False,"{""distanciaentreejes"": 29}"
es,Spanish,predicate,width,width,2,2,1,anchura,2,1.0,False,"{""anchura"": 2}"
es,Spanish,predicate,writer,writer,2,91,1,escritor,91,1.0,False,"{""escritor"": 91}"
es,Spanish,predicate,year,year,2,3,1,año,3,1.0,False,"{""año"": 3}"
es,Spanish,predicate,yearofconstruction,yearOfConstruction,2,44,1,añodeconstrucción,44,1.0,False,"{""añodeconstrucción"": 44}"
es,Spanish,predicate,youthclub,youthclub,2,91,1,clubjuvenil,91,1.0,False,"{""clubjuvenil"": 91}"
