model_name,lang,category,n,bleu_sentence,rougeL_f1,meteor,chrfpp,bertscore_precision,bertscore_recall,bertscore_f1,bert_cosine,e5_cosine,expansion_ratio,expansion_abs_distance_from_1,bleu_corpus
HuggingFaceTB/SmolLM3-3B,ca,Airport,95,0.1924526552471805,0.45949796555769606,0.39437182388630004,0.5152068424779791,0.840333504425852,0.8456303025546826,0.8426478699633949,0.8724491872285541,0.9253185604747973,1.1238310662866946,0.18624736866328193,0.20168357339086243
HuggingFaceTB/SmolLM3-3B,ca,Artist,109,0.2555109890182023,0.557925066432695,0.43832708863173875,0.5590411191327711,0.8568258110536348,0.8661805861586824,0.8611954713086469,0.8894394548661119,0.9231333694326769,1.0353449803436225,0.12347982434689665,0.26200068729334713
HuggingFaceTB/SmolLM3-3B,ca,Astronaut,82,0.2588115205287228,0.5418807696065805,0.47165440746733767,0.5401495120445623,0.8468633235954657,0.8566695342703563,0.8514065844256703,0.8918047583684688,0.9203015624023065,1.0097145804953962,0.10804559394897154,0.2528021087014872
HuggingFaceTB/SmolLM3-3B,ca,Athlete,50,0.2155776429185606,0.5049355060006887,0.40083239730987125,0.5299174861891729,0.8330721223354339,0.8508375775814057,0.8415318310260773,0.8706672430038452,0.931326254606247,1.3006269892964184,0.36569192569971704,0.17679721280371322
HuggingFaceTB/SmolLM3-3B,ca,Building,46,0.36296310791518666,0.45087169673172867,0.44793416418354953,0.5226419941065766,0.8282721392486406,0.8364991895530535,0.8320552628973256,0.8891113530034604,0.9297477991684623,0.9958625157712879,0.07246926887095768,0.3829816707401246
HuggingFaceTB/SmolLM3-3B,ca,CelestialBody,49,0.06443627160084149,0.34962862946324075,0.10377276963845351,0.2641212634002745,0.7306325709333226,0.6860588643015647,0.7056217996441588,0.6592499741486141,0.8813797296309958,0.7410327877763202,0.6628128628874441,0.062099400982242176
HuggingFaceTB/SmolLM3-3B,ca,City,83,0.24891317746652614,0.503707100176367,0.470153896391707,0.5374208257938469,0.8321946450026638,0.8371177344437105,0.8344000613833048,0.8592293987791222,0.9281722501099828,1.0899908231000879,0.1357206961898313,0.2154620624080376
HuggingFaceTB/SmolLM3-3B,ca,ComicsCharacter,30,0.1923839853399875,0.38230501313167764,0.31134948602236806,0.41519574421431965,0.8244298279285431,0.823072757323583,0.8236235439777374,0.8391592264175415,0.9025740106900533,0.962307234286753,0.08709615622955345,0.19916152265966322
HuggingFaceTB/SmolLM3-3B,ca,Company,66,0.19913231549772528,0.4440548624046504,0.332230117078027,0.47402755476774283,0.8321229969010209,0.8468894588224816,0.8387428802071195,0.8504142472238252,0.9263052913275632,1.0659851937204543,0.17327785290963338,0.18350803344262043
HuggingFaceTB/SmolLM3-3B,ca,Film,264,0.22616212645086572,0.4673224659006064,0.40004761884165124,0.5107638006403116,0.7959270358762958,0.820482320180445,0.8069741649158073,0.8068594353442843,0.9159331637801547,1.4437579465694748,0.49908830208194294,0.18217757601780712
HuggingFaceTB/SmolLM3-3B,ca,Food,46,0.16396077751142082,0.3315465803925716,0.3268376211715167,0.4377411132817243,0.7770855452703394,0.7913561411525892,0.7839831334093342,0.8289822145648624,0.931200350108354,1.1251531756256292,0.1643886508078625,0.17686641718428114
HuggingFaceTB/SmolLM3-3B,ca,MeanOfTransportation,58,0.20739392136283,0.4997252989545271,0.4628258019664504,0.5193042736663053,0.8268361790426846,0.8590630919768892,0.8421606102894093,0.8643934346478561,0.9243570936137232,1.204724003911835,0.24182003561567164,0.18645039390847512
HuggingFaceTB/SmolLM3-3B,ca,Monument,46,0.20358529129130046,0.4452629744227742,0.4071614685670822,0.5524323530892236,0.8345783961855847,0.8337790434775145,0.8339724553667981,0.9091124288413835,0.9387598918831866,1.0440350159164546,0.1302476085762711,0.2153172241139435
HuggingFaceTB/SmolLM3-3B,ca,MusicalWork,290,0.23215981803621177,0.46542242071793544,0.4391884536683049,0.5127903448881256,0.8101945722925252,0.8384388761273746,0.8237010485139387,0.8574828185911836,0.9196824193000793,1.268315827800864,0.3119020896556892,0.2288454541382449
HuggingFaceTB/SmolLM3-3B,ca,Politician,29,0.2521115752846143,0.4051709742872205,0.4074576523363471,0.5366061810234238,0.8250492461796465,0.8359564686643666,0.8302691907718264,0.8567507020358381,0.9209261454384903,1.1088060076904975,0.13109623234400708,0.25094327771863484
HuggingFaceTB/SmolLM3-3B,ca,Scientist,259,0.22591305069664236,0.5027525774644408,0.4173154387550217,0.5421183553672045,0.8518980780623594,0.8595413747441354,0.8553887780568774,0.8637306048142864,0.9246111132463433,1.0271504283412243,0.1430401878384385,0.21609294612458002
HuggingFaceTB/SmolLM3-3B,ca,SportsTeam,44,0.21863872586675734,0.39258944741976093,0.39405853031485594,0.4914929194535824,0.8185600990598852,0.8033118735660206,0.8106938939202916,0.8954136764461343,0.9258292100646279,1.0024864607687443,0.10668745243551242,0.22640933601612495
HuggingFaceTB/SmolLM3-3B,ca,University,90,0.4325947940112354,0.6060647187218994,0.5990897329097696,0.6909487317100068,0.8921572870678371,0.9039490924941169,0.8977043065759871,0.929774307542377,0.9410508314768473,1.1069903356307562,0.1706933598508159,0.45443069559321947
HuggingFaceTB/SmolLM3-3B,ca,WrittenWork,43,0.38491335366086665,0.5358464010171498,0.5095919317367403,0.5470385704128482,0.8503680908402731,0.8669664277586826,0.8582953103753024,0.8644464916961138,0.9188610176707424,1.1171348961995227,0.1627801373406195,0.4024059610558367
HuggingFaceTB/SmolLM3-3B,en,Airport,95,0.5021795272718982,0.6309084393492166,0.6629825742691842,0.7177130128438235,0.8849141277764973,0.9002121661838732,0.8923945935148941,0.9324746834604364,0.9236784891078347,1.0344037141445983,0.06821779458380059,0.4978829033788822
HuggingFaceTB/SmolLM3-3B,en,Artist,109,0.45303021692913625,0.6864707993179758,0.6631555369997171,0.6998962001909504,0.9046279038857976,0.9138506115029711,0.9091000644438857,0.9282864917308913,0.9069505087826231,1.0326708568704388,0.07596970525396421,0.44362010091727255
HuggingFaceTB/SmolLM3-3B,en,Astronaut,82,0.5075399662055473,0.6782134006348778,0.6489502337740134,0.6746468569910368,0.9042219861251551,0.9019183058564256,0.9028870950384837,0.9359531206328694,0.9114103884231753,0.9855961119607037,0.06632518927640249,0.5106235509694532
HuggingFaceTB/SmolLM3-3B,en,Athlete,50,0.44301847103807374,0.6533609878090851,0.627907222137085,0.6579100570648451,0.8918570852279664,0.8895890295505524,0.8904639554023742,0.9216475021839142,0.9170536494255066,1.003040127570371,0.07211246274525301,0.4567264410176082
HuggingFaceTB/SmolLM3-3B,en,Building,46,0.4371918387329824,0.5409748509730342,0.594151013771055,0.6315103414759915,0.8585481565931569,0.8555418188157289,0.8568927205127218,0.914173617311146,0.9355834735476453,1.025585126243653,0.07372278150345343,0.4518375682970888
HuggingFaceTB/SmolLM3-3B,en,CelestialBody,49,0.5008277722783541,0.6128329287184631,0.6744149696740629,0.7054619593521252,0.8603571993964059,0.8766433803402648,0.86838890703357,0.9279053600466981,0.9305713298369427,1.0108201197590188,0.0405370676769369,0.4816340715445795
HuggingFaceTB/SmolLM3-3B,en,City,83,0.3736623257233367,0.5936101647902454,0.5947072346817395,0.6413824124144321,0.8663545688950872,0.8777251832456474,0.8718433933085706,0.9167249741324459,0.9176019674324127,1.0509714634787428,0.10673098749759853,0.379390085115974
HuggingFaceTB/SmolLM3-3B,en,ComicsCharacter,30,0.3072439594364413,0.5100912747932823,0.5131593513652619,0.5745419052031459,0.847301858663559,0.8469273964564006,0.847025599082311,0.8848761876424154,0.9156772216161092,0.9725535681969391,0.05278755077925774,0.323084401038034
HuggingFaceTB/SmolLM3-3B,en,Company,66,0.4371785375674025,0.6454583041417453,0.6265381079498241,0.6749576976298741,0.8948058386643728,0.8996020781271385,0.8969113826751709,0.9158658502679883,0.9187467793623606,1.0196494659116229,0.0723584640778238,0.43614261550400857
HuggingFaceTB/SmolLM3-3B,en,Film,264,0.48360958666087567,0.6702618404718373,0.650779602573461,0.6950581167117829,0.888038611095963,0.8926875835115259,0.8901316747069359,0.8977223557956291,0.9190895699641921,0.9838191350221577,0.06719671468822289,0.46431688200196974
HuggingFaceTB/SmolLM3-3B,en,Food,46,0.2746266017987597,0.4645061677009559,0.44728635203401707,0.5453766512280314,0.8359723337318586,0.8413160676541536,0.8385364698327106,0.8929274548654971,0.9324783073819202,1.0333013666148532,0.07682901415837874,0.3025424343801234
HuggingFaceTB/SmolLM3-3B,en,MeanOfTransportation,58,0.42930705993142615,0.6434416721144792,0.66479270178272,0.6924607147155153,0.9037430368620774,0.9098716522085255,0.9066157392386732,0.9204819510722982,0.9093865721390165,1.0406172867647394,0.08198235720523753,0.4394441696344122
HuggingFaceTB/SmolLM3-3B,en,Monument,46,0.5098901885519888,0.6073399187291554,0.6167526449388441,0.7186487451600108,0.8616302376208098,0.8519814144010129,0.8566696488338968,0.9274144742799841,0.9413074851036072,1.0076909532873322,0.09211018421043782,0.5056423197508004
HuggingFaceTB/SmolLM3-3B,en,MusicalWork,290,0.3630421612439939,0.6047313487993451,0.5912515077042199,0.6354364346160772,0.8637360235740399,0.876796241464286,0.8699396692473312,0.8962370551865676,0.9160867025112284,1.0253345262165776,0.11008188924736248,0.37943774291871596
HuggingFaceTB/SmolLM3-3B,en,Politician,29,0.5487197920692728,0.5653008872323412,0.648130261190674,0.7127742436207032,0.892990977599703,0.8895758842599804,0.8911866874530397,0.9205092602762682,0.9180297337729355,1.0168146703975798,0.06089028827274023,0.5705107108723945
HuggingFaceTB/SmolLM3-3B,en,Scientist,259,0.48563256830712676,0.6685762527115376,0.6479452766021131,0.6847472163958311,0.9018520991314332,0.9032410479880668,0.9023900402558817,0.917229850089688,0.9063771571892109,0.9869301003181566,0.07316514322799973,0.4715465948730917
HuggingFaceTB/SmolLM3-3B,en,SportsTeam,44,0.3883018415693712,0.5443199347911387,0.6196228674816092,0.6879681302166825,0.8624036515300925,0.876471531662074,0.8692628050392325,0.9394329962405291,0.9307527271184054,1.1279285633085898,0.14790917007976145,0.3757144255242559
HuggingFaceTB/SmolLM3-3B,en,University,90,0.5566735089870185,0.6555096178977889,0.7168867702757893,0.7850548908497076,0.9097286542256673,0.920199187596639,0.9147090587351058,0.95854668352339,0.9293389783965217,1.0318826864978927,0.06505543428649357,0.603251126074966
HuggingFaceTB/SmolLM3-3B,en,WrittenWork,43,0.5839274709780888,0.6878990880472394,0.6899826942429267,0.7372556569403877,0.9007446682730387,0.9126659229744313,0.9065022011135899,0.9267864407495011,0.9066539254299429,1.0370962491984903,0.07577705844542776,0.588565769390887
HuggingFaceTB/SmolLM3-3B,en_bt,Airport,95,0.43784131252577085,0.6003713790617873,0.6236534131602923,0.6650681350110393,0.875868400774504,0.8916137839618482,0.8835445893438238,0.9212056423488416,0.92178820559853,1.031580094597719,0.06790040142969789,0.4568873944161127
HuggingFaceTB/SmolLM3-3B,en_bt,Artist,109,0.44010146715915033,0.6754560208726331,0.6621163860112673,0.7008278495460731,0.9038584609644129,0.9187627123036516,0.9111149486051787,0.9270684445669891,0.9064056900663113,1.040218253265688,0.08124539004889289,0.43621382576587775
HuggingFaceTB/SmolLM3-3B,en_bt,Astronaut,82,0.496928339210584,0.6879728557764311,0.6516461932458678,0.6708228926611113,0.8998866553713636,0.9040724671468502,0.901803351757003,0.9334791804232249,0.9104142312596484,0.9821436912026477,0.07608990455180363,0.483293178919028
HuggingFaceTB/SmolLM3-3B,en_bt,Athlete,50,0.45309530626385347,0.6613487476668162,0.6525296119300817,0.6787702628079982,0.8917494237422943,0.9004559445381165,0.8958964967727661,0.9255646598339081,0.917051465511322,1.0265659561521254,0.09331031169024319,0.46293353559727046
HuggingFaceTB/SmolLM3-3B,en_bt,Building,46,0.46021540248212034,0.55142358978079,0.5942780360101597,0.6449143189837662,0.8615835645924443,0.8617739845877108,0.8615258672963018,0.9204552147699439,0.9362117272356282,1.012619298896104,0.08493543740573004,0.4718907467707665
HuggingFaceTB/SmolLM3-3B,en_bt,CelestialBody,49,0.5229399437332647,0.6221282624724008,0.6986955599294906,0.7210384716588222,0.8606810435956839,0.8798845142734294,0.8701288018907819,0.9271479334150042,0.9299967471434145,1.0152240716351977,0.05066879599960768,0.511774815837507
HuggingFaceTB/SmolLM3-3B,en_bt,City,83,0.36999677225456806,0.575658695398154,0.5815407789715951,0.6244671239258425,0.8615969950894276,0.8703925049448588,0.8658128064799021,0.9150919806526367,0.9162326067327017,1.0541639458599805,0.12419938191477331,0.37673198558404436
HuggingFaceTB/SmolLM3-3B,en_bt,ComicsCharacter,30,0.31884904404565206,0.5102204405640337,0.5208842471563248,0.5720692085357696,0.8422281344731649,0.8485365509986877,0.8452600042025248,0.8763167977333068,0.9181786954402924,1.0047653138380876,0.05506704877558403,0.3352125428318226
HuggingFaceTB/SmolLM3-3B,en_bt,Company,66,0.45237483940616613,0.6457977521624267,0.6419054347140476,0.6752483745892478,0.8928123622229605,0.9033207125736006,0.8977167660539801,0.9185850042285342,0.9182666413711779,1.032660810188002,0.07308509946334425,0.43641291601258153
HuggingFaceTB/SmolLM3-3B,en_bt,Film,264,0.48663929830816705,0.6748358918981225,0.6554361339565642,0.7011395729936175,0.8865961109598478,0.8945677485881429,0.8903337647065972,0.894911166844946,0.9188717104720346,1.0005989015813335,0.0751518091192153,0.4697357675543739
HuggingFaceTB/SmolLM3-3B,en_bt,Food,46,0.2762938073516804,0.46144447613023865,0.4529778135795457,0.5510309829198776,0.8332244300323984,0.8429519767346589,0.8378969301348147,0.8909446091755576,0.9302226939926976,1.0650994997545558,0.10205551643258678,0.2865892510602262
HuggingFaceTB/SmolLM3-3B,en_bt,MeanOfTransportation,58,0.40050636699772635,0.6277068637858165,0.6459937785150921,0.6689536309704588,0.8963256005583138,0.9010348237794021,0.8984557318276373,0.913109441255701,0.9069029267491966,1.0623402174939005,0.11046261211097082,0.41833692332415723
HuggingFaceTB/SmolLM3-3B,en_bt,Monument,46,0.5264444682908116,0.6081889071751349,0.6277432273327436,0.729466654436133,0.8622397365777389,0.865755839192349,0.8637847226598988,0.9287319183349609,0.9399855240531589,1.0248277631350016,0.0805963055380023,0.5245489326543692
HuggingFaceTB/SmolLM3-3B,en_bt,MusicalWork,290,0.33934732825358854,0.5936454537064916,0.5801707617153689,0.613607584772063,0.8601287720532252,0.8736788172146369,0.8665529347699265,0.8936441783247323,0.9147044728542196,1.041093275816738,0.11589007209656453,0.3595939896334347
HuggingFaceTB/SmolLM3-3B,en_bt,Politician,29,0.5606394442665428,0.5839059128018952,0.692896238783503,0.7298241915049918,0.8870487315901394,0.8949148469957812,0.8908973192346508,0.9218038896034504,0.9180750271369671,1.0604723551904656,0.07036420285239477,0.5709725547551819
HuggingFaceTB/SmolLM3-3B,en_bt,Scientist,259,0.4683747297717091,0.6665252271388145,0.6408973701370033,0.6774641218916917,0.9015697512387308,0.9042870054834138,0.9027466601386493,0.9162491184864265,0.905525402442829,0.9937172809410669,0.07492226586356635,0.44590247627385543
HuggingFaceTB/SmolLM3-3B,en_bt,SportsTeam,44,0.43247142708142106,0.5647506658446283,0.641250554848802,0.7042908661325679,0.8705798522992567,0.8814114101908423,0.8758459741419012,0.9443019669164311,0.9340398067777808,1.1156864287914412,0.1325327139067943,0.4097907555044582
HuggingFaceTB/SmolLM3-3B,en_bt,University,90,0.5960281711073873,0.690884278851914,0.7449784655567326,0.7966446034488245,0.9227404170566135,0.9302881764041053,0.9263002898957994,0.9655659609370761,0.9278382705317603,1.0252993591690733,0.06749837550417474,0.5836316923381523
HuggingFaceTB/SmolLM3-3B,en_bt,WrittenWork,43,0.5748141944689745,0.689196709004127,0.6918643010739612,0.7277567625137862,0.9002817079078319,0.9141918711884077,0.9070371042850406,0.9204628966575445,0.9068294389303341,1.0325880579005071,0.08431805848226087,0.5868383168713037
HuggingFaceTB/SmolLM3-3B,es,Airport,95,0.37191672892369954,0.5895760779714793,0.5620175767055318,0.6384074148932617,0.8706461661740353,0.8803816431447079,0.8752845168113709,0.9276080056240684,0.9305657706762615,1.0587255834875031,0.13631386130988862,0.39706912488083135
HuggingFaceTB/SmolLM3-3B,es,Artist,109,0.37093846832047567,0.6177052636553965,0.5399119296512164,0.6372874243453873,0.8820648176954426,0.8958091210881505,0.8885962033490522,0.904258964805428,0.929065901751912,1.1072376496432639,0.15258119122170022,0.40585614783726703
HuggingFaceTB/SmolLM3-3B,es,Astronaut,82,0.4285448917002437,0.6301714913177089,0.5460443935230359,0.6285758078740123,0.8874520288734902,0.8955998980417484,0.8912035459425391,0.9171283608529626,0.9201676605678186,1.0390756593605097,0.12273283995996859,0.47234978662314875
HuggingFaceTB/SmolLM3-3B,es,Athlete,50,0.33770343305778594,0.5957490078719507,0.49710574729047574,0.5926379547546439,0.8726024496555328,0.8824520385265351,0.8771759235858917,0.902173490524292,0.9306084823608398,1.0570680544011204,0.17241733622664437,0.37433856112982616
HuggingFaceTB/SmolLM3-3B,es,Building,46,0.3397716067621006,0.4546908414378582,0.41564335259547375,0.5098258878647356,0.8395022814688475,0.8359477157178132,0.8375622345053632,0.8911426883676777,0.9288613472295844,0.9718479802831383,0.06938423087749128,0.35815972307236377
HuggingFaceTB/SmolLM3-3B,es,CelestialBody,49,0.3217550954192424,0.5321498782678529,0.478995827226916,0.5761118863111752,0.8244447440517192,0.8456970489754969,0.8347921322803108,0.8872295472086692,0.9171359867465739,1.046079741406873,0.08848710807377713,0.3366995791989716
HuggingFaceTB/SmolLM3-3B,es,City,83,0.30413964724850034,0.5386244861674351,0.4607876845448337,0.5612478951020935,0.835692272128829,0.8568726354334728,0.8456669277455433,0.9019692525806198,0.9229363475937441,1.0883898433009864,0.15428094127295788,0.3175849489212656
HuggingFaceTB/SmolLM3-3B,es,ComicsCharacter,30,0.48834586568665056,0.5367997983936843,0.5552445603666479,0.6469057825930342,0.880436235666275,0.8663491368293762,0.8732600669066112,0.8993853310743968,0.9300596117973328,0.9460464064871051,0.08383642831770503,0.48699626877329416
HuggingFaceTB/SmolLM3-3B,es,Company,66,0.2773407227694411,0.4788674665224112,0.4186043979979244,0.5199210909822028,0.8383937947677843,0.8567255654118278,0.8469154906995369,0.8683339528965227,0.9250154531363285,1.0829845362568429,0.21247167875548814,0.31446266310441673
HuggingFaceTB/SmolLM3-3B,es,Film,264,0.3078759133258278,0.4595705677359096,0.419130255900473,0.5420674732435732,0.8261611958344778,0.8367012237960642,0.8308052377718868,0.8334040734352488,0.8955775174227628,1.1580413032467298,0.22249644982688713,0.31851411371838156
HuggingFaceTB/SmolLM3-3B,es,Food,46,0.25005618333866286,0.4512493704132423,0.41027201631303994,0.5138197018297183,0.8225408870240917,0.828985307527625,0.8256226285644199,0.8994408353515293,0.939296551372694,1.0289855515116129,0.0943535648420778,0.2765948477034989
HuggingFaceTB/SmolLM3-3B,es,MeanOfTransportation,58,0.36509589941104414,0.6008407732715857,0.5450584285806352,0.6301925509182967,0.8785902796120479,0.8851585244310314,0.88146304673162,0.9046576331401693,0.9286290119434225,1.1138688391084914,0.18435210011598738,0.40188078907380353
HuggingFaceTB/SmolLM3-3B,es,Monument,46,0.420906848913002,0.6207129059432667,0.6336084085123196,0.6300826380652306,0.8712527531644573,0.8564360478649968,0.8636660640654357,0.9319164247616477,0.9338222444057465,0.9702624217984723,0.08084404485779827,0.4284495093403994
HuggingFaceTB/SmolLM3-3B,es,MusicalWork,290,0.25212677841866377,0.5343653757420581,0.43993705780675363,0.5436600194564711,0.8307528528673895,0.8549057828968969,0.8423498542144381,0.8728455249605508,0.9227083469259327,1.0820462410515546,0.15032808982427479,0.27101853831917255
HuggingFaceTB/SmolLM3-3B,es,Politician,29,0.40817575532210687,0.514373726811641,0.49280317325385936,0.6014580992546688,0.8664506201086373,0.8656636188770163,0.865799264661197,0.9070550634943205,0.9269645029100878,0.9351373202854496,0.09624754651685313,0.4182254487445997
HuggingFaceTB/SmolLM3-3B,es,Scientist,259,0.36596239710831774,0.5891573072723071,0.5113950690780475,0.6245058469186533,0.8741023871889446,0.8812973844498742,0.8771445235690555,0.8808764585196742,0.9238652547814211,1.0494762029578664,0.16776195678346562,0.4115943889607325
HuggingFaceTB/SmolLM3-3B,es,SportsTeam,44,0.21895131962606448,0.4317799605903371,0.3990183930581297,0.5573721844569414,0.8425502899018201,0.8591814555905082,0.85060070048679,0.9190920889377594,0.9288427585905249,1.0653344870462762,0.1500242527504028,0.251558320189849
HuggingFaceTB/SmolLM3-3B,es,University,90,0.41727191411753867,0.5729805026082881,0.5684559980994541,0.6658595477272804,0.889833676815033,0.9009649826420678,0.8951655785242717,0.9407374362150828,0.9347709874312083,1.0153973746925204,0.09462541670135784,0.4744605428919401
HuggingFaceTB/SmolLM3-3B,es,WrittenWork,43,0.4073596491266498,0.561208687145601,0.5681430391160678,0.6097606626657925,0.8527721624041713,0.8824753497922143,0.8664888046508612,0.8773985352627066,0.9203033766081167,1.1953652245685902,0.27439817081899426,0.4516378128719117
HuggingFaceTB__SmolLM3-3B__CA-silver-filtered__CA-silver-filtered,ca,Airport,95,0.25057053905873156,0.43802574465339716,0.4261628812444835,0.5280058137996684,0.797268521785736,0.8335075485078912,0.813909829917707,0.8264054185465762,0.9227737627531353,1.6296185325713335,0.688413213295302,0.16605857633003673
HuggingFaceTB__SmolLM3-3B__CA-silver-filtered__CA-silver-filtered,ca,Artist,109,0.3074867124687137,0.5078897810986325,0.5573214896913646,0.5827656517155849,0.8025889139656627,0.8423016979060042,0.8207540446465168,0.8289991223484005,0.928738523513899,1.7899744470535899,0.8403267407186996,0.228254318750649
HuggingFaceTB__SmolLM3-3B__CA-silver-filtered__CA-silver-filtered,ca,Astronaut,82,0.4661060140099181,0.5681398441124844,0.6276766851390075,0.6379192270936176,0.8070004865890597,0.8564623637897212,0.829469472896762,0.8285949771724096,0.9267179791520281,2.1318194380541344,1.1500539978343054,0.32798184997307944
HuggingFaceTB__SmolLM3-3B__CA-silver-filtered__CA-silver-filtered,ca,Athlete,50,0.45496268220876923,0.5613649962804688,0.5996762021245358,0.6654897972498678,0.8598390507698059,0.871225311756134,0.8647468030452728,0.8889421045780181,0.9394219386577606,1.2437552162694336,0.2880598888595631,0.36118224806613564
HuggingFaceTB__SmolLM3-3B__CA-silver-filtered__CA-silver-filtered,ca,Building,46,0.5556037923787889,0.5638825709115183,0.660024044138473,0.7053277328559325,0.8703091701735621,0.8774655901867411,0.8736859015796495,0.9226529248382734,0.9405764743037845,1.0148838529792343,0.05733214583466105,0.579649691524589
HuggingFaceTB__SmolLM3-3B__CA-silver-filtered__CA-silver-filtered,ca,CelestialBody,49,0.3338246449808784,0.510440000947068,0.5865378738442603,0.645316999232666,0.8143222830733474,0.8576733469963074,0.8350416129949142,0.8761898412996408,0.924407822745187,1.3881812296031628,0.3998539000928105,0.3113274384220051
HuggingFaceTB__SmolLM3-3B__CA-silver-filtered__CA-silver-filtered,ca,City,83,0.23298857241255982,0.4107679173788632,0.40502402640789886,0.47256827686704667,0.7986552018717111,0.8136696312800947,0.80542577462024,0.8342718622052526,0.9158379141106663,1.424546242796822,0.5094942422879561,0.20497640782956483
HuggingFaceTB__SmolLM3-3B__CA-silver-filtered__CA-silver-filtered,ca,ComicsCharacter,30,0.4055888158937835,0.5129339572434433,0.5542577196610371,0.6094506876536274,0.8551189283529917,0.8549773494402567,0.8549272954463959,0.8824133753776551,0.9372240960597992,1.0090484101887969,0.06158106190446357,0.4252952752302324
HuggingFaceTB__SmolLM3-3B__CA-silver-filtered__CA-silver-filtered,ca,Company,66,0.36723004803683856,0.4947801630217008,0.5480633371803656,0.5953346192202873,0.819309550704378,0.8509008053577307,0.8338961664474371,0.8479219702157107,0.9322517098802509,1.7364131197881159,0.7672137817184375,0.26501266663325945
HuggingFaceTB__SmolLM3-3B__CA-silver-filtered__CA-silver-filtered,ca,Film,264,0.2655742753521304,0.4321607548632043,0.4729348800623479,0.524753621003706,0.7939213573029547,0.8223258015332799,0.8071298043836247,0.8040784670773781,0.9182134631908301,1.4513085366887135,0.4835378981576751,0.21553236283872518
HuggingFaceTB__SmolLM3-3B__CA-silver-filtered__CA-silver-filtered,ca,Food,46,0.3943007477204906,0.47781028278006193,0.5096135298398802,0.5526478313453506,0.8422722298166027,0.8350856330083765,0.8384109916894332,0.8875469228495723,0.9432542181533315,1.0881406191659522,0.17091912122736383,0.41336405108847446
HuggingFaceTB__SmolLM3-3B__CA-silver-filtered__CA-silver-filtered,ca,MeanOfTransportation,58,0.28969815187352255,0.4841240182003694,0.5294421090198008,0.5543184674367143,0.84157185718931,0.8506147542904163,0.8454967428897989,0.8508685667966974,0.93210434708102,1.54835807569032,0.605332374121073,0.2713825644035579
HuggingFaceTB__SmolLM3-3B__CA-silver-filtered__CA-silver-filtered,ca,Monument,46,0.3247067745483673,0.4586271926763315,0.480389565334921,0.5920053553900255,0.821666472631952,0.8450997718002485,0.8327642316403596,0.8898654256177985,0.9388885290726371,1.3434763749940695,0.3947327016942073,0.28789938578496904
HuggingFaceTB__SmolLM3-3B__CA-silver-filtered__CA-silver-filtered,ca,MusicalWork,290,0.2258810572228219,0.4101450219893813,0.44205861310847455,0.488978242827154,0.8080837019558611,0.8265673150276316,0.8167151144866286,0.8468680498928859,0.9176684110329069,1.3530576745242495,0.4076121355624657,0.2139923278444096
HuggingFaceTB__SmolLM3-3B__CA-silver-filtered__CA-silver-filtered,ca,Politician,29,0.42627655408262066,0.47612272682881457,0.5965023064853001,0.644848940679121,0.8155134710772284,0.8421121897368595,0.8277803926632322,0.8506677335706251,0.9317440246713573,1.5755481661008996,0.611651921402627,0.37650610860807154
HuggingFaceTB__SmolLM3-3B__CA-silver-filtered__CA-silver-filtered,ca,Scientist,259,0.26298942251691015,0.43377658431332033,0.4779786350219478,0.5223330609502935,0.7785083939209868,0.8258507569324096,0.7998032148740466,0.7906977716099801,0.9194956757847407,2.001586846481355,1.0778504332450518,0.16375462258837256
HuggingFaceTB__SmolLM3-3B__CA-silver-filtered__CA-silver-filtered,ca,SportsTeam,44,0.3808063776093215,0.47189732681502006,0.5635843058030751,0.6603039229808706,0.8618205460635099,0.8629119545221329,0.8622511327266693,0.9261123605749824,0.9365356672893871,0.9774111195381359,0.0821782585457661,0.4080339709313741
HuggingFaceTB__SmolLM3-3B__CA-silver-filtered__CA-silver-filtered,ca,University,90,0.38938422585628363,0.47627695954841504,0.5368794740860794,0.6171139493094676,0.825433576769299,0.8514556560251448,0.8370430555608538,0.8601363917191823,0.9336889260345035,1.8482252847104153,0.8780158211309885,0.35289451148454876
HuggingFaceTB__SmolLM3-3B__CA-silver-filtered__CA-silver-filtered,ca,WrittenWork,43,0.2941247103346337,0.410011664242193,0.4431482140344455,0.46703558674685014,0.7988312105799831,0.8092429637908936,0.8035441359808279,0.815950216248978,0.9056863119435865,1.251386273400931,0.2954680175442638,0.26239026656430364
HuggingFaceTB__SmolLM3-3B__CA-silver-filtered__CA-silver-filtered,en,Airport,95,0.10456729937299186,0.2579896636635228,0.43335042580669597,0.43511198957693353,0.6457262741891961,0.7848985922963996,0.7082392956081189,0.6765705707826113,0.9126377933903744,4.5598799673701835,3.559879967370183,0.1068325854646669
HuggingFaceTB__SmolLM3-3B__CA-silver-filtered__CA-silver-filtered,en,Artist,109,0.08281367604121513,0.2095511358248101,0.387778458608665,0.3695125127203069,0.6168905064600323,0.7725482473679639,0.685409371459156,0.6428261568786902,0.9054222626423617,6.0946611119925524,5.095253003084592,0.08592384717112349
HuggingFaceTB__SmolLM3-3B__CA-silver-filtered__CA-silver-filtered,en,Astronaut,82,0.1107915725246553,0.2558254141712026,0.44364457033095767,0.39243657140375104,0.6268420510175752,0.784138361855251,0.6962663240549041,0.6667350374343919,0.9017576226373998,5.2695603861667974,4.2695603861667974,0.11448006083249523
HuggingFaceTB__SmolLM3-3B__CA-silver-filtered__CA-silver-filtered,en,Athlete,50,0.10166484543715405,0.28303212451273246,0.37708109262641754,0.3946866632559247,0.6843141746520996,0.8027442908287048,0.7373145246505737,0.6870664989948273,0.911348090171814,3.929853617184353,2.9370926845507173,0.10205925809500985
HuggingFaceTB__SmolLM3-3B__CA-silver-filtered__CA-silver-filtered,en,Building,46,0.19024737200513325,0.3244536890796826,0.521679440239155,0.5041048536692162,0.6666343821131665,0.8042223621969637,0.7287583545498226,0.7279027519018754,0.9234995388466379,3.0676869885270306,2.06768698852703,0.19123550940147083
HuggingFaceTB__SmolLM3-3B__CA-silver-filtered__CA-silver-filtered,en,CelestialBody,49,0.12578255268019037,0.2681530997297239,0.4575015370360157,0.46432539193215916,0.6498898632672369,0.799603808899315,0.7163917677743095,0.7293285119290255,0.9169389715000075,4.253176046561014,3.253176046561013,0.12416785227263034
HuggingFaceTB__SmolLM3-3B__CA-silver-filtered__CA-silver-filtered,en,City,83,0.07907183934914892,0.22772846540598604,0.39529192111430544,0.3768068786177212,0.6219480418297182,0.7497708316308906,0.6795061036764857,0.6420325665588839,0.9024955824197057,5.825220281378661,4.8252202813786615,0.08255920667490775
HuggingFaceTB__SmolLM3-3B__CA-silver-filtered__CA-silver-filtered,en,ComicsCharacter,30,0.10326241317245889,0.23085137080663926,0.4412297658502674,0.40631686525903493,0.6418198764324188,0.7750084082285563,0.7016234993934631,0.69114164908727,0.919244921207428,4.430721729597201,3.4307217295972006,0.10581509512379828
HuggingFaceTB__SmolLM3-3B__CA-silver-filtered__CA-silver-filtered,en,Company,66,0.10054365293210656,0.21171048852129415,0.39698870004701325,0.3759608610809905,0.6242154701189562,0.773033697496761,0.6902910434838497,0.6508045530680454,0.9049143511237521,6.364064791534442,5.364064791534442,0.10289587989073003
HuggingFaceTB__SmolLM3-3B__CA-silver-filtered__CA-silver-filtered,en,Film,264,0.09263938826584131,0.21807827310697422,0.3891873478410076,0.36970810966064277,0.6275821815837513,0.7708885209126906,0.6912270377982747,0.6473745543396834,0.9090387572844824,5.988697039044729,4.990675809219701,0.08966496569813705
HuggingFaceTB__SmolLM3-3B__CA-silver-filtered__CA-silver-filtered,en,Food,46,0.0964228495928698,0.20683870194234635,0.3590681484370689,0.38224858194795863,0.6352920830249786,0.7436362310596134,0.6849904876688252,0.699090311060781,0.916838166506394,4.40289710691802,3.40289710691802,0.09834992121103157
HuggingFaceTB__SmolLM3-3B__CA-silver-filtered__CA-silver-filtered,en,MeanOfTransportation,58,0.08031337639421307,0.2110755764765138,0.4209865274850368,0.3692556998418677,0.6206103378328783,0.7715098611239729,0.6875128684372738,0.6241759133749994,0.9081722117703537,6.464476625715506,5.464476625715506,0.08332114254308638
HuggingFaceTB__SmolLM3-3B__CA-silver-filtered__CA-silver-filtered,en,Monument,46,0.17679780989137517,0.3110534138300139,0.4960720345961803,0.5414436107176165,0.6627080919949905,0.7872237848198932,0.7192678386750428,0.7439392234968103,0.9220635813215504,2.88800100924819,1.8880010092481896,0.17871429437425523
HuggingFaceTB__SmolLM3-3B__CA-silver-filtered__CA-silver-filtered,en,MusicalWork,290,0.09803846972189426,0.24795455392380716,0.4233934709632121,0.3904986407148111,0.6352633513253311,0.7687955369209422,0.6951482306266653,0.6893186094432041,0.9102959246471011,5.146487397682386,4.147675254191523,0.09974026765972237
HuggingFaceTB__SmolLM3-3B__CA-silver-filtered__CA-silver-filtered,en,Politician,29,0.14995917842457768,0.276452972916696,0.5034115050545417,0.46392628289273397,0.6547966948870955,0.7889824674047273,0.7154177201205286,0.7586139091129961,0.9088599455767664,3.9882322312369105,2.9882322312369105,0.1513728154999024
HuggingFaceTB__SmolLM3-3B__CA-silver-filtered__CA-silver-filtered,en,Scientist,259,0.08620113913972834,0.20503620439510223,0.3975234010440003,0.3670377065161376,0.6195630421969881,0.7639153533000284,0.6836306137467903,0.6585695784984869,0.9063330364043188,6.03996110957809,5.041615986796876,0.0873598826355067
HuggingFaceTB__SmolLM3-3B__CA-silver-filtered__CA-silver-filtered,en,SportsTeam,44,0.1588455773533498,0.3159379121873478,0.5154593065513259,0.5400431722722151,0.677992505106059,0.8071529228578914,0.7365064065564763,0.6545642099597238,0.9158228378404271,2.6402161236866104,1.6402161236866106,0.1575367961826605
HuggingFaceTB__SmolLM3-3B__CA-silver-filtered__CA-silver-filtered,en,University,90,0.18568584525195925,0.2952364889373052,0.49203287308338683,0.5010851407934835,0.6732054273287456,0.8152506510416667,0.7366020540396373,0.7210318681266573,0.9102462483776941,4.2893315751028975,3.289373583084414,0.18412434667666194
HuggingFaceTB__SmolLM3-3B__CA-silver-filtered__CA-silver-filtered,en,WrittenWork,43,0.1288513043812147,0.23207745890770393,0.4573907369430812,0.39386254520299835,0.6194820099098738,0.7859585382217584,0.6925800595172616,0.6779950884885566,0.907431559507237,6.5764122339376705,5.57641223393767,0.12993354893827724
HuggingFaceTB__SmolLM3-3B__CA-silver-filtered__CA-silver-filtered,en_bt,Airport,95,0.10202720917558272,0.24394347465370375,0.41762411007211836,0.41399856947058994,0.6433871294322767,0.7804087249856246,0.7049713197507357,0.6759363635590202,0.9091396570205689,4.593013032069575,3.5930130320695746,0.10484171845944262
HuggingFaceTB__SmolLM3-3B__CA-silver-filtered__CA-silver-filtered,en_bt,Artist,109,0.07339185787673026,0.2047259463960556,0.379125999005059,0.3607080014725106,0.6152675179166531,0.7714414941061527,0.6839727660931578,0.6385840500166656,0.9051710815604673,6.254998937404864,5.25520057063402,0.0763968435891772
HuggingFaceTB__SmolLM3-3B__CA-silver-filtered__CA-silver-filtered,en_bt,Astronaut,82,0.1117075542976856,0.2544110258285481,0.4574667885418692,0.3982304031831868,0.6272076797194597,0.7872223621461449,0.6976913468139928,0.6651914777552209,0.9010752279584001,5.290366251006887,4.290366251006887,0.11473871379043735
HuggingFaceTB__SmolLM3-3B__CA-silver-filtered__CA-silver-filtered,en_bt,Athlete,50,0.09872552533522087,0.283987416024324,0.38386324862468074,0.3936493591236261,0.6834222912788391,0.8028226149082184,0.7366943371295929,0.6853144609928131,0.9098372685909272,4.0143200710806015,3.024685387486412,0.09621178768504218
HuggingFaceTB__SmolLM3-3B__CA-silver-filtered__CA-silver-filtered,en_bt,Building,46,0.20933372848629497,0.32885454170558787,0.5627704810526274,0.5205951066644113,0.6682731470336085,0.8103583675363789,0.7322872890078503,0.7252426730549854,0.9244473913441533,3.1684208417576225,2.168420841757622,0.20990839981804835
HuggingFaceTB__SmolLM3-3B__CA-silver-filtered__CA-silver-filtered,en_bt,CelestialBody,49,0.1205750985149111,0.2645499345932456,0.44561739550724744,0.45652149182732993,0.6472733215409883,0.7984574692589896,0.7143382454405025,0.7283533057387994,0.9154845172045182,4.258811880595979,3.258811880595979,0.11953109999771944
HuggingFaceTB__SmolLM3-3B__CA-silver-filtered__CA-silver-filtered,en_bt,City,83,0.07662774624601854,0.22619818656839483,0.386280510992883,0.36783341532560176,0.6204688599310726,0.7440290307424154,0.6762403436453945,0.6450658968414169,0.9013553987066429,5.794314682639285,4.794314682639285,0.07958934723300044
HuggingFaceTB__SmolLM3-3B__CA-silver-filtered__CA-silver-filtered,en_bt,ComicsCharacter,30,0.10687102070844556,0.2299964103716165,0.44573090723305686,0.40379536836018476,0.640512212117513,0.7766401112079621,0.7013766308625539,0.681282122929891,0.91686758796374,4.4104100771243955,3.410410077124395,0.11025366527994246
HuggingFaceTB__SmolLM3-3B__CA-silver-filtered__CA-silver-filtered,en_bt,Company,66,0.09872089069832525,0.20890128761935306,0.3955105082902485,0.3714290741809079,0.6215707461039225,0.7733477823662035,0.6887992936553378,0.6485496736837156,0.9047420611887267,6.416372650757869,5.416372650757869,0.10107533087541178
HuggingFaceTB__SmolLM3-3B__CA-silver-filtered__CA-silver-filtered,en_bt,Film,264,0.09182754802406375,0.21616843976797329,0.38923178369381667,0.3668147619402447,0.6250784223278364,0.7703311158852144,0.6894832106702256,0.6394200466121688,0.9079586296822085,6.200163687300074,5.201183500819887,0.0887458002728445
HuggingFaceTB__SmolLM3-3B__CA-silver-filtered__CA-silver-filtered,en_bt,Food,46,0.09897519252741993,0.21181154445670655,0.37184415334280335,0.3842778295826453,0.6346042946628903,0.7455823447393335,0.6854293942451477,0.6976522958796957,0.9162270426750183,4.473671719733749,3.473671719733749,0.100590232361905
HuggingFaceTB__SmolLM3-3B__CA-silver-filtered__CA-silver-filtered,en_bt,MeanOfTransportation,58,0.08020462353944122,0.2086667221540057,0.41626190182585276,0.3666886255301243,0.6189464782846386,0.7686884413505423,0.6853866299678539,0.6224919393144804,0.9074083957178839,6.627012259152114,5.627012259152114,0.08312285528779478
HuggingFaceTB__SmolLM3-3B__CA-silver-filtered__CA-silver-filtered,en_bt,Monument,46,0.17952601168119015,0.311413491831414,0.4951228485793544,0.5480962119516617,0.6598960796128148,0.7957107437693555,0.7211116591225499,0.7377890115198882,0.9203663001889768,2.98814008257445,1.9881400825744502,0.18116155175654217
HuggingFaceTB__SmolLM3-3B__CA-silver-filtered__CA-silver-filtered,en_bt,MusicalWork,290,0.09548285939025637,0.24510067662995313,0.41987104851999535,0.3850759466237841,0.6334916295676396,0.7673251573381753,0.6934984092054696,0.6866249540756488,0.9089853743026997,5.226592623851794,4.228246208362522,0.09755825193297517
HuggingFaceTB__SmolLM3-3B__CA-silver-filtered__CA-silver-filtered,en_bt,Politician,29,0.15310163758232137,0.27895702221762697,0.5145137015239483,0.4713797832193551,0.6515609786428255,0.7892669172122561,0.7136041110959547,0.7561153481746542,0.9082465767860413,4.079488800128542,3.0794888001285416,0.1546434240094393
HuggingFaceTB__SmolLM3-3B__CA-silver-filtered__CA-silver-filtered,en_bt,Scientist,259,0.08105702295711827,0.19970088299409258,0.39027929957746865,0.35922309326657076,0.6172557804575298,0.7609346999164713,0.6810688760750082,0.6529247572063019,0.9053095155701214,6.2047439648806995,5.2059373660741,0.08196029121407519
HuggingFaceTB__SmolLM3-3B__CA-silver-filtered__CA-silver-filtered,en_bt,SportsTeam,44,0.18176742968634257,0.3309119484658928,0.5328241069417549,0.5521774869453923,0.678280002691529,0.8132088387554343,0.7391554740342227,0.6621213521469723,0.9163827462629839,2.6443563866222135,1.6443563866222135,0.18029376765979355
HuggingFaceTB__SmolLM3-3B__CA-silver-filtered__CA-silver-filtered,en_bt,University,90,0.1761982394183203,0.2960283501698518,0.49677968722430293,0.4969892584914602,0.6732875161700779,0.8192201892534892,0.738279812865787,0.7313016676240497,0.9087392787138621,4.388516587856969,3.3885165878569694,0.1739459421005926
HuggingFaceTB__SmolLM3-3B__CA-silver-filtered__CA-silver-filtered,en_bt,WrittenWork,43,0.13058452777357263,0.23481461467611248,0.44698786786239053,0.393549266761331,0.6179101869117382,0.7869417043619378,0.6919757751531379,0.6726372539997101,0.905980363834736,6.660927798241243,5.660927798241244,0.131655763876889
HuggingFaceTB__SmolLM3-3B__CA-silver-filtered__CA-silver-filtered,es,Airport,95,0.044137485512822316,0.1607401384445913,0.19101449915358368,0.30471205030102344,0.6369934295353137,0.7372870758960122,0.6832645391163074,0.6169509649276733,0.8925048401481227,3.5488908629276374,2.5488908629276374,0.04320286679662289
HuggingFaceTB__SmolLM3-3B__CA-silver-filtered__CA-silver-filtered,es,Artist,109,0.061587681393859776,0.2002045041162597,0.279593318221042,0.3334447078326604,0.6325068424601074,0.7491645134917093,0.6854757453323505,0.637576997006705,0.8988275719345162,4.471942094576531,3.476409324893734,0.057754960902879245
HuggingFaceTB__SmolLM3-3B__CA-silver-filtered__CA-silver-filtered,es,Astronaut,82,0.04302525247062984,0.161857856985885,0.20311132816324126,0.2884279886701991,0.6162533883641406,0.7473069778302821,0.6750532236041092,0.6117942594900364,0.8817519436522228,4.533996269106525,3.5339962691065248,0.043029114280073104
HuggingFaceTB__SmolLM3-3B__CA-silver-filtered__CA-silver-filtered,es,Athlete,50,0.21817955116901758,0.41612534235506055,0.4323312660833928,0.48715564556030116,0.7485084593296051,0.8084839189052582,0.7761773014068604,0.7705513018369675,0.9135717844963074,2.3786702925389114,1.413255495577345,0.12138742295663986
HuggingFaceTB__SmolLM3-3B__CA-silver-filtered__CA-silver-filtered,es,Building,46,0.17576977217911474,0.29426480724720955,0.36800119100238204,0.43552212380917,0.702717072289923,0.8029210917327715,0.7488505645938541,0.7186564893826194,0.9162314287994219,2.2335953748332233,1.2383115393057238,0.14491310070443617
HuggingFaceTB__SmolLM3-3B__CA-silver-filtered__CA-silver-filtered,es,CelestialBody,49,0.10648084553792964,0.3144515443733985,0.35947426753325123,0.44287409682855766,0.6718922452050813,0.7583513016603431,0.7114793402808053,0.7272899594842172,0.9016254994334006,3.106110614316251,2.106110614316251,0.10371439855716216
HuggingFaceTB__SmolLM3-3B__CA-silver-filtered__CA-silver-filtered,es,City,83,0.030765184484563585,0.12490525545936161,0.17923042188378951,0.24744484280518184,0.6129602768334997,0.7148716385106006,0.6596182800201048,0.5717878991580871,0.8774968967380294,4.94900215285123,3.94900215285123,0.029209993758136682
HuggingFaceTB__SmolLM3-3B__CA-silver-filtered__CA-silver-filtered,es,ComicsCharacter,30,0.12607511358991066,0.2963277252560164,0.40337130104590174,0.4489649264261371,0.6853591144084931,0.7693502088387807,0.7245831787586212,0.755503245194753,0.9129849294821422,2.709272156955785,1.7092721569557852,0.1315749088893539
HuggingFaceTB__SmolLM3-3B__CA-silver-filtered__CA-silver-filtered,es,Company,66,0.07157092245851514,0.19235695049045,0.274215470721436,0.3262484371966794,0.6325847940011458,0.7420169006694447,0.6824808355533716,0.6376092072689172,0.8931656389525442,4.513186810484319,3.513186810484319,0.05832852971071496
HuggingFaceTB__SmolLM3-3B__CA-silver-filtered__CA-silver-filtered,es,Film,264,0.06254350516278809,0.18869277076420995,0.26405452155211406,0.3197576808265771,0.6459300935719953,0.7457347731247093,0.6913857604518081,0.6489196611624776,0.8816610563433531,4.250037209732206,3.2569077037605916,0.05108088012103009
HuggingFaceTB__SmolLM3-3B__CA-silver-filtered__CA-silver-filtered,es,Food,46,0.062249628550574705,0.17803764302364278,0.25678336764130677,0.32891225858074596,0.6327643964601599,0.7168065905570984,0.6719831785430079,0.620480851634689,0.9026140920493914,3.4999256584381317,2.4999256584381317,0.06203901357565477
HuggingFaceTB__SmolLM3-3B__CA-silver-filtered__CA-silver-filtered,es,MeanOfTransportation,58,0.057180242626263006,0.19874285152620158,0.2747492976410598,0.31663553320207133,0.6389901062537884,0.7427947685636324,0.6862179955531811,0.6202328014990379,0.8972689478561796,4.896005061927585,3.896464832042527,0.04503943600889206
HuggingFaceTB__SmolLM3-3B__CA-silver-filtered__CA-silver-filtered,es,Monument,46,0.04798175791194407,0.14435502465396924,0.15379784519440373,0.3264871761447283,0.6535994734453119,0.7388819715251094,0.6933165659075198,0.6784594434758892,0.9080075284709102,2.3280033567872316,1.3360858540001634,0.04051977099070559
HuggingFaceTB__SmolLM3-3B__CA-silver-filtered__CA-silver-filtered,es,MusicalWork,290,0.07138889862275141,0.20708983262683825,0.28363288120743846,0.3311620411270408,0.6364317219832848,0.7509199567909899,0.6884718362627358,0.6563711530175702,0.8970599051179557,3.96787786003012,2.9704862370129472,0.06383636099773458
HuggingFaceTB__SmolLM3-3B__CA-silver-filtered__CA-silver-filtered,es,Politician,29,0.14477008156880627,0.29981188243770823,0.48002092513101735,0.47526777482287036,0.6936477463820885,0.7780286053131367,0.7330963056662987,0.7152358848473122,0.9116627923373518,2.8505685706589685,1.8505685706589687,0.1483909918850551
HuggingFaceTB__SmolLM3-3B__CA-silver-filtered__CA-silver-filtered,es,Scientist,259,0.06629389672619226,0.19412381206159537,0.27514445288328643,0.32899710976394736,0.6303030417002305,0.7427011528070369,0.6813305489805214,0.6328499205554314,0.8950076731475624,4.480844543224493,3.4808445432244937,0.05302013449841872
HuggingFaceTB__SmolLM3-3B__CA-silver-filtered__CA-silver-filtered,es,SportsTeam,44,0.09458258507578686,0.27008621857845816,0.34398992519450966,0.4734122519254429,0.6952759691260078,0.7743629569357092,0.732424259185791,0.7327690476720984,0.9011463780294765,2.1499331754342865,1.1499331754342867,0.09640168058293411
HuggingFaceTB__SmolLM3-3B__CA-silver-filtered__CA-silver-filtered,es,University,90,0.13130244465281285,0.2284233056233371,0.31264530141508196,0.39839961085454967,0.6703181134329902,0.7729357136620416,0.7174265967475043,0.6904157916704814,0.8869083940982818,3.366386940044225,2.3663869400442255,0.1272305253903437
HuggingFaceTB__SmolLM3-3B__CA-silver-filtered__CA-silver-filtered,es,WrittenWork,43,0.057338528578918434,0.12963208867039616,0.18559024169376573,0.23589057407322053,0.6105934894362162,0.7294618778450545,0.6643287802851477,0.6051086513108985,0.8725347615951715,5.783646011007993,4.783646011007993,0.05498332497345058
HuggingFaceTB__SmolLM3-3B__CA-silver__CA-silver,ca,Airport,95,0.39936729247037356,0.5928154730832235,0.5617496167146687,0.6377011358628702,0.8678864974724619,0.8697216291176645,0.8686701272663317,0.9092327713966369,0.9353501947302567,1.0003871359034684,0.07610361690812191,0.44721521023465427
HuggingFaceTB__SmolLM3-3B__CA-silver__CA-silver,ca,Artist,109,0.33589378651997925,0.5288298414126971,0.5462460342950897,0.6064639488843095,0.8300186253468925,0.8495138910932278,0.8392466930074429,0.8589654242226837,0.9336515588497897,1.1530738793935882,0.20707997263284517,0.36853844970001476
HuggingFaceTB__SmolLM3-3B__CA-silver__CA-silver,ca,Astronaut,82,0.5899412466791008,0.6755853466079098,0.7073629100885697,0.7266841942043987,0.8930163477979055,0.897587570475369,0.8949531287681766,0.9201570327689008,0.9406499462883647,1.030491830811003,0.09992355130533645,0.6126811911217601
HuggingFaceTB__SmolLM3-3B__CA-silver__CA-silver,ca,Athlete,50,0.523793945894511,0.622046563835147,0.6529664028057328,0.7146257883428838,0.8812255597114563,0.8870935273170472,0.8840459156036377,0.9142974138259887,0.9438278591632843,1.0624191088263601,0.09535421023069085,0.49067974165601236
HuggingFaceTB__SmolLM3-3B__CA-silver__CA-silver,ca,Building,46,0.5360424076335666,0.53743234286836,0.668724340550369,0.7054729268559329,0.8671987289967744,0.873591309008391,0.8702922398629396,0.9225643484488778,0.9445771549058997,1.0470521433326994,0.06907544801679047,0.5503790374187636
HuggingFaceTB__SmolLM3-3B__CA-silver__CA-silver,ca,CelestialBody,49,0.3314315631999864,0.5141630598304707,0.5731743858151119,0.6420705386662487,0.8221008826275261,0.8544261613670661,0.8375279137066433,0.8678174116173569,0.9245943646041714,1.3447657834720845,0.361569320468945,0.3112245944823654
HuggingFaceTB__SmolLM3-3B__CA-silver__CA-silver,ca,City,83,0.21314406431676283,0.4173013663246653,0.37959577932283917,0.4598283723319582,0.817760697330337,0.8193878079035196,0.8183614992233644,0.8584251985492477,0.9193750382905983,1.0035237028983233,0.10493261387739952,0.2528583777754581
HuggingFaceTB__SmolLM3-3B__CA-silver__CA-silver,ca,ComicsCharacter,30,0.4093563063645878,0.5103218009556961,0.5583760075265363,0.6213739595477725,0.8519087215264638,0.8572122017542522,0.8544180929660797,0.8827101488908132,0.9376411994298299,1.0320172589190373,0.06589182377398362,0.4175441953216317
HuggingFaceTB__SmolLM3-3B__CA-silver__CA-silver,ca,Company,66,0.42580429694319955,0.5386545807015619,0.5625877061599635,0.6430758910221813,0.8620756629741553,0.8727063464395928,0.8670984452421014,0.8852060301737352,0.9396990275744236,1.0487359259345899,0.09299664626651868,0.4626871335469924
HuggingFaceTB__SmolLM3-3B__CA-silver__CA-silver,ca,Film,264,0.25761931281499034,0.43443728875684445,0.46971804778369547,0.5216045804283721,0.8009513621077393,0.8204545024217982,0.810070184369882,0.8108795072996255,0.9214169653979215,1.25597635383432,0.3110078938348411,0.23684214024689795
HuggingFaceTB__SmolLM3-3B__CA-silver__CA-silver,ca,Food,46,0.36796336392025275,0.4644792565520414,0.48769149849521015,0.5489215195615755,0.8417947927246923,0.8330908301083938,0.8372083798698757,0.884383157543514,0.9426915477151456,1.0076711166703378,0.10517665544101988,0.40520803386389753
HuggingFaceTB__SmolLM3-3B__CA-silver__CA-silver,ca,MeanOfTransportation,58,0.2914804754193737,0.5210079536465908,0.5379822188325423,0.5759154792316976,0.862148777164262,0.8610463738441467,0.861271531417452,0.866110849997093,0.9334457958566731,1.0017577745808406,0.09832234698430742,0.32638403158882406
HuggingFaceTB__SmolLM3-3B__CA-silver__CA-silver,ca,Monument,46,0.3629585369376014,0.5109655121373183,0.5127254001755592,0.6364299829444038,0.8555966097375621,0.8665021826391635,0.86091708359511,0.9269696461117786,0.9421850559504136,1.0141580815994444,0.09872675151003618,0.3965263799085902
HuggingFaceTB__SmolLM3-3B__CA-silver__CA-silver,ca,MusicalWork,290,0.24357331997126216,0.43883590746664775,0.4734761585095597,0.5162416348292307,0.8271290263225293,0.837999602638442,0.8322953230348127,0.8634318927238728,0.922421068158643,1.0784423764220115,0.13294385338434606,0.2697174535753135
HuggingFaceTB__SmolLM3-3B__CA-silver__CA-silver,ca,Politician,29,0.4957735347463774,0.5111529100914606,0.6388462599846778,0.6913266136422574,0.8465257821411922,0.8601487813324764,0.8530743389294065,0.8840729080397507,0.9317469041922997,1.0924698979669851,0.13426694644091494,0.543787188531676
HuggingFaceTB__SmolLM3-3B__CA-silver__CA-silver,ca,Scientist,259,0.3671748799446045,0.5533101053655559,0.5471416549433502,0.6124962802734965,0.8576190692577583,0.8665984818373867,0.8617283324477295,0.8727244389563453,0.9302265294270166,1.0310897931728316,0.11895937941889202,0.38015701181635775
HuggingFaceTB__SmolLM3-3B__CA-silver__CA-silver,ca,SportsTeam,44,0.36978721901614475,0.4878695387426226,0.5706040490879427,0.6628167808456186,0.8668992898680947,0.8668729920278896,0.8667507916688919,0.9286246164278551,0.9388158944520083,0.9695868313545304,0.09770434150002007,0.3848847037991204
HuggingFaceTB__SmolLM3-3B__CA-silver__CA-silver,ca,University,90,0.46934996424711917,0.553696223151744,0.6209421851855329,0.7063178443746462,0.8874512440628476,0.8870168685913086,0.8870915181106991,0.9279753532674577,0.9425955024030473,1.0417475450832268,0.09282226095581997,0.5640101675432424
HuggingFaceTB__SmolLM3-3B__CA-silver__CA-silver,ca,WrittenWork,43,0.331598197624527,0.4157593204682573,0.4427776160660503,0.4813110580527862,0.8184703948885895,0.8188561561495759,0.8184473154156707,0.8180667841157248,0.9096082545990167,1.0977788671038373,0.13626565462685203,0.34975177675385216
HuggingFaceTB__SmolLM3-3B__CA-silver__CA-silver,en,Airport,95,0.1131076435565161,0.2774629764292852,0.4562856095913277,0.44248052794830006,0.6537608479198657,0.7797567417747095,0.7106528721357647,0.6805136759030191,0.9168549424723575,4.465086284774719,3.465086284774719,0.11354958506799978
HuggingFaceTB__SmolLM3-3B__CA-silver__CA-silver,en,Artist,109,0.0709319588045196,0.21985749453725095,0.29285385251106844,0.3436029462895142,0.6731075491380254,0.7783724977335799,0.7199288207456607,0.6642938666387436,0.8973257623681234,4.8381733012358765,3.865040155436824,0.07503452275695269
HuggingFaceTB__SmolLM3-3B__CA-silver__CA-silver,en,Astronaut,82,0.17000361316310827,0.3400864605063517,0.5361048391638624,0.471080321170535,0.6698921918869019,0.7815073510495628,0.7204272797921809,0.7206243491027413,0.9105337654672018,4.311901649234448,3.311901649234448,0.1698614343253001
HuggingFaceTB__SmolLM3-3B__CA-silver__CA-silver,en,Athlete,50,0.10647422398973277,0.30369151392872135,0.3362902818433126,0.40207822703236124,0.7225442159175873,0.8118902432918549,0.7632125067710877,0.7268482476472855,0.9136232423782349,3.362650275809806,2.3724974869999675,0.1076874847332675
HuggingFaceTB__SmolLM3-3B__CA-silver__CA-silver,en,Building,46,0.1868682263138794,0.3251802801563897,0.5131107981248293,0.5042325639047133,0.6668380667334017,0.7956951143948928,0.7251193899175395,0.7327626904715663,0.9255088800969331,3.0598949530568875,2.0598949530568875,0.1878663866540505
HuggingFaceTB__SmolLM3-3B__CA-silver__CA-silver,en,CelestialBody,49,0.1927965258372519,0.34158485752631973,0.5359610685651346,0.5205155230769448,0.6782071906693128,0.7867261609252618,0.7273452586057235,0.7621255711633332,0.9232437124057692,3.8780189398677845,2.8780189398677845,0.1798516757121048
HuggingFaceTB__SmolLM3-3B__CA-silver__CA-silver,en,City,83,0.101188962082739,0.2544783466663886,0.4170040955839839,0.3957790290841443,0.6404275089861399,0.7519522610917149,0.6910790118826441,0.6623957376164126,0.9104672217943582,5.492625177172224,4.492625177172224,0.10210634100940995
HuggingFaceTB__SmolLM3-3B__CA-silver__CA-silver,en,ComicsCharacter,30,0.12527228977824661,0.29151005467528746,0.46747733203127184,0.4402873098036352,0.6636909504731496,0.7597925305366516,0.707828946908315,0.7315415700276693,0.9225052177906037,3.6729611771924566,2.6729611771924566,0.12490146008786984
HuggingFaceTB__SmolLM3-3B__CA-silver__CA-silver,en,Company,66,0.106481442059194,0.21788895803384584,0.39582869175193097,0.37431948800282555,0.6329427424705389,0.7635005459640966,0.6911978857083754,0.666884950616143,0.9107785829992006,6.317069452962309,5.323461498416854,0.10778788413093925
HuggingFaceTB__SmolLM3-3B__CA-silver__CA-silver,en,Film,264,0.14273936144078606,0.28671452007995235,0.43543187167300385,0.4210758007039691,0.676515305132577,0.7781735706058416,0.7221780493855476,0.6875454816177036,0.9102228995073925,5.0465407276865815,4.0596937213284106,0.12221814163511752
HuggingFaceTB__SmolLM3-3B__CA-silver__CA-silver,en,Food,46,0.10984662686617766,0.2527211879225397,0.3755700518445521,0.4003610736900217,0.6579936833485313,0.7412008319212042,0.6966616537259973,0.7153534351483636,0.9238040693428206,4.143383272588471,3.1433832725884714,0.11029251637979509
HuggingFaceTB__SmolLM3-3B__CA-silver__CA-silver,en,MeanOfTransportation,58,0.11294171919623623,0.2600219215133746,0.45936099646563266,0.4039751002278967,0.648425749663649,0.7637942186717329,0.700487067987179,0.6767996385179716,0.9131864710100766,5.720260025447294,4.720260025447294,0.10818421497783812
HuggingFaceTB__SmolLM3-3B__CA-silver__CA-silver,en,Monument,46,0.18019751984301688,0.31415602066358717,0.5027036730673667,0.5414978210357659,0.6672054529190063,0.7847889648831409,0.7207708073698956,0.7492768479430157,0.922650747972986,2.8655661301262145,1.8655661301262143,0.1815078424896295
HuggingFaceTB__SmolLM3-3B__CA-silver__CA-silver,en,MusicalWork,290,0.11021492531219423,0.27016880311087293,0.4491998479164758,0.4029613015996654,0.6459785997867584,0.7663059734064958,0.7001534153675211,0.6978963296988915,0.9118693524393542,4.985211182738041,3.9896220813040304,0.10868054011835175
HuggingFaceTB__SmolLM3-3B__CA-silver__CA-silver,en,Politician,29,0.15618545810325504,0.2782541063981208,0.35273166234534964,0.4111614944598148,0.7657065823160368,0.8078728051021181,0.7840407387963657,0.7691539156025854,0.8893368470257726,2.6387204746433164,1.7936461191608835,0.15328165687099815
HuggingFaceTB__SmolLM3-3B__CA-silver__CA-silver,en,Scientist,259,0.11001716272554664,0.2522490388921864,0.404990365064829,0.3895235317177846,0.6657440650877345,0.7741719454411834,0.7139555296382388,0.6738741604978054,0.908241766760248,5.126673642445986,4.171967026002268,0.10362837064809956
HuggingFaceTB__SmolLM3-3B__CA-silver__CA-silver,en,SportsTeam,44,0.17119628422102245,0.3401388734084789,0.5252873795753578,0.5551857370423082,0.6960534290833906,0.8092751801013947,0.7477184154770591,0.6831078976392746,0.915990257805044,2.4222489748921503,1.4222489748921505,0.16622101881405155
HuggingFaceTB__SmolLM3-3B__CA-silver__CA-silver,en,University,90,0.19283150610738622,0.31020790228370815,0.4934664671529663,0.5085889076005841,0.6755659540494283,0.8131962875525157,0.7370736923482683,0.7279066191779242,0.9133211354414622,4.332195545374554,3.3325316092266855,0.19042245836307228
HuggingFaceTB__SmolLM3-3B__CA-silver__CA-silver,en,WrittenWork,43,0.13549960173091868,0.2543382259428451,0.4648078540173501,0.4020139052262733,0.6300530225731605,0.7788562816242839,0.6957936189895453,0.6861007726469706,0.9064029455184937,6.461699805624638,5.461699805624638,0.1342842431095397
HuggingFaceTB__SmolLM3-3B__CA-silver__CA-silver,en_bt,Airport,95,0.10947915522929244,0.2602216292798247,0.4365672744047123,0.41912947585081595,0.6507425621936196,0.7757314876506203,0.7071589545199746,0.6792535173265557,0.913233714982083,4.498419614193969,3.4984196141939683,0.11041959424213546
HuggingFaceTB__SmolLM3-3B__CA-silver__CA-silver,en_bt,Artist,109,0.06960066079799604,0.2231366123645383,0.30432930186312085,0.34615536690741366,0.6734741666448225,0.781879437625955,0.7217227625190665,0.6620367423656883,0.8962649216345691,4.949495446625209,3.9729828563423317,0.07241641791760176
HuggingFaceTB__SmolLM3-3B__CA-silver__CA-silver,en_bt,Astronaut,82,0.16890590423134247,0.3369040686092461,0.535106330536352,0.47663472123649914,0.6696738549848882,0.7847832310490492,0.7217355232413222,0.7175717550079997,0.9101410878867637,4.325920792666759,3.325920792666759,0.16628686283592714
HuggingFaceTB__SmolLM3-3B__CA-silver__CA-silver,en_bt,Athlete,50,0.0987786491684564,0.2995833223214751,0.35538439853365333,0.39851879999166046,0.7203206419944763,0.811762638092041,0.7618075239658356,0.7268217515945434,0.9117302680015564,3.4395672943472397,2.4482360784423154,0.09546320326685519
HuggingFaceTB__SmolLM3-3B__CA-silver__CA-silver,en_bt,Building,46,0.2033719850915744,0.3224026392701742,0.5485948715705888,0.5142280058539088,0.6669597120388694,0.8009661863679471,0.7274351107037585,0.7283072082892709,0.9264760380205901,3.1601117107357783,2.1601117107357783,0.20432764287750926
HuggingFaceTB__SmolLM3-3B__CA-silver__CA-silver,en_bt,CelestialBody,49,0.19957653931386912,0.34260533069510407,0.5431493408428225,0.5262500493891851,0.6772164653758613,0.7874937775183697,0.7270863348123978,0.7610360992198087,0.9222954292686618,3.877431281292086,2.877431281292086,0.18502706452247433
HuggingFaceTB__SmolLM3-3B__CA-silver__CA-silver,en_bt,City,83,0.1026247527099111,0.25674241885106247,0.4113395524024046,0.3899584098063825,0.6387188168893377,0.7486235930258969,0.6886942415352327,0.6656016646379448,0.9095793086362173,5.468596838453021,4.468596838453021,0.10282896843451779
HuggingFaceTB__SmolLM3-3B__CA-silver__CA-silver,en_bt,ComicsCharacter,30,0.1419064135665944,0.29283441003474736,0.47876002763562,0.4502542301520332,0.6619416256745656,0.7656411250432332,0.7094082593917846,0.723458445072174,0.9214610874652862,3.6210716672853236,2.6210716672853236,0.1410138768666082
HuggingFaceTB__SmolLM3-3B__CA-silver__CA-silver,en_bt,Company,66,0.11008362106331135,0.21993363468930216,0.40536440306574156,0.3780976034479854,0.6304995309222828,0.7680809660391374,0.6917573457414453,0.665029740243247,0.9107811315493151,6.365480876510033,5.366910264731874,0.11153723530981922
HuggingFaceTB__SmolLM3-3B__CA-silver__CA-silver,en_bt,Film,264,0.14715107916317924,0.2898066605436521,0.4456007738045716,0.4234976386393188,0.6753960771091057,0.7783487714601286,0.7216019332408905,0.6837638781377764,0.9093250047528383,5.227363952327283,4.233965403755174,0.12471172322600584
HuggingFaceTB__SmolLM3-3B__CA-silver__CA-silver,en_bt,Food,46,0.1100107479271537,0.2543700619919315,0.3871712101467014,0.4005608636696601,0.6564690250417461,0.7422865097937377,0.6962770573470903,0.7130615594594375,0.9227296800717063,4.204217984621414,3.204217984621413,0.10977785517721193
HuggingFaceTB__SmolLM3-3B__CA-silver__CA-silver,en_bt,MeanOfTransportation,58,0.11147706376136625,0.26000943634778934,0.45645533546099093,0.4002586673835467,0.6472999196628044,0.7611475155271333,0.6987571921841852,0.6756961515237545,0.9128050793861521,5.876685984612793,4.876685984612793,0.10695397173325549
HuggingFaceTB__SmolLM3-3B__CA-silver__CA-silver,en_bt,Monument,46,0.18111173931186392,0.31906500766096246,0.5021170590983689,0.5470272362505666,0.663995227088099,0.7922497663808905,0.722049866033637,0.7444623695767444,0.9212691097155862,2.967280378285635,1.9672803782856354,0.18209479479407453
HuggingFaceTB__SmolLM3-3B__CA-silver__CA-silver,en_bt,MusicalWork,290,0.10847930627226517,0.26852065916580653,0.44112175228669004,0.39928028560000556,0.6453383458071742,0.7653373451068484,0.6993516829507104,0.6972235499784865,0.9111073043839685,5.05798434264988,4.061643820647508,0.1070151241866106
HuggingFaceTB__SmolLM3-3B__CA-silver__CA-silver,en_bt,Politician,29,0.16900941176632608,0.2821253340594644,0.3699642985474441,0.41654926827769245,0.7617020997507818,0.8072700788234842,0.7816156169463848,0.7631048724569124,0.88976749469494,2.6963732101471036,1.828451895256971,0.15952888957438655
HuggingFaceTB__SmolLM3-3B__CA-silver__CA-silver,en_bt,Scientist,259,0.10513230541174917,0.24810650660752917,0.39793666848672793,0.3845022082492765,0.6634887848121319,0.7734517903861852,0.7124059162314794,0.6698178946971893,0.9075421403273652,5.2494629229630885,4.286115575196209,0.09927677377232484
HuggingFaceTB__SmolLM3-3B__CA-silver__CA-silver,en_bt,SportsTeam,44,0.19712170544554786,0.3575893826471886,0.551346898611026,0.5714644811867358,0.6972394748167559,0.8157834993167357,0.7510841123082421,0.6909510005604137,0.9161180433901873,2.4249700404571666,1.4249700404571664,0.19185029541430484
HuggingFaceTB__SmolLM3-3B__CA-silver__CA-silver,en_bt,University,90,0.18320679501125522,0.310689697086159,0.5008871137117813,0.5061523328280636,0.6758956763479445,0.8186600658628675,0.7394585218694475,0.7380823459890153,0.9120270874765184,4.432613988937757,3.4328669933653346,0.18013242265452178
HuggingFaceTB__SmolLM3-3B__CA-silver__CA-silver,en_bt,WrittenWork,43,0.1374144240903847,0.25301137322066575,0.45505253837121523,0.3990107324551466,0.6286927406177965,0.7776182584984358,0.6945607509723929,0.6811002756274024,0.9052985962047133,6.542996570028819,5.542996570028819,0.1362834922241341
HuggingFaceTB__SmolLM3-3B__CA-silver__CA-silver,es,Airport,95,0.08654364051796674,0.23890328480875922,0.23334428328977774,0.3652092873766575,0.6860733985900879,0.7639212777740076,0.7221099997821607,0.6729923254565189,0.8932157215319182,3.0573943023122654,2.0741680815440438,0.05899582811705043
HuggingFaceTB__SmolLM3-3B__CA-silver__CA-silver,es,Artist,109,0.08443129519946474,0.2582765813437185,0.33281587795961287,0.379883400312526,0.648030923047197,0.7466490640552765,0.6932587683747667,0.6714863758021539,0.8982704259933681,4.001908637365884,3.0068744157261578,0.07758868437408654
HuggingFaceTB__SmolLM3-3B__CA-silver__CA-silver,es,Astronaut,82,0.10607179030869295,0.3094029377620001,0.3603117971542832,0.40174471039252885,0.6769530685936532,0.7678334523991841,0.7188545952482921,0.7166255872424055,0.8858024121784582,3.0582495211269025,2.0766806461084046,0.08493755066637965
HuggingFaceTB__SmolLM3-3B__CA-silver__CA-silver,es,Athlete,50,0.20776309002228732,0.4030977073928455,0.4063520769106909,0.4751154194857217,0.7454664409160614,0.8045045256614685,0.7729059493541718,0.7686712157726288,0.9148060262203217,2.570792283495807,1.5926290440619284,0.11748888827567973
HuggingFaceTB__SmolLM3-3B__CA-silver__CA-silver,es,Building,46,0.2843471986625266,0.4129622851532084,0.46528741843658816,0.535839589999086,0.7829229974228403,0.814332910206007,0.7981477509374204,0.8218848070372706,0.9156322427417921,1.2720208315312416,0.28409924025274846,0.2654630791810342
HuggingFaceTB__SmolLM3-3B__CA-silver__CA-silver,es,CelestialBody,49,0.11615785880797383,0.34353117248952686,0.3959510570541509,0.47149910013273777,0.6776166339309848,0.7628671867506844,0.717368479894132,0.737664384501321,0.9111299453949442,2.8591694767114704,1.8591694767114701,0.11711712400466374
HuggingFaceTB__SmolLM3-3B__CA-silver__CA-silver,es,City,83,0.09613318111266403,0.252634591147996,0.30035648347030725,0.3519459525726685,0.659889412931649,0.7443376908819359,0.698644284024296,0.6555909830403616,0.8919252480369017,4.405272712437875,3.4208544214485768,0.08126777291734356
HuggingFaceTB__SmolLM3-3B__CA-silver__CA-silver,es,ComicsCharacter,30,0.17853606304178646,0.34698689805298205,0.38766454765758274,0.48382109509069765,0.7399371763070425,0.7993689219156901,0.7674942433834075,0.7843300223350524,0.9175763189792633,2.022415566531193,1.0426823822867035,0.14503806053009846
HuggingFaceTB__SmolLM3-3B__CA-silver__CA-silver,es,Company,66,0.1393340583177385,0.2783795132653527,0.3209478342456567,0.3963392417722662,0.689932624499003,0.7737162772453192,0.7282771982929923,0.6948203408356869,0.8997270374587087,3.7630288669213385,2.7805629875866824,0.089806665651418
HuggingFaceTB__SmolLM3-3B__CA-silver__CA-silver,es,Film,264,0.10121513862660743,0.2526446167697636,0.3225921551139727,0.38116163022229976,0.6784721317164826,0.7557279194394747,0.714143481670004,0.689129176126285,0.8851467032324184,3.4414433871355343,2.4495501615202757,0.08201629466864162
HuggingFaceTB__SmolLM3-3B__CA-silver__CA-silver,es,Food,46,0.113880364997216,0.2720314445183745,0.3275682978210202,0.37974727925334095,0.6650378665198451,0.7321141349232715,0.6965055076972299,0.6721036291640737,0.9144457319508428,3.165164299701075,2.171878420886318,0.0992663673632332
HuggingFaceTB__SmolLM3-3B__CA-silver__CA-silver,es,MeanOfTransportation,58,0.11497529318220848,0.3101637915935751,0.36295618214623376,0.41315885371335737,0.7074805950296337,0.7762714408594986,0.7389863431453705,0.7099289945487318,0.9059581427738584,3.320277755600394,2.360113187957325,0.09514130364439946
HuggingFaceTB__SmolLM3-3B__CA-silver__CA-silver,es,Monument,46,0.3489653151202514,0.4747658640732783,0.5212137736441737,0.5829964404093652,0.7805462051992831,0.8071849475736204,0.792928713819255,0.8440712029519288,0.9107296155846637,1.4022483579471954,0.508830958289572,0.3143283682349533
HuggingFaceTB__SmolLM3-3B__CA-silver__CA-silver,es,MusicalWork,290,0.11880572738534961,0.28023952378823175,0.3483087446228095,0.38785796417541024,0.6812019183717924,0.7674490692286656,0.7207424087771054,0.698761702508762,0.9015698667230277,3.282032202000601,2.299564515552652,0.0907099786751392
HuggingFaceTB__SmolLM3-3B__CA-silver__CA-silver,es,Politician,29,0.2733114941170107,0.4216874993006373,0.48480055132462146,0.5416974681615019,0.7991213572436365,0.8320614161162541,0.8143250099543867,0.8356756937914881,0.9218076899133879,1.7992776127307402,0.8560849013465258,0.2374223958402765
HuggingFaceTB__SmolLM3-3B__CA-silver__CA-silver,es,Scientist,259,0.11352915041251109,0.2743743524636909,0.33487626915037616,0.38638294298479325,0.6779412187664665,0.7602583823517023,0.715602001858494,0.6867681336679053,0.9014689662281611,3.855627258272809,2.889807775201559,0.0724228739737752
HuggingFaceTB__SmolLM3-3B__CA-silver__CA-silver,es,SportsTeam,44,0.10746014327686394,0.2919334441026151,0.37002828364588075,0.49695018891358206,0.7127175981348212,0.7726224945350126,0.7411639825864271,0.7455665862018411,0.8934182145378806,2.0333436125806577,1.0333436125806577,0.10810154673203937
HuggingFaceTB__SmolLM3-3B__CA-silver__CA-silver,es,University,90,0.1644469112082822,0.28347457938480103,0.3714746116961842,0.44569807815390233,0.6917256434758504,0.7843618803554111,0.7340178688367208,0.719160000152058,0.8963006728225285,3.2341395798400914,2.2432109638730444,0.1581599039411799
HuggingFaceTB__SmolLM3-3B__CA-silver__CA-silver,es,WrittenWork,43,0.1204188049867463,0.19512737394005014,0.24015449181036888,0.2939902852290602,0.660973169082819,0.7489280215529508,0.701198466988497,0.6634511691193248,0.8713981176531592,4.519828079770818,3.5203752753932536,0.07467057535958067
HuggingFaceTB__SmolLM3-3B__EN-backtrans-from-CA__EN-backtrans-from-CA,ca,Airport,95,0.0921042217468353,0.330703723572056,0.18142801110249487,0.372929699494613,0.8263951853701943,0.8112436633361013,0.8186144948005676,0.7570695469253942,0.8980630761698672,0.9803340543185364,0.09405883782006168,0.08234976540547889
HuggingFaceTB__SmolLM3-3B__EN-backtrans-from-CA__EN-backtrans-from-CA,ca,Artist,109,0.07427833866114303,0.26056895883305053,0.14996732698867768,0.35248466852789656,0.8514853458885753,0.8253121140900008,0.8380329439399439,0.7527933727710618,0.8882122974876964,0.9590750283206078,0.08699297448962802,0.0663853334645263
HuggingFaceTB__SmolLM3-3B__EN-backtrans-from-CA__EN-backtrans-from-CA,ca,Astronaut,82,0.07543249617510449,0.2860019459603706,0.20114140409959727,0.3459784605333853,0.8630241475454191,0.833620250951953,0.8479107233082376,0.7477006694165672,0.8920342573305455,0.9100083969545134,0.1114864024476248,0.0430510968217711
HuggingFaceTB__SmolLM3-3B__EN-backtrans-from-CA__EN-backtrans-from-CA,ca,Athlete,50,0.10742597569581706,0.3633786679961925,0.25313988086661304,0.40440041204768434,0.8657390773296356,0.8499514520168304,0.8576527976989746,0.7615961563587189,0.9032015132904053,0.9741361013191243,0.047456507477518395,0.08419254025356598
HuggingFaceTB__SmolLM3-3B__EN-backtrans-from-CA__EN-backtrans-from-CA,ca,Building,46,0.19185446324668476,0.3470632540012747,0.29559985742891554,0.4141086548662298,0.8155939164369003,0.7986243859581326,0.8068897918514584,0.7349696768366772,0.9051742320475371,0.9944747450768823,0.05833203824801012,0.2008582934135495
HuggingFaceTB__SmolLM3-3B__EN-backtrans-from-CA__EN-backtrans-from-CA,ca,CelestialBody,49,0.07502502641286198,0.3306002815149652,0.11425521899151371,0.38357604676749946,0.8556036243633348,0.8477990651617244,0.8515820308607451,0.8256498879315902,0.887040554260721,0.9739869029515784,0.055913054100228406,0.06134097539469636
HuggingFaceTB__SmolLM3-3B__EN-backtrans-from-CA__EN-backtrans-from-CA,ca,City,83,0.08532535692890723,0.3166295554018241,0.21456252656141003,0.35630911807444954,0.835861726697669,0.814637257392148,0.8248482037739582,0.7552839460143124,0.8963640942630997,0.9160636431396544,0.11437525055997064,0.045010192223904316
HuggingFaceTB__SmolLM3-3B__EN-backtrans-from-CA__EN-backtrans-from-CA,ca,ComicsCharacter,30,0.06892859453881081,0.19054410584288378,0.14596798800351107,0.28844203499641974,0.8148287971814473,0.7887404461701711,0.8014667669932047,0.7146916349728902,0.8689018507798513,0.9308612534626243,0.09305075339271858,0.04384579648667379
HuggingFaceTB__SmolLM3-3B__EN-backtrans-from-CA__EN-backtrans-from-CA,ca,Company,66,0.11391114916314432,0.2835265913153618,0.17050150326495447,0.3457674446563737,0.8503801831693361,0.826256025018114,0.8379615111784502,0.7351791488401818,0.9002245511069442,0.9898419378909582,0.06962093419370445,0.09836292324835672
HuggingFaceTB__SmolLM3-3B__EN-backtrans-from-CA__EN-backtrans-from-CA,ca,Film,264,0.1373404506003852,0.33677623823189157,0.27189977992198194,0.408297797656912,0.8125260569380991,0.804893154538039,0.8083481352889177,0.7245276157151569,0.8866262345603018,0.9871349581302015,0.09511074384352057,0.12871069263160415
HuggingFaceTB__SmolLM3-3B__EN-backtrans-from-CA__EN-backtrans-from-CA,ca,Food,46,0.04206588659530536,0.18719683111411348,0.11218863207229048,0.2697230687094039,0.8038659069849097,0.7903304125951685,0.7969336354214213,0.7081314299417578,0.9048800001973691,0.99571770419664,0.06274124883257777,0.025258269075112732
HuggingFaceTB__SmolLM3-3B__EN-backtrans-from-CA__EN-backtrans-from-CA,ca,MeanOfTransportation,58,0.07952536685833302,0.28687722675249944,0.17997774001198746,0.3585757209131128,0.8371172249317169,0.821525777208394,0.8288987710558134,0.7277302145957947,0.8894520699977875,1.0290853383025145,0.10752441198774508,0.03365332725471824
HuggingFaceTB__SmolLM3-3B__EN-backtrans-from-CA__EN-backtrans-from-CA,ca,Monument,46,0.03154399909290415,0.13635904923128142,0.051973117949698715,0.29030552609855187,0.7705485911472983,0.7389060621676238,0.7542836627234584,0.7205923432889192,0.8855171048122904,1.0098738200017165,0.06159149651080385,0.011951499477395478
HuggingFaceTB__SmolLM3-3B__EN-backtrans-from-CA__EN-backtrans-from-CA,ca,MusicalWork,290,0.16169387675838762,0.3437195906386716,0.27837949239958354,0.4154589740589668,0.8073356447548702,0.8077261427353168,0.807275666450632,0.7590412248825205,0.8852418827599493,1.0050388643510118,0.09746815799822654,0.17003148089756992
HuggingFaceTB__SmolLM3-3B__EN-backtrans-from-CA__EN-backtrans-from-CA,ca,Politician,29,0.17279937741697446,0.2694749098824761,0.2700258934882442,0.4124019629406104,0.8662025003597654,0.8414291081757381,0.8534702124266789,0.7613768598129009,0.8907559575705692,0.9927470747379628,0.07884523488442338,0.17326130262140985
HuggingFaceTB__SmolLM3-3B__EN-backtrans-from-CA__EN-backtrans-from-CA,ca,Scientist,259,0.0954097834196484,0.278040396393532,0.20124269091676017,0.36406291917191036,0.856398589362509,0.836102274624077,0.8458552740255378,0.7210256429712745,0.8886164700662768,0.9481695160233797,0.10644349292835506,0.06451403935756427
HuggingFaceTB__SmolLM3-3B__EN-backtrans-from-CA__EN-backtrans-from-CA,ca,SportsTeam,44,0.09761580325432831,0.24225513102375293,0.19274000649361858,0.31589250843001815,0.84097136286172,0.7913020293820988,0.8152996057813818,0.8239453556862745,0.9018028649416837,0.8231988408169907,0.188688340354343,0.10581334132846194
HuggingFaceTB__SmolLM3-3B__EN-backtrans-from-CA__EN-backtrans-from-CA,ca,University,90,0.17875113341396517,0.307129533172412,0.23297490484175312,0.4493393457134589,0.864958808819453,0.8517149216598935,0.8581410825252533,0.8021837446424697,0.9121142380767399,1.0196301965115706,0.10658132385125507,0.26713229540665234
HuggingFaceTB__SmolLM3-3B__EN-backtrans-from-CA__EN-backtrans-from-CA,ca,WrittenWork,43,0.285492724228976,0.44370627722775013,0.3618784995429755,0.4442625480692619,0.8469304151313249,0.8415728973787885,0.8441612249196961,0.7788458521976027,0.8857379971548568,0.9632000934221554,0.06835941975422817,0.30183602944156823
HuggingFaceTB__SmolLM3-3B__EN-backtrans-from-CA__EN-backtrans-from-CA,en,Airport,95,0.4963700079094738,0.671131994362208,0.654849352037882,0.70583318796311,0.9142208356606333,0.9096135327690527,0.9118159595288728,0.9436274189698068,0.9245803073832863,0.9589486157938472,0.0719884451343896,0.5284215146387615
HuggingFaceTB__SmolLM3-3B__EN-backtrans-from-CA__EN-backtrans-from-CA,en,Artist,109,0.5505375479881637,0.7485071698017707,0.7367784688662014,0.7553229150871523,0.931077532811996,0.9285806165922672,0.9297245177653951,0.9443526617977598,0.9117806728826751,0.9888168944426877,0.04388058438296252,0.5737289509084548
HuggingFaceTB__SmolLM3-3B__EN-backtrans-from-CA__EN-backtrans-from-CA,en,Astronaut,82,0.6113656608617233,0.7230695684571433,0.7178901335288813,0.7395505154308061,0.9310598293455635,0.9223488591066221,0.9265794317896773,0.9495566509118895,0.9175155867890614,0.9646169231384787,0.06237395934269291,0.6191699555294806
HuggingFaceTB__SmolLM3-3B__EN-backtrans-from-CA__EN-backtrans-from-CA,en,Athlete,50,0.581027219139342,0.7550854648244829,0.7133525239339978,0.7423611617770185,0.9236890602111817,0.917621568441391,0.9204658198356629,0.9444137990474701,0.9162844252586365,1.0065600841994473,0.04869260042804371,0.583699417011442
HuggingFaceTB__SmolLM3-3B__EN-backtrans-from-CA__EN-backtrans-from-CA,en,Building,46,0.5496242357789538,0.5985769939064508,0.6420470465016153,0.7016582308241127,0.8891758037650067,0.8781822427459385,0.8835978857848955,0.9340464718963789,0.9409548355185468,0.9711019802971813,0.05023933929058557,0.5509931593255672
HuggingFaceTB__SmolLM3-3B__EN-backtrans-from-CA__EN-backtrans-from-CA,en,CelestialBody,49,0.6472741170621003,0.7742901207966628,0.7378798123980769,0.7949110830048473,0.9362544806636109,0.9324128992703496,0.9342685244521316,0.9666395004914732,0.9292093770844596,0.98119712326393,0.04234192608399023,0.6411572463299448
HuggingFaceTB__SmolLM3-3B__EN-backtrans-from-CA__EN-backtrans-from-CA,en,City,83,0.47809452460378277,0.6277361637492811,0.6317945171091388,0.6619625460176143,0.8964821667556303,0.8869612769908216,0.8915814786072237,0.9286955659648022,0.9161443107099418,0.9638465588458003,0.07178657218840186,0.4625458657373775
HuggingFaceTB__SmolLM3-3B__EN-backtrans-from-CA__EN-backtrans-from-CA,en,ComicsCharacter,30,0.3947348934249995,0.5878711323319086,0.5453973778084784,0.6202810488306192,0.8839175542195638,0.8720640718936921,0.8778892596562703,0.9006623526414236,0.9191914598147074,0.9930160616412579,0.05668653849544139,0.41447770985582805
HuggingFaceTB__SmolLM3-3B__EN-backtrans-from-CA__EN-backtrans-from-CA,en,Company,66,0.629341923621534,0.7337451920421489,0.7093792402734851,0.7517179995439601,0.934118109219002,0.9256119267507033,0.9297542617176519,0.9457141477050204,0.9235245657689644,0.9812411243439321,0.05189026360851578,0.6069030690527285
HuggingFaceTB__SmolLM3-3B__EN-backtrans-from-CA__EN-backtrans-from-CA,en,Film,264,0.4878744227425569,0.659735121725282,0.6447071066557469,0.6937925554163026,0.894825118734981,0.8951602645895698,0.894752166713729,0.8944219210834214,0.9154168769265666,0.9843338009031155,0.05791876967587344,0.4817629850919973
HuggingFaceTB__SmolLM3-3B__EN-backtrans-from-CA__EN-backtrans-from-CA,en,Food,46,0.46381649563417193,0.6156653355108611,0.5747977569129823,0.6226246775302925,0.8918670299260513,0.8812658631283304,0.8864046788733938,0.9348460124886554,0.9479755668536477,0.9563731331484312,0.08334828796288501,0.43958296577617
HuggingFaceTB__SmolLM3-3B__EN-backtrans-from-CA__EN-backtrans-from-CA,en,MeanOfTransportation,58,0.5509971075149547,0.7194280826541888,0.7096879533016242,0.741602303020047,0.9270403734568892,0.9212399083992531,0.924042981246422,0.9391077397198513,0.9166062042630952,0.9712299962810936,0.059093710398863006,0.5485210843892354
HuggingFaceTB__SmolLM3-3B__EN-backtrans-from-CA__EN-backtrans-from-CA,en,Monument,46,0.5350799837455288,0.6054939707990775,0.6048184347052595,0.6912391134357558,0.8773558476696843,0.8618144030156343,0.8694288912026779,0.9327126391555952,0.940833656684212,0.965334233495625,0.06858736176680198,0.5119942884565473
HuggingFaceTB__SmolLM3-3B__EN-backtrans-from-CA__EN-backtrans-from-CA,en,MusicalWork,290,0.42864228355933787,0.6153354416007565,0.6157330903080255,0.6537132688983286,0.8756457606266285,0.8769569285984697,0.8761451328622883,0.9010163654541147,0.9151121593754867,0.9938473451429516,0.08224393184646103,0.4318820648857955
HuggingFaceTB__SmolLM3-3B__EN-backtrans-from-CA__EN-backtrans-from-CA,en,Politician,29,0.6455612251566047,0.6843815194881028,0.6917102257011271,0.7465404248985775,0.9209620644306314,0.9103282361195005,0.9154576042602802,0.9354592808361711,0.9193639940228956,0.9742707131804811,0.07391027366722014,0.6631694045822097
HuggingFaceTB__SmolLM3-3B__EN-backtrans-from-CA__EN-backtrans-from-CA,en,Scientist,259,0.5349652889364055,0.7147696333852382,0.6762359751321393,0.7116641079598033,0.920695555486274,0.9100654732766759,0.9151836891432066,0.9273545606255992,0.9072682997895024,0.9483767700309642,0.07478929267182868,0.5379768569124925
HuggingFaceTB__SmolLM3-3B__EN-backtrans-from-CA__EN-backtrans-from-CA,en,SportsTeam,44,0.4575349186472563,0.613766228431817,0.6458859164107552,0.7051484888621107,0.903876705603166,0.9004889902743426,0.9020898287946527,0.9492341388355602,0.9294260090047662,0.9702486945093081,0.07927448131848562,0.45829795674402896
HuggingFaceTB__SmolLM3-3B__EN-backtrans-from-CA__EN-backtrans-from-CA,en,University,90,0.5999970070890139,0.7087872371967434,0.7248699331276617,0.7907715147089601,0.9244105716546377,0.9274096442593469,0.9257848077350193,0.9649335225423177,0.9271843433380127,0.9747579417173231,0.056771368308308534,0.6342467877549202
HuggingFaceTB__SmolLM3-3B__EN-backtrans-from-CA__EN-backtrans-from-CA,en,WrittenWork,43,0.6558009943791597,0.7255596393683141,0.7294994167451873,0.7658833997693116,0.9199567256971847,0.9210817051488299,0.9204395496568014,0.9324668216150861,0.9067155302957047,0.9992017347707891,0.03453161209087326,0.6796815598124852
HuggingFaceTB__SmolLM3-3B__EN-backtrans-from-CA__EN-backtrans-from-CA,en_bt,Airport,95,0.5143518521394352,0.6670273425944498,0.659067724341721,0.6904436579663137,0.9151023231054607,0.9094137141579076,0.9121665973412363,0.9419292820127387,0.9234354508550544,0.9643996172563067,0.06697119000181695,0.5557639908749965
HuggingFaceTB__SmolLM3-3B__EN-backtrans-from-CA__EN-backtrans-from-CA,en_bt,Artist,109,0.6492643875444762,0.785752690936088,0.7904000320579034,0.8122296211853783,0.9403775640583913,0.9426283896516222,0.9414055281822834,0.9515037328825084,0.9123286533793178,0.9976172363475256,0.035030319822027325,0.6638811060140918
HuggingFaceTB__SmolLM3-3B__EN-backtrans-from-CA__EN-backtrans-from-CA,en_bt,Astronaut,82,0.7047946535953149,0.7858498669957025,0.7851555478651205,0.795315525811207,0.9448831183154408,0.9399483974387006,0.942303874870626,0.9592088184705595,0.9192511228526511,0.9716702268673949,0.0587343021541261,0.7175794304513768
HuggingFaceTB__SmolLM3-3B__EN-backtrans-from-CA__EN-backtrans-from-CA,en_bt,Athlete,50,0.6568576327368791,0.7737709618118097,0.7641952602147407,0.7851105361313399,0.9294155430793762,0.9324083769321442,0.930735605955124,0.9520952069759369,0.9176427447795867,1.0121627293851267,0.053048742022988885,0.6490363059979332
HuggingFaceTB__SmolLM3-3B__EN-backtrans-from-CA__EN-backtrans-from-CA,en_bt,Building,46,0.6013164009499895,0.6183915583257272,0.6833063865601214,0.7348913897549849,0.8945572557656661,0.8868422845135564,0.8906415441761846,0.9398504495620728,0.9419619143009186,0.9828832295342206,0.03694834418470503,0.6078489526276354
HuggingFaceTB__SmolLM3-3B__EN-backtrans-from-CA__EN-backtrans-from-CA,en_bt,CelestialBody,49,0.6429018227572642,0.7788714883813798,0.7362598893956336,0.8008193044451297,0.9380577048476861,0.9343252692903791,0.9361358078158631,0.9680354595184326,0.9281717842938949,0.9744278376243773,0.0418492864120504,0.6339037914739218
HuggingFaceTB__SmolLM3-3B__EN-backtrans-from-CA__EN-backtrans-from-CA,en_bt,City,83,0.4896324140127552,0.6305563772496617,0.6262838521525822,0.6615588168936479,0.8958891752254532,0.8859375478273415,0.8907352039612919,0.9292545814112009,0.9168036529816777,0.9518500350890566,0.07683932458455485,0.47842410159169285
HuggingFaceTB__SmolLM3-3B__EN-backtrans-from-CA__EN-backtrans-from-CA,en_bt,ComicsCharacter,30,0.4955317148114325,0.6419894039135626,0.6068498392556421,0.6648263677891425,0.8910605053106944,0.8848723491032918,0.8878343562285106,0.9130770782629649,0.9246623853842417,1.0040438545949832,0.06342461056114489,0.522250896285205
HuggingFaceTB__SmolLM3-3B__EN-backtrans-from-CA__EN-backtrans-from-CA,en_bt,Company,66,0.705160118646732,0.7792639393396189,0.7590325357372134,0.7882923294971009,0.9420110547181332,0.9370369017124176,0.9394166794690219,0.954818373376673,0.9238259403994589,0.9836693726021203,0.04554405108374098,0.6780187374177514
HuggingFaceTB__SmolLM3-3B__EN-backtrans-from-CA__EN-backtrans-from-CA,en_bt,Film,264,0.5212144194507614,0.6738044715292162,0.6656312936972487,0.7130195088476932,0.8955529995939948,0.9000498478611311,0.8975663045139024,0.8956290892127788,0.9159117115266395,0.997910425877272,0.05848471087414381,0.514977234744976
HuggingFaceTB__SmolLM3-3B__EN-backtrans-from-CA__EN-backtrans-from-CA,en_bt,Food,46,0.47604371832770787,0.6252345741028886,0.5923677651093334,0.6345014078304358,0.8914143456065137,0.8853386174077573,0.8881938094678132,0.9337089968764264,0.9477237255676932,0.9753011319955008,0.07714342441432898,0.46737077713099573
HuggingFaceTB__SmolLM3-3B__EN-backtrans-from-CA__EN-backtrans-from-CA,en_bt,MeanOfTransportation,58,0.5201674560065357,0.7006413544645291,0.6965341240975934,0.726978964739028,0.920545934603132,0.9122663623300092,0.9162809591868828,0.9316231546730831,0.9153543104385508,0.960159893347454,0.058090521062432225,0.5393360884040961
HuggingFaceTB__SmolLM3-3B__EN-backtrans-from-CA__EN-backtrans-from-CA,en_bt,Monument,46,0.5965675602190964,0.6297802896657952,0.6400816977934355,0.7340211537470064,0.8817303336184957,0.8758149289566538,0.878599191489427,0.9378240743409032,0.9404183820537899,0.9991570901483356,0.06692578063274342,0.5916676112410013
HuggingFaceTB__SmolLM3-3B__EN-backtrans-from-CA__EN-backtrans-from-CA,en_bt,MusicalWork,290,0.4316529494071444,0.6178405810168878,0.6231437115142162,0.6539343209301538,0.8761558471054867,0.8790504971454883,0.8774470760904509,0.9007800776382973,0.9144829326662524,1.0027773352268943,0.07834267855981936,0.4368813853492325
HuggingFaceTB__SmolLM3-3B__EN-backtrans-from-CA__EN-backtrans-from-CA,en_bt,Politician,29,0.7016757287857183,0.704417671079623,0.7439171417754058,0.7927716831368925,0.9249551214020828,0.9164325060515568,0.920523479067046,0.9413765607209041,0.9205407972993522,0.9710194513605458,0.07362724637724903,0.7239221248695001
HuggingFaceTB__SmolLM3-3B__EN-backtrans-from-CA__EN-backtrans-from-CA,en_bt,Scientist,259,0.579128282939793,0.7269069660872065,0.695016999981437,0.7322549368337138,0.9242507792347646,0.9167190619877407,0.9202991121063822,0.931393510126239,0.9075248126357679,0.9598692036239621,0.07254805208988152,0.5864240399401569
HuggingFaceTB__SmolLM3-3B__EN-backtrans-from-CA__EN-backtrans-from-CA,en_bt,SportsTeam,44,0.5730283951073785,0.6714222107774034,0.6971179430810928,0.7529418071120144,0.9136886312202974,0.9126179218292236,0.9129706160588698,0.9572348865595731,0.9329423321919008,0.9778619200149534,0.07737940884988424,0.572476492575332
HuggingFaceTB__SmolLM3-3B__EN-backtrans-from-CA__EN-backtrans-from-CA,en_bt,University,90,0.6836072075921105,0.7582861080717305,0.7780759065373111,0.8209260019597989,0.9421533823013306,0.9408143427636888,0.9413494308789571,0.9740586896737417,0.926055536005232,0.9652846042574817,0.06344057775094358,0.6825324767348296
HuggingFaceTB__SmolLM3-3B__EN-backtrans-from-CA__EN-backtrans-from-CA,en_bt,WrittenWork,43,0.6594593727848125,0.7225309760607836,0.7205831613581675,0.7657495068569794,0.9192120100176612,0.9240855006284492,0.9215702608574269,0.9297732544499774,0.9075169840524363,1.001433120114691,0.04836334504381763,0.6940837537817139
HuggingFaceTB__SmolLM3-3B__EN-backtrans-from-CA__EN-backtrans-from-CA,es,Airport,95,0.19309299466090638,0.4092019117688632,0.3162917005876783,0.4674818774094687,0.858977198600769,0.8513197547511051,0.8550480585349234,0.8310682265382064,0.9077340502487986,0.963549977642279,0.0823132042261507,0.2044411424991224
HuggingFaceTB__SmolLM3-3B__EN-backtrans-from-CA__EN-backtrans-from-CA,es,Artist,109,0.1779367637081284,0.3983548494419724,0.30291481614011445,0.4585672248757872,0.8906886254975556,0.8834451223732135,0.886831397857141,0.8336930542910864,0.9014223196090908,0.9859788728613821,0.09229219842298074,0.17784739045988787
HuggingFaceTB__SmolLM3-3B__EN-backtrans-from-CA__EN-backtrans-from-CA,es,Astronaut,82,0.2669431438456483,0.4891863102212705,0.41437250273786685,0.5102640003855969,0.8913758825965044,0.889364991973086,0.8902719929450895,0.8567465994416213,0.9017475080199358,0.9916091796315403,0.0789486560503192,0.33940313368017316
HuggingFaceTB__SmolLM3-3B__EN-backtrans-from-CA__EN-backtrans-from-CA,es,Athlete,50,0.23936037588911924,0.49042270542809036,0.3359112015878368,0.48308054761364483,0.8809720277786255,0.878064501285553,0.8794371724128723,0.8254624915122986,0.9076551485061646,0.9745348593583892,0.07499590841710055,0.23393645473046182
HuggingFaceTB__SmolLM3-3B__EN-backtrans-from-CA__EN-backtrans-from-CA,es,Building,46,0.2800846081947263,0.392179165175819,0.3983375208444233,0.4940305239202713,0.8285647708436717,0.8298786049303801,0.829142926827721,0.8275228842445042,0.9189683885678,1.0351010004039523,0.05213703307986318,0.29806710526053404
HuggingFaceTB__SmolLM3-3B__EN-backtrans-from-CA__EN-backtrans-from-CA,es,CelestialBody,49,0.10777270347943468,0.3917448250403545,0.16656079108642502,0.41125034033767727,0.8637110080037799,0.8660136704542198,0.8648188941332758,0.8546295275493544,0.8969295523604568,0.9410594728318975,0.07080861551956848,0.11115955273332422
HuggingFaceTB__SmolLM3-3B__EN-backtrans-from-CA__EN-backtrans-from-CA,es,City,83,0.29021423543903135,0.5051403048758341,0.4234565441404647,0.5202538020475327,0.8636836359299809,0.8562084838568446,0.8598014848778047,0.8923191277377577,0.9174917562898383,0.932643947123519,0.101052775783561,0.3213459102840611
HuggingFaceTB__SmolLM3-3B__EN-backtrans-from-CA__EN-backtrans-from-CA,es,ComicsCharacter,30,0.14622091983716842,0.3076487683337992,0.23106479137462368,0.38965841985342475,0.8570182124773661,0.8341738680998484,0.84533584912618,0.7767418344815572,0.8998030006885529,0.9632720155351919,0.06945505394984991,0.14217358172164693
HuggingFaceTB__SmolLM3-3B__EN-backtrans-from-CA__EN-backtrans-from-CA,es,Company,66,0.21087181765533763,0.3837775898791097,0.3014120734645694,0.44700850961158306,0.864807929053451,0.8667666785644762,0.8656704741897006,0.8400262540036981,0.9103383349649834,0.9818177822656612,0.07698603799198298,0.23958740263409709
HuggingFaceTB__SmolLM3-3B__EN-backtrans-from-CA__EN-backtrans-from-CA,es,Film,264,0.22671648829960953,0.37769561193612883,0.34027244455365047,0.4678318661047649,0.8333895034862288,0.8369213437492197,0.8349412663867979,0.8046404387463223,0.8815675003058983,0.9977498143151564,0.07493254747476331,0.24368115019809047
HuggingFaceTB__SmolLM3-3B__EN-backtrans-from-CA__EN-backtrans-from-CA,es,Food,46,0.18716530902160816,0.3190880538533935,0.2725277716167569,0.41076581888887986,0.8322352766990662,0.8251934168131455,0.8285547468973242,0.8406615296135778,0.9321567286615786,0.961886373518225,0.08244513495615964,0.25052650388183634
HuggingFaceTB__SmolLM3-3B__EN-backtrans-from-CA__EN-backtrans-from-CA,es,MeanOfTransportation,58,0.07856965406914466,0.31233126087448043,0.19598223561498487,0.3494961784442871,0.8650041428105585,0.8420179208804821,0.8531245260403074,0.7598411893022472,0.8936646477929477,0.9510211194113755,0.1093146497701509,0.0219853640145319
HuggingFaceTB__SmolLM3-3B__EN-backtrans-from-CA__EN-backtrans-from-CA,es,Monument,46,0.3311607024105749,0.5153040691115777,0.45639519372099513,0.5425096029171373,0.8701462486515874,0.8425804078578949,0.856022807567016,0.9053274276463882,0.9285226775252301,0.883372301188984,0.13210332147012477,0.3534606290632536
HuggingFaceTB__SmolLM3-3B__EN-backtrans-from-CA__EN-backtrans-from-CA,es,MusicalWork,290,0.231855575553024,0.4153605615288015,0.3487323955870723,0.4712289968975355,0.8458249747753144,0.8453080545211661,0.8454219509815347,0.8072418669174457,0.9004466915952748,0.9867683724463158,0.09302208325067066,0.24089546138612505
HuggingFaceTB__SmolLM3-3B__EN-backtrans-from-CA__EN-backtrans-from-CA,es,Politician,29,0.18212577540006347,0.29468071719579686,0.2715220301484915,0.417613056878473,0.8585126831613737,0.8578192694433804,0.8579726856330345,0.8031826204267042,0.8930282490006809,0.9730641238869182,0.08590805877141339,0.18415375468396772
HuggingFaceTB__SmolLM3-3B__EN-backtrans-from-CA__EN-backtrans-from-CA,es,Scientist,259,0.25921506019144586,0.44538273239391823,0.3685962368875963,0.4952829122506258,0.891529225474619,0.8821618936697029,0.8866968536929274,0.8378494365795238,0.9006495938337907,0.9353997130234853,0.09209417673526094,0.2867406826708765
HuggingFaceTB__SmolLM3-3B__EN-backtrans-from-CA__EN-backtrans-from-CA,es,SportsTeam,44,0.17190787093304596,0.35730713017070986,0.3204236183956153,0.49100789261585087,0.8602177974852648,0.8559078181331808,0.8579217832196843,0.8849601501768286,0.9156235199082982,0.9171270465321022,0.11938337869928223,0.19034989822677542
HuggingFaceTB__SmolLM3-3B__EN-backtrans-from-CA__EN-backtrans-from-CA,es,University,90,0.3355494390371082,0.5093796635350906,0.4441297977948945,0.5929445470632844,0.897582452164756,0.8922714173793793,0.8947710103458828,0.9134209884537591,0.9223594062858158,0.9758411706726874,0.08638864494822052,0.35214163260164794
HuggingFaceTB__SmolLM3-3B__EN-backtrans-from-CA__EN-backtrans-from-CA,es,WrittenWork,43,0.5263744692472134,0.6578512765220453,0.6265537140308267,0.6542171681956328,0.8961381094400273,0.9057402569194173,0.9008533178373824,0.9017308160316112,0.9230861649956814,1.0216643088820012,0.06500616922873827,0.5365565711446932
HuggingFaceTB__SmolLM3-3B__EN-gold__EN-gold,ca,Airport,95,0.08943538385558128,0.3029635455602913,0.18980794036187787,0.3849586535648794,0.8381893101491427,0.8178374817496852,0.8277105582387824,0.7612552059324165,0.8996323359640022,0.9512438942362847,0.09363171001746035,0.07506938918795641
HuggingFaceTB__SmolLM3-3B__EN-gold__EN-gold,ca,Artist,109,0.08542880731287564,0.2868182605167092,0.16087309468866917,0.3730828256089534,0.848945322933547,0.8260869186952573,0.8371863999497999,0.7585276310596991,0.8898466174755622,0.9597179334501076,0.08912981674511085,0.09012732697324459
HuggingFaceTB__SmolLM3-3B__EN-gold__EN-gold,ca,Astronaut,82,0.07974231976012797,0.2920200543120204,0.1976134465192115,0.3435446429008858,0.8626681602582699,0.8337178172134772,0.8478028548926841,0.7560597585468758,0.8913828425291108,0.9002599354242906,0.11320730945621839,0.050941264926758566
HuggingFaceTB__SmolLM3-3B__EN-gold__EN-gold,ca,Athlete,50,0.0902175302747506,0.33328961973282006,0.222647820120641,0.38469721294357084,0.8569526314735413,0.8440218400955201,0.8502553832530976,0.7553508245944976,0.9024594604969025,0.9811583704551212,0.05259368993514423,0.05918732905221647
HuggingFaceTB__SmolLM3-3B__EN-gold__EN-gold,ca,Building,46,0.23790278865605202,0.3365797701064404,0.2941512648891583,0.41211224919556794,0.8167563249235568,0.8020380864972654,0.8091426336246988,0.7414869977080304,0.9032675442488297,0.9697916890357431,0.08115051553775715,0.2505710593866269
HuggingFaceTB__SmolLM3-3B__EN-gold__EN-gold,ca,CelestialBody,49,0.0782962067210215,0.33350166336925213,0.12346962950283479,0.38625974802162844,0.8579607581605717,0.8527130533237847,0.8551786310818731,0.826243266767385,0.8896203819586306,0.9871671188510287,0.0817653928468787,0.06499534017418727
HuggingFaceTB__SmolLM3-3B__EN-gold__EN-gold,ca,City,83,0.06775362872886141,0.24098583405230184,0.17424755672793493,0.3020307778159401,0.8273909005774073,0.7997804377452437,0.8131579361766218,0.7365662326295692,0.8903707028871559,0.883989160734968,0.14334192815986893,0.01717331394113714
HuggingFaceTB__SmolLM3-3B__EN-gold__EN-gold,ca,ComicsCharacter,30,0.05029311814611786,0.17684385716558618,0.136340491859445,0.2807535604668367,0.8028798917929332,0.7769532362620036,0.7895553390185038,0.6885955095291137,0.8603841722011566,0.9391546056173804,0.08935678418154105,0.02261402128118444
HuggingFaceTB__SmolLM3-3B__EN-gold__EN-gold,ca,Company,66,0.10599178333246354,0.2671058272203525,0.18244444898734066,0.34302727537322797,0.8465104952003016,0.8262867584373011,0.8360381866946365,0.7344896432125207,0.9003740070444165,0.9882852033200412,0.07952603089056472,0.09022632063940897
HuggingFaceTB__SmolLM3-3B__EN-gold__EN-gold,ca,Film,264,0.13944976700248835,0.34212053703883877,0.28188564693202967,0.41824393668976345,0.8139759062817602,0.8068116307258606,0.8100318743875532,0.7312369468537244,0.8877507536248728,0.9873494795674544,0.08693466731270164,0.13089144906036945
HuggingFaceTB__SmolLM3-3B__EN-gold__EN-gold,ca,Food,46,0.048166807496723744,0.19636736235979038,0.12064880391606712,0.27564732543788717,0.8119713301243989,0.7887864436792291,0.8000574695027393,0.7084404372650644,0.9034862842248834,0.9500142043185696,0.08203006175942422,0.031014355905506406
HuggingFaceTB__SmolLM3-3B__EN-gold__EN-gold,ca,MeanOfTransportation,58,0.08209058964620684,0.29743457915162247,0.18894886078643605,0.358217755432538,0.8501371576868254,0.8162829382666226,0.8326358291609534,0.7324289689803946,0.8950699310878227,0.9656615537187013,0.12259061849411283,0.03802098382548588
HuggingFaceTB__SmolLM3-3B__EN-gold__EN-gold,ca,Monument,46,0.14130099475956798,0.3300044102303054,0.2584268411865165,0.45137722178073597,0.7956830431585726,0.7805948477724324,0.7879897148712821,0.7945327732873999,0.9139386985612952,1.0527045964176205,0.10597031023589551,0.13714129856579604
HuggingFaceTB__SmolLM3-3B__EN-gold__EN-gold,ca,MusicalWork,290,0.16937347391850827,0.34642188482626063,0.2848685285470045,0.4188123176102547,0.8135685690518083,0.8063192513482323,0.8097015405523366,0.7585122163953453,0.8842578090470413,0.9987090744135536,0.09504715633519448,0.1809665210354865
HuggingFaceTB__SmolLM3-3B__EN-gold__EN-gold,ca,Politician,29,0.17599467935448854,0.28253187884527764,0.27810061896452276,0.4216810084983797,0.8604886346849902,0.8442857840965534,0.852140237545145,0.7700422467856571,0.8921219131042217,1.018829832083406,0.0877710848827146,0.17207298050546654
HuggingFaceTB__SmolLM3-3B__EN-gold__EN-gold,ca,Scientist,259,0.10518039290095366,0.29681203301925246,0.2131854124139645,0.38119102888815076,0.8492101631109319,0.8330242353056388,0.8407804959068887,0.7313123080721233,0.8879226492178486,0.9515700960407857,0.09684031673073373,0.08085762344274762
HuggingFaceTB__SmolLM3-3B__EN-gold__EN-gold,ca,SportsTeam,44,0.12889754881806878,0.30485710811647687,0.26827702735348136,0.3964178064626621,0.8323763676665046,0.7932278866117651,0.81221604347229,0.8303825679150495,0.907598001035777,0.9347113908096033,0.09338744094314727,0.1367791506401187
HuggingFaceTB__SmolLM3-3B__EN-gold__EN-gold,ca,University,90,0.23263889836914875,0.36357546193525925,0.31130160752150343,0.5230986292164881,0.8576997253629897,0.8476195249292585,0.8523640977011786,0.8335301809840732,0.9202020433213975,0.9931487541082434,0.07905655997307487,0.319955830767084
HuggingFaceTB__SmolLM3-3B__EN-gold__EN-gold,ca,WrittenWork,43,0.274278830323544,0.4403416332113936,0.3681679074948142,0.44340613667207035,0.8381157254063806,0.8343941042589587,0.8361193482265916,0.7807798773743385,0.884024231932884,0.9653535917057433,0.08169465505873476,0.28675838960674677
HuggingFaceTB__SmolLM3-3B__EN-gold__EN-gold,en,Airport,95,0.5464694205939004,0.6839352304374815,0.6761350719443329,0.7217284087926642,0.9176017140087328,0.9106940758855719,0.9140582649331344,0.9457167876394171,0.9245585974894072,0.9577132909655063,0.067022607774097,0.5677012641869319
HuggingFaceTB__SmolLM3-3B__EN-gold__EN-gold,en,Artist,109,0.558311720454911,0.7463882029064306,0.7315391183980708,0.755612802534295,0.9283160835231116,0.9253315417044753,0.9267356876933247,0.9405003512671234,0.9121217394093855,0.9945422380054361,0.04708663396414514,0.5721940726069874
HuggingFaceTB__SmolLM3-3B__EN-gold__EN-gold,en,Astronaut,82,0.6293907480004015,0.748624583275234,0.7315405157375648,0.7372996516563413,0.930736953165473,0.9189125793736156,0.9246192436392714,0.9460053334875804,0.9186530934601296,0.957640897340079,0.06670545605584367,0.6457543069523779
HuggingFaceTB__SmolLM3-3B__EN-gold__EN-gold,en,Athlete,50,0.6043602784519728,0.7490719727032663,0.7362752898593234,0.7466968783762675,0.9303132498264313,0.9202605700492859,0.9251185655593872,0.9508141350746154,0.9182314443588256,0.9821945099689985,0.03814601196829295,0.6184681584496493
HuggingFaceTB__SmolLM3-3B__EN-gold__EN-gold,en,Building,46,0.5770822690835749,0.6179916294696408,0.6630501048822355,0.7114049343552797,0.8911937578864719,0.8823716316534125,0.8866736603819806,0.9366461375485295,0.9426476683305658,0.9852372081253813,0.057618242081771236,0.5850508012304286
HuggingFaceTB__SmolLM3-3B__EN-gold__EN-gold,en,CelestialBody,49,0.6478805125272539,0.7638128093027167,0.7323698002025733,0.7897273030775117,0.934685158486269,0.9278457724318212,0.9312122719628471,0.9670011474161732,0.931717684074324,0.9824649621735992,0.03528101758360371,0.6135417349087384
HuggingFaceTB__SmolLM3-3B__EN-gold__EN-gold,en,City,83,0.5052480973166716,0.6346579347236817,0.6544510535839515,0.6818874984248685,0.8991015359579798,0.8913260569055397,0.8950414671955338,0.9314697779804827,0.9178646235580904,0.9753994583327862,0.08495369814929442,0.4994422793814487
HuggingFaceTB__SmolLM3-3B__EN-gold__EN-gold,en,ComicsCharacter,30,0.4448905535652949,0.5790994746229965,0.5792410632729933,0.6382651302061503,0.8863052229086558,0.8713387290636698,0.8786722461382548,0.9063242971897125,0.921468985080719,0.9577315568204129,0.06659658124640506,0.45769101819695096
HuggingFaceTB__SmolLM3-3B__EN-gold__EN-gold,en,Company,66,0.638740187107515,0.7326557254507853,0.7076726580642364,0.7447375468317793,0.9271170849149878,0.9253002612879782,0.9258542187286146,0.9360520767443108,0.9248109523094061,1.1040240483233283,0.1876172792161002,0.6149011404081628
HuggingFaceTB__SmolLM3-3B__EN-gold__EN-gold,en,Film,264,0.48214839814985566,0.6558105733273892,0.6565059751516399,0.6913775644064644,0.8910292206388531,0.8934361185088302,0.8920927196741104,0.8908081745559518,0.9162589268702449,0.9904388429584797,0.04370230389378502,0.4676947716202741
HuggingFaceTB__SmolLM3-3B__EN-gold__EN-gold,en,Food,46,0.49918267587486165,0.6374542131908724,0.6095606072307078,0.6589676689772411,0.8975130643533624,0.8895060938337574,0.8933602390081986,0.939526379108429,0.9481504313323809,0.9793997700997655,0.05488203588823328,0.4881283483554055
HuggingFaceTB__SmolLM3-3B__EN-gold__EN-gold,en,MeanOfTransportation,58,0.5121584646559161,0.6787162239995441,0.67879062231877,0.7188723434892965,0.91935887213411,0.9109884294970282,0.9150503842995085,0.9332565449435135,0.9165434374891478,0.9697924403666164,0.06347273333681291,0.5389500540039316
HuggingFaceTB__SmolLM3-3B__EN-gold__EN-gold,en,Monument,46,0.5653099846570774,0.6229989221461635,0.632630051068562,0.7108094062708724,0.8818684246229089,0.871261715888977,0.8764250213685243,0.9361853586590808,0.9430702328681946,0.9461719596761194,0.08434212628882715,0.5443277760485788
HuggingFaceTB__SmolLM3-3B__EN-gold__EN-gold,en,MusicalWork,290,0.39713668857760287,0.6025990108178083,0.6114178590302162,0.6441197450914248,0.8717601097863296,0.8724525057036301,0.8719534421789235,0.8957370758056641,0.9146361757969034,0.9999233170841382,0.08042625538963942,0.4102318056515432
HuggingFaceTB__SmolLM3-3B__EN-gold__EN-gold,en,Politician,29,0.6946597855138301,0.7200291995380014,0.7352710677680164,0.7771141015879867,0.9300778076566499,0.9237813374091839,0.9267645334375316,0.9469825111586472,0.9196747808620848,1.00625138489256,0.07138557621037657,0.7319826139679826
HuggingFaceTB__SmolLM3-3B__EN-gold__EN-gold,en,Scientist,259,0.525185658081596,0.6909869078838589,0.6593454057475596,0.7022014156729778,0.9139633876016241,0.9076144283342545,0.9106332263891301,0.925285069408564,0.9056485062860614,0.9571969897775428,0.07134655307672645,0.5187926281124956
HuggingFaceTB__SmolLM3-3B__EN-gold__EN-gold,en,SportsTeam,44,0.5584740905898222,0.6651711958161578,0.7080814801118698,0.7447634736647658,0.9130766432393681,0.9112351550297304,0.9120702350681479,0.9563005498864434,0.9322859861633994,0.9616789097177915,0.0783055670054339,0.555876708438643
HuggingFaceTB__SmolLM3-3B__EN-gold__EN-gold,en,University,90,0.6899208143523375,0.7610953748679772,0.7675075729925765,0.8166610452548075,0.9399068031046126,0.9340702427758111,0.9368978997071584,0.9703172855907016,0.9289376040299734,0.9699719409598899,0.04655868825738395,0.6994756178473298
HuggingFaceTB__SmolLM3-3B__EN-gold__EN-gold,en,WrittenWork,43,0.6549066158749787,0.7302787151011154,0.7513503987117696,0.768069167148911,0.9185490317122881,0.9190624855285467,0.9187466030897096,0.9310362810312316,0.9072963096374689,1.0067202630913212,0.04299125430344506,0.6646951505995333
HuggingFaceTB__SmolLM3-3B__EN-gold__EN-gold,en_bt,Airport,95,0.4938506903800369,0.6420087618982534,0.6369560935119111,0.6743962505645892,0.9100659633937634,0.9040395441808199,0.9069663035242181,0.939064443738837,0.9219329294405485,0.9646470181730936,0.06582930412433668,0.5174104851404151
HuggingFaceTB__SmolLM3-3B__EN-gold__EN-gold,en_bt,Artist,109,0.5867181638546773,0.7602146065954021,0.7615503909384886,0.7867189494664871,0.9333430140390309,0.9359655008403533,0.9345604438300527,0.9443792837475418,0.911846909501137,1.004237895934869,0.039872704104108043,0.5829076613220572
HuggingFaceTB__SmolLM3-3B__EN-gold__EN-gold,en_bt,Astronaut,82,0.5976616146577728,0.7432920719448571,0.7260930892330604,0.7302602975428664,0.9294380901790247,0.9221803124358015,0.9256517189305004,0.9464947079739919,0.9183061966081945,0.9590323914053174,0.06582210338452124,0.6131054242956097
HuggingFaceTB__SmolLM3-3B__EN-gold__EN-gold,en_bt,Athlete,50,0.5934625927393476,0.747311928190132,0.7353692781335431,0.7428627594193624,0.929822872877121,0.9249983775615692,0.9273182666301727,0.9528486847877502,0.9194304776191712,0.9779376877931554,0.04787807765851395,0.5859827089617883
HuggingFaceTB__SmolLM3-3B__EN-gold__EN-gold,en_bt,Building,46,0.607267061471013,0.6302006934524941,0.6917215306626477,0.7346830946810169,0.8950781796289526,0.8903499323388805,0.8926107468812362,0.9398298535657965,0.9433569597161334,0.9936845429509797,0.057614761555065154,0.622417589473374
HuggingFaceTB__SmolLM3-3B__EN-gold__EN-gold,en_bt,CelestialBody,49,0.6821440455845302,0.7806920188810327,0.7589237213553667,0.8140262024801552,0.9384890466320271,0.933306490888401,0.9358541150482333,0.9677646768336393,0.9304840017338188,0.9755264586173379,0.04109884998268975,0.6474108272086302
HuggingFaceTB__SmolLM3-3B__EN-gold__EN-gold,en_bt,City,83,0.4408461087333649,0.6057217097986821,0.6207552468730478,0.6401446817285168,0.8892148496156715,0.8800648975085064,0.8844322188791022,0.9236356781189701,0.9163389967148563,0.9551978099789975,0.09438399629366905,0.43935357543069387
HuggingFaceTB__SmolLM3-3B__EN-gold__EN-gold,en_bt,ComicsCharacter,30,0.5110687615653714,0.6004933957416085,0.6089498657896594,0.6617217837843282,0.8926911254723867,0.8834254304567973,0.8879550198713938,0.912462321917216,0.9243277152379353,0.9788643189714485,0.04694768227389734,0.5302548785356331
HuggingFaceTB__SmolLM3-3B__EN-gold__EN-gold,en_bt,Company,66,0.6150532615143577,0.7314261932008892,0.7024607290847805,0.7390747250896323,0.9258643894484548,0.9238752487933997,0.9245173624067595,0.9371458264914426,0.9243273455085177,1.1093842459421281,0.17430069712646223,0.5924396282917779
HuggingFaceTB__SmolLM3-3B__EN-gold__EN-gold,en_bt,Film,264,0.4855797768345129,0.6572074239638589,0.6639230343138199,0.6957103582044236,0.8889509523005197,0.8941770780718687,0.8914026249990319,0.8885353112762625,0.9168186573819681,1.0025754548193972,0.04944097021575787,0.4749594284054869
HuggingFaceTB__SmolLM3-3B__EN-gold__EN-gold,en_bt,Food,46,0.4881935494100091,0.643228713586727,0.6186215516861869,0.6665281305105671,0.8947517068489738,0.8909717979638473,0.8927082302777664,0.9383655333000681,0.9474688276000645,0.9901272718659527,0.05831421690985184,0.4798740552196517
HuggingFaceTB__SmolLM3-3B__EN-gold__EN-gold,en_bt,MeanOfTransportation,58,0.479667741920339,0.6653871348111292,0.6529260526598651,0.6998671288927096,0.9129856691278261,0.9028600762630331,0.9077721412839561,0.9269720367316542,0.9149264477450272,0.9746936097514474,0.05861108215578712,0.5279449782372838
HuggingFaceTB__SmolLM3-3B__EN-gold__EN-gold,en_bt,Monument,46,0.5486330415850738,0.6328856155578473,0.637247577088429,0.7218031455188221,0.8731515511222507,0.8733592357324518,0.8731213730314503,0.9347883735014044,0.9418823071148085,0.973779295404608,0.08279801908841714,0.5409562547809191
HuggingFaceTB__SmolLM3-3B__EN-gold__EN-gold,en_bt,MusicalWork,290,0.3889275683184508,0.6032877914921216,0.6163803292673744,0.639574682834774,0.8713529913589872,0.8744634710509201,0.872744529000644,0.8959445688231238,0.9138897431307825,1.0084718864778754,0.08160959756301224,0.3970828383226743
HuggingFaceTB__SmolLM3-3B__EN-gold__EN-gold,en_bt,Politician,29,0.6947664388703907,0.7202620898662827,0.7621597492494965,0.7854246894931018,0.927795829444096,0.9256664863948164,0.926613581591639,0.9462621581965479,0.9203955202267088,0.9950203063463713,0.0667826610148984,0.7141473950435068
HuggingFaceTB__SmolLM3-3B__EN-gold__EN-gold,en_bt,Scientist,259,0.4957820992923649,0.6826360195217882,0.6491479003197599,0.691294001257679,0.9088662209197821,0.9055990905835362,0.9070775557208706,0.9206475666130832,0.9049328418311925,0.9649485421558168,0.07151997913653024,0.491866538034373
HuggingFaceTB__SmolLM3-3B__EN-gold__EN-gold,en_bt,SportsTeam,44,0.4858039741265576,0.6270455447402042,0.6716200300296835,0.7130035573113597,0.9039000868797302,0.9005272618748925,0.9021491516720165,0.9487194310535084,0.9319144284183328,0.9794671420567126,0.07819938726155477,0.4899677672555256
HuggingFaceTB__SmolLM3-3B__EN-gold__EN-gold,en_bt,University,90,0.5268513573806688,0.6693948959576335,0.6824322036675388,0.7623385923373747,0.9233412782351176,0.9105983078479767,0.9167756736278534,0.9572122130129073,0.9265383919080098,0.969626023874,0.06162997203419288,0.5597679897957919
HuggingFaceTB__SmolLM3-3B__EN-gold__EN-gold,en_bt,WrittenWork,43,0.6436347688980537,0.732261433817329,0.7281039216209002,0.7590222104103205,0.9161259088405344,0.919620156288147,0.9178095584691957,0.9231913713521736,0.9077825989834097,1.0117463370608346,0.050675292304607905,0.6653008681724879
HuggingFaceTB__SmolLM3-3B__EN-gold__EN-gold,es,Airport,95,0.1159936905306453,0.29951443577543047,0.19274830390812212,0.39462669536691325,0.8541347171130933,0.838843612294448,0.8463507689927754,0.8002752304077149,0.8995788718524732,0.9323114112564304,0.08674520943338364,0.09961731181491595
HuggingFaceTB__SmolLM3-3B__EN-gold__EN-gold,es,Artist,109,0.26342749030464924,0.47130354938009467,0.3612927996312841,0.5131723426233789,0.8962037153200272,0.8928912965529555,0.8944357917943132,0.8631216216524806,0.9081260233844092,0.9810739688591861,0.0941188366213224,0.30592399469089215
HuggingFaceTB__SmolLM3-3B__EN-gold__EN-gold,es,Astronaut,82,0.3305042867281804,0.5315451811670852,0.45910583275093675,0.5521822167786835,0.8981849885568386,0.8964312716228205,0.8972285397169066,0.8757974985169201,0.9068616744948597,0.9820294096122084,0.06882175713994866,0.39167008986097385
HuggingFaceTB__SmolLM3-3B__EN-gold__EN-gold,es,Athlete,50,0.1887539330432274,0.45677792029490244,0.32064710032906923,0.4692505388573499,0.8691264617443085,0.8754704749584198,0.8721717691421509,0.8192135334014893,0.9023574304580688,1.0040388144214607,0.08100592271344625,0.18957843482011888
HuggingFaceTB__SmolLM3-3B__EN-gold__EN-gold,es,Building,46,0.29938560431258426,0.4000807181143787,0.38885613680879866,0.5011909005739343,0.8284455719201461,0.8287348164164502,0.8285233676433563,0.8405001694741456,0.9205874502658844,1.0227198080186317,0.06756123901334112,0.327244551911199
HuggingFaceTB__SmolLM3-3B__EN-gold__EN-gold,es,CelestialBody,49,0.0864060639908818,0.3633098307115282,0.12709604622657425,0.37856207271524395,0.8585259111560121,0.8634489884181898,0.8608506066458566,0.8494056621376349,0.8933820420381974,0.94755771558888,0.09676367324348144,0.08782280262228603
HuggingFaceTB__SmolLM3-3B__EN-gold__EN-gold,es,City,83,0.2966937292587922,0.5047805557654647,0.4426814916728141,0.5185613952323973,0.8634350874337805,0.8535861530935908,0.8583110951515566,0.8909628642610756,0.9177788280578981,0.9435415964360961,0.09676186449047153,0.3331532976333748
HuggingFaceTB__SmolLM3-3B__EN-gold__EN-gold,es,ComicsCharacter,30,0.20715472844754187,0.35574529394031446,0.28068021096547446,0.44051708233227643,0.8623240292072296,0.839790137608846,0.8507829546928406,0.7967843810717264,0.9070552527904511,0.97032029204245,0.07163802084366129,0.22352958196437014
HuggingFaceTB__SmolLM3-3B__EN-gold__EN-gold,es,Company,66,0.2232302656038541,0.40045357755983096,0.3090751213917378,0.4543249855022645,0.863248679674033,0.8645079704848203,0.8637307466882648,0.842801467035756,0.9112717852447972,0.9819198086989616,0.08203032072598716,0.2314574911317263
HuggingFaceTB__SmolLM3-3B__EN-gold__EN-gold,es,Film,264,0.2772034195349592,0.4107228142082895,0.3827890458908824,0.5037090545725285,0.8379687093424074,0.8432808401006641,0.8404046468662493,0.8185711891362162,0.8873852247541602,1.0138216106488624,0.07546813952400222,0.2879608829408284
HuggingFaceTB__SmolLM3-3B__EN-gold__EN-gold,es,Food,46,0.2014623223364623,0.3262423852216112,0.2688414657466193,0.41266176838567487,0.8521114795104318,0.8333254378774891,0.842461206342863,0.8356534709101138,0.9333136211270872,0.9315816389477413,0.09712941271074113,0.2726006056710666
HuggingFaceTB__SmolLM3-3B__EN-gold__EN-gold,es,MeanOfTransportation,58,0.08911932241896829,0.3183855646370864,0.1885080804408289,0.350933329744884,0.8698143691852175,0.8409467175089079,0.8548889417072822,0.7670970579673504,0.8922386056390302,0.9251511019441953,0.1032121767566859,0.04203206708207218
HuggingFaceTB__SmolLM3-3B__EN-gold__EN-gold,es,Monument,46,0.2727914448368873,0.4236335001283866,0.37781006790579363,0.4829974894638294,0.8448718760324561,0.8256264626979828,0.8350640677887461,0.8567804577557937,0.9221016648023025,0.9486200321536111,0.07535602137142292,0.3010053195057566
HuggingFaceTB__SmolLM3-3B__EN-gold__EN-gold,es,MusicalWork,290,0.24505882645187094,0.4211848882242351,0.3646308865220749,0.47992469319103376,0.8472210495636381,0.8467525776090293,0.8468066125080503,0.8126849622562013,0.901290802297921,0.9693749914223717,0.099239547513295,0.26920417472504327
HuggingFaceTB__SmolLM3-3B__EN-gold__EN-gold,es,Politician,29,0.18988941873425136,0.2796509546546044,0.276089245762885,0.4216882798297128,0.8635977938257414,0.861298158251006,0.8622625449608112,0.8064219026729978,0.8934336058024702,0.9943704270739947,0.07762683496455317,0.19996200669472014
HuggingFaceTB__SmolLM3-3B__EN-gold__EN-gold,es,Scientist,259,0.2338852098227638,0.4445122525847298,0.367215641631103,0.48979265457178783,0.8879485652713702,0.8785928142577064,0.8830899741198566,0.8413294539948688,0.9007543594680698,0.9364310009734387,0.09877610096855356,0.2540177375496486
HuggingFaceTB__SmolLM3-3B__EN-gold__EN-gold,es,SportsTeam,44,0.20355182898978105,0.392027352496415,0.39199043722841986,0.5484909267182186,0.8631771491332487,0.8682003942402926,0.8656126247210936,0.9025736139579252,0.9223510677164252,1.0323961234318055,0.08373914539719601,0.22994246835385548
HuggingFaceTB__SmolLM3-3B__EN-gold__EN-gold,es,University,90,0.2881266438311183,0.46892150121085197,0.4110147765411207,0.5600227638181159,0.8936831414699554,0.8894841598139869,0.8914608544773526,0.8960446377595266,0.9188519391748641,0.9704714740739455,0.0812368797969086,0.3571316511190969
HuggingFaceTB__SmolLM3-3B__EN-gold__EN-gold,es,WrittenWork,43,0.4877701197477185,0.6480080882186419,0.6557799793110266,0.6527672225539616,0.8932470249575238,0.9033586327419725,0.8981892993283827,0.9074193488719852,0.9286438337592191,1.0274517379598047,0.07222821015187908,0.5229131853594803
HuggingFaceTB__SmolLM3-3B__ES-silver-filtered__ES-silver-filtered,ca,Airport,95,0.037549880331654996,0.17663176527797034,0.20067989822842236,0.30011236203217156,0.6481563047358864,0.7393681965376201,0.6901989692135861,0.6406338211737181,0.9004288980835362,3.831878524536868,2.8350866422020142,0.03296446684465922
HuggingFaceTB__SmolLM3-3B__ES-silver-filtered__ES-silver-filtered,ca,Artist,109,0.05359573201845869,0.19762113462071818,0.21809999771529365,0.31034160258659693,0.6693807791132446,0.762869650617652,0.7117203288122055,0.6433053208053658,0.9001880966195273,4.488516012063833,3.4973339718096668,0.032281129295874206
HuggingFaceTB__SmolLM3-3B__ES-silver-filtered__ES-silver-filtered,ca,Astronaut,82,0.026239390480026176,0.1473294074223864,0.2002442872585684,0.26017452605806135,0.61515601451804,0.7382282062274653,0.6704064876568027,0.5884231470706986,0.8908868104946323,4.595322789136015,3.5969488053961776,0.019676061155678184
HuggingFaceTB__SmolLM3-3B__ES-silver-filtered__ES-silver-filtered,ca,Athlete,50,0.05144109081352046,0.18413900216792065,0.25879041367718036,0.310516407500213,0.6345958530902862,0.761952451467514,0.6919489562511444,0.6085993862152099,0.9066528117656708,4.619540791809539,3.621166808069702,0.03606987926268668
HuggingFaceTB__SmolLM3-3B__ES-silver-filtered__ES-silver-filtered,ca,Building,46,0.17312634584704875,0.26583180885443075,0.3746361953047113,0.42333929298416195,0.7082363716934038,0.7849928088810133,0.743733472150305,0.691767350487087,0.9165415750897449,2.599436812688232,1.6025612470261812,0.14837468092232492
HuggingFaceTB__SmolLM3-3B__ES-silver-filtered__ES-silver-filtered,ca,CelestialBody,49,0.05770514206472047,0.23848556325189718,0.2682935886888995,0.37223664102080894,0.6663597007187045,0.7899277915759962,0.7219037644717158,0.692486089103076,0.9082526601090724,3.5678941401725766,2.5710829156827804,0.051755806093194
HuggingFaceTB__SmolLM3-3B__ES-silver-filtered__ES-silver-filtered,ca,City,83,0.03377135313373942,0.21096294200983398,0.24080669374869068,0.2887733078096005,0.6562379397541643,0.7405700030097042,0.6950329513434904,0.6248074220605644,0.8982943353882755,4.507914630657147,3.5104373598307257,0.018824817485014574
HuggingFaceTB__SmolLM3-3B__ES-silver-filtered__ES-silver-filtered,ca,ComicsCharacter,30,0.03102992066370412,0.1572504395663097,0.2046513910910984,0.2803665503967903,0.6460239907105764,0.7371796687444051,0.6882459421952566,0.6362814754247665,0.8833469092845917,3.377578078303632,2.38051925477422,0.020453657410544245
HuggingFaceTB__SmolLM3-3B__ES-silver-filtered__ES-silver-filtered,ca,Company,66,0.029268150080288487,0.14687486038759243,0.18922885374250778,0.2659998961036229,0.6199741200967268,0.7351000263835444,0.6719809183568666,0.5939742109992288,0.8930308909127207,5.526497514529813,4.528554135886541,0.02664386832950492
HuggingFaceTB__SmolLM3-3B__ES-silver-filtered__ES-silver-filtered,ca,Film,264,0.044104534057874394,0.17265530258255413,0.21815697797290773,0.29304883185598196,0.6414836527723254,0.736549449012135,0.684768982231617,0.6212701408023183,0.8919510152755361,4.633247611945837,3.6378447443508533,0.03549915068300823
HuggingFaceTB__SmolLM3-3B__ES-silver-filtered__ES-silver-filtered,ca,Food,46,0.03969520507647196,0.18074264618032143,0.23568476920827133,0.2921362761168297,0.6586866132591082,0.7331178214239038,0.6933222827704056,0.632853574079016,0.9088521794132565,3.431586113114384,2.4407286753465565,0.03204603518314558
HuggingFaceTB__SmolLM3-3B__ES-silver-filtered__ES-silver-filtered,ca,MeanOfTransportation,58,0.04768843895312037,0.2065845712150964,0.1762412155063698,0.29363073540042656,0.6923496825941677,0.7693112872797867,0.7273774681420162,0.6569472684942442,0.8999471582215408,3.8633540968503564,2.9115484911415277,0.01619726131220684
HuggingFaceTB__SmolLM3-3B__ES-silver-filtered__ES-silver-filtered,ca,Monument,46,0.017175997255054407,0.10647661748054811,0.08288167587828775,0.27376530733604876,0.6501940903456315,0.7019981677117555,0.6746128564295562,0.6648315605909928,0.8918323439100514,2.523281012016279,1.5310653731692951,0.007780292357324167
HuggingFaceTB__SmolLM3-3B__ES-silver-filtered__ES-silver-filtered,ca,MusicalWork,290,0.06820711341037562,0.20344419988840076,0.2554719376302512,0.3138432872439186,0.6544981362490818,0.7454418733202178,0.6961928813621916,0.6507682673890015,0.8895844371154391,4.087072243203741,3.0904613231105302,0.05606732615040146
HuggingFaceTB__SmolLM3-3B__ES-silver-filtered__ES-silver-filtered,ca,Politician,29,0.08519163850584285,0.174375061653402,0.24187604399042945,0.33521712575315415,0.682046232552364,0.7812988532000574,0.7267277836799622,0.6836072761436989,0.9025249912821013,3.3161271977742035,2.3185902519613957,0.061817798497646584
HuggingFaceTB__SmolLM3-3B__ES-silver-filtered__ES-silver-filtered,ca,Scientist,259,0.04096955535733248,0.1892316393265293,0.21292351756134922,0.2989432878232343,0.6570573228206413,0.7582643655736474,0.7028257370455385,0.619055854882973,0.9005168140164673,4.778015079778864,3.7914198627098186,0.0213913031532875
HuggingFaceTB__SmolLM3-3B__ES-silver-filtered__ES-silver-filtered,ca,SportsTeam,44,0.13787541647212903,0.29439595140950586,0.3232051008482452,0.41367411188973374,0.7601372098380869,0.780858425931497,0.7691621888767589,0.776611093770374,0.9127831188115206,1.6127433118756782,0.7227486330691849,0.11667739657218328
HuggingFaceTB__SmolLM3-3B__ES-silver-filtered__ES-silver-filtered,ca,University,90,0.13652195320233568,0.24434406056648728,0.2766953774428329,0.3954245091732611,0.7214919322066837,0.7961281180381775,0.7551195336712732,0.7083869318167368,0.9113091819816166,3.792391473115905,2.799921136892427,0.11432928282817573
HuggingFaceTB__SmolLM3-3B__ES-silver-filtered__ES-silver-filtered,ca,WrittenWork,43,0.06247184159063668,0.16043474232720217,0.232317604505919,0.2757415099157483,0.6224340948947641,0.7378018332082171,0.6750339477561241,0.628435903510382,0.8827746746151947,5.549572084261055,4.549572084261055,0.06356884679628241
HuggingFaceTB__SmolLM3-3B__ES-silver-filtered__ES-silver-filtered,en,Airport,95,0.10953447543499611,0.26142060564268,0.4367060465287107,0.43838828847409744,0.646797249819103,0.780093985482266,0.7069442435314781,0.6665187565903915,0.9155126828896372,4.453966796408514,3.4539667964085137,0.1120193966224844
HuggingFaceTB__SmolLM3-3B__ES-silver-filtered__ES-silver-filtered,en,Artist,109,0.08948202317710614,0.2193787269561644,0.4237425718813492,0.3845796274755535,0.6215769993055851,0.7804752385944401,0.6915692178481215,0.6365783471579946,0.9085025694392143,6.0365046366648185,5.0365046366648185,0.09177859874204229
HuggingFaceTB__SmolLM3-3B__ES-silver-filtered__ES-silver-filtered,en,Astronaut,82,0.11418208591487905,0.24750316325720087,0.4205053141362024,0.3966883883030413,0.6304338981465596,0.7839162051677704,0.6984754691763622,0.6404274371339054,0.9025067098257018,5.260739159977692,4.260739159977692,0.1174225259327965
HuggingFaceTB__SmolLM3-3B__ES-silver-filtered__ES-silver-filtered,en,Athlete,50,0.08800001863937883,0.22245480313126836,0.38076597496146525,0.3714430752641144,0.6298035895824432,0.7683477342128754,0.6917575871944428,0.6257957017421723,0.9099361777305603,5.5044793596451465,4.5044793596451465,0.08814255625779661
HuggingFaceTB__SmolLM3-3B__ES-silver-filtered__ES-silver-filtered,en,Building,46,0.19252843419311746,0.3278230512858084,0.5327810333678061,0.5125944868155127,0.6691433126511781,0.8022328550400941,0.7294846669487332,0.7446775047675424,0.9232350445312002,3.036868539059922,2.0368685390599226,0.19368918778312547
HuggingFaceTB__SmolLM3-3B__ES-silver-filtered__ES-silver-filtered,en,CelestialBody,49,0.1264886530467536,0.2716130218507028,0.44717073240064176,0.46345812387093516,0.6500427576960349,0.8026706089778822,0.717989062776371,0.7261509639876229,0.9195932782426173,4.269427081911691,3.269427081911691,0.12808397252823503
HuggingFaceTB__SmolLM3-3B__ES-silver-filtered__ES-silver-filtered,en,City,83,0.06712702297792009,0.19869602523592314,0.3501418671974472,0.3406103650261808,0.6216601851474808,0.7467707639717194,0.6781442072018083,0.632435114268797,0.9015219118221697,5.713351434250192,4.713351434250192,0.07102621712184774
HuggingFaceTB__SmolLM3-3B__ES-silver-filtered__ES-silver-filtered,en,ComicsCharacter,30,0.09617575027216095,0.21974469099426072,0.41602427846505446,0.4004823186111088,0.6352242430051168,0.763411835829417,0.692758043607076,0.6672817925612132,0.9159248212973277,4.432233821500959,3.4322338215009593,0.09954624638274501
HuggingFaceTB__SmolLM3-3B__ES-silver-filtered__ES-silver-filtered,en,Company,66,0.09599483223522173,0.20993056530096507,0.394111730478451,0.3738038364535904,0.6209737793965773,0.7637412701592301,0.6845677630467848,0.642530336524501,0.9069558373003295,6.33180981384473,5.33180981384473,0.0983725583002653
HuggingFaceTB__SmolLM3-3B__ES-silver-filtered__ES-silver-filtered,en,Film,264,0.09225475621085136,0.2144095012401378,0.40394106651968503,0.3722239094757215,0.6252254085107283,0.7708214803627043,0.6898000691876267,0.6503637622703206,0.9102992864720749,6.06304890542212,5.064161429261915,0.09371492837872117
HuggingFaceTB__SmolLM3-3B__ES-silver-filtered__ES-silver-filtered,en,Food,46,0.0991463117938659,0.21265481432738592,0.33504879061927023,0.38558013311743694,0.6495335620382557,0.7501970387023428,0.695969116428624,0.7117532362108645,0.9236162110515262,4.362578459719729,3.3625784597197295,0.1029422499772355
HuggingFaceTB__SmolLM3-3B__ES-silver-filtered__ES-silver-filtered,en,MeanOfTransportation,58,0.0869784146442025,0.2280547797126141,0.39224262943707067,0.37938623376730474,0.6431973247692503,0.7792936142148643,0.7037683047097305,0.63669864679205,0.9067171760674181,5.907145261142128,4.919148638320372,0.09100897441781923
HuggingFaceTB__SmolLM3-3B__ES-silver-filtered__ES-silver-filtered,en,Monument,46,0.19048066845179806,0.3255439322642814,0.4942982150801447,0.5490989512050194,0.67607985501704,0.7861872328364331,0.726284050423166,0.7410080692042476,0.9187191025070522,2.8520176729191946,1.8520176729191944,0.19200356820762884
HuggingFaceTB__SmolLM3-3B__ES-silver-filtered__ES-silver-filtered,en,MusicalWork,290,0.0991561598014317,0.24771442678400046,0.4326294851111379,0.39453390253635673,0.6357301405791579,0.7675753687990123,0.6950282847059184,0.6933173517728674,0.9120721309349454,5.135867622416985,4.135867622416985,0.1015590307172294
HuggingFaceTB__SmolLM3-3B__ES-silver-filtered__ES-silver-filtered,en,Politician,29,0.15572404455079167,0.27408705046361953,0.5038178899810706,0.4795575024173275,0.650162135732585,0.7956371554012956,0.7152959396099222,0.7494322020432045,0.9081178739153105,3.9521264036343795,2.9521264036343795,0.15823662668832753
HuggingFaceTB__SmolLM3-3B__ES-silver-filtered__ES-silver-filtered,en,Scientist,259,0.09229739051113195,0.21142830458295256,0.4162685313961016,0.3781875517893625,0.6205668589783452,0.7708550486785565,0.6870932360413452,0.6419729832056407,0.9084884791300564,6.0566562442832845,5.0566562442832845,0.09453828820918109
HuggingFaceTB__SmolLM3-3B__ES-silver-filtered__ES-silver-filtered,en,SportsTeam,44,0.15872693045803257,0.3369854455089038,0.5278898799641514,0.5487711063845064,0.6862503845583309,0.8162895860997114,0.7450134699994867,0.6683480807326057,0.9088912213390524,2.5101182862129607,1.510118286212961,0.1578262060296862
HuggingFaceTB__SmolLM3-3B__ES-silver-filtered__ES-silver-filtered,en,University,90,0.17531075555999237,0.2858779449099731,0.46108186664841094,0.491756479157516,0.6694492545392778,0.8100420276323954,0.7321243809329139,0.7121055457327101,0.9124275737338596,4.245611869151853,3.2456118691518534,0.17651739235858893
HuggingFaceTB__SmolLM3-3B__ES-silver-filtered__ES-silver-filtered,en,WrittenWork,43,0.13446983294132944,0.24171154115181331,0.4680705742127494,0.4025555894723899,0.624663422274035,0.7860698575197265,0.6955425184826518,0.6717288965402648,0.9106000606403795,6.505560686954942,5.505560686954941,0.13637448467406948
HuggingFaceTB__SmolLM3-3B__ES-silver-filtered__ES-silver-filtered,en_bt,Airport,95,0.1053159936023705,0.25024321971178715,0.41483847801295815,0.417852915193905,0.643663135327791,0.7761934870167783,0.7034529962037739,0.6651831721004687,0.9117690864362215,4.486504197251956,3.486504197251956,0.10732628422800364
HuggingFaceTB__SmolLM3-3B__ES-silver-filtered__ES-silver-filtered,en_bt,Artist,109,0.07995865930863498,0.21443168497111897,0.4079214321708697,0.3756888658460031,0.6196091448495148,0.7792667500469663,0.6898607042951321,0.63223308379497,0.908286645324952,6.205972600823416,5.205972600823416,0.08243503158790935
HuggingFaceTB__SmolLM3-3B__ES-silver-filtered__ES-silver-filtered,en_bt,Astronaut,82,0.10940753969590586,0.2445642892402815,0.4338469973146212,0.3987880512405798,0.6301237788142228,0.7852510955275559,0.6987438194635438,0.6399272712992459,0.9016490942094384,5.301392601222289,4.301392601222289,0.11233663730001878
HuggingFaceTB__SmolLM3-3B__ES-silver-filtered__ES-silver-filtered,en_bt,Athlete,50,0.08711320106409297,0.22731015416768735,0.3917431222023174,0.3741370466857926,0.6266420841217041,0.7709581160545349,0.6909278452396392,0.6240022355318069,0.9086863112449646,5.615116212152071,4.61511621215207,0.08791076426535792
HuggingFaceTB__SmolLM3-3B__ES-silver-filtered__ES-silver-filtered,en_bt,Building,46,0.2100725388312724,0.32827950408422035,0.5564930143152027,0.5260281791619814,0.6699997666089431,0.8076324359230374,0.7322310520255048,0.7402484650197236,0.9240664580593938,3.135880235365992,2.135880235365992,0.21062656414982903
HuggingFaceTB__SmolLM3-3B__ES-silver-filtered__ES-silver-filtered,en_bt,CelestialBody,49,0.12276816904714898,0.27093662273416,0.4405068261737743,0.4583998277296419,0.64640005024112,0.8029239810242945,0.7158819339713272,0.7264141416063115,0.9183136431538329,4.268470243859875,3.2684702438598756,0.12422342923734787
HuggingFaceTB__SmolLM3-3B__ES-silver-filtered__ES-silver-filtered,en_bt,City,83,0.06513041095763633,0.2005378083988075,0.33785738552211775,0.33193509789838527,0.6212718608867691,0.7452030806656343,0.6772757955344326,0.6339313696665936,0.9002814644790558,5.684254990275628,4.684254990275628,0.06904999358168419
HuggingFaceTB__SmolLM3-3B__ES-silver-filtered__ES-silver-filtered,en_bt,ComicsCharacter,30,0.10014703494767185,0.2239753791055778,0.41585573167188256,0.3989715875413344,0.6347610414028168,0.7682774980862935,0.6944641391436259,0.65872855981191,0.9135260502497355,4.406378344531,3.4063783445309994,0.10379203181506598
HuggingFaceTB__SmolLM3-3B__ES-silver-filtered__ES-silver-filtered,en_bt,Company,66,0.09220369598907291,0.20716663809641592,0.38992196996617023,0.3704107530175763,0.619319141814203,0.7642693519592285,0.6837804010420134,0.6390132317037294,0.9067753038623116,6.382596759694138,5.382596759694138,0.09422648724342306
HuggingFaceTB__SmolLM3-3B__ES-silver-filtered__ES-silver-filtered,en_bt,Film,264,0.09319524299685661,0.21334466124372567,0.40405638838363134,0.3702649267758673,0.622675834505847,0.7700761317303686,0.6879548527526133,0.6425833270856829,0.9092081796490785,6.278218582684348,5.278629670304738,0.09427857361113277
HuggingFaceTB__SmolLM3-3B__ES-silver-filtered__ES-silver-filtered,en_bt,Food,46,0.09922375517518163,0.20841714569117395,0.3414216390160291,0.38227949846753045,0.6493291038533916,0.7500364858171215,0.6958467688249506,0.7095432709092679,0.9227197157300037,4.436175427841469,3.43617542784147,0.10310892943902138
HuggingFaceTB__SmolLM3-3B__ES-silver-filtered__ES-silver-filtered,en_bt,MeanOfTransportation,58,0.08500521524659199,0.22285144573122714,0.3897209322426583,0.36943909636234784,0.6397494036575844,0.7757856475895849,0.7002089095526728,0.6348855603357841,0.9058344816339428,6.064585105932894,5.083158965786756,0.0868133098340437
HuggingFaceTB__SmolLM3-3B__ES-silver-filtered__ES-silver-filtered,en_bt,Monument,46,0.19084494766210694,0.31731599679159556,0.48813034173812436,0.5503539925825954,0.6735881800236909,0.7898156228272811,0.7265659505906312,0.7368128273798071,0.91684785226117,2.9498017568403,1.9498017568403,0.19235728245925224
HuggingFaceTB__SmolLM3-3B__ES-silver-filtered__ES-silver-filtered,en_bt,MusicalWork,290,0.09667395656072882,0.24593593525027954,0.42899566805137423,0.38946216564661384,0.6338063246217267,0.7667678553482582,0.6935513089443075,0.6916221210668827,0.9110303619812274,5.216607278400377,4.216607278400377,0.09923219955777154
HuggingFaceTB__SmolLM3-3B__ES-silver-filtered__ES-silver-filtered,en_bt,Politician,29,0.16065916640396674,0.27593755869991876,0.5262475226041085,0.48178274638181207,0.6479278967298311,0.7973850533880037,0.714617186579211,0.7455787329838194,0.9070473765504772,4.040802347117594,3.0408023471175936,0.1630022228370084
HuggingFaceTB__SmolLM3-3B__ES-silver-filtered__ES-silver-filtered,en_bt,Scientist,259,0.08624291383401454,0.20960090623000546,0.41488804480857744,0.37120911052699734,0.6183684263450299,0.768449833264222,0.6847979118004729,0.636555241917091,0.9077193235338424,6.222840321327581,5.222840321327581,0.08817177708251275
HuggingFaceTB__SmolLM3-3B__ES-silver-filtered__ES-silver-filtered,en_bt,SportsTeam,44,0.19626465912228905,0.36603121564580987,0.5514561899656552,0.5685453217592152,0.6891686333851381,0.8236276995051991,0.7497426718473434,0.6756286336617037,0.909069609912959,2.5178074949777907,1.5178074949777907,0.1959363633597572
HuggingFaceTB__SmolLM3-3B__ES-silver-filtered__ES-silver-filtered,en_bt,University,90,0.16852852347630545,0.2893948511274186,0.4697195791439673,0.4921025960612799,0.6724795354737176,0.8179131574100919,0.7371314691172706,0.7227772573630015,0.9113032446967231,4.343975285399949,3.3439752853999494,0.16846493850306962
HuggingFaceTB__SmolLM3-3B__ES-silver-filtered__ES-silver-filtered,en_bt,WrittenWork,43,0.1324686245481317,0.23940465538400574,0.44409405523233053,0.39766484047240086,0.6224655411964239,0.7860324854074523,0.694271654583687,0.668440138184747,0.9090003953423611,6.58905612948172,5.58905612948172,0.13400817726649053
HuggingFaceTB__SmolLM3-3B__ES-silver-filtered__ES-silver-filtered,es,Airport,95,0.23312919717821853,0.3634802375452991,0.43396521064730836,0.48895264522761167,0.7220856189727783,0.8043263403992904,0.759919702379327,0.7283926835185603,0.9102231602919729,3.0863495409498767,2.1094984202175335,0.1513676900156772
HuggingFaceTB__SmolLM3-3B__ES-silver-filtered__ES-silver-filtered,es,Artist,109,0.27076208745288005,0.45975616566633104,0.5081673722071302,0.5475444805691658,0.7518343012267297,0.8517290796708623,0.79727092193901,0.769471501538513,0.9157368316562897,2.9812706825137263,1.9974311297339356,0.13992519302696343
HuggingFaceTB__SmolLM3-3B__ES-silver-filtered__ES-silver-filtered,es,Astronaut,82,0.32423273690697524,0.4421239826952739,0.5084250397288215,0.5319550962730705,0.7516810050824794,0.8446789049520725,0.793510830983883,0.76985098712328,0.9099290080186797,3.180413724420929,2.217659394261414,0.19819747793025302
HuggingFaceTB__SmolLM3-3B__ES-silver-filtered__ES-silver-filtered,es,Athlete,50,0.23835452439050936,0.39214704772696224,0.48039645406384746,0.4985052440530696,0.7157337617874145,0.8189635670185089,0.7625926792621612,0.7461085742712021,0.9175743889808655,3.511624001614733,2.522583669333812,0.144311256552425
HuggingFaceTB__SmolLM3-3B__ES-silver-filtered__ES-silver-filtered,es,Building,46,0.5792410437746038,0.5692250779913972,0.6801608924596045,0.717504066636443,0.8386660788370215,0.8802361579045005,0.8583850821723109,0.9013497453668843,0.9392876262250154,1.3864030452660194,0.39584541845256443,0.4981048578847562
HuggingFaceTB__SmolLM3-3B__ES-silver-filtered__ES-silver-filtered,es,CelestialBody,49,0.38093589011450935,0.5386776741136414,0.5988172867139407,0.6451204179665456,0.8120389775354035,0.8684898116150681,0.8384513976622601,0.8653733097777074,0.9244903289541906,2.2482751910681547,1.2662801069997678,0.2719403224308509
HuggingFaceTB__SmolLM3-3B__ES-silver-filtered__ES-silver-filtered,es,City,83,0.18014824942435184,0.34356829992203886,0.3712995113346621,0.428134669326792,0.7147244839783174,0.7871865098734936,0.7479443973805531,0.7480727933257459,0.9031756046306656,3.31476204911884,2.341720800153137,0.11151575037399553
HuggingFaceTB__SmolLM3-3B__ES-silver-filtered__ES-silver-filtered,es,ComicsCharacter,30,0.18206048519071602,0.2709336899898096,0.37993701611325076,0.4301641307272769,0.685753180583318,0.7812588334083557,0.7295493066310883,0.7079773386319478,0.9134921610355378,3.3796739091195898,2.3861328147430307,0.12484439256832337
HuggingFaceTB__SmolLM3-3B__ES-silver-filtered__ES-silver-filtered,es,Company,66,0.18794210519726043,0.31213997415519956,0.4061496404829264,0.43912666171323306,0.6982003757447908,0.7992230771165906,0.7439073766722823,0.7036194128520561,0.9034052554405096,4.063221989292574,3.080464471556201,0.1224730404156385
HuggingFaceTB__SmolLM3-3B__ES-silver-filtered__ES-silver-filtered,es,Film,264,0.1760045614750024,0.31284649725915625,0.39459392949074934,0.4301202873304708,0.7161664059667876,0.7932294891639189,0.7513572104049452,0.739056712072907,0.8940001601974169,3.781673660909512,2.7927497837647373,0.11213320798871144
HuggingFaceTB__SmolLM3-3B__ES-silver-filtered__ES-silver-filtered,es,Food,46,0.2742152918029021,0.3921238716022521,0.5118686991820212,0.5064266424512484,0.7336373964081639,0.8113363631393599,0.7695134813370912,0.7580847260744675,0.9317280274370442,2.7389903985230486,1.7672331601887377,0.19808642303391738
HuggingFaceTB__SmolLM3-3B__ES-silver-filtered__ES-silver-filtered,es,MeanOfTransportation,58,0.29709007793431846,0.4761855789886298,0.5043786930798919,0.5369841488253851,0.7733898563631649,0.8393012326339195,0.8035103175146826,0.7873589781851604,0.9169570084275871,3.408332612688262,2.4559459844290865,0.1623924803237704
HuggingFaceTB__SmolLM3-3B__ES-silver-filtered__ES-silver-filtered,es,Monument,46,0.4579295950636037,0.5239017399082342,0.5344919489618556,0.6240704279015121,0.8066374866858773,0.8482948917409648,0.8265481254328853,0.8656217313331106,0.9290084722249404,1.3289515588265013,0.35550222691179556,0.32451691644379194
HuggingFaceTB__SmolLM3-3B__ES-silver-filtered__ES-silver-filtered,es,MusicalWork,290,0.1493125555626944,0.2935067025975282,0.3859648606545081,0.4096202478939432,0.6895372612722989,0.7870474077504257,0.7338794204695471,0.7173862913559224,0.9095168824853568,3.6925940847974483,2.7076215720180765,0.09405065743642714
HuggingFaceTB__SmolLM3-3B__ES-silver-filtered__ES-silver-filtered,es,Politician,29,0.5475172681850579,0.62149699767609,0.6970235073886902,0.7382643133036386,0.8506643710465267,0.8981220002832084,0.8729726261106031,0.8951040609129544,0.9248928242716296,1.3980639632218312,0.4333424825119478,0.44807550933795914
HuggingFaceTB__SmolLM3-3B__ES-silver-filtered__ES-silver-filtered,es,Scientist,259,0.24906292157090323,0.40022492951463035,0.48399880398748096,0.5009454726542321,0.7238719125051756,0.8211826504887761,0.767727588824784,0.7388217045303477,0.9100480125677631,3.5213344414603727,2.544325837049622,0.13608809136575026
HuggingFaceTB__SmolLM3-3B__ES-silver-filtered__ES-silver-filtered,es,SportsTeam,44,0.47490206823895353,0.5713964199388096,0.6742178985518722,0.7121390199839231,0.8551990051161159,0.8873941180380908,0.8706074966625734,0.9229455617341128,0.9326099103147333,1.1668463742025847,0.22395618740583953,0.4522098643404491
HuggingFaceTB__SmolLM3-3B__ES-silver-filtered__ES-silver-filtered,es,University,90,0.3908518941987004,0.5161743453133968,0.554377294595295,0.6420195669067049,0.8092005179988013,0.8743983659479353,0.839661451180776,0.8587808612320158,0.9189290748702155,1.8773642361653389,0.8933973343592763,0.30114861604961
HuggingFaceTB__SmolLM3-3B__ES-silver-filtered__ES-silver-filtered,es,WrittenWork,43,0.13281115508488298,0.21293170838694656,0.32640460404523997,0.32794257546283456,0.6532278809436532,0.7602931136308715,0.7018402509911116,0.6629039347171783,0.8885139323944269,5.35762929757979,4.359459049704632,0.08589529050168458
HuggingFaceTB__SmolLM3-3B__ES-silver__ES-silver,ca,Airport,95,0.1367343462325073,0.40833771811202996,0.3347745611205517,0.47913216419199667,0.8755643204638832,0.8624068366853814,0.868836972587987,0.8030635400822288,0.9200689786358883,1.0105438543641099,0.08170268774307896,0.13744151825575224
HuggingFaceTB__SmolLM3-3B__ES-silver__ES-silver,ca,Artist,109,0.14812200823878624,0.42728954541796554,0.34280400427186586,0.469339576854393,0.8918295048792427,0.8716769836364536,0.8815064293528916,0.8104325133726138,0.9189398458244604,0.9643096126015338,0.07026415169877619,0.1599247334673016
HuggingFaceTB__SmolLM3-3B__ES-silver__ES-silver,ca,Astronaut,82,0.11132074716023206,0.3730709830251834,0.29775339241063253,0.4105378300053033,0.8882611248551345,0.8539308869257206,0.8705474399938816,0.8027338647260899,0.9139280144761248,0.9005285467263525,0.1387581686743419,0.07527858005627303
HuggingFaceTB__SmolLM3-3B__ES-silver__ES-silver,ca,Athlete,50,0.2142888282323006,0.4792341883980394,0.42045745653040517,0.532288571637332,0.9078829669952393,0.8886004638671875,0.897992753982544,0.832824342250824,0.9306806254386902,0.9753682941193156,0.05725027670866762,0.20576584664395856
HuggingFaceTB__SmolLM3-3B__ES-silver__ES-silver,ca,Building,46,0.31388196182658745,0.37996408153904865,0.4231050876376745,0.5142424357751171,0.8498168302618939,0.8342271058455758,0.8418407427228015,0.789147173580916,0.9145363128703573,1.0436398176890571,0.07324268205016982,0.31856886153332703
HuggingFaceTB__SmolLM3-3B__ES-silver__ES-silver,ca,CelestialBody,49,0.17636190564444448,0.4931677965629303,0.3821015639113864,0.5460240225893485,0.8907657217006294,0.8756314151141108,0.883078468089201,0.8657810882646211,0.917605206674459,0.9760137683289591,0.04855580850376224,0.15302464203315458
HuggingFaceTB__SmolLM3-3B__ES-silver__ES-silver,ca,City,83,0.08552601921057908,0.3813111771884102,0.29493857252581285,0.3961329646502776,0.8238663953470896,0.8157144942915583,0.8196381308946264,0.7683800308101149,0.9071218558104641,1.0094050123457625,0.08172150989166657,0.042391477266875685
HuggingFaceTB__SmolLM3-3B__ES-silver__ES-silver,ca,ComicsCharacter,30,0.11139427441023839,0.3293709484178065,0.2532934362862573,0.3954823698787885,0.8489547729492187,0.8322707355022431,0.840390549103419,0.775852749745051,0.8927326659361522,0.9193720312785512,0.1131036259497182,0.09289971607371551
HuggingFaceTB__SmolLM3-3B__ES-silver__ES-silver,ca,Company,66,0.16566947948226476,0.4197476095261695,0.33486099866109975,0.47690459495721843,0.8797541603897557,0.8698272912791281,0.8745315318757837,0.8005060625798774,0.9279024817726829,0.9999021034922938,0.08530343361690622,0.15922432729438005
HuggingFaceTB__SmolLM3-3B__ES-silver__ES-silver,ca,Film,264,0.1653332605905205,0.40040200995868597,0.3454634586365347,0.47536157704025944,0.8516428353208484,0.8415505883820129,0.8463862210963712,0.7779020899624536,0.9073592681776393,0.9765468375299529,0.06628818324314473,0.1562942350963309
HuggingFaceTB__SmolLM3-3B__ES-silver__ES-silver,ca,Food,46,0.11979685448940458,0.37047018170489504,0.291553293474565,0.41139038634237535,0.8494245876436648,0.8303454000016918,0.839632485223853,0.7453623245591703,0.9316857794056768,0.9652025397623908,0.084915658145416,0.12747863621818595
HuggingFaceTB__SmolLM3-3B__ES-silver__ES-silver,ca,MeanOfTransportation,58,0.1484660486487947,0.4305757348767702,0.3443653212064487,0.47501555032976644,0.8715526122471382,0.8647284374154848,0.8679348405065208,0.7968791003884941,0.9192768222299116,1.0041620987485818,0.09928831878839144,0.12053583046241632
HuggingFaceTB__SmolLM3-3B__ES-silver__ES-silver,ca,Monument,46,0.08506199784559108,0.2670904032693027,0.19120419271482092,0.38393255855849373,0.8171744929707568,0.7942628562450409,0.8054878024951272,0.7748518625031346,0.9034622531870137,1.0355531448206938,0.07720930565948274,0.085541875080919
HuggingFaceTB__SmolLM3-3B__ES-silver__ES-silver,ca,MusicalWork,290,0.1967220275103741,0.40641084393466925,0.35880125831517157,0.4642072005735169,0.8390372570218712,0.8415695652879518,0.8400939628995698,0.7927199663787052,0.903753878946962,1.0290977676063116,0.09926658108165762,0.20724366115854337
HuggingFaceTB__SmolLM3-3B__ES-silver__ES-silver,ca,Politician,29,0.20476677892390377,0.3139802080762222,0.27536211500047675,0.4606119095860336,0.8819714332449025,0.863365635789674,0.8724312885054226,0.7945823772200222,0.9145238584485548,0.9807573097527996,0.06412944539143518,0.20451279919873794
HuggingFaceTB__SmolLM3-3B__ES-silver__ES-silver,ca,Scientist,259,0.13108530846454147,0.41674927457147726,0.31595229329406554,0.45248888360351336,0.8871037964655165,0.8676467572400008,0.8770374904268037,0.7818602717060841,0.9160737676049752,0.9453000747420099,0.09957103925189485,0.10899576519530443
HuggingFaceTB__SmolLM3-3B__ES-silver__ES-silver,ca,SportsTeam,44,0.17642401577731096,0.3491506120402233,0.3466801671759352,0.443588393956544,0.8419869067994031,0.8052442290566184,0.8230526867237958,0.8489550677212802,0.9246146706017581,0.9154844441679022,0.11378161114511692,0.18976480351794497
HuggingFaceTB__SmolLM3-3B__ES-silver__ES-silver,ca,University,90,0.1879228349679537,0.37617013781752445,0.3061167571932593,0.5032404528413467,0.8874265995290544,0.8790729973051283,0.883083905114068,0.8324576159318288,0.9300756063726213,1.0178056325819251,0.06817674994200096,0.27215451565338333
HuggingFaceTB__SmolLM3-3B__ES-silver__ES-silver,ca,WrittenWork,43,0.28200652727095255,0.46247419866857564,0.39101099256171085,0.48120980903932914,0.8607578346895617,0.8579261067301728,0.8592366770256398,0.8159207064051961,0.9110488933186198,0.9709191733880961,0.06364973667882855,0.29628614033768497
HuggingFaceTB__SmolLM3-3B__ES-silver__ES-silver,en,Airport,95,0.0864149317919477,0.2943287255572106,0.149811025346732,0.37933598914683864,0.8445418489606757,0.8518906963498969,0.8481092710244028,0.7887727925651952,0.8961681127548218,0.9998864452615474,0.07578545076959267,0.07581417085126305
HuggingFaceTB__SmolLM3-3B__ES-silver__ES-silver,en,Artist,109,0.09752865687642061,0.31132506523435094,0.222482719959996,0.40196750663625896,0.8755032835750405,0.8881817875652138,0.8816944284176608,0.7938397198642065,0.8996940736376912,0.9849664152454752,0.05511762201486051,0.08708840596091096
HuggingFaceTB__SmolLM3-3B__ES-silver__ES-silver,en,Astronaut,82,0.08642676151142886,0.3022002211485629,0.20405999539394162,0.3650108754688167,0.8642409211251794,0.8549845516681671,0.8592173493489986,0.7896732789714161,0.8939274520408816,0.9726798859391473,0.1118049195042589,0.0451771586092712
HuggingFaceTB__SmolLM3-3B__ES-silver__ES-silver,en,Athlete,50,0.12279746495608133,0.38936453983903424,0.26170462290695445,0.41555518489747195,0.874393880367279,0.875054224729538,0.8745918989181518,0.7977215683460236,0.8979552328586579,1.001435903993717,0.06577245825225345,0.11215572444446796
HuggingFaceTB__SmolLM3-3B__ES-silver__ES-silver,en,Building,46,0.27290381241818695,0.3590565540461969,0.3369157429475951,0.4676297545985732,0.8452193231686301,0.8482870161533356,0.8466748089894004,0.7911789728247601,0.9180418227029883,0.9865793053994532,0.06304033933359157,0.2754498223391971
HuggingFaceTB__SmolLM3-3B__ES-silver__ES-silver,en,CelestialBody,49,0.08520331334888796,0.38311640866636487,0.22551354087042813,0.4467887419278716,0.873912796682241,0.8794589115648853,0.8766048015380392,0.8434446794646127,0.9144546839655662,0.9953440116856442,0.03329372969295247,0.04022385012934326
HuggingFaceTB__SmolLM3-3B__ES-silver__ES-silver,en,City,83,0.05723014600024215,0.19643258624224785,0.11591464417845251,0.29044827722786987,0.8040522796561919,0.8125187280666397,0.8081366189991135,0.7702199917241751,0.8909596226301538,1.0387255584136703,0.10787023927042788,0.014696211367955427
HuggingFaceTB__SmolLM3-3B__ES-silver__ES-silver,en,ComicsCharacter,30,0.08197799587687263,0.25997981869109543,0.18334689636117663,0.3423045580286836,0.8313686072826385,0.8457617342472077,0.8384523451328277,0.7474928041299184,0.8914101421833038,1.0048726204660496,0.06405398724193685,0.05541501357177821
HuggingFaceTB__SmolLM3-3B__ES-silver__ES-silver,en,Company,66,0.11802728549092054,0.2882890239322932,0.18794700979805073,0.35704812005679937,0.8706255645462961,0.8742250619512616,0.8722658645022999,0.7942437818556121,0.9050309080066103,1.023080412249627,0.0880049153368168,0.1043100675660163
HuggingFaceTB__SmolLM3-3B__ES-silver__ES-silver,en,Film,264,0.189388116054626,0.3870490177822955,0.35130301829708444,0.4864646595992005,0.8564107217120401,0.8679033380114671,0.8619378895470591,0.764732045657707,0.9013550958850167,1.0334471124899964,0.07725002910492533,0.17713810754923554
HuggingFaceTB__SmolLM3-3B__ES-silver__ES-silver,en,Food,46,0.04150202079902214,0.1611830107292888,0.10268669815927575,0.28262578686634365,0.8152512013912201,0.8130907053532808,0.8140521710333617,0.7408726150574891,0.9190264992091967,0.9902449457719945,0.06884033298460718,0.016408869074076852
HuggingFaceTB__SmolLM3-3B__ES-silver__ES-silver,en,MeanOfTransportation,58,0.08358146989093118,0.3107372485425588,0.21865204561148366,0.36261503238364556,0.8508692969535959,0.8655389352091427,0.8579440661545458,0.7574742415855671,0.8997134987650246,0.9912090796693095,0.08434565035832467,0.041944336929209874
HuggingFaceTB__SmolLM3-3B__ES-silver__ES-silver,en,Monument,46,0.0893076725055029,0.20770726361407357,0.14260151261247603,0.38371207099966514,0.7898516007091688,0.7978013948253964,0.7937181617902673,0.7441372793653737,0.9073786307936129,0.9757544709741,0.07495281133157496,0.08431330303729472
HuggingFaceTB__SmolLM3-3B__ES-silver__ES-silver,en,MusicalWork,290,0.18650262165860768,0.36634281667569724,0.3250198960244383,0.4445487332735849,0.8387226865209382,0.8442536993273373,0.8412997687685079,0.7838729807015123,0.900209234089687,1.0103183039597168,0.09526290850764532,0.1994874200866601
HuggingFaceTB__SmolLM3-3B__ES-silver__ES-silver,en,Politician,29,0.19654077670849385,0.29248106861970397,0.24249346904869,0.4044470349606305,0.8736127943828188,0.8702035114682954,0.8718368369957497,0.7995380368726007,0.8932871407475965,0.9768219524421214,0.04627705252396513,0.1920293252750567
HuggingFaceTB__SmolLM3-3B__ES-silver__ES-silver,en,Scientist,259,0.09925537400536527,0.27639080066529637,0.18802022867967416,0.3652299333576483,0.8665041674978484,0.864296272224441,0.8652323037961275,0.7571072283858958,0.8919368963904363,0.9715971586183898,0.0886333469531353,0.07624163482045763
HuggingFaceTB__SmolLM3-3B__ES-silver__ES-silver,en,SportsTeam,44,0.2123696017647658,0.4034745761114038,0.38097883298492197,0.5251051618664939,0.8654819672757929,0.8718756464394656,0.8685375479134646,0.8674049187790264,0.9132424985820596,0.9564966122077174,0.09589953774915982,0.2235383585260322
HuggingFaceTB__SmolLM3-3B__ES-silver__ES-silver,en,University,90,0.22310836180657187,0.3140751131298324,0.27460449358048056,0.4751723866555856,0.889064179526435,0.893578530020184,0.8911786708566878,0.8351199554072486,0.9115619248814053,0.9799953694956094,0.05491843200219066,0.32978181467228657
HuggingFaceTB__SmolLM3-3B__ES-silver__ES-silver,en,WrittenWork,43,0.3368803991672515,0.4380635806112105,0.4030172207876396,0.522256497029596,0.8637998117957004,0.8806582897208458,0.8720306282819703,0.8151084184646606,0.886926879716474,1.0252722491904929,0.06746807209836735,0.33584982441882877
HuggingFaceTB__SmolLM3-3B__ES-silver__ES-silver,en_bt,Airport,95,0.09676823694685535,0.27565594684813766,0.1559130003450072,0.3672234667503512,0.8469306230545044,0.8544535781207837,0.8505943919482984,0.7884875592432524,0.8966723096998115,1.0100483048239706,0.07089483913975561,0.09382835558116026
HuggingFaceTB__SmolLM3-3B__ES-silver__ES-silver,en_bt,Artist,109,0.0973812160817873,0.3195101406860203,0.24101446100955798,0.40796993115770136,0.8786511721960996,0.8957309197942052,0.8870075470810637,0.7962080858169346,0.8991144736972424,0.9970842758454311,0.0620237685474777,0.08731914989324202
HuggingFaceTB__SmolLM3-3B__ES-silver__ES-silver,en_bt,Astronaut,82,0.08938117238267683,0.3111200757737134,0.20540048985385345,0.36883333402502655,0.8690077226336409,0.8615114972358797,0.8648582398891449,0.7898228255713858,0.8944881732870893,0.9793902611834641,0.11708492544714717,0.048149582810819075
HuggingFaceTB__SmolLM3-3B__ES-silver__ES-silver,en_bt,Athlete,50,0.1278494316328699,0.40362428531629474,0.2807273671444133,0.42530860270786525,0.8795623099803924,0.883366938829422,0.8813538193702698,0.8024841964244842,0.8986670482158661,1.010728593563762,0.07484402890331367,0.11892231470363437
HuggingFaceTB__SmolLM3-3B__ES-silver__ES-silver,en_bt,Building,46,0.28168710427695587,0.3692824614451161,0.3485931471523917,0.4759794280748623,0.8495165420615155,0.8539242200229479,0.8516445496807927,0.7960159843382628,0.9183027057544045,1.0129444723486933,0.062177744207201374,0.2852195162804808
HuggingFaceTB__SmolLM3-3B__ES-silver__ES-silver,en_bt,CelestialBody,49,0.08358969365954423,0.37044545359541964,0.23061359024747796,0.443249312710015,0.8749907795263796,0.8807278676908843,0.8777659559736446,0.8418483940922484,0.9132762344516053,0.9968441122273837,0.03944155904889698,0.03946341025352125
HuggingFaceTB__SmolLM3-3B__ES-silver__ES-silver,en_bt,City,83,0.05681346869010384,0.20231800817362725,0.11451762206139544,0.28171139929453504,0.8073918711708252,0.8146939141204558,0.8108724104352745,0.7718775882778397,0.8908783922712487,1.04501888617587,0.10120271658944094,0.015062024412724868
HuggingFaceTB__SmolLM3-3B__ES-silver__ES-silver,en_bt,ComicsCharacter,30,0.08324936847204392,0.2701945421313623,0.19536614386806486,0.35060667400817114,0.8364886522293091,0.8571981310844421,0.8465824127197266,0.7481641968091329,0.8931156039237976,1.0099762173597324,0.06861468547511347,0.0582280303048426
HuggingFaceTB__SmolLM3-3B__ES-silver__ES-silver,en_bt,Company,66,0.11935372574491171,0.2799277723834838,0.18626362075613612,0.35570537602610575,0.8702621026472612,0.8767604367299513,0.8733430224837679,0.7942981999931913,0.9052582094163606,1.0303927295368935,0.08197224571096681,0.10633792365911217
HuggingFaceTB__SmolLM3-3B__ES-silver__ES-silver,en_bt,Film,264,0.19230932699767522,0.39171087858128967,0.3625104655098985,0.49232221211859806,0.8570680557326837,0.8707815765431433,0.8636819546421369,0.7662748098373413,0.9016980528831482,1.0409921956788757,0.08515552793990643,0.18061380555630155
HuggingFaceTB__SmolLM3-3B__ES-silver__ES-silver,en_bt,Food,46,0.04248776832143593,0.16246426255741545,0.10362404282488352,0.28673534241696175,0.8155675193537837,0.8149779970231263,0.815168339273204,0.7416188483652861,0.918356698492299,1.0160005899690783,0.08374948825113851,0.016454087623552306
HuggingFaceTB__SmolLM3-3B__ES-silver__ES-silver,en_bt,MeanOfTransportation,58,0.08676241317965677,0.3096370491852816,0.2233421110008443,0.36296470309325435,0.8485381973200831,0.8629908428109926,0.8555112008390755,0.7571799107666674,0.8993227409905401,0.9905959196103081,0.08137793735521684,0.04904776127072115
HuggingFaceTB__SmolLM3-3B__ES-silver__ES-silver,en_bt,Monument,46,0.09737065669729858,0.21109952603096502,0.15722848431202802,0.3980617475008393,0.7941066221050594,0.8124804017336472,0.8030837774276733,0.7526277212992959,0.9059390075828718,0.991121798310835,0.08282409869841188,0.09407627633993153
HuggingFaceTB__SmolLM3-3B__ES-silver__ES-silver,en_bt,MusicalWork,290,0.18678960166656164,0.36873140944155103,0.32971723665992114,0.44828382832158725,0.8421181672605975,0.8493746960985249,0.8455752080884473,0.7876864443565237,0.9004035754450437,1.0167171538025443,0.0934744609814961,0.19898319937169018
HuggingFaceTB__SmolLM3-3B__ES-silver__ES-silver,en_bt,Politician,29,0.2060322312438107,0.29443101498276847,0.25126856884727056,0.40803745033424055,0.8730767430930302,0.874704726811113,0.8738434951880882,0.8024756867310097,0.893576482246662,0.9846069459036876,0.04884545122309521,0.20358327936075377
HuggingFaceTB__SmolLM3-3B__ES-silver__ES-silver,en_bt,Scientist,259,0.0980925061711216,0.2801753306784884,0.19416299393072753,0.36865514235408375,0.8699391392207053,0.8709272300414597,0.8702554525555791,0.7599690535814145,0.8926099085439586,0.9770978359728645,0.09005963913888393,0.07578505876958878
HuggingFaceTB__SmolLM3-3B__ES-silver__ES-silver,en_bt,SportsTeam,44,0.2136151526685346,0.3895474786733039,0.3678540416738161,0.5245930127860138,0.8652814870530908,0.8689238266511397,0.8669965795495294,0.8655428480018269,0.9144160341132771,0.9682677253861924,0.07576766564470967,0.22204729255417682
HuggingFaceTB__SmolLM3-3B__ES-silver__ES-silver,en_bt,University,90,0.2114111172964615,0.33745824402694324,0.2621969936795964,0.46620374943553594,0.897058924039205,0.901061988539166,0.898944248755773,0.8389598892794715,0.9106786575582292,0.9883606267724664,0.06279823697075167,0.30773923253877766
HuggingFaceTB__SmolLM3-3B__ES-silver__ES-silver,en_bt,WrittenWork,43,0.3378940558551517,0.43555446122570896,0.3998572395443105,0.5219262811514694,0.8651654498521671,0.8838091548099074,0.8742743633514227,0.8131527678911076,0.8868861780610195,1.0334960668639719,0.07878158249933402,0.3386016583289358
HuggingFaceTB__SmolLM3-3B__ES-silver__ES-silver,es,Airport,95,0.5673077485964717,0.6821342741542818,0.6737877898831842,0.7282904313094988,0.9121998416750055,0.9111751932846872,0.9116089770668432,0.9505289730272795,0.93825797093542,0.9923065092522769,0.056875998855955706,0.5851226936049624
HuggingFaceTB__SmolLM3-3B__ES-silver__ES-silver,es,Artist,109,0.6073810756691267,0.7584143123694143,0.7298280653046119,0.7624510434465152,0.9355982487354804,0.932809478099193,0.9340922187227721,0.9476815615225276,0.9381683304769184,0.9783899270623275,0.050124962884589876,0.6335213208973027
HuggingFaceTB__SmolLM3-3B__ES-silver__ES-silver,es,Astronaut,82,0.6448819219317499,0.7504714855495311,0.7305174824142586,0.7459151678238098,0.9378479806388297,0.9261467536775078,0.9317837611931127,0.947351460776678,0.9364356173247825,0.9579691327868542,0.08636537817147094,0.6895281690964662
HuggingFaceTB__SmolLM3-3B__ES-silver__ES-silver,es,Athlete,50,0.6299882822517529,0.7603336999999339,0.6999761407343253,0.7446049225068854,0.9329374837875366,0.9294379520416259,0.9310783874988556,0.9531239783763885,0.9391122150421143,0.999802393758134,0.05531142552410184,0.6570811622759442
HuggingFaceTB__SmolLM3-3B__ES-silver__ES-silver,es,Building,46,0.6517689708136357,0.6616992320879396,0.7085526685632454,0.7509594612940986,0.9022476388060529,0.9021375930827596,0.9021460919276528,0.9513316322927889,0.9462849160899287,1.0066051568078738,0.039511864396908646,0.6376881152813358
HuggingFaceTB__SmolLM3-3B__ES-silver__ES-silver,es,CelestialBody,49,0.5894268404859002,0.6867851875738045,0.6682908434987018,0.7526441791874898,0.9149372796623074,0.9080352357455662,0.9114253447980297,0.9479749202728271,0.9366736205256715,0.9804379757684512,0.04595115503099851,0.5799954518858306
HuggingFaceTB__SmolLM3-3B__ES-silver__ES-silver,es,City,83,0.34517416878984514,0.5565342547425568,0.5108214277024962,0.5727376236910332,0.849611162421215,0.8537300336791809,0.8515197771141328,0.9063729773084801,0.9240478363381811,0.99287375428844,0.0654004272813226,0.35064650556118854
HuggingFaceTB__SmolLM3-3B__ES-silver__ES-silver,es,ComicsCharacter,30,0.5803086717087318,0.6416961509829432,0.6461465094335256,0.7021297074486308,0.9058655420939128,0.9031592388947804,0.9044557273387909,0.9299736658732096,0.9403601209322612,0.9946344392512784,0.052180974614264505,0.5733199620565881
HuggingFaceTB__SmolLM3-3B__ES-silver__ES-silver,es,Company,66,0.6890431660722041,0.7678257409539986,0.7551263551749745,0.787883031264422,0.9378698928789659,0.9356918009844694,0.9365677824526122,0.9523744673439951,0.944219528725653,1.0114703724412304,0.05748904273350701,0.6710459980155683
HuggingFaceTB__SmolLM3-3B__ES-silver__ES-silver,es,Film,264,0.3603694627437769,0.5116673649363028,0.5255088560515802,0.5866696136143366,0.861976379472198,0.8639714794628548,0.8628139705820517,0.8812580862731645,0.9048530448115233,1.0161588929633159,0.0656194670990968,0.340649726080017
HuggingFaceTB__SmolLM3-3B__ES-silver__ES-silver,es,Food,46,0.456671243956562,0.6066223268235005,0.5607901860412176,0.6165400998005706,0.8996895292530889,0.8739047439202018,0.8863613048325414,0.9312936547009841,0.9562145614105723,0.8880645439104365,0.12282684732919616,0.45057625810892404
HuggingFaceTB__SmolLM3-3B__ES-silver__ES-silver,es,MeanOfTransportation,58,0.5167722774242232,0.6839476786666367,0.6678797585622713,0.716261755890059,0.9134063494616541,0.9135808328102375,0.9133339627035733,0.9318956229193457,0.937089439096122,0.9942323020131455,0.08213983485388647,0.5220196977962751
HuggingFaceTB__SmolLM3-3B__ES-silver__ES-silver,es,Monument,46,0.6685630131773489,0.6782485812386446,0.720523503428549,0.7691332589525259,0.9041014741296354,0.902928008981373,0.9034748194010361,0.9572713673114777,0.9446880636007889,0.9786626764135661,0.05946365951632608,0.6654762756799422
HuggingFaceTB__SmolLM3-3B__ES-silver__ES-silver,es,MusicalWork,290,0.41879658779958323,0.5784299308863254,0.5850602758841292,0.6294706688205693,0.8694745402911613,0.8746717956559411,0.8719120070852082,0.9033107471877131,0.929550747624759,1.001358522346368,0.07772294074700573,0.42518815853960024
HuggingFaceTB__SmolLM3-3B__ES-silver__ES-silver,es,Politician,29,0.5975780000723411,0.6527554300886677,0.6815368170989896,0.7535067896813901,0.9133560184774727,0.9115702283793482,0.9123447516868854,0.9299544239866322,0.9331558819474846,0.9969263415595994,0.05232527505980835,0.6472892055794418
HuggingFaceTB__SmolLM3-3B__ES-silver__ES-silver,es,Scientist,259,0.5577729705147563,0.7121892860450358,0.6694754591349983,0.7077435566389716,0.9225390185260405,0.9115430397416634,0.9168485103887021,0.9262240324241314,0.9296537083088201,0.9525964377421677,0.08231824487404533,0.5573330094112701
HuggingFaceTB__SmolLM3-3B__ES-silver__ES-silver,es,SportsTeam,44,0.5341345181464062,0.606753339756618,0.6891343262953686,0.7338911717585893,0.8912958069281145,0.8956937085498463,0.8934063085100867,0.9481252445416017,0.9431651342998851,1.0129016285222188,0.06101309427374044,0.5414222649872066
HuggingFaceTB__SmolLM3-3B__ES-silver__ES-silver,es,University,90,0.6078581846680727,0.685018827375692,0.6729302404865946,0.7553753757928133,0.9235932283931308,0.9205207208792369,0.9219011180930667,0.9577061686250898,0.9401470051871406,0.9784819222681075,0.056826634045642824,0.6477689125666082
HuggingFaceTB__SmolLM3-3B__ES-silver__ES-silver,es,WrittenWork,43,0.46041259601819023,0.5901504209262775,0.6306706470097718,0.6385006259873173,0.8758877640546754,0.8861269632051157,0.8808961358181265,0.8904159831446271,0.918385810630266,1.0374797743091493,0.0726403812795832,0.49013846982406
Qwen/Qwen3-4B-Instruct-2507,ca,Airport,95,0.4006180352464397,0.6441428950864083,0.6137666445542138,0.6637785843220037,0.8838344881409093,0.8931713236005683,0.8883266656022323,0.9310880723752474,0.9408395710744356,1.0161379662321872,0.09743099416162154,0.41172307196910873
Qwen/Qwen3-4B-Instruct-2507,ca,Artist,109,0.3778186979132506,0.622061313893574,0.5503636323600892,0.6187280084050241,0.8907793213468079,0.8948690688938176,0.8926588564837744,0.9191466006663961,0.9399403464903525,0.9867808829337675,0.07997860030480822,0.38255346864555834
Qwen/Qwen3-4B-Instruct-2507,ca,Astronaut,82,0.4699484235426044,0.632889399704207,0.595541984510907,0.6334950833421806,0.8841152918048021,0.8908306076759245,0.887286019034502,0.9203183236645489,0.9397714552355976,0.994021533347246,0.07691478390445712,0.480375039314201
Qwen/Qwen3-4B-Instruct-2507,ca,Athlete,50,0.35652391732131106,0.5689914940418588,0.5352685985041041,0.6122876784111828,0.8742572093009948,0.8872862184047698,0.8806356692314148,0.9121137332916259,0.9431982135772705,1.04032178567108,0.07783801751781783,0.36276014817947005
Qwen/Qwen3-4B-Instruct-2507,ca,Building,46,0.4064434116752134,0.4718065008759764,0.5220636631428462,0.58050796222532,0.8312835628571718,0.8509603064993153,0.8408068250054899,0.9083484437154687,0.9409691082394641,1.0272954072483396,0.06343655363943349,0.42536538637059307
Qwen/Qwen3-4B-Instruct-2507,ca,CelestialBody,49,0.30130491448013674,0.5331319717439086,0.5272616649265314,0.5814881172341345,0.8321519907639952,0.8515703179398362,0.8416948780721548,0.8940445610455104,0.930150746082773,1.0379551868732513,0.07647296279659628,0.3114322723297454
Qwen/Qwen3-4B-Instruct-2507,ca,City,83,0.35866755685093615,0.5575301159774992,0.5621088093587661,0.607706810690362,0.8344391390501734,0.8642635675797979,0.8486782894077072,0.9058979598872633,0.9412150979042053,1.1052465657748398,0.1338943840394715,0.3391865461460501
Qwen/Qwen3-4B-Instruct-2507,ca,ComicsCharacter,30,0.24463820638447664,0.39683671360709677,0.3605216337161431,0.45384236416164087,0.8167607188224792,0.8286205768585205,0.8225234806537628,0.8662262300650279,0.9088937024275462,1.0247363880917981,0.06103445837366988,0.2513989286031046
Qwen/Qwen3-4B-Instruct-2507,ca,Company,66,0.3564038765042189,0.5696910499752391,0.543647073931371,0.6086536433241281,0.8751619458198547,0.8883143573096304,0.8814588965791644,0.9112859440572334,0.9422337241245039,1.028802957012576,0.10290088773241313,0.3331859292682108
Qwen/Qwen3-4B-Instruct-2507,ca,Film,264,0.3798069734248308,0.5446253034853455,0.5289952279228854,0.6045311530893661,0.8587961946472977,0.8669608217297178,0.8626758722644864,0.8711064164385651,0.9341081114429416,0.998902129680406,0.05781033713555699,0.3828937846471065
Qwen/Qwen3-4B-Instruct-2507,ca,Food,46,0.2526873537182537,0.40079117185121843,0.4231652410764336,0.494015789780062,0.8012234322402788,0.8193838622259058,0.809955780920775,0.8747227749098903,0.9389607025229413,1.0814524902604403,0.14057363747306556,0.2666571650019116
Qwen/Qwen3-4B-Instruct-2507,ca,MeanOfTransportation,58,0.32276779395507876,0.569430787809598,0.5561882555718956,0.620696101392825,0.8618562108483808,0.8887525457760383,0.8747702395093853,0.8957256695319866,0.9302210365903789,1.1510455727563187,0.18277160405480536,0.333871923621161
Qwen/Qwen3-4B-Instruct-2507,ca,Monument,46,0.32695564347268524,0.49833152324314683,0.5172793209019715,0.6215848685782773,0.8352661508580913,0.8555824406768965,0.845126501891924,0.9296116517937701,0.9435777547566787,1.054920661881067,0.09326861987099369,0.30986449229595103
Qwen/Qwen3-4B-Instruct-2507,ca,MusicalWork,290,0.3139119530799295,0.5304893420296016,0.5233471643440933,0.5719807324386532,0.8469037660237017,0.8680462596745326,0.8571332602665342,0.8926685351749947,0.9273433467437481,1.0527711973322225,0.10360601125578259,0.3275841295641185
Qwen/Qwen3-4B-Instruct-2507,ca,Politician,29,0.3533547719772202,0.5183931371243414,0.5683938937663633,0.6125645004315611,0.8345141739680849,0.8653659203956867,0.8494691684328276,0.8951475517503147,0.9279372753768131,1.1229468439664418,0.13386471564175856,0.35422470989822846
Qwen/Qwen3-4B-Instruct-2507,ca,Scientist,259,0.37981141675404767,0.5996082963983014,0.5431976932622963,0.6337846350003944,0.8921670244007037,0.8925222563467431,0.892163685850195,0.9109420780969862,0.9391639478878625,0.982167067812503,0.07269272812552366,0.3755072096082754
Qwen/Qwen3-4B-Instruct-2507,ca,SportsTeam,44,0.19579928589999784,0.3883749812624394,0.3530246142644459,0.4580500536882187,0.8227606442841616,0.8139799508181486,0.8182465095411647,0.9209814491597089,0.9303955774415623,0.9485273565947717,0.09688980835786362,0.2170271164137283
Qwen/Qwen3-4B-Instruct-2507,ca,University,90,0.4941247448854099,0.6594388499386977,0.6295459384088493,0.7438151616936166,0.9120043992996216,0.9261526061428917,0.9188404533598158,0.9556132111284468,0.9455096503098805,1.0071373841557476,0.06261074850672108,0.5160360676001646
Qwen/Qwen3-4B-Instruct-2507,ca,WrittenWork,43,0.4303324850365495,0.6035357803541274,0.5497986116388615,0.5906299149592598,0.8793101158252982,0.8869272747705149,0.8830293139746023,0.8863906541536021,0.9236159407815268,1.000193918843625,0.06021245925756027,0.4538985199793697
Qwen/Qwen3-4B-Instruct-2507,en,Airport,95,0.498570779156452,0.6678957659869524,0.6806207033190201,0.7289184274163478,0.8930088614162646,0.9099909669474552,0.9012695776788812,0.9387372374534607,0.9248767990815012,1.0311126215548454,0.07794219696426839,0.5020790137863437
Qwen/Qwen3-4B-Instruct-2507,en,Artist,109,0.462342987201751,0.6825808207932196,0.669013601785179,0.7007221255457703,0.9053554523975478,0.9149168439961355,0.9099588601961048,0.9269582990112655,0.9092774894259391,1.0453217415230676,0.1019730217962137,0.4449672460762964
Qwen/Qwen3-4B-Instruct-2507,en,Astronaut,82,0.5695573081744312,0.7137120612732539,0.7021181134916872,0.7253637282017219,0.9111224936275948,0.916031317739952,0.9134589193797693,0.9391820779660853,0.9160840496784304,1.0311813904371623,0.08108813757587235,0.546699283126548
Qwen/Qwen3-4B-Instruct-2507,en,Athlete,50,0.48165098475477897,0.6836409119700229,0.6592687913336286,0.6972144894426104,0.9020260679721832,0.9090222322940826,0.9053480100631713,0.937458153963089,0.9155750823020935,1.0633108553420068,0.09306814237869196,0.460750758202554
Qwen/Qwen3-4B-Instruct-2507,en,Building,46,0.49266343608083124,0.5483321659770521,0.6364751318619551,0.678741331699076,0.8719535016495249,0.8744231099667756,0.8731019471002661,0.919400550748991,0.9400135110253873,1.029655801977836,0.05712528300239925,0.4990947954051211
Qwen/Qwen3-4B-Instruct-2507,en,CelestialBody,49,0.4932219015595365,0.5921498746595552,0.6783017415195062,0.7049245097475056,0.8505067569868905,0.8716771164718939,0.8608783532162102,0.9250668944144735,0.9279602352453737,1.075750334768178,0.08897309317461516,0.45177189559687086
Qwen/Qwen3-4B-Instruct-2507,en,City,83,0.394213845720976,0.5793837619140475,0.5903196485057708,0.6366430944886147,0.8572846292013145,0.8720365001494625,0.8643238960978497,0.9153184502957815,0.9136818582753101,1.0522536950705235,0.10106536210230703,0.3571838302821353
Qwen/Qwen3-4B-Instruct-2507,en,ComicsCharacter,30,0.33488176562718774,0.5250838852059679,0.5500146371382822,0.5951107680359308,0.8528799335161845,0.8582641045252483,0.8554750879605612,0.895064777135849,0.920588101943334,1.0046032260723434,0.0484256313480739,0.3370205545993826
Qwen/Qwen3-4B-Instruct-2507,en,Company,66,0.48827878414491604,0.6670573163095306,0.6532149251599844,0.6912267711409035,0.9025178488456842,0.9085676642981443,0.905330420443506,0.9241814035357852,0.9191345987897931,1.0088855754994868,0.0769039427908878,0.4689265178121159
Qwen/Qwen3-4B-Instruct-2507,en,Film,264,0.49778222254282734,0.6740394610197921,0.6686889496568317,0.7105068958452214,0.8953656502293817,0.900203917288419,0.8976221276503621,0.9081517094464013,0.9192288581169012,1.0101919783930144,0.05212466167583188,0.47071092858089053
Qwen/Qwen3-4B-Instruct-2507,en,Food,46,0.2821250530699349,0.4784891076260676,0.4333174337539736,0.5402984555814055,0.8491881839607073,0.8522146668123163,0.8505980761154838,0.9103203610233639,0.9370991833831953,1.0000099343322812,0.081973695163026,0.30240031362613207
Qwen/Qwen3-4B-Instruct-2507,en,MeanOfTransportation,58,0.45493507134061867,0.6760230820845557,0.6795153613967182,0.69963892069123,0.9058726656025854,0.9132406588258415,0.9093312076453505,0.9303379387691103,0.9130727833714979,1.020915675882895,0.06782613718367347,0.45400264426539466
Qwen/Qwen3-4B-Instruct-2507,en,Monument,46,0.5743991083863562,0.6334149479864244,0.6937621803450758,0.7577241944151313,0.8735106574452441,0.8815282946047576,0.877423248861147,0.938936903424885,0.9421820757181748,1.0337643042198352,0.06687040516077039,0.5531916610355668
Qwen/Qwen3-4B-Instruct-2507,en,MusicalWork,290,0.39194615886244266,0.6292031693670772,0.6097663036106565,0.6489990767459655,0.8646786309521773,0.8850861273962876,0.874531837167411,0.8979649732852805,0.9156204852564581,1.0430811467983405,0.09694312336682115,0.40309899807238936
Qwen/Qwen3-4B-Instruct-2507,en,Politician,29,0.5648337331873707,0.6407241444235238,0.6893010164492751,0.7250749836241823,0.8967007357498695,0.9012253222794369,0.8988477669913193,0.9241860570578739,0.9187107620568111,1.0205835212818237,0.0862263686329972,0.6039612476546175
Qwen/Qwen3-4B-Instruct-2507,en,Scientist,259,0.5643635473223031,0.7161957582016595,0.7062185993401766,0.731433789551688,0.9186742906404738,0.9190742633517645,0.9187394527855067,0.934049048709133,0.9093456321241312,0.9906678043853605,0.0536700505291998,0.5338251513138096
Qwen/Qwen3-4B-Instruct-2507,en,SportsTeam,44,0.3943016409761031,0.5603094012814159,0.5873724787257039,0.6596274950405665,0.8725433146411722,0.8815233138474551,0.8769203424453735,0.9427998932925138,0.9279762289740823,0.9994456041413572,0.07471618539160885,0.3980526435721711
Qwen/Qwen3-4B-Instruct-2507,en,University,90,0.5942955501319352,0.69097991714294,0.7360561163462909,0.7970929070830293,0.9163546158207787,0.92656140393681,0.9213098843892416,0.9638543029626211,0.9306632883018917,1.0070635665287653,0.04695443657837874,0.6165807661876016
Qwen/Qwen3-4B-Instruct-2507,en,WrittenWork,43,0.6099531604407401,0.7161497809698001,0.6874860014512677,0.7444352734330997,0.9160170804622562,0.9177407857983612,0.9167751226314279,0.9276927182840746,0.9049836854602016,1.0063996917642093,0.062369390186725604,0.6332662995240104
Qwen/Qwen3-4B-Instruct-2507,en_bt,Airport,95,0.4477968752753792,0.6430249895472173,0.6400911953813067,0.6817795408390114,0.8884193006314729,0.9043540659703706,0.8961804597001327,0.9320628680680928,0.9239270875328466,1.0282931582225698,0.07300199323801092,0.45861985673865513
Qwen/Qwen3-4B-Instruct-2507,en_bt,Artist,109,0.43726340596159924,0.6790553085764419,0.6742773858447471,0.7077659534181424,0.9002684764905807,0.9176704724994275,0.9087265899421972,0.9242417927182048,0.90804452633639,1.0678439535129034,0.1000880172518949,0.42483802180034386
Qwen/Qwen3-4B-Instruct-2507,en_bt,Astronaut,82,0.5936282397651196,0.7287919632834696,0.7329651184058429,0.743804794533006,0.9177534165905743,0.9245171685044359,0.9209797644033665,0.9436398969917763,0.9176114434149207,1.0363822475329971,0.09028274887826819,0.5614707509213633
Qwen/Qwen3-4B-Instruct-2507,en_bt,Athlete,50,0.4977132918147349,0.6905202488573273,0.6840760971283167,0.7051803037432349,0.9024455428123475,0.9173756766319275,0.9097367203235627,0.9408716177940368,0.916415845155716,1.097826376868411,0.12211678095638621,0.48776292374092733
Qwen/Qwen3-4B-Instruct-2507,en_bt,Building,46,0.5202685703698009,0.55745251470886,0.6781157929375244,0.704802127682138,0.8756292941777603,0.8848939771237581,0.8801418503989344,0.9241646398668704,0.9414929630963699,1.0380630595705933,0.0650950974803814,0.5199107821017348
Qwen/Qwen3-4B-Instruct-2507,en_bt,CelestialBody,49,0.49916791888335454,0.6040765270035513,0.6783253002388064,0.7046682170264297,0.8515075226219333,0.8743830882773107,0.8626787905790367,0.9247798907513521,0.9275590692247663,1.0688839328095396,0.08988454310010663,0.4575320251967625
Qwen/Qwen3-4B-Instruct-2507,en_bt,City,83,0.3916995959527916,0.5829029526286069,0.5840793966615712,0.6188218312327535,0.8587444898593857,0.873485898397055,0.8657888662384217,0.9184711934572243,0.9136721010667732,1.0671263207416584,0.11283781775909457,0.36923073487127994
Qwen/Qwen3-4B-Instruct-2507,en_bt,ComicsCharacter,30,0.3818628660942532,0.5453163519921396,0.5636201711913087,0.6022322182896177,0.8588882505893707,0.8671472827593486,0.8628945529460907,0.90662379860878,0.9243295272191365,0.9874708621822436,0.038353247693349926,0.3813754478784109
Qwen/Qwen3-4B-Instruct-2507,en_bt,Company,66,0.49997798374541624,0.6740663130449797,0.6678526563998599,0.692831983835111,0.903304889346614,0.9119040830568834,0.9073902052460294,0.9286161742427133,0.9187561616753087,1.0129950140201616,0.07046363627859058,0.47177188183162
Qwen/Qwen3-4B-Instruct-2507,en_bt,Film,264,0.5075350987009862,0.6882963910080891,0.6963495213309971,0.7243895244369685,0.8977004449927446,0.9063607063708883,0.9018576750249574,0.9118344664122119,0.9196846455787168,1.0201082145006506,0.05988233090506031,0.4827375456121068
Qwen/Qwen3-4B-Instruct-2507,en_bt,Food,46,0.28684643200630505,0.46734852136916555,0.436887422821944,0.5400711659156106,0.8443649281626162,0.8510532495768174,0.8475345075130463,0.9062399643918743,0.935781620118929,1.0221737496781438,0.09428660609136584,0.2948147717844916
Qwen/Qwen3-4B-Instruct-2507,en_bt,MeanOfTransportation,58,0.45490415691661923,0.676043389691736,0.6716500479585572,0.6909391772998914,0.9097217444715828,0.9146831857747045,0.9120058797556778,0.9283326504559353,0.9122987831461018,1.0185651210283468,0.08856844199042865,0.4595093791372264
Qwen/Qwen3-4B-Instruct-2507,en_bt,Monument,46,0.5794955350404121,0.6325757660189018,0.7014088396379321,0.7636759467848581,0.8715227492477583,0.8885136933430381,0.8797946870326996,0.9400356709957123,0.9407577838586725,1.0542704220633425,0.08245570316282945,0.56167713630892
Qwen/Qwen3-4B-Instruct-2507,en_bt,MusicalWork,290,0.395105713194051,0.6253213372555747,0.6125601561950368,0.6471727637398706,0.8663809963341417,0.8863761092054433,0.8760300730836803,0.898400922684834,0.9138216752430488,1.053169335407287,0.10236457561872898,0.40679099681067404
Qwen/Qwen3-4B-Instruct-2507,en_bt,Politician,29,0.5716697442757189,0.6398056024823913,0.7084450499264121,0.7479078024379128,0.8992158996647802,0.90679420684946,0.9028975018139543,0.9301251974599115,0.9205123638284618,1.0266135749846328,0.07803238872698234,0.6004845247537325
Qwen/Qwen3-4B-Instruct-2507,en_bt,Scientist,259,0.5350447517034159,0.7059020885674292,0.6923390746633761,0.7217685893544279,0.9147535166685186,0.9188040465001434,0.9166099426829216,0.9297224377573227,0.9082630115586359,0.9992244664752965,0.05778637964321018,0.5062296849491438
Qwen/Qwen3-4B-Instruct-2507,en_bt,SportsTeam,44,0.4282924516872137,0.5915165227663208,0.6182956387380654,0.6846526954448616,0.8780169947580858,0.8900987085970965,0.8838365348902616,0.94713524796746,0.9315408983013846,1.017739139815938,0.07145430234174446,0.4326770940732741
Qwen/Qwen3-4B-Instruct-2507,en_bt,University,90,0.6084195418412939,0.7208798062676037,0.7520608854751427,0.7985075074916117,0.9275915569729275,0.9347926278909048,0.9310706151856316,0.9702299151155683,0.9293374929163191,1.0208124300653538,0.054702321450886646,0.5977792018146261
Qwen/Qwen3-4B-Instruct-2507,en_bt,WrittenWork,43,0.5954148747117397,0.7136153661743981,0.6825305596710846,0.7327242762361337,0.9154925900836324,0.9196500695028971,0.9174730916355931,0.9220862499503202,0.9051205474276875,0.9955010568343936,0.05902581617372788,0.6242930767478343
Qwen/Qwen3-4B-Instruct-2507,es,Airport,95,0.4237773540380362,0.6214726930240093,0.6163453607131564,0.6665263603237555,0.8890159312047456,0.8962511125363801,0.8925106632082086,0.9398175691303454,0.9339905387476871,1.0179690116269065,0.08715443899637643,0.4307721913701495
Qwen/Qwen3-4B-Instruct-2507,es,Artist,109,0.4782659691210301,0.7004721029928177,0.6605662837383517,0.6936136425791246,0.91456990996632,0.9168783070844247,0.9156255125999451,0.9331022205702756,0.9344988612953676,1.0227437035585463,0.07045404029840864,0.5038369269831273
Qwen/Qwen3-4B-Instruct-2507,es,Astronaut,82,0.5105388193867181,0.6921307141012635,0.6622227051180819,0.687054617083601,0.9087142544548686,0.918147771823697,0.9133076122621211,0.9388634744213848,0.9264792487388704,1.0350322613940013,0.09182421367727682,0.5086753584359811
Qwen/Qwen3-4B-Instruct-2507,es,Athlete,50,0.39056926101358796,0.6100571648045018,0.5757856565082332,0.6218790732257453,0.8912114310264587,0.9012842702865601,0.8961545622348785,0.9266367638111115,0.9349995875358581,1.1055325927426118,0.13586704495721044,0.40394592515718514
Qwen/Qwen3-4B-Instruct-2507,es,Building,46,0.36093010622045796,0.44827697792296783,0.4276594901629414,0.5242442389533687,0.8355974321779998,0.8436993645585101,0.8395672764467157,0.8933269614758699,0.930561372767324,1.0107039336948376,0.05203316327102036,0.37979136709146105
Qwen/Qwen3-4B-Instruct-2507,es,CelestialBody,49,0.2632959153155386,0.5327053364304881,0.5337301616706489,0.5742134440665028,0.8355243643935846,0.8555617295965856,0.8453430217139575,0.9027183530282001,0.9272553434177321,1.0727772235585664,0.09779115252280249,0.2673661867460223
Qwen/Qwen3-4B-Instruct-2507,es,City,83,0.35442261868038183,0.5487724426371761,0.5479535069650217,0.6028626544936585,0.8353060218225042,0.8654970390250883,0.8497867404696453,0.914462722927691,0.9290280636534634,1.1349767334731422,0.1513425461776844,0.34343928570220716
Qwen/Qwen3-4B-Instruct-2507,es,ComicsCharacter,30,0.42682245344496483,0.532293476538861,0.5568010034249347,0.6447980559552927,0.8695983250935873,0.8685584922631582,0.8690156221389771,0.9014729241530101,0.937260369459788,0.9960167691088782,0.06355567157960827,0.4356235891760806
Qwen/Qwen3-4B-Instruct-2507,es,Company,66,0.3097782407108752,0.5226607695951726,0.5090374753695891,0.5775234304181057,0.8577872424414663,0.8765121075240049,0.8669176219087659,0.8953786122076439,0.929530477885044,1.0634723678964697,0.11148926226991877,0.3075107005133663
Qwen/Qwen3-4B-Instruct-2507,es,Film,264,0.35226297849253563,0.4948483527781405,0.5020810469610445,0.5790815787848321,0.853295632158265,0.8634781419779315,0.8581747611363729,0.8680176484313878,0.9020825572537653,1.0510980667473622,0.07837356497830159,0.3378555528000354
Qwen/Qwen3-4B-Instruct-2507,es,Food,46,0.2963762237685743,0.44497185416390567,0.4677005360712211,0.5369927231865776,0.8225483635197515,0.8335492157417795,0.827893272690151,0.8951435490794803,0.9409200056739475,1.0610566401749697,0.08710402319853143,0.29936894742481934
Qwen/Qwen3-4B-Instruct-2507,es,MeanOfTransportation,58,0.3615054926288234,0.5964293580206586,0.5858712575232353,0.6340818375965721,0.886134449777932,0.8860618944825798,0.8858731162959131,0.9147002327031103,0.9288130906121485,1.0361919970432885,0.10032722419902616,0.37768778927063823
Qwen/Qwen3-4B-Instruct-2507,es,Monument,46,0.415718705330516,0.6314741046825892,0.6455619237317854,0.6536451602925082,0.8740837003873743,0.8658776710862699,0.8698635192021079,0.9366009364957395,0.9394102342750715,1.008355853615992,0.06416906690794899,0.412345149746298
Qwen/Qwen3-4B-Instruct-2507,es,MusicalWork,290,0.3685665626433393,0.5832207729345019,0.5707518639151453,0.6155222533376014,0.8683391556657594,0.885232653494539,0.8765496695863789,0.9048688715901868,0.9298355854790786,1.0771737815053706,0.12005371863224219,0.36805410547697603
Qwen/Qwen3-4B-Instruct-2507,es,Politician,29,0.37628760643508596,0.5152338750607938,0.5188514351125965,0.6133206193200634,0.8549858105593714,0.8719959813973,0.8631941244519991,0.8983435014198566,0.9271583947642096,1.071517662093294,0.1183311956144359,0.35334248833296106
Qwen/Qwen3-4B-Instruct-2507,es,Scientist,259,0.5032972487046884,0.6751393960796308,0.6490124835553402,0.6947684757593328,0.9128621752197678,0.9112442340629902,0.9119217158744695,0.9264492213035642,0.9290911200884227,0.9906666420793453,0.059209805713066964,0.4918172894176117
Qwen/Qwen3-4B-Instruct-2507,es,SportsTeam,44,0.2510670317290982,0.45880200582296404,0.501721624278403,0.5886599531079258,0.8563760830597444,0.868550484830683,0.8623421801762148,0.9331286048347299,0.9372938017953526,1.0261862828901902,0.09020350221802088,0.2764821007120306
Qwen/Qwen3-4B-Instruct-2507,es,University,90,0.48808625521492316,0.6005941645782373,0.6254145518114126,0.6992778841190935,0.8951245433754391,0.910471021466785,0.9025688078668382,0.9502165079116821,0.9373966349495781,1.0289515294700868,0.06079708420718835,0.5068117673311947
Qwen/Qwen3-4B-Instruct-2507,es,WrittenWork,43,0.5253364149050055,0.6554590523802765,0.6686403623405455,0.6895280876045828,0.893552821736003,0.9050364383431369,0.8991584708524305,0.9088056073632351,0.9288051530372264,1.0300454055713215,0.07250283711299674,0.5494401120862429
Qwen__Qwen3-4B-Instruct-2507__CA-silver-filtered_10__CA-silver-filtered,ca,Airport,95,0.5170905557203207,0.6739705780849305,0.6389881157377301,0.719656604582491,0.9001536337952865,0.9037768903531527,0.9018471730382819,0.9419395848324424,0.9417738243153221,0.996756394507984,0.05740830028888939,0.5371944668451502
Qwen__Qwen3-4B-Instruct-2507__CA-silver-filtered_10__CA-silver-filtered,ca,Artist,109,0.6200618022953788,0.7572785470682528,0.7350542164751086,0.7549006294102382,0.9294050953803806,0.9220514007664602,0.9255884617840479,0.9418419282370751,0.9431545728937202,0.9691145216186866,0.054534737759636756,0.646983366748579
Qwen__Qwen3-4B-Instruct-2507__CA-silver-filtered_10__CA-silver-filtered,ca,Astronaut,82,0.6696367337588559,0.7720566387341391,0.7452030432223081,0.7647741868503531,0.9364058455316032,0.928847553526483,0.9324742897254664,0.9506404327183235,0.9496566820435408,0.9757124411200714,0.06506716810646562,0.6956930838247476
Qwen__Qwen3-4B-Instruct-2507__CA-silver-filtered_10__CA-silver-filtered,ca,Athlete,50,0.5966960913677392,0.7307340918492068,0.6937850378758311,0.7491880369682348,0.9181495034694671,0.9191910028457642,0.9184884667396546,0.9441293454170228,0.9509926116466523,0.9994293727807364,0.057207560244522566,0.5985818861331028
Qwen__Qwen3-4B-Instruct-2507__CA-silver-filtered_10__CA-silver-filtered,ca,Building,46,0.5810899774807282,0.6279883986188493,0.6832679457932425,0.7170837733768667,0.8824121174604996,0.8819630327432052,0.8820404837960782,0.9309514346330062,0.9477854500646177,0.9994527234961267,0.04111103220307362,0.5823485316228872
Qwen__Qwen3-4B-Instruct-2507__CA-silver-filtered_10__CA-silver-filtered,ca,CelestialBody,49,0.5821855450654558,0.7037264848402116,0.6722407022013366,0.7485081258381114,0.9211457043277974,0.9139355287259939,0.9174259876718327,0.9437870358934208,0.9362485798037782,0.9756060072783924,0.03704066529591195,0.5587603095296838
Qwen__Qwen3-4B-Instruct-2507__CA-silver-filtered_10__CA-silver-filtered,ca,City,83,0.4061419657905293,0.5786881822472023,0.5245993614728033,0.5957994632267506,0.8663738427391972,0.8591428887413208,0.8625898418656315,0.9028471377958734,0.9329510036721287,0.9427853403648512,0.08730144303459032,0.39555139421543883
Qwen__Qwen3-4B-Instruct-2507__CA-silver-filtered_10__CA-silver-filtered,ca,ComicsCharacter,30,0.5538909831818786,0.6060057087974567,0.6156315512664132,0.6748570270479622,0.8908084829648336,0.8903973340988159,0.8905073404312134,0.9181585431098938,0.9426749328772227,1.0080355231907865,0.036603613851882974,0.5659857931848127
Qwen__Qwen3-4B-Instruct-2507__CA-silver-filtered_10__CA-silver-filtered,ca,Company,66,0.6264209934905919,0.7151828932243405,0.6762179376785011,0.7358448162211794,0.9214399149923613,0.9155184635610292,0.9182503295667244,0.9364136981241631,0.9468980765703953,0.9788636867074052,0.06231046187955876,0.6121962042017145
Qwen__Qwen3-4B-Instruct-2507__CA-silver-filtered_10__CA-silver-filtered,ca,Film,264,0.3867371368714697,0.5426169367790018,0.5376136527047418,0.6006474106843847,0.860200472176075,0.858170046273506,0.8589867669524569,0.8694974515925754,0.9292234256863594,0.9822912737951929,0.06399833286440614,0.380876197098506
Qwen__Qwen3-4B-Instruct-2507__CA-silver-filtered_10__CA-silver-filtered,ca,Food,46,0.4033482000628616,0.5686505207242106,0.5496260458118061,0.5871139545395911,0.8593375449595244,0.8659330204777096,0.8623848324236663,0.9147662818431854,0.9509853085745936,0.9832271806916472,0.0673925826808347,0.41089462791042985
Qwen__Qwen3-4B-Instruct-2507__CA-silver-filtered_10__CA-silver-filtered,ca,MeanOfTransportation,58,0.5448302410285305,0.6842657940354326,0.6465609787095705,0.7027759400959532,0.9130973579554722,0.9064105481937014,0.9095925205740435,0.9252812173859827,0.9392669170067228,0.974839643269044,0.06438266586054732,0.5522200790082398
Qwen__Qwen3-4B-Instruct-2507__CA-silver-filtered_10__CA-silver-filtered,ca,Monument,46,0.4829442809334066,0.5860858272619639,0.5814788487255483,0.6934280537023876,0.8865611488404481,0.8880348646122477,0.8872043101683907,0.951702488505322,0.9499894950700842,1.0041696147234087,0.04756120098244623,0.4859218984806343
Qwen__Qwen3-4B-Instruct-2507__CA-silver-filtered_10__CA-silver-filtered,ca,MusicalWork,290,0.4367439955193171,0.5877783047791745,0.6054397784367306,0.6175784722258635,0.8740623529615074,0.8706657748797845,0.8720828812697838,0.9037457920353988,0.9243618556137743,0.9839027168788748,0.08494463463550396,0.45340909755682146
Qwen__Qwen3-4B-Instruct-2507__CA-silver-filtered_10__CA-silver-filtered,ca,Politician,29,0.693429018927722,0.7028637765813862,0.7718258543090059,0.7921642853397826,0.9206424519933504,0.9167962464792975,0.9185795002970202,0.9422830014393248,0.9482907611748268,0.9966072545198301,0.03721353816887933,0.7022372655078218
Qwen__Qwen3-4B-Instruct-2507__CA-silver-filtered_10__CA-silver-filtered,ca,Scientist,259,0.5365002572834628,0.6828649138709962,0.6454942754530153,0.6989656167063532,0.9103837945286372,0.898019987413782,0.9039661971758691,0.9183669166215138,0.9401077878981483,0.9448777749891819,0.08421404442645582,0.5203597028970508
Qwen__Qwen3-4B-Instruct-2507__CA-silver-filtered_10__CA-silver-filtered,ca,SportsTeam,44,0.4942540679511712,0.6013678180617498,0.6630949073018421,0.7261726257923183,0.8882551518353549,0.8968774405392733,0.8924570151350715,0.9451279613104734,0.9410529123111204,0.9970821442120316,0.07012015674016757,0.4806322099685755
Qwen__Qwen3-4B-Instruct-2507__CA-silver-filtered_10__CA-silver-filtered,ca,University,90,0.6740939149364741,0.7418086625299211,0.7538290527287038,0.8081851285029255,0.9390369309319391,0.9313768684864044,0.9350620905558268,0.9657265755865309,0.94798158009847,0.9807358131077698,0.04255325726019743,0.6667464969258229
Qwen__Qwen3-4B-Instruct-2507__CA-silver-filtered_10__CA-silver-filtered,ca,WrittenWork,43,0.49668822188481854,0.6076946998428004,0.6053924487946339,0.6298925922924911,0.8853127582128658,0.8840660466704258,0.8845288004986075,0.8900165044984152,0.9237419117328732,1.0071420370315187,0.0572273412621062,0.5341454463997092
Qwen__Qwen3-4B-Instruct-2507__CA-silver-filtered_10__CA-silver-filtered,en,Airport,95,0.49487978955922746,0.6638479747466783,0.6565779154720758,0.7091817651609699,0.904502282644573,0.9071152762362832,0.9056901009459245,0.9401488542556763,0.9241591572761536,0.9905502583210416,0.05295964030866526,0.506601867777324
Qwen__Qwen3-4B-Instruct-2507__CA-silver-filtered_10__CA-silver-filtered,en,Artist,109,0.5124286995414983,0.7374694853473943,0.6555846253777745,0.7229587096916107,0.918829992276813,0.9223307114128673,0.9205010254448707,0.9346387998773418,0.9096648775109457,0.9707895921400018,0.059745529069732885,0.5117449812573744
Qwen__Qwen3-4B-Instruct-2507__CA-silver-filtered_10__CA-silver-filtered,en,Astronaut,82,0.5708012480637246,0.7125488837531023,0.6733062165041672,0.7153925212949128,0.916902111797798,0.9151678797675342,0.9158384458320897,0.9401350072244319,0.9145217937667195,0.9717788840835232,0.06355193827318595,0.5789706591581635
Qwen__Qwen3-4B-Instruct-2507__CA-silver-filtered_10__CA-silver-filtered,en,Athlete,50,0.5599613638081351,0.7427563297855823,0.6805082913680564,0.7314057978169983,0.9226462841033936,0.9186041390895844,0.920447211265564,0.9490512108802795,0.9166228115558624,0.9775139745370036,0.04856872652792538,0.553085577587487
Qwen__Qwen3-4B-Instruct-2507__CA-silver-filtered_10__CA-silver-filtered,en,Building,46,0.48068364208919745,0.6222131587331845,0.6385319724364789,0.6598720485489509,0.8914940681146539,0.8794823573983234,0.8853829023630723,0.9341049194335938,0.9374839028586512,0.9531398883138305,0.06472164945157428,0.47448549266722084
Qwen__Qwen3-4B-Instruct-2507__CA-silver-filtered_10__CA-silver-filtered,en,CelestialBody,49,0.7095714663856048,0.7582968599873245,0.7513998152233896,0.8297357343221365,0.9397786600249154,0.9351992023234464,0.9374450250547759,0.9690586279849617,0.9296638637172933,0.9634575145900627,0.04473980174378965,0.6593155139897792
Qwen__Qwen3-4B-Instruct-2507__CA-silver-filtered_10__CA-silver-filtered,en,City,83,0.35010087555691644,0.5579445575525778,0.5241004262028082,0.5839473536333354,0.8691869263189385,0.8659153911004583,0.8674293203526232,0.9059767443013479,0.9080881971910776,0.9519111595274046,0.082531448887336,0.3482610492839733
Qwen__Qwen3-4B-Instruct-2507__CA-silver-filtered_10__CA-silver-filtered,en,ComicsCharacter,30,0.43236923733075944,0.5636810252708396,0.5477951094902183,0.6161873244079127,0.8750514566898346,0.8622594952583313,0.8684050182501475,0.8958097139994303,0.9170203467210134,0.925445798859766,0.10079665586609048,0.4522284735612195
Qwen__Qwen3-4B-Instruct-2507__CA-silver-filtered_10__CA-silver-filtered,en,Company,66,0.5784752945249659,0.7111229491679318,0.6586726501025577,0.7290912194951793,0.9287679312807141,0.9178979387789061,0.9231631277185498,0.938316875334942,0.9212269647554918,0.981594616529872,0.06884869827235052,0.5593698178249652
Qwen__Qwen3-4B-Instruct-2507__CA-silver-filtered_10__CA-silver-filtered,en,Film,264,0.482952714205106,0.6592477740498357,0.6519771477853504,0.6979671610120174,0.8985694240440022,0.9001654984824585,0.899187770531033,0.9071855251536225,0.916592469043804,0.9797252710905928,0.04918209634941794,0.4754711305872209
Qwen__Qwen3-4B-Instruct-2507__CA-silver-filtered_10__CA-silver-filtered,en,Food,46,0.33963304307362796,0.5601581442474136,0.4965407473143532,0.5753715835973818,0.8815667279388594,0.8730776595032733,0.8772035305914672,0.9281067122583804,0.9441238149352695,0.9614737252353436,0.06890562260550136,0.35603228466095294
Qwen__Qwen3-4B-Instruct-2507__CA-silver-filtered_10__CA-silver-filtered,en,MeanOfTransportation,58,0.5001271862906858,0.7032613901401483,0.6690790036518571,0.6822561938784382,0.9300924560119366,0.92189595617097,0.9258767212259358,0.938378329934745,0.9108450751880119,0.9459097057806557,0.0911017797660604,0.484241961864064
Qwen__Qwen3-4B-Instruct-2507__CA-silver-filtered_10__CA-silver-filtered,en,Monument,46,0.533805850552914,0.6480860296919466,0.5948320123825548,0.7022482043227875,0.8738298092199408,0.8579764508682749,0.8656676191350688,0.9324936750142471,0.9408956442190253,0.9303395178662551,0.09522218672373887,0.5086873264292873
Qwen__Qwen3-4B-Instruct-2507__CA-silver-filtered_10__CA-silver-filtered,en,MusicalWork,290,0.43670596560004427,0.6391350151484841,0.6020708515019372,0.6462010830662872,0.8829320307435661,0.8771035412262226,0.8798057225243798,0.9015423924758517,0.9144304448160632,0.9569148415504375,0.0879564561815965,0.43743953750959264
Qwen__Qwen3-4B-Instruct-2507__CA-silver-filtered_10__CA-silver-filtered,en,Politician,29,0.5946401548972657,0.6542259806056303,0.668278226215014,0.737899043033809,0.9033663786690811,0.8997844334306389,0.9014297374363603,0.9227468823564464,0.9162890047862612,0.9792922293071723,0.06765019382374769,0.6243505481965486
Qwen__Qwen3-4B-Instruct-2507__CA-silver-filtered_10__CA-silver-filtered,en,Scientist,259,0.5943163240726991,0.746104591812209,0.7009976474017533,0.7407531286986463,0.9305099600990767,0.9239694563578454,0.9270916429265585,0.9399680663259793,0.9083994318619658,0.9535328912932061,0.06978935851071102,0.5740365255962903
Qwen__Qwen3-4B-Instruct-2507__CA-silver-filtered_10__CA-silver-filtered,en,SportsTeam,44,0.4336108108226862,0.5888679572934546,0.6094216416342342,0.6760271046967571,0.8805285678668455,0.8868828659707849,0.8836472725326364,0.9445669556205923,0.9276800182732668,0.99194843027032,0.05398966228637461,0.42862572358475143
Qwen__Qwen3-4B-Instruct-2507__CA-silver-filtered_10__CA-silver-filtered,en,University,90,0.6612399210296989,0.7393769407833013,0.7646718970319489,0.8117582003619145,0.9308432393603855,0.9334228707684411,0.9320634828673469,0.9681099792321523,0.9282833072874281,0.9847401650908465,0.05120391017787526,0.6578136579280535
Qwen__Qwen3-4B-Instruct-2507__CA-silver-filtered_10__CA-silver-filtered,en,WrittenWork,43,0.6834910093006739,0.7663823438261675,0.7472542892153761,0.7777536712452132,0.9281386968701385,0.926555526811023,0.9272589863732804,0.93886623271676,0.9067054293876471,0.9683729732731561,0.05107471199250911,0.7053822652484822
Qwen__Qwen3-4B-Instruct-2507__CA-silver-filtered_10__CA-silver-filtered,en_bt,Airport,95,0.46348449675865694,0.6448673677224749,0.6295492175618088,0.6748278987433776,0.9003738189998426,0.9016451296053435,0.9009158655216819,0.9355658725688332,0.9226942319619028,0.9825737935262744,0.05303210350876091,0.4810656443115263
Qwen__Qwen3-4B-Instruct-2507__CA-silver-filtered_10__CA-silver-filtered,en_bt,Artist,109,0.4830106350159809,0.7395482049486259,0.6600826087857815,0.7277982519697833,0.9159898216571283,0.9255961305504545,0.9206611207865794,0.9359469484845433,0.909366266443095,0.9870668185706721,0.05317158918921009,0.4766278328024627
Qwen__Qwen3-4B-Instruct-2507__CA-silver-filtered_10__CA-silver-filtered,en_bt,Astronaut,82,0.6049947610638367,0.7247109594900212,0.7004232466426501,0.7303441362339055,0.9224475629445983,0.923785726471645,0.9228939174152002,0.9454681437189986,0.9152467628804649,0.9685404272396835,0.06523123587451117,0.6079183506533787
Qwen__Qwen3-4B-Instruct-2507__CA-silver-filtered_10__CA-silver-filtered,en_bt,Athlete,50,0.619373110721956,0.7651310804105216,0.7362284538645691,0.7655243380669655,0.9291088461875916,0.9292128276824951,0.9290262138843537,0.9564260935783386,0.918028109073639,0.9899677259216392,0.05580900504451507,0.6095078564363595
Qwen__Qwen3-4B-Instruct-2507__CA-silver-filtered_10__CA-silver-filtered,en_bt,Building,46,0.5275830803761914,0.6471690934228829,0.6610594011276646,0.6836427540869764,0.8980153773141943,0.8884140939816184,0.8931302518948264,0.9398499597673831,0.9388569684132285,0.9634057524915999,0.0632865693575902,0.5308250444696657
Qwen__Qwen3-4B-Instruct-2507__CA-silver-filtered_10__CA-silver-filtered,en_bt,CelestialBody,49,0.6892826453115088,0.7639849820074234,0.730150397496261,0.8092890902184213,0.9388264989366337,0.9344323970833603,0.9365898407235438,0.9684925870019563,0.9286198068638237,0.9639493311869884,0.041497015887103354,0.6434163002851334
Qwen__Qwen3-4B-Instruct-2507__CA-silver-filtered_10__CA-silver-filtered,en_bt,City,83,0.34905466573191396,0.5562458645685672,0.5161320095508446,0.5759577210117711,0.8674278438809406,0.8630900102925588,0.8650968139430126,0.904049176767648,0.9089850733079106,0.9449088334590209,0.09587179721015235,0.3540681071300141
Qwen__Qwen3-4B-Instruct-2507__CA-silver-filtered_10__CA-silver-filtered,en_bt,ComicsCharacter,30,0.48077547621729294,0.5777592484131467,0.5770918439701084,0.6431561314590456,0.8828204234441122,0.8763615548610687,0.8794110715389252,0.9066115736961364,0.9207414050896963,0.965195610832518,0.09134511843688833,0.4958369168661851
Qwen__Qwen3-4B-Instruct-2507__CA-silver-filtered_10__CA-silver-filtered,en_bt,Company,66,0.608299236496422,0.7361583129672314,0.6918977913771334,0.7447416489634573,0.9305169753956072,0.9250940201860486,0.9275680563666604,0.9436360877571683,0.9209189424009034,0.9765353941603281,0.05567876088676651,0.5645828113741942
Qwen__Qwen3-4B-Instruct-2507__CA-silver-filtered_10__CA-silver-filtered,en_bt,Film,264,0.511356381869883,0.6766536893778604,0.675952258596172,0.7173091160122889,0.9005232925216357,0.9057559395829836,0.9029481596115864,0.9103424485885736,0.9172549091956832,0.9913719930724177,0.05313603221498149,0.5056898349872074
Qwen__Qwen3-4B-Instruct-2507__CA-silver-filtered_10__CA-silver-filtered,en_bt,Food,46,0.34787685843183824,0.5618622130516757,0.5178209370619345,0.589221998047834,0.8794965834721274,0.8768271855686022,0.8780454526776853,0.9269447689471038,0.9435866319614908,0.9823488842198812,0.06731388012756238,0.3597593986063288
Qwen__Qwen3-4B-Instruct-2507__CA-silver-filtered_10__CA-silver-filtered,en_bt,MeanOfTransportation,58,0.5049936966868255,0.7107429261229576,0.6673539573252982,0.6907292189769827,0.9286087350598697,0.917290907481621,0.922780848782638,0.9378982638490612,0.9104614093385893,0.9379296525318932,0.0867268879344759,0.49771219021916147
Qwen__Qwen3-4B-Instruct-2507__CA-silver-filtered_10__CA-silver-filtered,en_bt,Monument,46,0.5635606552415099,0.6675252705905954,0.6124118324492452,0.7276894150722503,0.8791599727195242,0.8739356100559235,0.87633583208789,0.9379198888073796,0.9397486577863279,0.9518948094394063,0.09280230107894036,0.5523365298484029
Qwen__Qwen3-4B-Instruct-2507__CA-silver-filtered_10__CA-silver-filtered,en_bt,MusicalWork,290,0.4351356231121208,0.6353924699442516,0.6085110810982138,0.6511511645825463,0.8833265610809984,0.8794659682388963,0.8812050095919906,0.9037270015683667,0.9134211468285528,0.9684086646694032,0.08213584666218707,0.4394119823478145
Qwen__Qwen3-4B-Instruct-2507__CA-silver-filtered_10__CA-silver-filtered,en_bt,Politician,29,0.6008377269921021,0.6615922082053745,0.6965914928074559,0.7567209110273613,0.9047413160061014,0.9033319436270615,0.9038611917660154,0.9307452008642,0.9182157804226053,0.9739995157094394,0.05803409407217747,0.6170719169090958
Qwen__Qwen3-4B-Instruct-2507__CA-silver-filtered_10__CA-silver-filtered,en_bt,Scientist,259,0.5934987926462342,0.7479701363236471,0.7101147554445059,0.7479357012325868,0.9309581331764869,0.9272046910749899,0.928958883616915,0.9395633751821334,0.908113690646919,0.963524249799375,0.06738887615084192,0.5832908065925962
Qwen__Qwen3-4B-Instruct-2507__CA-silver-filtered_10__CA-silver-filtered,en_bt,SportsTeam,44,0.5081955499154355,0.6452374333367428,0.6575347860413853,0.7196260554954467,0.892453209920363,0.8992260721596804,0.8957742899656296,0.9505471560088071,0.9309285960414193,0.9982778790821286,0.056695983909190055,0.5050888364849024
Qwen__Qwen3-4B-Instruct-2507__CA-silver-filtered_10__CA-silver-filtered,en_bt,University,90,0.6137608961466395,0.7238829932538446,0.7423130465390462,0.7947001933717069,0.9330960856543646,0.9291481812795003,0.9310124735037486,0.9671958651807573,0.9263845046361288,0.9794559007596911,0.059741964518816,0.5960360857809531
Qwen__Qwen3-4B-Instruct-2507__CA-silver-filtered_10__CA-silver-filtered,en_bt,WrittenWork,43,0.6759586192458049,0.7641000714219118,0.7301788854042739,0.7654903443343187,0.9281021855598273,0.9282630252283673,0.9281178116798401,0.9337638075961623,0.9068589667941249,0.9678333083806783,0.06170704286756141,0.7135643807008359
Qwen__Qwen3-4B-Instruct-2507__CA-silver-filtered_10__CA-silver-filtered,es,Airport,95,0.4218542407417133,0.5919459965067432,0.5605510560199388,0.6495184854704414,0.8841588992821543,0.8827552795410156,0.8833833776022258,0.9313503754766363,0.9322203485589279,0.9814142580154026,0.07660382898487805,0.4350562164371983
Qwen__Qwen3-4B-Instruct-2507__CA-silver-filtered_10__CA-silver-filtered,es,Artist,109,0.5180245689694924,0.701401723574815,0.6448680072477703,0.7022694922477709,0.9174391282807797,0.9174303494462179,0.9173444793858659,0.9299878401493807,0.9363661031110571,0.9783203811761225,0.058152130698772744,0.5389683985363751
Qwen__Qwen3-4B-Instruct-2507__CA-silver-filtered_10__CA-silver-filtered,es,Astronaut,82,0.5188474577836596,0.7067608141259204,0.668727998653654,0.7058319134941151,0.9064460789285055,0.9159854170752735,0.9110811141932883,0.9313321179006158,0.9312477104547547,1.0324508501482461,0.0819044608444037,0.5399897839517235
Qwen__Qwen3-4B-Instruct-2507__CA-silver-filtered_10__CA-silver-filtered,es,Athlete,50,0.4675011329851559,0.6782750113619456,0.6077128683932242,0.6850510521590517,0.9087192404270172,0.9130654537677765,0.9107915103435517,0.9397548925876618,0.9358651363849639,1.0319419225928892,0.06400375601668702,0.46610114960727467
Qwen__Qwen3-4B-Instruct-2507__CA-silver-filtered_10__CA-silver-filtered,es,Building,46,0.3306999554277533,0.4617554040212717,0.458617163713989,0.535709309055138,0.8425941726435786,0.8451415533604829,0.8438319615695787,0.9006986527339272,0.9342024909413379,1.0033141040946794,0.04302759646766896,0.3542336838536802
Qwen__Qwen3-4B-Instruct-2507__CA-silver-filtered_10__CA-silver-filtered,es,CelestialBody,49,0.42775088079568635,0.6510679407971559,0.5857698646735469,0.6760388415803472,0.9082107300661049,0.900997417313712,0.9045195774156221,0.9336660942252801,0.9294477676858708,0.9884304362344678,0.04131399682433617,0.41435656268878956
Qwen__Qwen3-4B-Instruct-2507__CA-silver-filtered_10__CA-silver-filtered,es,City,83,0.34899933342299894,0.5676588632027818,0.5044361261444029,0.5695437651550409,0.8616032370601792,0.8587571195809238,0.8600327580808157,0.9122984718127423,0.9215246963213726,0.9840580929930771,0.08261767089745825,0.34828149836091965
Qwen__Qwen3-4B-Instruct-2507__CA-silver-filtered_10__CA-silver-filtered,es,ComicsCharacter,30,0.47944240858463605,0.5858349200158924,0.5622771024903709,0.6566036407439234,0.8930746237436931,0.8842157820860544,0.8885519742965698,0.9128051181634267,0.9381686170895894,0.9740196685194585,0.05351358105179885,0.5078709411238316
Qwen__Qwen3-4B-Instruct-2507__CA-silver-filtered_10__CA-silver-filtered,es,Company,66,0.3928487584520327,0.6031982296913228,0.5377492824121546,0.6120608972383461,0.888077022451343,0.8883417736400258,0.8881038373166864,0.9078201868317344,0.9331175341750636,1.0100598737519806,0.06234996879364385,0.38621196533254326
Qwen__Qwen3-4B-Instruct-2507__CA-silver-filtered_10__CA-silver-filtered,es,Film,264,0.3153000962200144,0.48697382006376067,0.4756478839180121,0.5524726047967518,0.8458401777527549,0.8498893962665037,0.8476583847042286,0.8587650467048992,0.8973479607340061,0.9967963098207041,0.06273012138486643,0.2993249692931082
Qwen__Qwen3-4B-Instruct-2507__CA-silver-filtered_10__CA-silver-filtered,es,Food,46,0.3654228711738223,0.543542704075457,0.5131557425564193,0.549143560264284,0.8622358713461005,0.8553578762904458,0.8586672946162845,0.918965863144916,0.951120841762294,0.9675859899676686,0.07706877068791776,0.37281574817266594
Qwen__Qwen3-4B-Instruct-2507__CA-silver-filtered_10__CA-silver-filtered,es,MeanOfTransportation,58,0.47168334777314835,0.6636395079270411,0.6259379501479058,0.6600484354171754,0.906592860304076,0.8932674948511452,0.8997089225670387,0.9171955523819759,0.9318092393464056,0.983096391426129,0.07872806822866217,0.4916995742790903
Qwen__Qwen3-4B-Instruct-2507__CA-silver-filtered_10__CA-silver-filtered,es,Monument,46,0.42331345747633753,0.6428993842433518,0.6228115468954932,0.6421129406000186,0.8879476578339286,0.8719521566577579,0.8796325766521952,0.9400309272434401,0.9390532037486201,0.9287875942394048,0.1032699277593839,0.4098286971287344
Qwen__Qwen3-4B-Instruct-2507__CA-silver-filtered_10__CA-silver-filtered,es,MusicalWork,290,0.399214016206012,0.5924996106550325,0.5641649896751397,0.6138559337271953,0.8762846521262465,0.8782571073236136,0.8770816219264064,0.9066263844226968,0.9282259297781977,0.9926513276827538,0.08916333656301709,0.4205325863716615
Qwen__Qwen3-4B-Instruct-2507__CA-silver-filtered_10__CA-silver-filtered,es,Politician,29,0.41932666864911494,0.532453750824539,0.5607795103662385,0.6483872441032257,0.8794438037379034,0.8811782804028742,0.8801033805156576,0.9157238931491457,0.9311235547065735,1.016502301907253,0.06931344961326055,0.439422943943285
Qwen__Qwen3-4B-Instruct-2507__CA-silver-filtered_10__CA-silver-filtered,es,Scientist,259,0.4577640991431007,0.6481249744385295,0.5903927558796772,0.6530149755440073,0.9097838549080043,0.9038058517062065,0.906647472307949,0.9153005931828473,0.9288291707922594,0.9412700478802258,0.08778077172384885,0.44072264797717287
Qwen__Qwen3-4B-Instruct-2507__CA-silver-filtered_10__CA-silver-filtered,es,SportsTeam,44,0.37033916487936,0.517835475277352,0.5584305957353208,0.6672155514151245,0.8675812252543189,0.8793161497874693,0.873345589095896,0.9434155605056069,0.9373376071453094,1.0488798193837132,0.08337363716404915,0.37095831443066074
Qwen__Qwen3-4B-Instruct-2507__CA-silver-filtered_10__CA-silver-filtered,es,University,90,0.5387945066567947,0.651084679921409,0.6442438446077084,0.7145700787813806,0.9159419119358063,0.9187593691878848,0.9172470715310839,0.9559045672416687,0.9364593830373552,0.9806068679415549,0.056704214396721006,0.5535930764808472
Qwen__Qwen3-4B-Instruct-2507__CA-silver-filtered_10__CA-silver-filtered,es,WrittenWork,43,0.5273807265475282,0.6522506952997617,0.6284211814805514,0.6760662248660325,0.8993764006814291,0.9016471158626468,0.9004042564436446,0.9091450863106306,0.9260740141535915,1.0275398752688156,0.06675155422258616,0.570628555626454
Qwen__Qwen3-4B-Instruct-2507__CA-silver-filtered__CA-silver-filtered,ca,Airport,95,0.5170905557203207,0.6739705780849305,0.6389881157377301,0.719656604582491,0.9001536337952865,0.9037768903531527,0.9018471730382819,0.9419395848324424,0.9417738243153221,0.996756394507984,0.05740830028888939,0.5371944668451502
Qwen__Qwen3-4B-Instruct-2507__CA-silver-filtered__CA-silver-filtered,ca,Artist,109,0.6200618022953788,0.7572785470682528,0.7350542164751086,0.7549006294102382,0.9294050953803806,0.9220514007664602,0.9255884617840479,0.9418419282370751,0.9431545728937202,0.9691145216186866,0.054534737759636756,0.646983366748579
Qwen__Qwen3-4B-Instruct-2507__CA-silver-filtered__CA-silver-filtered,ca,Astronaut,82,0.6696367337588559,0.7720566387341391,0.7452030432223081,0.7647741868503531,0.9364058455316032,0.928847553526483,0.9324742897254664,0.9506404327183235,0.9496566820435408,0.9757124411200714,0.06506716810646562,0.6956930838247476
Qwen__Qwen3-4B-Instruct-2507__CA-silver-filtered__CA-silver-filtered,ca,Athlete,50,0.5966960913677392,0.7307340918492068,0.6937850378758311,0.7491880369682348,0.9181495034694671,0.9191910028457642,0.9184884667396546,0.9441293454170228,0.9509926116466523,0.9994293727807364,0.057207560244522566,0.5985818861331028
Qwen__Qwen3-4B-Instruct-2507__CA-silver-filtered__CA-silver-filtered,ca,Building,46,0.5810899774807282,0.6279883986188493,0.6832679457932425,0.7170837733768667,0.8824121174604996,0.8819630327432052,0.8820404837960782,0.9309514346330062,0.9477854500646177,0.9994527234961267,0.04111103220307362,0.5823485316228872
Qwen__Qwen3-4B-Instruct-2507__CA-silver-filtered__CA-silver-filtered,ca,CelestialBody,49,0.5821855450654558,0.7037264848402116,0.6722407022013366,0.7485081258381114,0.9211457043277974,0.9139355287259939,0.9174259876718327,0.9437870358934208,0.9362485798037782,0.9756060072783924,0.03704066529591195,0.5587603095296838
Qwen__Qwen3-4B-Instruct-2507__CA-silver-filtered__CA-silver-filtered,ca,City,83,0.4061419657905293,0.5786881822472023,0.5245993614728033,0.5957994632267506,0.8663738427391972,0.8591428887413208,0.8625898418656315,0.9028471377958734,0.9329510036721287,0.9427853403648512,0.08730144303459032,0.39555139421543883
Qwen__Qwen3-4B-Instruct-2507__CA-silver-filtered__CA-silver-filtered,ca,ComicsCharacter,30,0.5538909831818786,0.6060057087974567,0.6156315512664132,0.6748570270479622,0.8908084829648336,0.8903973340988159,0.8905073404312134,0.9181585431098938,0.9426749328772227,1.0080355231907865,0.036603613851882974,0.5659857931848127
Qwen__Qwen3-4B-Instruct-2507__CA-silver-filtered__CA-silver-filtered,ca,Company,66,0.6264209934905919,0.7151828932243405,0.6762179376785011,0.7358448162211794,0.9214399149923613,0.9155184635610292,0.9182503295667244,0.9364136981241631,0.9468980765703953,0.9788636867074052,0.06231046187955876,0.6121962042017145
Qwen__Qwen3-4B-Instruct-2507__CA-silver-filtered__CA-silver-filtered,ca,Film,264,0.3867371368714697,0.5426169367790018,0.5376136527047418,0.6006474106843847,0.860200472176075,0.858170046273506,0.8589867669524569,0.8694974515925754,0.9292234256863594,0.9822912737951929,0.06399833286440614,0.380876197098506
Qwen__Qwen3-4B-Instruct-2507__CA-silver-filtered__CA-silver-filtered,ca,Food,46,0.4033482000628616,0.5686505207242106,0.5496260458118061,0.5871139545395911,0.8593375449595244,0.8659330204777096,0.8623848324236663,0.9147662818431854,0.9509853085745936,0.9832271806916472,0.0673925826808347,0.41089462791042985
Qwen__Qwen3-4B-Instruct-2507__CA-silver-filtered__CA-silver-filtered,ca,MeanOfTransportation,58,0.5448302410285305,0.6842657940354326,0.6465609787095705,0.7027759400959532,0.9130973579554722,0.9064105481937014,0.9095925205740435,0.9252812173859827,0.9392669170067228,0.974839643269044,0.06438266586054732,0.5522200790082398
Qwen__Qwen3-4B-Instruct-2507__CA-silver-filtered__CA-silver-filtered,ca,Monument,46,0.4829442809334066,0.5860858272619639,0.5814788487255483,0.6934280537023876,0.8865611488404481,0.8880348646122477,0.8872043101683907,0.951702488505322,0.9499894950700842,1.0041696147234087,0.04756120098244623,0.4859218984806343
Qwen__Qwen3-4B-Instruct-2507__CA-silver-filtered__CA-silver-filtered,ca,MusicalWork,290,0.4367439955193171,0.5877783047791745,0.6054397784367306,0.6175784722258635,0.8740623529615074,0.8706657748797845,0.8720828812697838,0.9037457920353988,0.9243618556137743,0.9839027168788748,0.08494463463550396,0.45340909755682146
Qwen__Qwen3-4B-Instruct-2507__CA-silver-filtered__CA-silver-filtered,ca,Politician,29,0.693429018927722,0.7028637765813862,0.7718258543090059,0.7921642853397826,0.9206424519933504,0.9167962464792975,0.9185795002970202,0.9422830014393248,0.9482907611748268,0.9966072545198301,0.03721353816887933,0.7022372655078218
Qwen__Qwen3-4B-Instruct-2507__CA-silver-filtered__CA-silver-filtered,ca,Scientist,259,0.5365002572834628,0.6828649138709962,0.6454942754530153,0.6989656167063532,0.9103837945286372,0.898019987413782,0.9039661971758691,0.9183669166215138,0.9401077878981483,0.9448777749891819,0.08421404442645582,0.5203597028970508
Qwen__Qwen3-4B-Instruct-2507__CA-silver-filtered__CA-silver-filtered,ca,SportsTeam,44,0.4942540679511712,0.6013678180617498,0.6630949073018421,0.7261726257923183,0.8882551518353549,0.8968774405392733,0.8924570151350715,0.9451279613104734,0.9410529123111204,0.9970821442120316,0.07012015674016757,0.4806322099685755
Qwen__Qwen3-4B-Instruct-2507__CA-silver-filtered__CA-silver-filtered,ca,University,90,0.6740939149364741,0.7418086625299211,0.7538290527287038,0.8081851285029255,0.9390369309319391,0.9313768684864044,0.9350620905558268,0.9657265755865309,0.94798158009847,0.9807358131077698,0.04255325726019743,0.6667464969258229
Qwen__Qwen3-4B-Instruct-2507__CA-silver-filtered__CA-silver-filtered,ca,WrittenWork,43,0.49668822188481854,0.6076946998428004,0.6053924487946339,0.6298925922924911,0.8853127582128658,0.8840660466704258,0.8845288004986075,0.8900165044984152,0.9237419117328732,1.0071420370315187,0.0572273412621062,0.5341454463997092
Qwen__Qwen3-4B-Instruct-2507__CA-silver-filtered__CA-silver-filtered,en,Airport,95,0.49487978955922746,0.6638479747466783,0.6565779154720758,0.7091817651609699,0.904502282644573,0.9071152762362832,0.9056901009459245,0.9401488542556763,0.9241591572761536,0.9905502583210416,0.05295964030866526,0.506601867777324
Qwen__Qwen3-4B-Instruct-2507__CA-silver-filtered__CA-silver-filtered,en,Artist,109,0.5124286995414983,0.7374694853473943,0.6555846253777745,0.7229587096916107,0.918829992276813,0.9223307114128673,0.9205010254448707,0.9346387998773418,0.9096648775109457,0.9707895921400018,0.059745529069732885,0.5117449812573744
Qwen__Qwen3-4B-Instruct-2507__CA-silver-filtered__CA-silver-filtered,en,Astronaut,82,0.5708012480637246,0.7125488837531023,0.6733062165041672,0.7153925212949128,0.916902111797798,0.9151678797675342,0.9158384458320897,0.9401350072244319,0.9145217937667195,0.9717788840835232,0.06355193827318595,0.5789706591581635
Qwen__Qwen3-4B-Instruct-2507__CA-silver-filtered__CA-silver-filtered,en,Athlete,50,0.5599613638081351,0.7427563297855823,0.6805082913680564,0.7314057978169983,0.9226462841033936,0.9186041390895844,0.920447211265564,0.9490512108802795,0.9166228115558624,0.9775139745370036,0.04856872652792538,0.553085577587487
Qwen__Qwen3-4B-Instruct-2507__CA-silver-filtered__CA-silver-filtered,en,Building,46,0.48068364208919745,0.6222131587331845,0.6385319724364789,0.6598720485489509,0.8914940681146539,0.8794823573983234,0.8853829023630723,0.9341049194335938,0.9374839028586512,0.9531398883138305,0.06472164945157428,0.47448549266722084
Qwen__Qwen3-4B-Instruct-2507__CA-silver-filtered__CA-silver-filtered,en,CelestialBody,49,0.7095714663856048,0.7582968599873245,0.7513998152233896,0.8297357343221365,0.9397786600249154,0.9351992023234464,0.9374450250547759,0.9690586279849617,0.9296638637172933,0.9634575145900627,0.04473980174378965,0.6593155139897792
Qwen__Qwen3-4B-Instruct-2507__CA-silver-filtered__CA-silver-filtered,en,City,83,0.35010087555691644,0.5579445575525778,0.5241004262028082,0.5839473536333354,0.8691869263189385,0.8659153911004583,0.8674293203526232,0.9059767443013479,0.9080881971910776,0.9519111595274046,0.082531448887336,0.3482610492839733
Qwen__Qwen3-4B-Instruct-2507__CA-silver-filtered__CA-silver-filtered,en,ComicsCharacter,30,0.43236923733075944,0.5636810252708396,0.5477951094902183,0.6161873244079127,0.8750514566898346,0.8622594952583313,0.8684050182501475,0.8958097139994303,0.9170203467210134,0.925445798859766,0.10079665586609048,0.4522284735612195
Qwen__Qwen3-4B-Instruct-2507__CA-silver-filtered__CA-silver-filtered,en,Company,66,0.5784752945249659,0.7111229491679318,0.6586726501025577,0.7290912194951793,0.9287679312807141,0.9178979387789061,0.9231631277185498,0.938316875334942,0.9212269647554918,0.981594616529872,0.06884869827235052,0.5593698178249652
Qwen__Qwen3-4B-Instruct-2507__CA-silver-filtered__CA-silver-filtered,en,Film,264,0.482952714205106,0.6592477740498357,0.6519771477853504,0.6979671610120174,0.8985694240440022,0.9001654984824585,0.899187770531033,0.9071855251536225,0.916592469043804,0.9797252710905928,0.04918209634941794,0.4754711305872209
Qwen__Qwen3-4B-Instruct-2507__CA-silver-filtered__CA-silver-filtered,en,Food,46,0.33963304307362796,0.5601581442474136,0.4965407473143532,0.5753715835973818,0.8815667279388594,0.8730776595032733,0.8772035305914672,0.9281067122583804,0.9441238149352695,0.9614737252353436,0.06890562260550136,0.35603228466095294
Qwen__Qwen3-4B-Instruct-2507__CA-silver-filtered__CA-silver-filtered,en,MeanOfTransportation,58,0.5001271862906858,0.7032613901401483,0.6690790036518571,0.6822561938784382,0.9300924560119366,0.92189595617097,0.9258767212259358,0.938378329934745,0.9108450751880119,0.9459097057806557,0.0911017797660604,0.484241961864064
Qwen__Qwen3-4B-Instruct-2507__CA-silver-filtered__CA-silver-filtered,en,Monument,46,0.533805850552914,0.6480860296919466,0.5948320123825548,0.7022482043227875,0.8738298092199408,0.8579764508682749,0.8656676191350688,0.9324936750142471,0.9408956442190253,0.9303395178662551,0.09522218672373887,0.5086873264292873
Qwen__Qwen3-4B-Instruct-2507__CA-silver-filtered__CA-silver-filtered,en,MusicalWork,290,0.43670596560004427,0.6391350151484841,0.6020708515019372,0.6462010830662872,0.8829320307435661,0.8771035412262226,0.8798057225243798,0.9015423924758517,0.9144304448160632,0.9569148415504375,0.0879564561815965,0.43743953750959264
Qwen__Qwen3-4B-Instruct-2507__CA-silver-filtered__CA-silver-filtered,en,Politician,29,0.5946401548972657,0.6542259806056303,0.668278226215014,0.737899043033809,0.9033663786690811,0.8997844334306389,0.9014297374363603,0.9227468823564464,0.9162890047862612,0.9792922293071723,0.06765019382374769,0.6243505481965486
Qwen__Qwen3-4B-Instruct-2507__CA-silver-filtered__CA-silver-filtered,en,Scientist,259,0.5943163240726991,0.746104591812209,0.7009976474017533,0.7407531286986463,0.9305099600990767,0.9239694563578454,0.9270916429265585,0.9399680663259793,0.9083994318619658,0.9535328912932061,0.06978935851071102,0.5740365255962903
Qwen__Qwen3-4B-Instruct-2507__CA-silver-filtered__CA-silver-filtered,en,SportsTeam,44,0.4336108108226862,0.5888679572934546,0.6094216416342342,0.6760271046967571,0.8805285678668455,0.8868828659707849,0.8836472725326364,0.9445669556205923,0.9276800182732668,0.99194843027032,0.05398966228637461,0.42862572358475143
Qwen__Qwen3-4B-Instruct-2507__CA-silver-filtered__CA-silver-filtered,en,University,90,0.6612399210296989,0.7393769407833013,0.7646718970319489,0.8117582003619145,0.9308432393603855,0.9334228707684411,0.9320634828673469,0.9681099792321523,0.9282833072874281,0.9847401650908465,0.05120391017787526,0.6578136579280535
Qwen__Qwen3-4B-Instruct-2507__CA-silver-filtered__CA-silver-filtered,en,WrittenWork,43,0.6834910093006739,0.7663823438261675,0.7472542892153761,0.7777536712452132,0.9281386968701385,0.926555526811023,0.9272589863732804,0.93886623271676,0.9067054293876471,0.9683729732731561,0.05107471199250911,0.7053822652484822
Qwen__Qwen3-4B-Instruct-2507__CA-silver-filtered__CA-silver-filtered,en_bt,Airport,95,0.46348449675865694,0.6448673677224749,0.6295492175618088,0.6748278987433776,0.9003738189998426,0.9016451296053435,0.9009158655216819,0.9355658725688332,0.9226942319619028,0.9825737935262744,0.05303210350876091,0.4810656443115263
Qwen__Qwen3-4B-Instruct-2507__CA-silver-filtered__CA-silver-filtered,en_bt,Artist,109,0.4830106350159809,0.7395482049486259,0.6600826087857815,0.7277982519697833,0.9159898216571283,0.9255961305504545,0.9206611207865794,0.9359469484845433,0.909366266443095,0.9870668185706721,0.05317158918921009,0.4766278328024627
Qwen__Qwen3-4B-Instruct-2507__CA-silver-filtered__CA-silver-filtered,en_bt,Astronaut,82,0.6049947610638367,0.7247109594900212,0.7004232466426501,0.7303441362339055,0.9224475629445983,0.923785726471645,0.9228939174152002,0.9454681437189986,0.9152467628804649,0.9685404272396835,0.06523123587451117,0.6079183506533787
Qwen__Qwen3-4B-Instruct-2507__CA-silver-filtered__CA-silver-filtered,en_bt,Athlete,50,0.619373110721956,0.7651310804105216,0.7362284538645691,0.7655243380669655,0.9291088461875916,0.9292128276824951,0.9290262138843537,0.9564260935783386,0.918028109073639,0.9899677259216392,0.05580900504451507,0.6095078564363595
Qwen__Qwen3-4B-Instruct-2507__CA-silver-filtered__CA-silver-filtered,en_bt,Building,46,0.5275830803761914,0.6471690934228829,0.6610594011276646,0.6836427540869764,0.8980153773141943,0.8884140939816184,0.8931302518948264,0.9398499597673831,0.9388569684132285,0.9634057524915999,0.0632865693575902,0.5308250444696657
Qwen__Qwen3-4B-Instruct-2507__CA-silver-filtered__CA-silver-filtered,en_bt,CelestialBody,49,0.6892826453115088,0.7639849820074234,0.730150397496261,0.8092890902184213,0.9388264989366337,0.9344323970833603,0.9365898407235438,0.9684925870019563,0.9286198068638237,0.9639493311869884,0.041497015887103354,0.6434163002851334
Qwen__Qwen3-4B-Instruct-2507__CA-silver-filtered__CA-silver-filtered,en_bt,City,83,0.34905466573191396,0.5562458645685672,0.5161320095508446,0.5759577210117711,0.8674278438809406,0.8630900102925588,0.8650968139430126,0.904049176767648,0.9089850733079106,0.9449088334590209,0.09587179721015235,0.3540681071300141
Qwen__Qwen3-4B-Instruct-2507__CA-silver-filtered__CA-silver-filtered,en_bt,ComicsCharacter,30,0.48077547621729294,0.5777592484131467,0.5770918439701084,0.6431561314590456,0.8828204234441122,0.8763615548610687,0.8794110715389252,0.9066115736961364,0.9207414050896963,0.965195610832518,0.09134511843688833,0.4958369168661851
Qwen__Qwen3-4B-Instruct-2507__CA-silver-filtered__CA-silver-filtered,en_bt,Company,66,0.608299236496422,0.7361583129672314,0.6918977913771334,0.7447416489634573,0.9305169753956072,0.9250940201860486,0.9275680563666604,0.9436360877571683,0.9209189424009034,0.9765353941603281,0.05567876088676651,0.5645828113741942
Qwen__Qwen3-4B-Instruct-2507__CA-silver-filtered__CA-silver-filtered,en_bt,Film,264,0.511356381869883,0.6766536893778604,0.675952258596172,0.7173091160122889,0.9005232925216357,0.9057559395829836,0.9029481596115864,0.9103424485885736,0.9172549091956832,0.9913719930724177,0.05313603221498149,0.5056898349872074
Qwen__Qwen3-4B-Instruct-2507__CA-silver-filtered__CA-silver-filtered,en_bt,Food,46,0.34787685843183824,0.5618622130516757,0.5178209370619345,0.589221998047834,0.8794965834721274,0.8768271855686022,0.8780454526776853,0.9269447689471038,0.9435866319614908,0.9823488842198812,0.06731388012756238,0.3597593986063288
Qwen__Qwen3-4B-Instruct-2507__CA-silver-filtered__CA-silver-filtered,en_bt,MeanOfTransportation,58,0.5049936966868255,0.7107429261229576,0.6673539573252982,0.6907292189769827,0.9286087350598697,0.917290907481621,0.922780848782638,0.9378982638490612,0.9104614093385893,0.9379296525318932,0.0867268879344759,0.49771219021916147
Qwen__Qwen3-4B-Instruct-2507__CA-silver-filtered__CA-silver-filtered,en_bt,Monument,46,0.5635606552415099,0.6675252705905954,0.6124118324492452,0.7276894150722503,0.8791599727195242,0.8739356100559235,0.87633583208789,0.9379198888073796,0.9397486577863279,0.9518948094394063,0.09280230107894036,0.5523365298484029
Qwen__Qwen3-4B-Instruct-2507__CA-silver-filtered__CA-silver-filtered,en_bt,MusicalWork,290,0.4351356231121208,0.6353924699442516,0.6085110810982138,0.6511511645825463,0.8833265610809984,0.8794659682388963,0.8812050095919906,0.9037270015683667,0.9134211468285528,0.9684086646694032,0.08213584666218707,0.4394119823478145
Qwen__Qwen3-4B-Instruct-2507__CA-silver-filtered__CA-silver-filtered,en_bt,Politician,29,0.6008377269921021,0.6615922082053745,0.6965914928074559,0.7567209110273613,0.9047413160061014,0.9033319436270615,0.9038611917660154,0.9307452008642,0.9182157804226053,0.9739995157094394,0.05803409407217747,0.6170719169090958
Qwen__Qwen3-4B-Instruct-2507__CA-silver-filtered__CA-silver-filtered,en_bt,Scientist,259,0.5934987926462342,0.7479701363236471,0.7101147554445059,0.7479357012325868,0.9309581331764869,0.9272046910749899,0.928958883616915,0.9395633751821334,0.908113690646919,0.963524249799375,0.06738887615084192,0.5832908065925962
Qwen__Qwen3-4B-Instruct-2507__CA-silver-filtered__CA-silver-filtered,en_bt,SportsTeam,44,0.5081955499154355,0.6452374333367428,0.6575347860413853,0.7196260554954467,0.892453209920363,0.8992260721596804,0.8957742899656296,0.9505471560088071,0.9309285960414193,0.9982778790821286,0.056695983909190055,0.5050888364849024
Qwen__Qwen3-4B-Instruct-2507__CA-silver-filtered__CA-silver-filtered,en_bt,University,90,0.6137608961466395,0.7238829932538446,0.7423130465390462,0.7947001933717069,0.9330960856543646,0.9291481812795003,0.9310124735037486,0.9671958651807573,0.9263845046361288,0.9794559007596911,0.059741964518816,0.5960360857809531
Qwen__Qwen3-4B-Instruct-2507__CA-silver-filtered__CA-silver-filtered,en_bt,WrittenWork,43,0.6759586192458049,0.7641000714219118,0.7301788854042739,0.7654903443343187,0.9281021855598273,0.9282630252283673,0.9281178116798401,0.9337638075961623,0.9068589667941249,0.9678333083806783,0.06170704286756141,0.7135643807008359
Qwen__Qwen3-4B-Instruct-2507__CA-silver-filtered__CA-silver-filtered,es,Airport,95,0.4218542407417133,0.5919459965067432,0.5605510560199388,0.6495184854704414,0.8841588992821543,0.8827552795410156,0.8833833776022258,0.9313503754766363,0.9322203485589279,0.9814142580154026,0.07660382898487805,0.4350562164371983
Qwen__Qwen3-4B-Instruct-2507__CA-silver-filtered__CA-silver-filtered,es,Artist,109,0.5180245689694924,0.701401723574815,0.6448680072477703,0.7022694922477709,0.9174391282807797,0.9174303494462179,0.9173444793858659,0.9299878401493807,0.9363661031110571,0.9783203811761225,0.058152130698772744,0.5389683985363751
Qwen__Qwen3-4B-Instruct-2507__CA-silver-filtered__CA-silver-filtered,es,Astronaut,82,0.5188474577836596,0.7067608141259204,0.668727998653654,0.7058319134941151,0.9064460789285055,0.9159854170752735,0.9110811141932883,0.9313321179006158,0.9312477104547547,1.0324508501482461,0.0819044608444037,0.5399897839517235
Qwen__Qwen3-4B-Instruct-2507__CA-silver-filtered__CA-silver-filtered,es,Athlete,50,0.4675011329851559,0.6782750113619456,0.6077128683932242,0.6850510521590517,0.9087192404270172,0.9130654537677765,0.9107915103435517,0.9397548925876618,0.9358651363849639,1.0319419225928892,0.06400375601668702,0.46610114960727467
Qwen__Qwen3-4B-Instruct-2507__CA-silver-filtered__CA-silver-filtered,es,Building,46,0.3306999554277533,0.4617554040212717,0.458617163713989,0.535709309055138,0.8425941726435786,0.8451415533604829,0.8438319615695787,0.9006986527339272,0.9342024909413379,1.0033141040946794,0.04302759646766896,0.3542336838536802
Qwen__Qwen3-4B-Instruct-2507__CA-silver-filtered__CA-silver-filtered,es,CelestialBody,49,0.42775088079568635,0.6510679407971559,0.5857698646735469,0.6760388415803472,0.9082107300661049,0.900997417313712,0.9045195774156221,0.9336660942252801,0.9294477676858708,0.9884304362344678,0.04131399682433617,0.41435656268878956
Qwen__Qwen3-4B-Instruct-2507__CA-silver-filtered__CA-silver-filtered,es,City,83,0.34899933342299894,0.5676588632027818,0.5044361261444029,0.5695437651550409,0.8616032370601792,0.8587571195809238,0.8600327580808157,0.9122984718127423,0.9215246963213726,0.9840580929930771,0.08261767089745825,0.34828149836091965
Qwen__Qwen3-4B-Instruct-2507__CA-silver-filtered__CA-silver-filtered,es,ComicsCharacter,30,0.47944240858463605,0.5858349200158924,0.5622771024903709,0.6566036407439234,0.8930746237436931,0.8842157820860544,0.8885519742965698,0.9128051181634267,0.9381686170895894,0.9740196685194585,0.05351358105179885,0.5078709411238316
Qwen__Qwen3-4B-Instruct-2507__CA-silver-filtered__CA-silver-filtered,es,Company,66,0.3928487584520327,0.6031982296913228,0.5377492824121546,0.6120608972383461,0.888077022451343,0.8883417736400258,0.8881038373166864,0.9078201868317344,0.9331175341750636,1.0100598737519806,0.06234996879364385,0.38621196533254326
Qwen__Qwen3-4B-Instruct-2507__CA-silver-filtered__CA-silver-filtered,es,Film,264,0.3153000962200144,0.48697382006376067,0.4756478839180121,0.5524726047967518,0.8458401777527549,0.8498893962665037,0.8476583847042286,0.8587650467048992,0.8973479607340061,0.9967963098207041,0.06273012138486643,0.2993249692931082
Qwen__Qwen3-4B-Instruct-2507__CA-silver-filtered__CA-silver-filtered,es,Food,46,0.3654228711738223,0.543542704075457,0.5131557425564193,0.549143560264284,0.8622358713461005,0.8553578762904458,0.8586672946162845,0.918965863144916,0.951120841762294,0.9675859899676686,0.07706877068791776,0.37281574817266594
Qwen__Qwen3-4B-Instruct-2507__CA-silver-filtered__CA-silver-filtered,es,MeanOfTransportation,58,0.47168334777314835,0.6636395079270411,0.6259379501479058,0.6600484354171754,0.906592860304076,0.8932674948511452,0.8997089225670387,0.9171955523819759,0.9318092393464056,0.983096391426129,0.07872806822866217,0.4916995742790903
Qwen__Qwen3-4B-Instruct-2507__CA-silver-filtered__CA-silver-filtered,es,Monument,46,0.42331345747633753,0.6428993842433518,0.6228115468954932,0.6421129406000186,0.8879476578339286,0.8719521566577579,0.8796325766521952,0.9400309272434401,0.9390532037486201,0.9287875942394048,0.1032699277593839,0.4098286971287344
Qwen__Qwen3-4B-Instruct-2507__CA-silver-filtered__CA-silver-filtered,es,MusicalWork,290,0.399214016206012,0.5924996106550325,0.5641649896751397,0.6138559337271953,0.8762846521262465,0.8782571073236136,0.8770816219264064,0.9066263844226968,0.9282259297781977,0.9926513276827538,0.08916333656301709,0.4205325863716615
Qwen__Qwen3-4B-Instruct-2507__CA-silver-filtered__CA-silver-filtered,es,Politician,29,0.41932666864911494,0.532453750824539,0.5607795103662385,0.6483872441032257,0.8794438037379034,0.8811782804028742,0.8801033805156576,0.9157238931491457,0.9311235547065735,1.016502301907253,0.06931344961326055,0.439422943943285
Qwen__Qwen3-4B-Instruct-2507__CA-silver-filtered__CA-silver-filtered,es,Scientist,259,0.4577640991431007,0.6481249744385295,0.5903927558796772,0.6530149755440073,0.9097838549080043,0.9038058517062065,0.906647472307949,0.9153005931828473,0.9288291707922594,0.9412700478802258,0.08778077172384885,0.44072264797717287
Qwen__Qwen3-4B-Instruct-2507__CA-silver-filtered__CA-silver-filtered,es,SportsTeam,44,0.37033916487936,0.517835475277352,0.5584305957353208,0.6672155514151245,0.8675812252543189,0.8793161497874693,0.873345589095896,0.9434155605056069,0.9373376071453094,1.0488798193837132,0.08337363716404915,0.37095831443066074
Qwen__Qwen3-4B-Instruct-2507__CA-silver-filtered__CA-silver-filtered,es,University,90,0.5387945066567947,0.651084679921409,0.6442438446077084,0.7145700787813806,0.9159419119358063,0.9187593691878848,0.9172470715310839,0.9559045672416687,0.9364593830373552,0.9806068679415549,0.056704214396721006,0.5535930764808472
Qwen__Qwen3-4B-Instruct-2507__CA-silver-filtered__CA-silver-filtered,es,WrittenWork,43,0.5273807265475282,0.6522506952997617,0.6284211814805514,0.6760662248660325,0.8993764006814291,0.9016471158626468,0.9004042564436446,0.9091450863106306,0.9260740141535915,1.0275398752688156,0.06675155422258616,0.570628555626454
Qwen__Qwen3-4B-Instruct-2507__CA-silver__CA-silver,ca,Airport,95,0.5414132566155399,0.6951306229180327,0.658201329983662,0.730150375516784,0.9078390497910349,0.9090589021381579,0.9083602616661474,0.9463338914670443,0.9419396256145678,0.992905189430697,0.05213094843817573,0.5580749158862992
Qwen__Qwen3-4B-Instruct-2507__CA-silver__CA-silver,ca,Artist,109,0.6132375913723632,0.7540330784366782,0.7376990146558428,0.7546434942436265,0.9286387710396303,0.9213650374237551,0.9248377915916093,0.9416872148120076,0.9442799288198489,0.9735102444994036,0.05785692939337965,0.63090634907281
Qwen__Qwen3-4B-Instruct-2507__CA-silver__CA-silver,ca,Astronaut,82,0.6691285692768365,0.7554983225341116,0.7596673371180814,0.7769435743009002,0.9300888958500653,0.9284521188677811,0.9291413106569429,0.9489314425282362,0.9488948656291496,0.9970991345591275,0.06528775537153861,0.6897065667943574
Qwen__Qwen3-4B-Instruct-2507__CA-silver__CA-silver,ca,Athlete,50,0.6142819234042269,0.7465729700443028,0.7234740889513283,0.765577140862151,0.921529450416565,0.9264608740806579,0.9238465940952301,0.9512836575508118,0.9521931970119476,1.015495588081078,0.05244723205609215,0.6095828273978916
Qwen__Qwen3-4B-Instruct-2507__CA-silver__CA-silver,ca,Building,46,0.6012183651577204,0.6079515785706142,0.6838144030925493,0.7212870054070859,0.8795190259166386,0.8842414189939913,0.8817695897558461,0.93071397750274,0.948092881752097,1.0200228321083982,0.05629567516469305,0.5887438368368005
Qwen__Qwen3-4B-Instruct-2507__CA-silver__CA-silver,ca,CelestialBody,49,0.5774033854799426,0.698344826135783,0.6802686173275475,0.7595792139975411,0.9218850865656015,0.9169356251249507,0.9193324471006588,0.943806355096856,0.938516982964107,0.9728564446588266,0.04035990994079282,0.5640550651274268
Qwen__Qwen3-4B-Instruct-2507__CA-silver__CA-silver,ca,City,83,0.439664399272203,0.5847721798343676,0.5600434264565723,0.6259033006273326,0.876798287931695,0.8649502655109728,0.8707005575478796,0.9090637270226536,0.9389990632792553,0.948579402730681,0.08538985240161649,0.42089068665046947
Qwen__Qwen3-4B-Instruct-2507__CA-silver__CA-silver,ca,ComicsCharacter,30,0.5355436229908019,0.5975497065830196,0.5844489186949813,0.6623569139218982,0.891916561126709,0.8849471429983775,0.8882715384165446,0.9150607049465179,0.9416938881079356,0.9739671409041543,0.045033469770389904,0.5553155638620443
Qwen__Qwen3-4B-Instruct-2507__CA-silver__CA-silver,ca,Company,66,0.6199069567584609,0.7174091305829035,0.6772445501391079,0.7275482912805196,0.9227746806361459,0.9166497118545301,0.919471494176171,0.9336028613827445,0.9463694899371176,0.9660635293775057,0.06733977898638627,0.6154660825955659
Qwen__Qwen3-4B-Instruct-2507__CA-silver__CA-silver,ca,Film,264,0.4012880731782865,0.5588369198616743,0.5453683807693515,0.6021041887707126,0.8620358086896666,0.8602359118786725,0.8609475592772166,0.8719040993036646,0.9288685075712927,0.9771195973381989,0.06456532956328628,0.3913702411153328
Qwen__Qwen3-4B-Instruct-2507__CA-silver__CA-silver,ca,Food,46,0.4374577848787578,0.5911842343312058,0.5938135660326648,0.6122190736175039,0.8648641848045847,0.8767744289792102,0.8705735413924508,0.9201926899992902,0.9536720138529072,1.0182022099023043,0.06600431882677141,0.43917286292255836
Qwen__Qwen3-4B-Instruct-2507__CA-silver__CA-silver,ca,MeanOfTransportation,58,0.5189319794815885,0.6718348912127329,0.6444412945372902,0.6905215527507371,0.9110600115924046,0.9026334100756152,0.9066497210798592,0.9247482162097405,0.9372071788228792,0.9654049919121417,0.07767526523118741,0.5375679381233716
Qwen__Qwen3-4B-Instruct-2507__CA-silver__CA-silver,ca,Monument,46,0.4626188302330239,0.5965103851789366,0.5709009947016117,0.6759373153035639,0.8861563685147659,0.8860442288543867,0.8860163066698157,0.9502001858275869,0.9499737140925034,0.9916083983780651,0.05088431651041363,0.4605984823543104
Qwen__Qwen3-4B-Instruct-2507__CA-silver__CA-silver,ca,MusicalWork,290,0.4228698037061288,0.5850859313989845,0.6010164444604921,0.6174726240954804,0.8741081293286949,0.8707181772281384,0.8721259871433521,0.904295900155758,0.9252888434919818,0.9887153923776604,0.08438885466255919,0.43493554988134747
Qwen__Qwen3-4B-Instruct-2507__CA-silver__CA-silver,ca,Politician,29,0.6282409512457283,0.6748471494969992,0.7271998763959678,0.7572397444529149,0.9098562351588545,0.9038248308773699,0.9066834244234808,0.9339519513064417,0.946151838220399,0.9930264330973906,0.04945797396224264,0.632713404462399
Qwen__Qwen3-4B-Instruct-2507__CA-silver__CA-silver,ca,Scientist,259,0.536242704274552,0.6717424251655107,0.6435816335064383,0.7002471830191643,0.9095582269333504,0.8983625194280764,0.9037249180340859,0.9192814622146283,0.9411547402617554,0.9532228990373515,0.08064094364039603,0.5235490431285458
Qwen__Qwen3-4B-Instruct-2507__CA-silver__CA-silver,ca,SportsTeam,44,0.4916780189457786,0.6374365152930713,0.6507803204560145,0.7230805016581004,0.8988585512746464,0.9025023498318412,0.9005792046135123,0.9514957625757564,0.9422384202480316,0.9822218022200311,0.058156542431668484,0.48445124243922355
Qwen__Qwen3-4B-Instruct-2507__CA-silver__CA-silver,ca,University,90,0.6746706966657711,0.7401609369704103,0.7548011295003263,0.8087766421461244,0.9378834552235074,0.9298768050140804,0.9337372336122725,0.9649640785323249,0.9482604920864105,0.9819215599940678,0.04267915045361636,0.6672946804800187
Qwen__Qwen3-4B-Instruct-2507__CA-silver__CA-silver,ca,WrittenWork,43,0.5370924753302996,0.6438200686474918,0.6044691423725589,0.6577585558913404,0.8975747158361036,0.8972942579624265,0.8973488766093587,0.9116416310155114,0.9271410523458968,1.0068115962375321,0.04618116475481226,0.5634799774641187
Qwen__Qwen3-4B-Instruct-2507__CA-silver__CA-silver,en,Airport,95,0.47300099323988015,0.65204130328539,0.6430504125563037,0.6952258732863107,0.8995489873384175,0.9020965387946681,0.900710267769663,0.935577066321122,0.9226955062464663,0.9769284998180081,0.06455308298519483,0.4773162538488449
Qwen__Qwen3-4B-Instruct-2507__CA-silver__CA-silver,en,Artist,109,0.5010770406682872,0.7198976677838874,0.6506892242187614,0.7210309562719773,0.9162467548606592,0.9201955718731661,0.9181345684812703,0.9320467185536656,0.9096441077529838,0.9755216598875613,0.056212306556818276,0.511305549660519
Qwen__Qwen3-4B-Instruct-2507__CA-silver__CA-silver,en,Astronaut,82,0.5649658806195401,0.7135773483807646,0.6595020108381628,0.7084356629082705,0.9175866646010701,0.9125662344258006,0.9148041337001614,0.9385561208899428,0.9139865302458042,0.9638399296235184,0.07003366355849863,0.5753353216215927
Qwen__Qwen3-4B-Instruct-2507__CA-silver__CA-silver,en,Athlete,50,0.5701184492530676,0.7297952621063779,0.6674839813693617,0.7284820531437028,0.9188233745098114,0.9179202890396119,0.9181913292407989,0.9456589901447296,0.9152612817287445,0.9844044845917083,0.05575322282397201,0.5672162247020927
Qwen__Qwen3-4B-Instruct-2507__CA-silver__CA-silver,en,Building,46,0.4908977234976589,0.6234259856880141,0.6378975557537289,0.6622952224162852,0.890490023986153,0.8818849960099095,0.8861039760320083,0.9335861517035443,0.9368068381496097,0.9500202953084635,0.06554328401891839,0.4931053052175846
Qwen__Qwen3-4B-Instruct-2507__CA-silver__CA-silver,en,CelestialBody,49,0.7097562895736941,0.7678355531462769,0.7545947212322476,0.8321202294883998,0.9426562883416001,0.9388483677591596,0.9407093549261287,0.9675097818277321,0.9285553973548266,0.9622998133689795,0.04874355990616786,0.6819954720724494
Qwen__Qwen3-4B-Instruct-2507__CA-silver__CA-silver,en,City,83,0.43764088736318585,0.6151765554130572,0.5724468026091521,0.6404701571630058,0.883477015667651,0.876510782414172,0.8798463983708117,0.9203058093427176,0.9142386381884655,0.9475393004839217,0.08082709201425259,0.4297586411533622
Qwen__Qwen3-4B-Instruct-2507__CA-silver__CA-silver,en,ComicsCharacter,30,0.39684213078769853,0.5461112348759356,0.5243311507256289,0.5957611144322909,0.8673747142155965,0.8571843802928925,0.8620789090792338,0.8917744914690654,0.915423192580541,0.9361423009873968,0.08680429106001096,0.41049994384594174
Qwen__Qwen3-4B-Instruct-2507__CA-silver__CA-silver,en,Company,66,0.5611617161189169,0.7048242000647538,0.6570966122114701,0.7216483398354319,0.925120523481658,0.9157141799276526,0.9202472775271444,0.9363144184603835,0.9210831197825345,0.9772332860918197,0.07008211419687663,0.5563495954248997
Qwen__Qwen3-4B-Instruct-2507__CA-silver__CA-silver,en,Film,264,0.4796811127060642,0.6535664614033605,0.6452903722041433,0.6935105935136802,0.8963586832537795,0.8965320203340414,0.8962457703821587,0.9020014310424979,0.915690909958247,0.9758974518667173,0.05936818669358737,0.471094975290916
Qwen__Qwen3-4B-Instruct-2507__CA-silver__CA-silver,en,Food,46,0.3336587175484737,0.5544190397318534,0.49150060439556326,0.5774915662740406,0.8772183799225352,0.8720035475233326,0.8744999066643093,0.9260983518932177,0.9440034031867981,0.9826087131341674,0.06468506342467792,0.3514683979207055
Qwen__Qwen3-4B-Instruct-2507__CA-silver__CA-silver,en,MeanOfTransportation,58,0.5375900332615356,0.7333714896591842,0.6990102954932205,0.7103050543703279,0.9335703973112435,0.9260176790171656,0.9296662756081285,0.9430403185301813,0.9112012612408605,0.940975842151328,0.08884507338688566,0.522881283833885
Qwen__Qwen3-4B-Instruct-2507__CA-silver__CA-silver,en,Monument,46,0.5394499083888628,0.647015018740091,0.5924634285738322,0.7062213518520939,0.8737320498279904,0.8567481960939325,0.8650237542131672,0.9317754805088043,0.9413554150125255,0.9231759841246634,0.09510404460481463,0.5132489309895365
Qwen__Qwen3-4B-Instruct-2507__CA-silver__CA-silver,en,MusicalWork,290,0.4266960640376492,0.6198466037379459,0.5948959192983423,0.638128311425012,0.8802157525358529,0.8756537531984263,0.8777145498785479,0.9010611544395315,0.9133302125437507,0.9580712064023038,0.09552151947393564,0.431706980393203
Qwen__Qwen3-4B-Instruct-2507__CA-silver__CA-silver,en,Politician,29,0.5610986911524286,0.6409048057540067,0.650451854881339,0.7234484999398048,0.9002966593051779,0.8997818046602709,0.8998883859864597,0.9211404426344509,0.9170817568384367,0.9740925494497015,0.07700123968368608,0.5883430535772359
Qwen__Qwen3-4B-Instruct-2507__CA-silver__CA-silver,en,Scientist,259,0.58607519756891,0.739924606585686,0.7018497954238242,0.7398919574651406,0.9283732166621675,0.923299461257964,0.925685399977857,0.9389540115838806,0.9080881860725668,0.9651606473881701,0.05999828081022811,0.5742834493587935
Qwen__Qwen3-4B-Instruct-2507__CA-silver__CA-silver,en,SportsTeam,44,0.4264152516071656,0.5768905958434245,0.5960695807779959,0.6712649076735206,0.876492206345905,0.8819051154635169,0.8791284127668901,0.9422910403121602,0.9273169867017053,0.9916633729990433,0.06205501152656545,0.41850408593207145
Qwen__Qwen3-4B-Instruct-2507__CA-silver__CA-silver,en,University,90,0.6596761248777736,0.7455088759392393,0.7517996628300212,0.8058106912208787,0.9315747770998213,0.9315584063529968,0.9314737578233083,0.9684978995058272,0.9278626170423295,0.9766714789036234,0.04938783026364215,0.6517565210387757
Qwen__Qwen3-4B-Instruct-2507__CA-silver__CA-silver,en,WrittenWork,43,0.670770283791929,0.7593015564951656,0.737948889335055,0.7849187497599395,0.9261029071586077,0.927484372327494,0.9267086705496145,0.9394388129544813,0.9059795030327731,0.994634327354639,0.048357562229311125,0.6792724896295259
Qwen__Qwen3-4B-Instruct-2507__CA-silver__CA-silver,en_bt,Airport,95,0.44759375130310924,0.6273566490821858,0.6198523065604642,0.6643364656508082,0.8955804843651621,0.896643362547222,0.8960173782549407,0.9328490238440664,0.9208591806261163,0.9746238042323394,0.061659878002070415,0.45572309870761224
Qwen__Qwen3-4B-Instruct-2507__CA-silver__CA-silver,en_bt,Artist,109,0.4596311908474319,0.7199881850580142,0.6467017088817809,0.7177310383328951,0.913331528869244,0.9222840787073888,0.9176901622649727,0.9327999063588064,0.9093935691982235,0.9917911704095692,0.05111256658347952,0.46724213253670804
Qwen__Qwen3-4B-Instruct-2507__CA-silver__CA-silver,en_bt,Astronaut,82,0.6010789448274073,0.7333110557351529,0.7005543422733105,0.7270703131491848,0.923506943917856,0.9209751937447525,0.9219137604643659,0.9438233651765963,0.9148295579887018,0.9638107349472115,0.0731803854786433,0.6053669447226899
Qwen__Qwen3-4B-Instruct-2507__CA-silver__CA-silver,en_bt,Athlete,50,0.5981450109434158,0.7462194334077943,0.7153544374590974,0.750028956139886,0.9234666156768799,0.9263460385799408,0.9248242235183716,0.9521476829051971,0.9171129524707794,0.9922924785078189,0.05836538306255287,0.5857263079586614
Qwen__Qwen3-4B-Instruct-2507__CA-silver__CA-silver,en_bt,Building,46,0.5474500933114704,0.652371473377394,0.6743627920445496,0.6910848226421089,0.8964603828347247,0.8932273983955383,0.8947482756946398,0.9405240701592487,0.9383550947127135,0.9546129857996333,0.05834687730562255,0.5589386041484471
Qwen__Qwen3-4B-Instruct-2507__CA-silver__CA-silver,en_bt,CelestialBody,49,0.6774832705417183,0.7651899562971053,0.7356381117120819,0.8109410797062443,0.9405888975883017,0.9363071663039071,0.9384051828968282,0.9671590729635589,0.9271684325471217,0.9668438503975557,0.04448328113727783,0.6535452199915909
Qwen__Qwen3-4B-Instruct-2507__CA-silver__CA-silver,en_bt,City,83,0.4297715422404721,0.6140517639785752,0.5655395045644844,0.6343477416918121,0.8811414823474655,0.8750548851059143,0.8779123411121139,0.9191325191991875,0.9144189716821693,0.9442778474644433,0.10032011465279274,0.42273149105007557
Qwen__Qwen3-4B-Instruct-2507__CA-silver__CA-silver,en_bt,ComicsCharacter,30,0.4360002275714297,0.557219055244072,0.5550015392078038,0.6225252914904037,0.873657206694285,0.8681196451187134,0.8707464416821797,0.8982317666212718,0.9199704706668854,0.9601652488942162,0.08712026487526811,0.4572944609763786
Qwen__Qwen3-4B-Instruct-2507__CA-silver__CA-silver,en_bt,Company,66,0.5944008686376002,0.7284259343427288,0.6830351406618027,0.7379309247791702,0.9280877366210475,0.9214380293181448,0.9245842324964928,0.9409774514761838,0.9209534679398392,0.9789382329158919,0.051328460821106384,0.5561841728139615
Qwen__Qwen3-4B-Instruct-2507__CA-silver__CA-silver,en_bt,Film,264,0.5015422774253715,0.6675357547261103,0.6654297294020868,0.7123421095205219,0.8987599882212552,0.9015283026930058,0.8999352626728289,0.9054899048624616,0.916393352051576,0.9889168715827713,0.060973441019067556,0.49486334676778504
Qwen__Qwen3-4B-Instruct-2507__CA-silver__CA-silver,en_bt,Food,46,0.34826978108950835,0.5542500499891473,0.5092083407587049,0.5937864238651468,0.8763740982698358,0.8733402529488439,0.8747185688951741,0.9245536042296368,0.9431167698424795,0.9992199874671831,0.07445619951385722,0.35755117059884733
Qwen__Qwen3-4B-Instruct-2507__CA-silver__CA-silver,en_bt,MeanOfTransportation,58,0.5255866005558031,0.7275421972364784,0.686182023167722,0.7067312522819724,0.9303874671459198,0.9199891655609526,0.9250107243143278,0.9411747342553632,0.9105321528582737,0.9436278920717152,0.08942460271847505,0.5331180528002808
Qwen__Qwen3-4B-Instruct-2507__CA-silver__CA-silver,en_bt,Monument,46,0.5688556207161115,0.6748960970885005,0.6265887504116154,0.737999208906797,0.8815684176009634,0.8748826021733491,0.8780351462571517,0.9386679983657339,0.940302980982739,0.9568252716755411,0.08414975879900852,0.5560319900116736
Qwen__Qwen3-4B-Instruct-2507__CA-silver__CA-silver,en_bt,MusicalWork,290,0.42196408330444174,0.6183027278748006,0.5988215718786508,0.6426934748870948,0.8805988159672967,0.8774438362697076,0.8788136420578793,0.9019238408269553,0.9122390488098407,0.9682230418373294,0.09349902876802547,0.426619494448036
Qwen__Qwen3-4B-Instruct-2507__CA-silver__CA-silver,en_bt,Politician,29,0.5600844958065083,0.6410899903494538,0.6678228818444868,0.7342570024191396,0.9010371360285528,0.9016990908261003,0.901168445060993,0.9280173716873958,0.918759154862371,0.9778940870801409,0.06853912981733021,0.5830053950456976
Qwen__Qwen3-4B-Instruct-2507__CA-silver__CA-silver,en_bt,Scientist,259,0.5874903737372088,0.7468755145550721,0.7140044883746185,0.7505998387406678,0.9291642625819763,0.9278203815106719,0.9283652772774568,0.9398040380256977,0.9077341487508943,0.9742351780016647,0.05920348460251872,0.5800707043539316
Qwen__Qwen3-4B-Instruct-2507__CA-silver__CA-silver,en_bt,SportsTeam,44,0.4786155165185115,0.6184227037032249,0.6315378162138148,0.7029349184458358,0.8874669833616777,0.890542982654138,0.88891962306066,0.9493827440521934,0.9302480274980719,1.0078603185655934,0.07466453205456199,0.47692988792304525
Qwen__Qwen3-4B-Instruct-2507__CA-silver__CA-silver,en_bt,University,90,0.6128942557197075,0.7317123356099543,0.7352096363454219,0.7898397865126003,0.9354736533429887,0.9286847346358829,0.931935969988505,0.9687430931462182,0.9258338418271806,0.9689700046379275,0.06261769332534727,0.5998119330314463
Qwen__Qwen3-4B-Instruct-2507__CA-silver__CA-silver,en_bt,WrittenWork,43,0.6667367248982909,0.7516740871671703,0.720967058642574,0.7669657177748668,0.9240675998288531,0.92847932216733,0.9261861928673678,0.9340854772301608,0.9060084362362706,0.9981173195617291,0.05595989679631167,0.682581162338514
Qwen__Qwen3-4B-Instruct-2507__CA-silver__CA-silver,es,Airport,95,0.4373272943488341,0.6012071505086979,0.5872209281087121,0.6589730352529126,0.8864865259120339,0.887916950803054,0.887105595438104,0.9347161493803325,0.9327103671274687,0.983697938406747,0.06830537733338655,0.4532779789152187
Qwen__Qwen3-4B-Instruct-2507__CA-silver__CA-silver,es,Artist,109,0.506286163087962,0.6984299730230974,0.6352617978901784,0.6974804348955514,0.9165386967702743,0.9182595818414601,0.9173121654659236,0.9310476276852669,0.9359512755630213,0.996787920029223,0.052650939846070395,0.5173582159544554
Qwen__Qwen3-4B-Instruct-2507__CA-silver__CA-silver,es,Astronaut,82,0.5239123134142961,0.6946352463716411,0.6807994230840808,0.7125933963760361,0.9062364682918642,0.9153363820983142,0.9106704236530676,0.9293292637278394,0.9320645746661396,1.0328463273818984,0.07653849585486414,0.5488692108688693
Qwen__Qwen3-4B-Instruct-2507__CA-silver__CA-silver,es,Athlete,50,0.4545936703238219,0.6786588736712954,0.5972428029824143,0.6808889966501127,0.9059769344329834,0.9133908224105834,0.9095836639404297,0.9343617796897888,0.9362685906887055,1.023695410425795,0.05936577147360456,0.45716988770024486
Qwen__Qwen3-4B-Instruct-2507__CA-silver__CA-silver,es,Building,46,0.318338530581142,0.45288314657174344,0.44118277978826154,0.5225217633040744,0.8401877089687015,0.8454115209372147,0.842747934486555,0.9013376508070075,0.9337155676406362,0.9932233657318418,0.041322295653031686,0.34297684621934577
Qwen__Qwen3-4B-Instruct-2507__CA-silver__CA-silver,es,CelestialBody,49,0.431598617625283,0.6718449061393326,0.6169495086796211,0.7011106104386458,0.9163232956613813,0.9094081180436271,0.9128085532966925,0.9436696950270205,0.9368935215229891,0.9816447454365683,0.03786627263974458,0.41886123180609686
Qwen__Qwen3-4B-Instruct-2507__CA-silver__CA-silver,es,City,83,0.3540056247902428,0.5654487061678144,0.5114217264947865,0.5637942129189034,0.8590067409607302,0.8605237409292933,0.8596318198973874,0.9120972407869545,0.9221257940832391,0.9824465933745945,0.07185823935908502,0.35986011301359766
Qwen__Qwen3-4B-Instruct-2507__CA-silver__CA-silver,es,ComicsCharacter,30,0.47121882126651615,0.6007463014349033,0.5724462260734791,0.6607911175666438,0.891204849878947,0.8762038230895997,0.883502705891927,0.9062803685665131,0.935802145799001,0.9558611664415227,0.08020028313100695,0.4819865005331904
Qwen__Qwen3-4B-Instruct-2507__CA-silver__CA-silver,es,Company,66,0.3863794099575933,0.6046057121388538,0.5474078223778561,0.6172660242686404,0.8882254307920282,0.8934155928366112,0.8907235833731565,0.912788321574529,0.9334229384407853,1.0171690145009893,0.06031385738577196,0.38485480015654966
Qwen__Qwen3-4B-Instruct-2507__CA-silver__CA-silver,es,Film,264,0.31896612791930273,0.48380623005311313,0.47704068015921336,0.5551587001650454,0.8467929783192548,0.8509609367359768,0.8486750092018734,0.8618207470034108,0.8985259855786959,1.0031552535596817,0.06138235590506624,0.3031358010162958
Qwen__Qwen3-4B-Instruct-2507__CA-silver__CA-silver,es,Food,46,0.39226506088493585,0.553955445582981,0.5241626260002529,0.5592682576346004,0.8646371027697688,0.8573987017507139,0.8608641728110935,0.9195003198540729,0.9511780881363413,0.9402350915146821,0.09326914333049609,0.4079382577036178
Qwen__Qwen3-4B-Instruct-2507__CA-silver__CA-silver,es,MeanOfTransportation,58,0.49010599525308984,0.7017063016579272,0.6595904150685321,0.6840883302622295,0.9134652799573438,0.9034692326496387,0.9081677023706765,0.9212823345743376,0.9329543884458213,0.959320409064096,0.08811120813220431,0.49628417431165694
Qwen__Qwen3-4B-Instruct-2507__CA-silver__CA-silver,es,Monument,46,0.4761807783134411,0.6423608781999863,0.6321473826953561,0.6707511379108133,0.8872906747071639,0.8786299410073654,0.8828031887178835,0.9396781441958054,0.9401421119337496,0.9543875475746603,0.07587779968601915,0.46728773792093586
Qwen__Qwen3-4B-Instruct-2507__CA-silver__CA-silver,es,MusicalWork,290,0.4127719330167768,0.5982461783965005,0.5781228190699002,0.6227445089902318,0.8804361326941128,0.8803589381020644,0.8801975500994715,0.9105043978526675,0.9288720326177005,0.9916116036659971,0.08784870549413333,0.43117180218907025
Qwen__Qwen3-4B-Instruct-2507__CA-silver__CA-silver,es,Politician,29,0.3876910196111134,0.5209274648605193,0.5419230007181974,0.6374222789725461,0.8707231118761259,0.8790707958155665,0.8747550516292967,0.9130580219729193,0.930773661054414,1.0043858925359372,0.08270510846292764,0.3972323384147001
Qwen__Qwen3-4B-Instruct-2507__CA-silver__CA-silver,es,Scientist,259,0.4513756105652308,0.6411592741294432,0.5868110048481474,0.6503901800520017,0.9056775141866971,0.9010338534719695,0.9031952334186746,0.9117253033811061,0.9282066808243976,0.9421759187041276,0.08926688310990068,0.43330503511972074
Qwen__Qwen3-4B-Instruct-2507__CA-silver__CA-silver,es,SportsTeam,44,0.3599195993865854,0.5259777239773228,0.5627403543812246,0.6655933273173613,0.8662199052897367,0.8828272941437635,0.8743689290501855,0.9445620043711229,0.9380809976295992,1.0739723623270163,0.1043420734382058,0.3608112598074773
Qwen__Qwen3-4B-Instruct-2507__CA-silver__CA-silver,es,University,90,0.5128087437429009,0.6333110557292716,0.6174738829851455,0.7016974028264467,0.9107742071151733,0.9146010326014624,0.9125764071941376,0.9529745492670271,0.9352322267161475,0.974939049904452,0.05485585651643454,0.5483637296090386
Qwen__Qwen3-4B-Instruct-2507__CA-silver__CA-silver,es,WrittenWork,43,0.5681801885414458,0.6793861800757065,0.6788992131529985,0.71548871594487,0.9016655725102092,0.905657664287922,0.9035119192544804,0.9141557535459829,0.9282537476961003,1.047107490381945,0.08480048599481896,0.5824424938333986
Qwen__Qwen3-4B-Instruct-2507__EN-backtrans-from-CA__EN-backtrans-from-CA,ca,Airport,95,0.3457174366084127,0.5642628765879045,0.4995490794642601,0.6048533510676338,0.8739669931562324,0.8766653907926459,0.8751242957617107,0.9092018020780464,0.9302193221292998,0.9709163584994562,0.09160290458547334,0.3665421950416004
Qwen__Qwen3-4B-Instruct-2507__EN-backtrans-from-CA__EN-backtrans-from-CA,ca,Artist,109,0.3915055964289201,0.5869721452849246,0.5087066351837743,0.6042462434617607,0.89269650529284,0.8880733880427999,0.8901611347810938,0.8856720317394362,0.9284240073020306,0.9681248676744901,0.06789263776400885,0.4567287895880405
Qwen__Qwen3-4B-Instruct-2507__EN-backtrans-from-CA__EN-backtrans-from-CA,ca,Astronaut,82,0.29172043965592714,0.491965120756977,0.4077107488195282,0.5113858258386456,0.8819758405045766,0.8724572026148075,0.8770018249023251,0.8497827300211278,0.9181488403459874,0.9567420302433958,0.07316790475306104,0.3543629221881552
Qwen__Qwen3-4B-Instruct-2507__EN-backtrans-from-CA__EN-backtrans-from-CA,ca,Athlete,50,0.31673312257797986,0.5580944953570705,0.45531296290410017,0.5718051035631982,0.8809031343460083,0.8826899981498718,0.8816138458251953,0.8770092952251435,0.9307953393459321,1.002162011589078,0.07123123623537732,0.36007734642768163
Qwen__Qwen3-4B-Instruct-2507__EN-backtrans-from-CA__EN-backtrans-from-CA,ca,Building,46,0.2756907937901882,0.3667774093681274,0.34715926692626325,0.4700667235328828,0.8388727942238683,0.8188142258187999,0.8285999246265577,0.7547660146070563,0.9094398112400718,0.974304957565122,0.048083496267223136,0.2798593852149922
Qwen__Qwen3-4B-Instruct-2507__EN-backtrans-from-CA__EN-backtrans-from-CA,ca,CelestialBody,49,0.1663513539705872,0.4164778390019244,0.21980645564583037,0.4620654725642472,0.8654755560719237,0.8589575205530439,0.8621167394579673,0.8593240453272449,0.9002649029906915,0.9585436453636665,0.06382242489012342,0.1851331960884155
Qwen__Qwen3-4B-Instruct-2507__EN-backtrans-from-CA__EN-backtrans-from-CA,ca,City,83,0.31958907917194573,0.5243039775710906,0.4748470624361366,0.5676989308959813,0.8614334973944239,0.857313937451466,0.8592312264155193,0.8876686491161944,0.9303143203976643,0.9765272402492163,0.07172535349702115,0.3233155379806337
Qwen__Qwen3-4B-Instruct-2507__EN-backtrans-from-CA__EN-backtrans-from-CA,ca,ComicsCharacter,30,0.2918179110448922,0.4212339375514774,0.39648143074838393,0.4789222579904166,0.8441106577714285,0.8395703911781311,0.8416607836882274,0.8466026643911998,0.8985509792963664,0.9555686048237765,0.0690350625746709,0.3180048013582864
Qwen__Qwen3-4B-Instruct-2507__EN-backtrans-from-CA__EN-backtrans-from-CA,ca,Company,66,0.27295693964023915,0.49064040118251534,0.3888542098596938,0.5182288364998893,0.8689233037558469,0.8659874760743344,0.86721127502846,0.8535822593804562,0.9280149719931863,0.9838705398337246,0.07369092876677305,0.2893898751177021
Qwen__Qwen3-4B-Instruct-2507__EN-backtrans-from-CA__EN-backtrans-from-CA,ca,Film,264,0.27584578594943643,0.44980169660222863,0.4049749392354228,0.5086201578182662,0.8381986922838471,0.8345289359038527,0.8359820526657682,0.7992776204465013,0.9109439391529921,0.9629307705528792,0.07065950008506221,0.30591974444683273
Qwen__Qwen3-4B-Instruct-2507__EN-backtrans-from-CA__EN-backtrans-from-CA,ca,Food,46,0.044115980007138546,0.1936527770339759,0.12147286059471737,0.27437815822367084,0.7950106768504434,0.7822242754956951,0.788467807614285,0.7055679611537767,0.9047323296899381,0.96929149894258,0.08203878635059697,0.030761266443298886
Qwen__Qwen3-4B-Instruct-2507__EN-backtrans-from-CA__EN-backtrans-from-CA,ca,MeanOfTransportation,58,0.16395365467028747,0.3824279255987495,0.2859683611170377,0.4276270892315998,0.8566573765771143,0.8386838292253429,0.8473320130644173,0.786445336095218,0.9035366013132292,0.9766392090995331,0.10021071806975711,0.16565461199973616
Qwen__Qwen3-4B-Instruct-2507__EN-backtrans-from-CA__EN-backtrans-from-CA,ca,Monument,46,0.2884434513917506,0.4795278440176961,0.44307821785405876,0.574154479405013,0.8415435552597046,0.8268189780090166,0.833900511264801,0.9149243054182633,0.9341898016307665,0.985936277253252,0.07014341142234662,0.3014745172605464
Qwen__Qwen3-4B-Instruct-2507__EN-backtrans-from-CA__EN-backtrans-from-CA,ca,MusicalWork,290,0.22834802324503212,0.42915794430079907,0.3790238672755085,0.4831015153177262,0.8333427044852026,0.8329287282351789,0.8328983652180639,0.8129815979250546,0.9009180728731484,0.9846998423351186,0.09382622016647531,0.2335220634838409
Qwen__Qwen3-4B-Instruct-2507__EN-backtrans-from-CA__EN-backtrans-from-CA,ca,Politician,29,0.33570221141154505,0.4759396082428323,0.4727777119956719,0.5630401111150346,0.8646347317202338,0.8604424554726173,0.862395494148649,0.8719365021278118,0.921132153478162,1.0080127671522927,0.04496297683810639,0.35546998868528557
Qwen__Qwen3-4B-Instruct-2507__EN-backtrans-from-CA__EN-backtrans-from-CA,ca,Scientist,259,0.2710364840791046,0.4824247489564203,0.4128702302764992,0.5371759328303587,0.8835997459511039,0.8729284550692584,0.8779856516587689,0.8414336532699556,0.9171749574337227,0.9625501734812767,0.08763630413821676,0.298861676426599
Qwen__Qwen3-4B-Instruct-2507__EN-backtrans-from-CA__EN-backtrans-from-CA,ca,SportsTeam,44,0.15264932198747813,0.34429284496772294,0.28936505577875277,0.40728678465986656,0.8308340040120211,0.8053245910189368,0.8177894001657312,0.888557335192507,0.9189672158523039,0.866160478709988,0.14169119139742956,0.16317446483689615
Qwen__Qwen3-4B-Instruct-2507__EN-backtrans-from-CA__EN-backtrans-from-CA,ca,University,90,0.44270034489413396,0.6267253309820136,0.5600072148722668,0.6930543497591328,0.9090138375759125,0.9022798445489671,0.9054637557930416,0.9415060844686296,0.9400102065669166,0.963197156769421,0.06563793111622121,0.45608173094607257
Qwen__Qwen3-4B-Instruct-2507__EN-backtrans-from-CA__EN-backtrans-from-CA,ca,WrittenWork,43,0.47290315104379793,0.5989832874232469,0.545633464177982,0.5865162479713375,0.8874757580978926,0.8845639630805614,0.8859241493912631,0.8822357904079349,0.9180107144422309,0.9545550499737187,0.07277510306423825,0.5191760820479169
Qwen__Qwen3-4B-Instruct-2507__EN-backtrans-from-CA__EN-backtrans-from-CA,en,Airport,95,0.47532643472322195,0.6579039210605186,0.6576380818745868,0.7025393667757996,0.9065295972322163,0.9060064165215743,0.906182567069405,0.9386490859483417,0.9254107475280762,0.9849113376445298,0.05903218717169005,0.5009427829715516
Qwen__Qwen3-4B-Instruct-2507__EN-backtrans-from-CA__EN-backtrans-from-CA,en,Artist,109,0.5840543450166018,0.7694684772214361,0.7566706873321392,0.7649519196486301,0.9352806451123789,0.9299173376975803,0.932492997668205,0.9464117151881577,0.9120247932749057,0.9871678651086255,0.05246243718433041,0.5940816308391642
Qwen__Qwen3-4B-Instruct-2507__EN-backtrans-from-CA__EN-backtrans-from-CA,en,Astronaut,82,0.6242275862259422,0.7253131721652861,0.7050284737675903,0.7315073496928697,0.9275815116196144,0.917224002320592,0.9221100298369803,0.9473700639678211,0.9171162102280593,0.9516056939739114,0.07406316269549196,0.6253166745231968
Qwen__Qwen3-4B-Instruct-2507__EN-backtrans-from-CA__EN-backtrans-from-CA,en,Athlete,50,0.5986726052008008,0.7612473957764868,0.7357089420200108,0.7452378913110478,0.9305576467514038,0.9229966700077057,0.9265943622589111,0.9473985159397125,0.9181234776973725,0.996007180746618,0.0385664495071265,0.6198432225283177
Qwen__Qwen3-4B-Instruct-2507__EN-backtrans-from-CA__EN-backtrans-from-CA,en,Building,46,0.6113133579063218,0.6487051416944789,0.6914574052412145,0.7321763315345033,0.8985880418964054,0.8965569384720015,0.897531605285147,0.9441016433031663,0.9408705713956252,0.9856106272492389,0.044248253621744504,0.6071672470062371
Qwen__Qwen3-4B-Instruct-2507__EN-backtrans-from-CA__EN-backtrans-from-CA,en,CelestialBody,49,0.6714393113127375,0.7513772075935923,0.761405092192726,0.8092733088387885,0.9344451038204894,0.9317989543992646,0.9330825927306194,0.9662752236638751,0.9315625842736692,0.9862667331040555,0.03874941624480279,0.6431006743033685
Qwen__Qwen3-4B-Instruct-2507__EN-backtrans-from-CA__EN-backtrans-from-CA,en,City,83,0.43991561885919267,0.6067826475288899,0.6269014090246887,0.6574161795872997,0.8801027112696544,0.8839263535407652,0.881839420422014,0.9226474058197205,0.9146598211253982,0.9727896926934402,0.07361188351194836,0.41933333473125844
Qwen__Qwen3-4B-Instruct-2507__EN-backtrans-from-CA__EN-backtrans-from-CA,en,ComicsCharacter,30,0.41792259237209817,0.5741653455979076,0.5574399440394157,0.6273289103194536,0.879362001021703,0.8691993693510691,0.8741751194000245,0.9049618939558665,0.9188402513662974,0.9874320495342256,0.05702374989208693,0.4374111582195283
Qwen__Qwen3-4B-Instruct-2507__EN-backtrans-from-CA__EN-backtrans-from-CA,en,Company,66,0.5890684770672612,0.7173935579261643,0.682379834109467,0.7405085721780754,0.9292061319856932,0.9231540949055643,0.9260511461532477,0.9434650395855759,0.9228697708158782,0.9804416529273121,0.05753256678879694,0.5896640620279228
Qwen__Qwen3-4B-Instruct-2507__EN-backtrans-from-CA__EN-backtrans-from-CA,en,Film,264,0.5089777472136967,0.6716107822265603,0.6632923718616724,0.7015961370894075,0.8989732719280503,0.8975979645143856,0.8981336526798479,0.8986681462688879,0.9173022535714236,0.9757542398156633,0.049221953267068796,0.5032878480942388
Qwen__Qwen3-4B-Instruct-2507__EN-backtrans-from-CA__EN-backtrans-from-CA,en,Food,46,0.4035245362945087,0.5803645327936452,0.5310109271059481,0.6023059797154532,0.8921558779218922,0.8764069287673287,0.8840943885886151,0.9334812293881956,0.9452408772447835,0.9618541121772048,0.08386336696593032,0.39247675143028565
Qwen__Qwen3-4B-Instruct-2507__EN-backtrans-from-CA__EN-backtrans-from-CA,en,MeanOfTransportation,58,0.5757991908372576,0.7404571045380897,0.7417765511379188,0.7552865722675763,0.9324286395105822,0.9259760482557888,0.9290611034837263,0.9400962580894602,0.9147753242788643,0.9596002069862302,0.061589157370824134,0.5756664196506334
Qwen__Qwen3-4B-Instruct-2507__EN-backtrans-from-CA__EN-backtrans-from-CA,en,Monument,46,0.5310930068710363,0.6086455646984552,0.6065842453896907,0.6936473568939351,0.8768570902554885,0.864519917446634,0.8705805099528768,0.9342239576837291,0.9417828995248546,0.9797536092486098,0.05771696817273333,0.5017241880763699
Qwen__Qwen3-4B-Instruct-2507__EN-backtrans-from-CA__EN-backtrans-from-CA,en,MusicalWork,290,0.44228865127000433,0.6415543172687033,0.6221733191724143,0.6564542063891957,0.882566585006385,0.881984656227046,0.8820789125458948,0.9046480246658983,0.9150026561885044,0.9835802647246312,0.08065694267289532,0.4543122837069473
Qwen__Qwen3-4B-Instruct-2507__EN-backtrans-from-CA__EN-backtrans-from-CA,en,Politician,29,0.6576802645539753,0.7014585055408099,0.7173014491652161,0.7677973809880363,0.9199363877033365,0.9149432264525315,0.9173691663248785,0.9415847535791069,0.9217983730908098,0.9830729334517252,0.037030863279160026,0.6651499435855089
Qwen__Qwen3-4B-Instruct-2507__EN-backtrans-from-CA__EN-backtrans-from-CA,en,Scientist,259,0.5592476223434487,0.718488666873778,0.6945446481389533,0.72488170280616,0.9225633201912103,0.9129169847974445,0.9175529551321936,0.9305424310525872,0.9070057291321773,0.9596978439536136,0.06423106276099619,0.5442145870301062
Qwen__Qwen3-4B-Instruct-2507__EN-backtrans-from-CA__EN-backtrans-from-CA,en,SportsTeam,44,0.45615607077928355,0.5910244903922209,0.6520007827997968,0.7001694795021665,0.8910467651757327,0.8965702666477724,0.8936825042421167,0.9486991695382379,0.9313849088820544,0.9704405571822438,0.08342684333858469,0.47895321802111424
Qwen__Qwen3-4B-Instruct-2507__EN-backtrans-from-CA__EN-backtrans-from-CA,en,University,90,0.6304651224287516,0.7189193534754678,0.737177719849129,0.801097176928515,0.9265633920828501,0.9305364482932621,0.9284455584155189,0.9667529437277053,0.9276455985175238,0.9852645541628641,0.04000855247418914,0.6399734557727593
Qwen__Qwen3-4B-Instruct-2507__EN-backtrans-from-CA__EN-backtrans-from-CA,en,WrittenWork,43,0.6760402165576985,0.7700897851303709,0.7542640979411523,0.7735322810947092,0.930233497952306,0.9277782800585724,0.9289448496907257,0.9407166173291761,0.908751713675122,0.9925000217607043,0.04571850434178925,0.6930886577911582
Qwen__Qwen3-4B-Instruct-2507__EN-backtrans-from-CA__EN-backtrans-from-CA,en_bt,Airport,95,0.5111735750447437,0.6598082877766632,0.6631545482232967,0.692232185961557,0.9078624242230465,0.9069494793289586,0.9072989055984899,0.9372136159947044,0.9244392219342683,0.9905871093646802,0.06433246244194461,0.5523895690637747
Qwen__Qwen3-4B-Instruct-2507__EN-backtrans-from-CA__EN-backtrans-from-CA,en_bt,Artist,109,0.6809876848368626,0.8030874123234586,0.8072991005136433,0.8197217266279259,0.9420533743473368,0.9420267693493345,0.9419310382746775,0.9507296511886316,0.9124645798578175,0.9977201397113095,0.04099400029709524,0.6891123432925377
Qwen__Qwen3-4B-Instruct-2507__EN-backtrans-from-CA__EN-backtrans-from-CA,en_bt,Astronaut,82,0.6969279225294295,0.7786191065512763,0.7713376200289905,0.7802055361452382,0.9410684733856015,0.9331511455338176,0.9368406170751991,0.9564139057950276,0.9188221300520548,0.9625093927946898,0.07407324822525325,0.7103723693856834
Qwen__Qwen3-4B-Instruct-2507__EN-backtrans-from-CA__EN-backtrans-from-CA,en_bt,Athlete,50,0.6581455813465535,0.7909063840891367,0.7767995352929152,0.7857796322578864,0.9385107445716858,0.9328214251995086,0.9355196559429169,0.9542099940776825,0.9192265784740448,1.0007646770048328,0.05324559257146725,0.6805750762312447
Qwen__Qwen3-4B-Instruct-2507__EN-backtrans-from-CA__EN-backtrans-from-CA,en_bt,Building,46,0.6685364008308059,0.6704166715230976,0.7363167421523775,0.7661697079646008,0.9050657930581466,0.9081369936466217,0.9065275347751119,0.9497850174489229,0.9422966397326925,0.9971215046372014,0.04330523825883769,0.6702469815112541
Qwen__Qwen3-4B-Instruct-2507__EN-backtrans-from-CA__EN-backtrans-from-CA,en_bt,CelestialBody,49,0.6462203999762464,0.7469647495683475,0.7343991323018102,0.7924012302835158,0.9328225595610482,0.9313032627105713,0.9320314526557922,0.967027560788758,0.9304239530952609,0.9806950414628395,0.041934044230762905,0.611861053237404
Qwen__Qwen3-4B-Instruct-2507__EN-backtrans-from-CA__EN-backtrans-from-CA,en_bt,City,83,0.46457063061652476,0.6253431871656849,0.6277861679228095,0.6623904052178828,0.8889869796224388,0.8898947475904442,0.8893026688012732,0.9297634743782411,0.9164219972598984,0.9704018175797191,0.08059430852092007,0.455536821022204
Qwen__Qwen3-4B-Instruct-2507__EN-backtrans-from-CA__EN-backtrans-from-CA,en_bt,ComicsCharacter,30,0.49678258809419396,0.5944899226854385,0.6148350154003447,0.6554748318679213,0.8884662032127381,0.8808614353338877,0.884561425447464,0.9142765760421753,0.9244770626227061,1.0039175860595302,0.04804438659319541,0.5046933495989928
Qwen__Qwen3-4B-Instruct-2507__EN-backtrans-from-CA__EN-backtrans-from-CA,en_bt,Company,66,0.6838658527583327,0.7610868104182305,0.7447750032347855,0.7841030794223273,0.937751189325795,0.9367291945399661,0.9370629597793926,0.9522701528939334,0.9233780864513281,0.9872325743389502,0.04972631003855459,0.6669503753751548
Qwen__Qwen3-4B-Instruct-2507__EN-backtrans-from-CA__EN-backtrans-from-CA,en_bt,Film,264,0.5428240391436013,0.6922539906386495,0.6925340904689781,0.7276960204990368,0.901006166907874,0.903569656791109,0.9021239310051455,0.9000147818164392,0.9177191765470938,0.9910226095491744,0.0452264298272158,0.534666695257779
Qwen__Qwen3-4B-Instruct-2507__EN-backtrans-from-CA__EN-backtrans-from-CA,en_bt,Food,46,0.4123284418403151,0.5819737434612595,0.5449789727463029,0.60830039706495,0.8904707665028779,0.8790253828401151,0.8845619390840116,0.9322766791219297,0.9446867510028507,0.9557441604258459,0.08881321676121902,0.42231585171490577
Qwen__Qwen3-4B-Instruct-2507__EN-backtrans-from-CA__EN-backtrans-from-CA,en_bt,MeanOfTransportation,58,0.5598920743623335,0.7269039792052904,0.7231624857213004,0.7391310228155636,0.9292773964076206,0.922312997538468,0.9256480819192426,0.9349238697824807,0.9139631113101696,0.9558238091712257,0.062284334243445955,0.5869473494604747
Qwen__Qwen3-4B-Instruct-2507__EN-backtrans-from-CA__EN-backtrans-from-CA,en_bt,Monument,46,0.5889584212505583,0.630638194778582,0.6389492259562606,0.7424614233815277,0.8827915982059811,0.8787604868412018,0.8806475802608158,0.9390405338743458,0.9415994675263114,1.0002242358730054,0.06108990568545557,0.5761531988878925
Qwen__Qwen3-4B-Instruct-2507__EN-backtrans-from-CA__EN-backtrans-from-CA,en_bt,MusicalWork,290,0.4536830341877554,0.6438037316397209,0.6303548919584495,0.6631191690221389,0.8839254463541096,0.8850520690967296,0.8843021257170316,0.905242047844262,0.9137933630367805,0.989029531540444,0.07936950314023145,0.46656947736840054
Qwen__Qwen3-4B-Instruct-2507__EN-backtrans-from-CA__EN-backtrans-from-CA,en_bt,Politician,29,0.6851709930803243,0.7157140394879693,0.7501978362077454,0.792876675700935,0.922914143266349,0.9208357169710356,0.9217832663963581,0.9467346113303612,0.9226852778730721,0.9915492865943796,0.043243248547772714,0.6954527826419333
Qwen__Qwen3-4B-Instruct-2507__EN-backtrans-from-CA__EN-backtrans-from-CA,en_bt,Scientist,259,0.6212981918542523,0.7377915309252344,0.724143064390003,0.7543539229153554,0.9290653260057957,0.9228254669421428,0.9257627085829333,0.9364552889091168,0.9074194410592893,0.9717651973589023,0.059262158297835564,0.6090417362450884
Qwen__Qwen3-4B-Instruct-2507__EN-backtrans-from-CA__EN-backtrans-from-CA,en_bt,SportsTeam,44,0.5586915253574234,0.6485676381063636,0.7009894053500815,0.7405279707909717,0.9013246230103753,0.9054769291119142,0.9032525718212128,0.956324962052432,0.9346252341162075,0.9845723347299846,0.08974739234854717,0.5910430098930943
Qwen__Qwen3-4B-Instruct-2507__EN-backtrans-from-CA__EN-backtrans-from-CA,en_bt,University,90,0.7192799122929205,0.769112316339551,0.7942122883689553,0.8372991279364824,0.946067523294025,0.9440370731883578,0.9449543754259745,0.9753707839383019,0.9285546958446502,0.9891554663027657,0.041145867659288224,0.6983595000318762
Qwen__Qwen3-4B-Instruct-2507__EN-backtrans-from-CA__EN-backtrans-from-CA,en_bt,WrittenWork,43,0.6641785015974819,0.7634108679113815,0.7399892295054262,0.7639952042386657,0.9252210301022197,0.9265268417291863,0.9258227694866269,0.9311742006346236,0.9087532966635948,0.9903665314435142,0.05567252366179576,0.697329358605091
Qwen__Qwen3-4B-Instruct-2507__EN-backtrans-from-CA__EN-backtrans-from-CA,es,Airport,95,0.1230072374799429,0.3374244391831129,0.21885071815493987,0.40407374068284163,0.8555321335792542,0.843822477365795,0.8495596810391075,0.7952331404936941,0.9008564045554713,0.9413332897682832,0.07559737449945049,0.13328234302122183
Qwen__Qwen3-4B-Instruct-2507__EN-backtrans-from-CA__EN-backtrans-from-CA,es,Artist,109,0.28259078820156597,0.4889407466175818,0.37561891778332746,0.5260852670602664,0.8976551431034683,0.897075109525558,0.8972463383587128,0.8553226272994225,0.9061295007346967,0.9942167393126778,0.07544146685331983,0.34031269139357534
Qwen__Qwen3-4B-Instruct-2507__EN-backtrans-from-CA__EN-backtrans-from-CA,es,Astronaut,82,0.19143667535948947,0.4138910808021936,0.31856893828215566,0.4456077251744481,0.8802367775905423,0.8786569310397636,0.8792774568243724,0.8254935559703083,0.8942435550980452,0.9743790399706244,0.09802368235280635,0.23586038480066146
Qwen__Qwen3-4B-Instruct-2507__EN-backtrans-from-CA__EN-backtrans-from-CA,es,Athlete,50,0.2130428143768056,0.4601943958377923,0.35517257594353147,0.4837398620319576,0.8808407843112945,0.8828901779651642,0.881773716211319,0.8407199299335479,0.9067551350593567,1.0100826805579093,0.0711912277328282,0.23349877247707934
Qwen__Qwen3-4B-Instruct-2507__EN-backtrans-from-CA__EN-backtrans-from-CA,es,Building,46,0.2966847310184435,0.37409961882919235,0.3332873493206759,0.47918578927614697,0.839753341415654,0.8346972180449445,0.8371582251528035,0.7981846993384154,0.916383103184078,1.02327558559739,0.06846802355364252,0.29964681812974076
Qwen__Qwen3-4B-Instruct-2507__EN-backtrans-from-CA__EN-backtrans-from-CA,es,CelestialBody,49,0.06329019835720377,0.3630580155208904,0.10007327593418769,0.369051946290053,0.8640856900993659,0.8652665980008184,0.8646353665663271,0.8454383563022224,0.8933049659339749,0.9272638121195996,0.08194192700918668,0.04646722342507561
Qwen__Qwen3-4B-Instruct-2507__EN-backtrans-from-CA__EN-backtrans-from-CA,es,City,83,0.21683491082273915,0.3936329296686412,0.3220167354391802,0.42702239695374133,0.8485401050153986,0.8422396829329342,0.845246451446809,0.851185768483633,0.9056749717298761,0.9228807563137761,0.10680101871794673,0.24125661187765973
Qwen__Qwen3-4B-Instruct-2507__EN-backtrans-from-CA__EN-backtrans-from-CA,es,ComicsCharacter,30,0.11938378359909615,0.26997816740331954,0.19965704656815897,0.356538537342541,0.8418100933233897,0.8233804086844126,0.8324109057585398,0.7720402121543884,0.8959970057010651,0.9740329563164111,0.05208688256344908,0.10192950185527311
Qwen__Qwen3-4B-Instruct-2507__EN-backtrans-from-CA__EN-backtrans-from-CA,es,Company,66,0.19872900563707455,0.40646309635463795,0.29590425331452064,0.4365370707789874,0.862146977222327,0.8633263616850881,0.862622904958147,0.8457719864267291,0.9125330944856008,0.9866123291709377,0.07872588699238639,0.2363807842334413
Qwen__Qwen3-4B-Instruct-2507__EN-backtrans-from-CA__EN-backtrans-from-CA,es,Film,264,0.23431621895527002,0.3828767253806586,0.353134857748043,0.46636855318940484,0.8366397145119581,0.8402966793739435,0.8382265398448164,0.8145784112540159,0.8819091243274284,0.9855206514038675,0.06925041061427814,0.2615199059276567
Qwen__Qwen3-4B-Instruct-2507__EN-backtrans-from-CA__EN-backtrans-from-CA,es,Food,46,0.053379595937897394,0.13326951931819517,0.08239085048968707,0.2683036147880291,0.8152600034423496,0.7971578201521998,0.8060053470342056,0.7610310056935186,0.908312482678372,0.8987974291189808,0.12219271790280509,0.053018246527698
Qwen__Qwen3-4B-Instruct-2507__EN-backtrans-from-CA__EN-backtrans-from-CA,es,MeanOfTransportation,58,0.10001838780587975,0.3157800230655459,0.19585406873441327,0.34852197965182813,0.8716069161891937,0.8462229946563984,0.8584773478836849,0.7634956713380485,0.8906517100745234,0.923922805862274,0.10699871808111314,0.07948370711303122
Qwen__Qwen3-4B-Instruct-2507__EN-backtrans-from-CA__EN-backtrans-from-CA,es,Monument,46,0.2476776360497443,0.4436665638273968,0.38996821321576297,0.4883920865854318,0.8599579178768656,0.8316601424113564,0.8454832693804866,0.8749502482621566,0.9256726166476374,0.8979836373751269,0.11045486856336229,0.2709935179436361
Qwen__Qwen3-4B-Instruct-2507__EN-backtrans-from-CA__EN-backtrans-from-CA,es,MusicalWork,290,0.23398128140876406,0.4242928656229689,0.3583831163148062,0.4705868993137922,0.8533663102265062,0.8537999457326428,0.8533939861018082,0.8193242297090333,0.9011679918601595,0.9693911129412817,0.10074216090382387,0.258683934065538
Qwen__Qwen3-4B-Instruct-2507__EN-backtrans-from-CA__EN-backtrans-from-CA,es,Politician,29,0.247247208316086,0.3258401148306894,0.32223326999297397,0.47154482731382763,0.8550283497777479,0.858634771971867,0.8567158250973143,0.8278393252142544,0.9024765162632383,1.0067174748242005,0.05542149705730473,0.2711161228038163
Qwen__Qwen3-4B-Instruct-2507__EN-backtrans-from-CA__EN-backtrans-from-CA,es,Scientist,259,0.23163383949119182,0.4171363543222272,0.3416021060066716,0.4725433662407524,0.8919030987157784,0.8815484373725979,0.8865596691153684,0.8266687308038984,0.8968133502945477,0.9302113865749068,0.09530864123427424,0.27508014954065685
Qwen__Qwen3-4B-Instruct-2507__EN-backtrans-from-CA__EN-backtrans-from-CA,es,SportsTeam,44,0.16154068491455142,0.33228098156612035,0.3289587401143359,0.5018652314702728,0.8574095287106254,0.8673185408115387,0.8622430183670737,0.8903519037094983,0.918446576053446,1.0078542508293484,0.0855876089501053,0.1756429677260405
Qwen__Qwen3-4B-Instruct-2507__EN-backtrans-from-CA__EN-backtrans-from-CA,es,University,90,0.28634561746179166,0.4064507884854007,0.3642464100874229,0.5263100254374675,0.8763679842154185,0.8755663865142398,0.8758200950092739,0.875983417696423,0.9126471373769972,0.9806475277778302,0.07058155550904296,0.4027992601698566
Qwen__Qwen3-4B-Instruct-2507__EN-backtrans-from-CA__EN-backtrans-from-CA,es,WrittenWork,43,0.5627444253452442,0.6785657982011073,0.6460827089680072,0.6888058502096229,0.9093282860378886,0.9108351829440094,0.9099996228550755,0.9138931216195573,0.9278191979541335,1.0079903597450957,0.06711520237943651,0.586983755177685
Qwen__Qwen3-4B-Instruct-2507__EN-gold__EN-gold,ca,Airport,95,0.1253994996205872,0.3724816955546617,0.23320098754175078,0.4275124981567847,0.8373608256641187,0.8263215736338967,0.831677023988021,0.7899983412341067,0.9080768541285866,0.9675392862353355,0.07312181630635303,0.14432656467674707
Qwen__Qwen3-4B-Instruct-2507__EN-gold__EN-gold,ca,Artist,109,0.10105537339586466,0.291356349277619,0.16819280200175496,0.37566137205101663,0.8508834729500867,0.8336414126081204,0.84195590675424,0.7565447026436481,0.8909446700997309,0.9688254183326832,0.08608297066509699,0.10340976948726542
Qwen__Qwen3-4B-Instruct-2507__EN-gold__EN-gold,ca,Astronaut,82,0.09360505203390058,0.29637131483192225,0.2111236203399761,0.3528954661886481,0.8689135531099831,0.8404178706611075,0.8542947885466785,0.7559397584054528,0.8921694850049368,0.9156686212485595,0.10673360864457906,0.04909169490065808
Qwen__Qwen3-4B-Instruct-2507__EN-gold__EN-gold,ca,Athlete,50,0.10180849304638422,0.366867821549779,0.23011638882589733,0.4056298236234048,0.8432607376575469,0.8423729538917542,0.8426061499118805,0.7659818494319915,0.9038274121284485,1.0475229147223775,0.09902939104550565,0.07673257505325616
Qwen__Qwen3-4B-Instruct-2507__EN-gold__EN-gold,ca,Building,46,0.2396377662890958,0.33742395129087027,0.3145030578317541,0.43358124591323033,0.8176976636700009,0.8055791647537894,0.8114270308743352,0.7387498280276423,0.9049087996068208,1.0015311544060497,0.06500796104592088,0.2485526740937123
Qwen__Qwen3-4B-Instruct-2507__EN-gold__EN-gold,ca,CelestialBody,49,0.09580198559524776,0.3492388290947887,0.12789874359341852,0.39710180132221456,0.8610853041921344,0.8515053719890361,0.8561829523164399,0.828471306635409,0.8895899288508357,0.9501415265420449,0.06895202390339941,0.08767004180642486
Qwen__Qwen3-4B-Instruct-2507__EN-gold__EN-gold,ca,City,83,0.07489850431077008,0.26177459495181027,0.19426652620062526,0.3248752630253826,0.8299195938799755,0.8090854121978024,0.8191898888852223,0.7492512284991253,0.8966353226857013,0.9053733576015696,0.11503721771003239,0.03206285273689374
Qwen__Qwen3-4B-Instruct-2507__EN-gold__EN-gold,ca,ComicsCharacter,30,0.15306770524089355,0.278755204513956,0.231899698638998,0.35334220611863026,0.8244726777076721,0.8050193766752879,0.8144817570845286,0.7717590153217315,0.8820008496443431,0.9537600615661289,0.08018985740281126,0.1701618802847596
Qwen__Qwen3-4B-Instruct-2507__EN-gold__EN-gold,ca,Company,66,0.11616952451468969,0.27702062468841715,0.17729967988364317,0.34564800946482316,0.8483317042842056,0.8272839757529172,0.8374768938079025,0.744459988492908,0.9014364959615649,0.9835293165620489,0.08452564143914959,0.10109634567267321
Qwen__Qwen3-4B-Instruct-2507__EN-gold__EN-gold,ca,Film,264,0.18462574224694822,0.36906054897855234,0.3229290787292554,0.4402176005982938,0.8249850632114843,0.816504902008808,0.8203391575000503,0.7519489210663419,0.8936959146098657,0.9710279656553412,0.07627981033085054,0.19646928585359497
Qwen__Qwen3-4B-Instruct-2507__EN-gold__EN-gold,ca,Food,46,0.046897470338905935,0.18843831005605446,0.10780093652060688,0.27162421906505085,0.805202542439751,0.7856347275816876,0.7951767729676288,0.702825805415278,0.9021837076415187,0.9572604512505805,0.0976418628406551,0.028778186181671786
Qwen__Qwen3-4B-Instruct-2507__EN-gold__EN-gold,ca,MeanOfTransportation,58,0.0884276275534772,0.3063203269816366,0.19283742043053217,0.35986139805702977,0.8539833138728964,0.826119257458325,0.8395845550915291,0.7310870762529045,0.8965343483563127,0.9518130901483332,0.09046629709353225,0.05408703570218003
Qwen__Qwen3-4B-Instruct-2507__EN-gold__EN-gold,ca,Monument,46,0.20641970218769173,0.4223163267051874,0.3839986932679877,0.5306787483319237,0.8199628643367601,0.8174983716529348,0.8185906824858292,0.8803066170733908,0.9303728614164435,1.0404502695268476,0.07993197975195422,0.2120047633686655
Qwen__Qwen3-4B-Instruct-2507__EN-gold__EN-gold,ca,MusicalWork,290,0.17021271635002233,0.3518510034757287,0.2932597153266017,0.42133634479440657,0.8201773750370946,0.8174852095801255,0.8185872119048546,0.7669580866550577,0.885869790562268,0.9954243595788229,0.09720613585972308,0.181226216615958
Qwen__Qwen3-4B-Instruct-2507__EN-gold__EN-gold,ca,Politician,29,0.16355769111432997,0.255959278873593,0.22608044021178136,0.40074279441250543,0.8496455262447226,0.8400004362237865,0.844686341696772,0.7526764458623426,0.8872493752117815,1.0306797022844796,0.07174238568782337,0.15444803135826057
Qwen__Qwen3-4B-Instruct-2507__EN-gold__EN-gold,ca,Scientist,259,0.1512785626266434,0.3409491221520758,0.2690120687453085,0.42290832924468924,0.8617548160111121,0.849260084187202,0.8551795010861283,0.7567825901922572,0.8974679011175531,0.9560584516947468,0.08972424737786477,0.1284110461715889
Qwen__Qwen3-4B-Instruct-2507__EN-gold__EN-gold,ca,SportsTeam,44,0.11289255745623508,0.24107947931472304,0.22748180013182884,0.3719200067721237,0.8277330791408365,0.796412087299607,0.8116845759478483,0.835091771049933,0.9061368907039816,0.894936615146232,0.13055349241785708,0.12317080454933058
Qwen__Qwen3-4B-Instruct-2507__EN-gold__EN-gold,ca,University,90,0.364721709437888,0.5267549724748509,0.48609702223565476,0.6354996255874479,0.8931658466657003,0.8817809535397424,0.8872356130017175,0.9093026128080156,0.9339448438750373,0.9777034450807031,0.08363123148329307,0.430128057022427
Qwen__Qwen3-4B-Instruct-2507__EN-gold__EN-gold,ca,WrittenWork,43,0.41594330051837025,0.5430302617167295,0.47268200085020523,0.5338160522666024,0.8749800144239913,0.8681694296903388,0.8714676901351573,0.8428689172101576,0.9050684474235358,0.970736945274168,0.05312758734939209,0.4609899043016742
Qwen__Qwen3-4B-Instruct-2507__EN-gold__EN-gold,en,Airport,95,0.5169342626809008,0.6696978251751038,0.6974785153816576,0.722159926520007,0.9081644898966739,0.9041283933739913,0.9060243995566117,0.9410776602594476,0.9269280226607072,0.9804547955876166,0.06586943052820622,0.5463292511710462
Qwen__Qwen3-4B-Instruct-2507__EN-gold__EN-gold,en,Artist,109,0.5917470215011479,0.7643125038395611,0.7615890759391384,0.7760531848615052,0.932271942086176,0.9322508874289487,0.9321901404529537,0.9464664016294917,0.9130547834098885,1.0046977640893318,0.04494820357614915,0.591767324286486
Qwen__Qwen3-4B-Instruct-2507__EN-gold__EN-gold,en,Astronaut,82,0.6309553012275753,0.7263553460409854,0.719134830368413,0.7363523412103444,0.9271728389146852,0.9156485403456339,0.9210449355404552,0.9437352724191619,0.9178431259422768,0.9608486480211899,0.08085456299754375,0.6692651291805611
Qwen__Qwen3-4B-Instruct-2507__EN-gold__EN-gold,en,Athlete,50,0.5999414666388724,0.7599252390587452,0.7505534622775332,0.7519129474421525,0.9234231472015381,0.9200809490680695,0.9215986788272857,0.9475224924087524,0.9183027577400208,1.0010740584375593,0.03813063132461559,0.5893282309412692
Qwen__Qwen3-4B-Instruct-2507__EN-gold__EN-gold,en,Building,46,0.6527394225795373,0.6826192848718451,0.7346436355596587,0.7576304036378471,0.908633432958437,0.9050578332465627,0.906809556743373,0.9453386806923411,0.9419333986614061,0.9918937986378182,0.036273554512574795,0.6270104735239973
Qwen__Qwen3-4B-Instruct-2507__EN-gold__EN-gold,en,CelestialBody,49,0.6373518344028216,0.7403627450209622,0.7222700884180989,0.7893808297486737,0.9330317098267225,0.9286692288457131,0.9308024182611582,0.9645638769986679,0.9299876446626625,0.9801712835534145,0.03964377700223803,0.6284808210685445
Qwen__Qwen3-4B-Instruct-2507__EN-gold__EN-gold,en,City,83,0.5147813145470156,0.6604223599108886,0.6541948716409831,0.6879572724788802,0.9006072153528053,0.8933296419051756,0.896826586809503,0.9344128434916577,0.9193165345364306,0.9520304326764144,0.08163146336028224,0.49849830892798236
Qwen__Qwen3-4B-Instruct-2507__EN-gold__EN-gold,en,ComicsCharacter,30,0.4231695319060865,0.5660255126258718,0.5686414451489611,0.6243263388815988,0.8784542044003805,0.8674382408459981,0.8728467603524526,0.9058931946754456,0.9207110444704691,0.9829512414451452,0.05582013680914509,0.4430591099703188
Qwen__Qwen3-4B-Instruct-2507__EN-gold__EN-gold,en,Company,66,0.6417912186249524,0.7434789050266539,0.7257160644505344,0.7645955391979558,0.9342448657209222,0.9295616231181405,0.9317618482040636,0.9461660412224856,0.9237780092340527,0.9835856027004592,0.055969403780599725,0.6400952714910926
Qwen__Qwen3-4B-Instruct-2507__EN-gold__EN-gold,en,Film,264,0.5021751619067105,0.6669075898253912,0.6725932519361901,0.708202121586238,0.9001359316435728,0.899593295473041,0.8997400305939444,0.9047413949262012,0.9179935888810591,0.989108487607341,0.04572229241746608,0.4955766978527785
Qwen__Qwen3-4B-Instruct-2507__EN-gold__EN-gold,en,Food,46,0.45575555226426817,0.6164145955501823,0.5784413200593886,0.6339837177721585,0.8980473318825597,0.8845115602016449,0.891109903221545,0.935175024944803,0.9469189475411954,0.9575149241808273,0.07849658514381576,0.45420745582234495
Qwen__Qwen3-4B-Instruct-2507__EN-gold__EN-gold,en,MeanOfTransportation,58,0.5325983837797711,0.7100374015501338,0.7043171154677693,0.7305803053811816,0.9255389047080073,0.9185417911102032,0.9218586837423259,0.9362526186581316,0.9147720336914062,0.9598317816188802,0.0789791469253439,0.5718829625374942
Qwen__Qwen3-4B-Instruct-2507__EN-gold__EN-gold,en,Monument,46,0.5881971824294305,0.6263546994031421,0.6365262040674271,0.7187016152560696,0.8850002573884052,0.8748069496258445,0.8797987207122471,0.9388138211291769,0.9434660919334578,0.956114520826699,0.06101412288255415,0.5658167373458761
Qwen__Qwen3-4B-Instruct-2507__EN-gold__EN-gold,en,MusicalWork,290,0.43069260947617466,0.6510946353228512,0.6346695284853616,0.6598835152601678,0.8841368706061923,0.8860976696014404,0.8849156153613124,0.9076242693539324,0.9146726632940358,0.9855497783989716,0.08463519768855247,0.4426417815892904
Qwen__Qwen3-4B-Instruct-2507__EN-gold__EN-gold,en,Politician,29,0.6581069235636479,0.683576160374368,0.7365067534799815,0.774213096410657,0.9119033217430115,0.913327562397924,0.912496595547117,0.9372011032597772,0.9205210003359564,1.0276537467357019,0.05474073371059496,0.6830007054453872
Qwen__Qwen3-4B-Instruct-2507__EN-gold__EN-gold,en,Scientist,259,0.5557766015802033,0.7185362867829136,0.6987862107573805,0.7255983818995225,0.9200912451652026,0.9130813463314159,0.916451459685808,0.9309459956916603,0.9079431369037702,0.9770878875789857,0.05657747637411735,0.5348395844055241
Qwen__Qwen3-4B-Instruct-2507__EN-gold__EN-gold,en,SportsTeam,44,0.6005203282938217,0.6672798375880062,0.7284199507987591,0.7597654978809771,0.9158569777553732,0.914850726723671,0.9152767062187195,0.9567185057835146,0.9321673187342557,0.9937380937779736,0.06764372959172794,0.6033685525721311
Qwen__Qwen3-4B-Instruct-2507__EN-gold__EN-gold,en,University,90,0.7067498703255815,0.7843222225131286,0.7805711255173118,0.8221924317600451,0.943382304906845,0.9399821089373694,0.9416104230615828,0.9726939949724409,0.9289363013373481,0.97744464556201,0.0465947318295645,0.7099611756552493
Qwen__Qwen3-4B-Instruct-2507__EN-gold__EN-gold,en,WrittenWork,43,0.6662418542541403,0.7531733827524678,0.7538409975428338,0.77270812584729,0.9274393015129622,0.9251694166383078,0.9262407089388648,0.9366068396457407,0.9070284158684486,0.9920307970180949,0.04039426149106725,0.6788352982334344
Qwen__Qwen3-4B-Instruct-2507__EN-gold__EN-gold,en_bt,Airport,95,0.4510245129970519,0.635643115919821,0.6470208672801123,0.6700607296225051,0.8978525707596227,0.8948462492541263,0.8962506871474417,0.9295043330443533,0.9250805842249017,0.982467182722672,0.061422936729674874,0.472617209780419
Qwen__Qwen3-4B-Instruct-2507__EN-gold__EN-gold,en_bt,Artist,109,0.6194615781686583,0.7732331720660988,0.7845993980990128,0.7997355185585703,0.9341513875427596,0.9396631493480927,0.9368153323820971,0.9464290956838415,0.9125546167749877,1.010159482215893,0.04136022701928749,0.6229274357291139
Qwen__Qwen3-4B-Instruct-2507__EN-gold__EN-gold,en_bt,Astronaut,82,0.5789943181858925,0.7181453135000213,0.7117172002323359,0.7218033003784389,0.92435846604952,0.9169626403145674,0.920321754566053,0.9429125117092598,0.9174204265199056,0.9664881141619546,0.08157101732540113,0.616980293840112
Qwen__Qwen3-4B-Instruct-2507__EN-gold__EN-gold,en_bt,Athlete,50,0.5843001409731641,0.7663633379281474,0.7516612998783226,0.7582272968237173,0.9242051684856415,0.925534805059433,0.9247327351570129,0.9503302705287934,0.9186432695388794,1.0027884757995236,0.0553919492208916,0.5737157821840826
Qwen__Qwen3-4B-Instruct-2507__EN-gold__EN-gold,en_bt,Building,46,0.6572122891476412,0.6846528400515239,0.7388674455529297,0.7658238215960226,0.9076717431130616,0.9073343225147413,0.9074536937734355,0.9405813981657443,0.9425060127092444,0.9893302402491441,0.04145431389806352,0.639311075786038
Qwen__Qwen3-4B-Instruct-2507__EN-gold__EN-gold,en_bt,CelestialBody,49,0.6546785085968562,0.753631080570899,0.7355232342392303,0.8019334924427695,0.9351304063991625,0.9319224515739752,0.933490972129666,0.9650764586974163,0.9288951535614169,0.9757198381967598,0.045528386753793955,0.6457155388650321
Qwen__Qwen3-4B-Instruct-2507__EN-gold__EN-gold,en_bt,City,83,0.4621078214205827,0.6324332957777167,0.623168573110703,0.6512012746535707,0.8911245838705316,0.8819327785308102,0.8863839183945253,0.9275473744036203,0.9173840492604727,0.9495732898246138,0.09451558747418383,0.4522867838297628
Qwen__Qwen3-4B-Instruct-2507__EN-gold__EN-gold,en_bt,ComicsCharacter,30,0.4637706750298047,0.5867796997028344,0.600420622340883,0.6541533543061316,0.8806701282660166,0.8787486414114635,0.8795575777689616,0.9100354572137197,0.9248528321584065,1.010794343408982,0.058113269866929045,0.4833986019572481
Qwen__Qwen3-4B-Instruct-2507__EN-gold__EN-gold,en_bt,Company,66,0.6115627823160744,0.7248055367551811,0.7129106862222218,0.7539719715719593,0.9290234067223289,0.9261748294035593,0.9274761992873568,0.9442213855006478,0.923420991861459,0.9823249103148104,0.05230101357858822,0.6212792173485803
Qwen__Qwen3-4B-Instruct-2507__EN-gold__EN-gold,en_bt,Film,264,0.5060149106285454,0.6714837361511762,0.6843865478135063,0.7175556531102745,0.899842433405645,0.9028478364149729,0.9011852156483766,0.904405492273244,0.9182197629953875,1.0021185413202292,0.047513508259188084,0.5027743567079463
Qwen__Qwen3-4B-Instruct-2507__EN-gold__EN-gold,en_bt,Food,46,0.44307387420151817,0.6062924541930282,0.5755270364667847,0.6310626931587432,0.8923628926277161,0.8861756817154263,0.8890703890634619,0.9328156593053237,0.9461712150470071,0.9632096480461906,0.07666632623646315,0.4366864524551753
Qwen__Qwen3-4B-Instruct-2507__EN-gold__EN-gold,en_bt,MeanOfTransportation,58,0.5119440967692228,0.6926544930772519,0.683426701056487,0.7107324810471455,0.9185928609864465,0.9093904423302618,0.9137952666858147,0.9290301995030765,0.9133359769295002,0.975581618555747,0.08080910236530284,0.5601320589414631
Qwen__Qwen3-4B-Instruct-2507__EN-gold__EN-gold,en_bt,Monument,46,0.5721411668195339,0.6339122287491625,0.642845165776298,0.7332798718348983,0.8815100944560507,0.8800503404244132,0.8806751046491705,0.940999914770541,0.9421561632467352,0.9749119727109472,0.05827149895452859,0.5539731246515248
Qwen__Qwen3-4B-Instruct-2507__EN-gold__EN-gold,en_bt,MusicalWork,290,0.4388594445610907,0.6529057756913182,0.6420762894589549,0.6656051432217425,0.8848372934193447,0.888191710052819,0.8863137623359417,0.9089118897914886,0.913549693905074,0.9861529376755404,0.0841766607045482,0.4518544208074568
Qwen__Qwen3-4B-Instruct-2507__EN-gold__EN-gold,en_bt,Politician,29,0.6470195757202766,0.6756315010422184,0.7524900040797203,0.777723435860795,0.9099238802646769,0.9141942817589332,0.9119570275832867,0.9381190271213137,0.921071455396455,1.0206498644846722,0.05245667858702821,0.6619287863388541
Qwen__Qwen3-4B-Instruct-2507__EN-gold__EN-gold,en_bt,Scientist,259,0.5660037640552827,0.7191152140121767,0.703903870120659,0.7349206326401055,0.9202724474277275,0.9165239601061611,0.9182429677271015,0.9310942752480967,0.9077417613456609,0.9801856332158039,0.05450248235082316,0.5549217941655226
Qwen__Qwen3-4B-Instruct-2507__EN-gold__EN-gold,en_bt,SportsTeam,44,0.5084368973185667,0.6258697592495236,0.6820189007539024,0.7237297918151537,0.9052984281019731,0.9026354564861818,0.9038859646428715,0.9500532258640636,0.9311600611968474,1.0019796755219401,0.07094396653760042,0.5140469673541889
Qwen__Qwen3-4B-Instruct-2507__EN-gold__EN-gold,en_bt,University,90,0.5614706445799988,0.6993594192161559,0.6946504565049456,0.7679880963240886,0.9295935564570956,0.9181592239273919,0.9237250771787432,0.9617980321248373,0.9265429556369782,0.971850982065406,0.05543109353884042,0.5876606908901154
Qwen__Qwen3-4B-Instruct-2507__EN-gold__EN-gold,en_bt,WrittenWork,43,0.6440451652762023,0.7451958357167083,0.7292346899576166,0.7567461272751622,0.9230919480323792,0.9235540891802588,0.9232732182325318,0.9293019757714382,0.9071884169134983,0.9925387960796547,0.05327751137333589,0.6732904203233899
Qwen__Qwen3-4B-Instruct-2507__EN-gold__EN-gold,es,Airport,95,0.11483710929969092,0.3433438105071111,0.21586470495812451,0.40364796770863187,0.851175730479391,0.8430286576873378,0.8469973739824797,0.7965332263394406,0.9024327667135942,0.9621503190698782,0.07176995875649383,0.11426692052205004
Qwen__Qwen3-4B-Instruct-2507__EN-gold__EN-gold,es,Artist,109,0.11258450347636084,0.31426933896183507,0.1966450665182497,0.4000844506342678,0.8733150975419841,0.8717705536326137,0.8723800636212761,0.7989237182730928,0.8899446512581012,1.0012366398896246,0.0793878514149571,0.10971425726277044
Qwen__Qwen3-4B-Instruct-2507__EN-gold__EN-gold,es,Astronaut,82,0.0828566801781151,0.30112481991208273,0.19653939956894487,0.35734402477038174,0.8683857183630873,0.8633058907055273,0.8657006505059033,0.7906678057298427,0.8823671493588424,0.9781411697425061,0.10872538223382835,0.04362620263219953
Qwen__Qwen3-4B-Instruct-2507__EN-gold__EN-gold,es,Athlete,50,0.16741841361677495,0.4288053015051275,0.30782547416786693,0.45376277999400727,0.8720405304431915,0.8751486968994141,0.8734751033782959,0.804164856672287,0.9002593266963959,1.0049834709023255,0.07544765241430185,0.16379837787841173
Qwen__Qwen3-4B-Instruct-2507__EN-gold__EN-gold,es,Building,46,0.27581878677990823,0.3428817026886578,0.32513759119226,0.46728660586298354,0.8336332582909128,0.8300522578799207,0.8317712623140087,0.7865191749904467,0.9092518350352412,1.014534879299117,0.04854055432257382,0.2834641771032137
Qwen__Qwen3-4B-Instruct-2507__EN-gold__EN-gold,es,CelestialBody,49,0.05579237618519526,0.3439674271935421,0.09553147880585353,0.3538481281236081,0.859286084467051,0.8609559158889615,0.860061167454233,0.8413716128894261,0.8899693099819884,0.9470826421363785,0.06915754980462523,0.03760789079331352
Qwen__Qwen3-4B-Instruct-2507__EN-gold__EN-gold,es,City,83,0.10844223906305205,0.27714788970233467,0.20039061451449225,0.3449875251737314,0.8377760203487902,0.8287926129547947,0.8330968869737831,0.8126709396580616,0.8964240687439241,0.9121179136512455,0.1199589680520822,0.12017329879689967
Qwen__Qwen3-4B-Instruct-2507__EN-gold__EN-gold,es,ComicsCharacter,30,0.10812811170453215,0.24697510287224525,0.18628395270572645,0.3419366149826019,0.8467645525932312,0.8261066277821859,0.8362402319908142,0.7682944635550181,0.8948038657506306,0.983673107307397,0.06690576266473955,0.09087548811179172
Qwen__Qwen3-4B-Instruct-2507__EN-gold__EN-gold,es,Company,66,0.12422931297975497,0.28988516629307215,0.1957931182586777,0.3698525837127589,0.8507264084888227,0.852824249050834,0.8516477852156668,0.8094576226942467,0.9018643299738566,0.9807800820143454,0.07856804850998911,0.1310519486925735
Qwen__Qwen3-4B-Instruct-2507__EN-gold__EN-gold,es,Film,264,0.2232238812294545,0.3609652383730383,0.3307806058135144,0.456473526069486,0.8302154200095119,0.8358138050093795,0.8327464199427402,0.8016145274494634,0.8793647268956358,0.9919072228524589,0.06946713604132772,0.24283330994323982
Qwen__Qwen3-4B-Instruct-2507__EN-gold__EN-gold,es,Food,46,0.05972102190963146,0.1445622150403657,0.08882065787969483,0.28304191472646645,0.8194624561330547,0.8055450864460157,0.8123393952846527,0.7660727993301724,0.9123262970343881,0.9432784326997362,0.07698003509348526,0.07373829734977846
Qwen__Qwen3-4B-Instruct-2507__EN-gold__EN-gold,es,MeanOfTransportation,58,0.07872202044424509,0.30684355884211806,0.18751207604323533,0.3332798446434501,0.8645192343613197,0.838748908248441,0.8512125714071865,0.7538489771300348,0.8913183746666744,0.8946915464610344,0.12875534340603603,0.02345137881428364
Qwen__Qwen3-4B-Instruct-2507__EN-gold__EN-gold,es,Monument,46,0.12463688004886089,0.26515223644845437,0.18923948124078543,0.3668093635740983,0.8265356797239055,0.8053640878718832,0.8157448120739149,0.7922742224257925,0.9126149027243905,0.8924075034928171,0.10924169481383281,0.14867825433839357
Qwen__Qwen3-4B-Instruct-2507__EN-gold__EN-gold,es,MusicalWork,290,0.1836387869503594,0.3653098597743239,0.2948970664289592,0.4278468106759552,0.8486717343330383,0.8504449601831108,0.8494008783636422,0.7958578457092417,0.8936591312803072,0.9794221964502056,0.09045939109489015,0.19196817596598031
Qwen__Qwen3-4B-Instruct-2507__EN-gold__EN-gold,es,Politician,29,0.17031321486895107,0.27562464673461595,0.25081867583597117,0.40344521630803143,0.8486105573588404,0.8565842447609737,0.8524258177855919,0.7919072796558512,0.8912529739840277,1.0183796397787481,0.060976142070614366,0.1603736669175198
Qwen__Qwen3-4B-Instruct-2507__EN-gold__EN-gold,es,Scientist,259,0.11721429390258377,0.3006054185169355,0.21536381981344005,0.38085989279989174,0.8730806910853588,0.8640259138405553,0.8683631401724797,0.7729533422867764,0.8830606684261307,0.943178728043152,0.10239765496460647,0.0949769290136988
Qwen__Qwen3-4B-Instruct-2507__EN-gold__EN-gold,es,SportsTeam,44,0.19805556278045788,0.3515335556842763,0.36180110047316827,0.5139372354552862,0.8624322333119132,0.8641601475802335,0.8631818755106493,0.9068324240771207,0.9209269637411291,0.9988722606707131,0.10546316759365416,0.23107596343682663
Qwen__Qwen3-4B-Instruct-2507__EN-gold__EN-gold,es,University,90,0.2301790918783896,0.4072011105149349,0.3491347556385273,0.5192661706641217,0.8825490554173787,0.8798085616694556,0.8810518662134806,0.8691838218106164,0.9113193803363376,0.9867675515329274,0.0746057759444101,0.30985895054826484
Qwen__Qwen3-4B-Instruct-2507__EN-gold__EN-gold,es,WrittenWork,43,0.48171444973388167,0.6343231770669892,0.6281641499625459,0.653588208493567,0.8945044999898866,0.8977346974749898,0.8960271408391554,0.8929935555125392,0.9238320533619371,1.013082783440141,0.05154973532988822,0.5155471147565779
Qwen__Qwen3-4B-Instruct-2507__ES-silver-filtered_10__ES-silver-filtered,ca,Airport,95,0.2022257286206297,0.46963292002045826,0.40110960400639656,0.5297138344009932,0.873977153552206,0.8626712799072266,0.8681546035565828,0.8566250688151309,0.9267535473171034,0.9914612105757489,0.06982881002404781,0.21257164738906265
Qwen__Qwen3-4B-Instruct-2507__ES-silver-filtered_10__ES-silver-filtered,ca,Artist,109,0.29939026010173003,0.5378945515731801,0.43818041209647685,0.5633579819138781,0.9007386893307398,0.8844815891817075,0.8923938558735979,0.8595765161951747,0.9291080017702296,0.9660264152263455,0.06231779268536135,0.31376476297451944
Qwen__Qwen3-4B-Instruct-2507__ES-silver-filtered_10__ES-silver-filtered,ca,Astronaut,82,0.20899524707347794,0.4491057011959344,0.3675422020958512,0.4763198105866057,0.8794437072625975,0.863732207112196,0.8711306903420425,0.8279284740366587,0.9187081863240498,0.9756169501634605,0.1290632123040521,0.16343863997219343
Qwen__Qwen3-4B-Instruct-2507__ES-silver-filtered_10__ES-silver-filtered,ca,Athlete,50,0.2705677915728625,0.5268738295499016,0.43840154466187237,0.5600630758003138,0.8946215415000915,0.884332275390625,0.889225949048996,0.851420727968216,0.9346018946170807,0.9756736852448311,0.05899092057865487,0.2520451458264317
Qwen__Qwen3-4B-Instruct-2507__ES-silver-filtered_10__ES-silver-filtered,ca,Building,46,0.3852707496771751,0.43621048824047653,0.4859366253434655,0.5672280545226778,0.8602921392606653,0.8472909046256024,0.853542095941046,0.8446775156518688,0.9244124098964359,0.9926190931538905,0.04797804730779896,0.3886978347272418
Qwen__Qwen3-4B-Instruct-2507__ES-silver-filtered_10__ES-silver-filtered,ca,CelestialBody,49,0.3838747511547086,0.6356822316408262,0.5322958839073606,0.6601617698504033,0.9095685737473624,0.902950897508738,0.9062028588080893,0.9157042588506427,0.933264184971245,0.9819481166295424,0.04794472301037994,0.38549640163178617
Qwen__Qwen3-4B-Instruct-2507__ES-silver-filtered_10__ES-silver-filtered,ca,City,83,0.12348789747849101,0.42607096241134035,0.3114411106155892,0.4213868405061529,0.8422431313847921,0.8288578448525394,0.8353302349527199,0.7939892648214317,0.9157205202493323,0.9496858898903994,0.095867013670061,0.09094279426874896
Qwen__Qwen3-4B-Instruct-2507__ES-silver-filtered_10__ES-silver-filtered,ca,ComicsCharacter,30,0.22570705848952116,0.40288001241939647,0.3246347331002467,0.45408604049057044,0.8503320376078288,0.8357173720995585,0.8427759726842244,0.8309489568074544,0.9006805082162221,0.9066237622454685,0.10435129919504287,0.23337216311131775
Qwen__Qwen3-4B-Instruct-2507__ES-silver-filtered_10__ES-silver-filtered,ca,Company,66,0.23716213303618444,0.4737156685362849,0.3813431744691779,0.5258810823533242,0.8825431339668505,0.8747798674034349,0.8784588494084098,0.8389300514351238,0.9320350795081167,0.9949458048269174,0.07414854453467562,0.23101498741540347
Qwen__Qwen3-4B-Instruct-2507__ES-silver-filtered_10__ES-silver-filtered,ca,Film,264,0.29269147561272957,0.4749423196316074,0.44253346300351276,0.5398899250514834,0.8488069567264933,0.8425104342626802,0.8453817891352104,0.8311509970914234,0.920931855837504,0.9656874606020964,0.07036171512397393,0.2902418806029421
Qwen__Qwen3-4B-Instruct-2507__ES-silver-filtered_10__ES-silver-filtered,ca,Food,46,0.09727932188639392,0.37812000637003684,0.30107458032824647,0.40894421154905203,0.8421893314174984,0.828685963931291,0.8352345966774485,0.7443301975727081,0.9300973233969315,0.9591514744951298,0.08293366564218474,0.0841831651709855
Qwen__Qwen3-4B-Instruct-2507__ES-silver-filtered_10__ES-silver-filtered,ca,MeanOfTransportation,58,0.21132509882116743,0.4723971590928567,0.39870627063360276,0.5280115864014507,0.8895001586141258,0.8815339659822399,0.8853331290442368,0.8206845038923724,0.9219919227320572,1.0192448162112873,0.10175016814164808,0.22017163404892262
Qwen__Qwen3-4B-Instruct-2507__ES-silver-filtered_10__ES-silver-filtered,ca,Monument,46,0.18489979403366832,0.36097814504935927,0.29185667834870427,0.47969043226938196,0.8343481862026713,0.8298973959425221,0.8319779478985331,0.818789040264876,0.9223598773064821,1.0486966781342009,0.09454262094685303,0.19352966594366364
Qwen__Qwen3-4B-Instruct-2507__ES-silver-filtered_10__ES-silver-filtered,ca,MusicalWork,290,0.24064515712808504,0.4540075495636088,0.41143429417596933,0.49553325080448013,0.841354291603483,0.8418541314273045,0.8413882015080287,0.8396539753880994,0.91376292397236,0.9910041860099803,0.0952177095912525,0.24622502584955516
Qwen__Qwen3-4B-Instruct-2507__ES-silver-filtered_10__ES-silver-filtered,ca,Politician,29,0.22340098787193433,0.36393247244672383,0.3233605384128111,0.4783843429697394,0.8602199718869966,0.8473401460154303,0.8535640527462137,0.8020689836863814,0.920123893639137,0.9670114445018384,0.06202714448578863,0.21292999749436262
Qwen__Qwen3-4B-Instruct-2507__ES-silver-filtered_10__ES-silver-filtered,ca,Scientist,259,0.26452791914178564,0.523847672363403,0.4336848894923922,0.555827874469643,0.8917879743005318,0.8786426757293319,0.8849441556396632,0.8436309016349233,0.925784704077658,0.9603223483683839,0.08182849662552644,0.2526173717752245
Qwen__Qwen3-4B-Instruct-2507__ES-silver-filtered_10__ES-silver-filtered,ca,SportsTeam,44,0.1552423857327352,0.31108524836084167,0.2806508538127623,0.40695445120568186,0.8454206545244564,0.8111316128210588,0.8277966163375161,0.8614760583097284,0.9205754778601907,0.8511254556115979,0.15917259628824756,0.16494691368644226
Qwen__Qwen3-4B-Instruct-2507__ES-silver-filtered_10__ES-silver-filtered,ca,University,90,0.37514175986672954,0.5195474963505922,0.49528105202597855,0.6271395490338705,0.8962913658883837,0.8845191333029006,0.8902809785472022,0.8918723695807986,0.9362888077894846,1.0028939689999772,0.07153374989123902,0.3900243163052556
Qwen__Qwen3-4B-Instruct-2507__ES-silver-filtered_10__ES-silver-filtered,ca,WrittenWork,43,0.3893180505205324,0.5584507713717181,0.49664310519797084,0.5547703223123298,0.8672493668489678,0.8684036717858425,0.8676153199617253,0.8641974801240966,0.9168012350104576,1.0197819541989719,0.07275668358310294,0.4046670310542291
Qwen__Qwen3-4B-Instruct-2507__ES-silver-filtered_10__ES-silver-filtered,en,Airport,95,0.18658881875739416,0.36946139145104395,0.280571388110665,0.4564958838606938,0.8517716106615568,0.8585475438519528,0.8550313315893474,0.8229766927267376,0.9073630546268664,1.0070605062031353,0.09447699204858115,0.19819481943952152
Qwen__Qwen3-4B-Instruct-2507__ES-silver-filtered_10__ES-silver-filtered,en,Artist,109,0.16026350112332222,0.4020891754994459,0.29001115210583506,0.4636693697859567,0.8833534537105385,0.8900555131632254,0.8865785281592553,0.8242233576030906,0.9046805506452508,0.9982464387966873,0.05458246582766445,0.1884081230662862
Qwen__Qwen3-4B-Instruct-2507__ES-silver-filtered_10__ES-silver-filtered,en,Astronaut,82,0.4384028794937589,0.6173832955104894,0.543408126951094,0.6273366594800662,0.9022615057666127,0.8946271720455914,0.8980787192902914,0.9029081049488812,0.9088965959665252,0.9683970253371571,0.0976600545543587,0.46912712935629647
Qwen__Qwen3-4B-Instruct-2507__ES-silver-filtered_10__ES-silver-filtered,en,Athlete,50,0.13970484642865189,0.4150354903325107,0.24822631143535248,0.4194218541562735,0.87037637591362,0.8663271141052246,0.8682030928134918,0.7889442670345307,0.8996829915046692,0.9707240458169966,0.06372231109757977,0.1471816722831687
Qwen__Qwen3-4B-Instruct-2507__ES-silver-filtered_10__ES-silver-filtered,en,Building,46,0.5141051541488758,0.565644077362032,0.6036385389538106,0.6514655325072601,0.8818423644356106,0.8794734905595365,0.8806074196877687,0.9017835389012876,0.935745903979177,0.9780468459211121,0.042769719157537474,0.5356842081444012
Qwen__Qwen3-4B-Instruct-2507__ES-silver-filtered_10__ES-silver-filtered,en,CelestialBody,49,0.1999287567128976,0.444687273027721,0.3153663866583628,0.513362960076592,0.8884765761239188,0.8904004023999584,0.8893897679387307,0.8687392692176663,0.9171557183168373,0.9904016458679449,0.037326566477022954,0.22858300405590748
Qwen__Qwen3-4B-Instruct-2507__ES-silver-filtered_10__ES-silver-filtered,en,City,83,0.06884624670844534,0.23790565623653767,0.12529476663356542,0.2924964725977579,0.8094952659434583,0.8119559546551073,0.8106183215796229,0.7802951615977,0.891801242368767,0.9882144782819072,0.08996621791325221,0.03843177910181143
Qwen__Qwen3-4B-Instruct-2507__ES-silver-filtered_10__ES-silver-filtered,en,ComicsCharacter,30,0.4290908467016531,0.5873736565449055,0.5737736948189713,0.6286585873836419,0.8781191329161326,0.8711788872877757,0.8745132525761922,0.8929195205370585,0.9180651823679606,0.959358070185899,0.07222751180029148,0.44288714842018684
Qwen__Qwen3-4B-Instruct-2507__ES-silver-filtered_10__ES-silver-filtered,en,Company,66,0.3290511545948776,0.49559933256033883,0.420676778006572,0.5456421926914978,0.8990427029855323,0.8927601503603386,0.8957351951888113,0.871000040661205,0.9191795289516449,0.9779757134728582,0.08008703563661157,0.38601945589099046
Qwen__Qwen3-4B-Instruct-2507__ES-silver-filtered_10__ES-silver-filtered,en,Film,264,0.36103384139777706,0.530604322264714,0.5140172923072323,0.6035468142426564,0.8847984942522916,0.8850282383236018,0.8847150886149118,0.8469051278450273,0.9172816037228613,0.9926681935182469,0.061163628502732145,0.4129168344916506
Qwen__Qwen3-4B-Instruct-2507__ES-silver-filtered_10__ES-silver-filtered,en,Food,46,0.08895489486256188,0.18292196424820042,0.12283961702609267,0.3180370018297738,0.8185446262359619,0.818014190248821,0.8181749115819517,0.7429847730242688,0.9179773538008981,0.9807088822089365,0.0637288010545366,0.12067542652840273
Qwen__Qwen3-4B-Instruct-2507__ES-silver-filtered_10__ES-silver-filtered,en,MeanOfTransportation,58,0.282571667945795,0.48717071052386146,0.4331915131621966,0.5227684714393181,0.8840858504689973,0.8865180591057087,0.8851147427641112,0.8326676446816017,0.9107210070922457,0.953529277960427,0.0858630335763476,0.3409625663379211
Qwen__Qwen3-4B-Instruct-2507__ES-silver-filtered_10__ES-silver-filtered,en,Monument,46,0.3770801095535802,0.45824148494103745,0.4237751055369867,0.5797073911752495,0.844621655733689,0.8385616009650023,0.8414269569127456,0.8559749450372613,0.9272218592788862,0.9573256771423775,0.06995016321992979,0.386834517792216
Qwen__Qwen3-4B-Instruct-2507__ES-silver-filtered_10__ES-silver-filtered,en,MusicalWork,290,0.32029935942646554,0.5104280844949298,0.4680068035169374,0.5462737563838557,0.8641287559065326,0.86367524204583,0.8637279504332049,0.8467637826656473,0.9125884113640621,0.9743232225247198,0.08259933984244325,0.36845487493164625
Qwen__Qwen3-4B-Instruct-2507__ES-silver-filtered_10__ES-silver-filtered,en,Politician,29,0.5032090963341418,0.6134004282567627,0.5923569474440119,0.6818887178737292,0.9030486879677608,0.895628731826256,0.8991653528706781,0.9043102675470812,0.9149007468387998,0.953878028684365,0.10377564454539838,0.5344357791324822
Qwen__Qwen3-4B-Instruct-2507__ES-silver-filtered_10__ES-silver-filtered,en,Scientist,259,0.28035711419997966,0.4499181677829964,0.36798302314404535,0.5055214388706328,0.8923518752039169,0.8874256458982077,0.8896600390032912,0.8285302264349801,0.9025258741783819,0.9686034196082467,0.07462573096304335,0.32738419383272754
Qwen__Qwen3-4B-Instruct-2507__ES-silver-filtered_10__ES-silver-filtered,en,SportsTeam,44,0.1927949216013153,0.3887207592068712,0.3473536971592854,0.5110678001333718,0.8666642105037515,0.8675314296375621,0.8670007098804821,0.8701227876273069,0.9149279729886488,0.9103021589726463,0.10382525333867144,0.20329982874402575
Qwen__Qwen3-4B-Instruct-2507__ES-silver-filtered_10__ES-silver-filtered,en,University,90,0.38979211997592417,0.45387874806952544,0.4414370418931191,0.5783371706495914,0.8984747747580211,0.9002189570003085,0.8992557578616672,0.8768976873821682,0.9113671163717906,1.0039115122084825,0.04465850396729684,0.528157354797836
Qwen__Qwen3-4B-Instruct-2507__ES-silver-filtered_10__ES-silver-filtered,en,WrittenWork,43,0.6572431498238226,0.7376178166612951,0.7128945357142747,0.7517021613049653,0.9253676949545394,0.9233709601468818,0.9242868645246639,0.9281931422477545,0.9063661472741947,0.9793771310161672,0.04765189970397825,0.7001539442291012
Qwen__Qwen3-4B-Instruct-2507__ES-silver-filtered_10__ES-silver-filtered,en_bt,Airport,95,0.1860998649545372,0.3619797403331393,0.29383775647135346,0.4510481539053456,0.8532941642560457,0.8607772325214587,0.8569048065888254,0.8236414834072715,0.9079422781341955,1.0283816741278864,0.09349201995731275,0.1967099133342311
Qwen__Qwen3-4B-Instruct-2507__ES-silver-filtered_10__ES-silver-filtered,en_bt,Artist,109,0.15547891619539572,0.40945772212753656,0.30898594419154407,0.47109983969800084,0.8861283572441941,0.8991375581933818,0.8924518386158374,0.8278642876432576,0.9046719615612555,1.0129884044583108,0.0580442225776622,0.1759001705892853
Qwen__Qwen3-4B-Instruct-2507__ES-silver-filtered_10__ES-silver-filtered,en_bt,Astronaut,82,0.45850603677843055,0.631757183987992,0.5611396850006316,0.6358147762035413,0.9066870692299633,0.9035692185890384,0.9047504743424858,0.9076159283882235,0.9091760516166687,0.969283031428296,0.09652581507929235,0.474142764564202
Qwen__Qwen3-4B-Instruct-2507__ES-silver-filtered_10__ES-silver-filtered,en_bt,Athlete,50,0.1421824243638345,0.424834893843487,0.26491975295281234,0.42733419619740654,0.8749780571460724,0.873689637184143,0.8742150640487671,0.7935595202445984,0.9002741408348084,0.9686433774575786,0.07455866272490237,0.15205403860946576
Qwen__Qwen3-4B-Instruct-2507__ES-silver-filtered_10__ES-silver-filtered,en_bt,Building,46,0.5538884235987099,0.5866325612441567,0.6366723462466506,0.6775460775641357,0.8891161472901054,0.8897416747134664,0.8893295202566229,0.9077965448731962,0.9366440267666526,0.9841607578534216,0.04393119386090172,0.5836979287601468
Qwen__Qwen3-4B-Instruct-2507__ES-silver-filtered_10__ES-silver-filtered,en_bt,CelestialBody,49,0.19265507313771052,0.4319921378162095,0.3142184594771643,0.5060245594918488,0.8887457944908921,0.8910364216687728,0.8898286892443287,0.8674119735250667,0.9160410859146897,0.9960787168913122,0.037417125209640384,0.21990617259825732
Qwen__Qwen3-4B-Instruct-2507__ES-silver-filtered_10__ES-silver-filtered,en_bt,City,83,0.0680396142135199,0.23869902074249294,0.1184042181932451,0.28323748246245684,0.8116186189364238,0.814803622573255,0.8130745815943523,0.7803917268672621,0.8915454680661121,0.9807893792254418,0.10209208310497433,0.03685152036540729
Qwen__Qwen3-4B-Instruct-2507__ES-silver-filtered_10__ES-silver-filtered,en_bt,ComicsCharacter,30,0.4846220664586304,0.5939027041216051,0.5931896437766379,0.6530576170459307,0.8828126351038615,0.8810076296329499,0.8817526618639628,0.9020445068677266,0.9224091231822967,0.9884626422198088,0.054613007970704265,0.4862276356179634
Qwen__Qwen3-4B-Instruct-2507__ES-silver-filtered_10__ES-silver-filtered,en_bt,Company,66,0.34100794700676845,0.4919514590353012,0.4233670002812124,0.5448519865515706,0.8981218915997129,0.893202394247055,0.8955219270605029,0.8720384176933405,0.9192576706409454,0.9807269192035163,0.07295312120027521,0.3987539732644786
Qwen__Qwen3-4B-Instruct-2507__ES-silver-filtered_10__ES-silver-filtered,en_bt,Film,264,0.37654802892153444,0.5442456199406734,0.5373035759009278,0.6162608252605546,0.887165231912425,0.8901359578876784,0.8884516974741762,0.8483006836790027,0.9176801467935244,1.0000755273873418,0.06320200462129293,0.43411061438578435
Qwen__Qwen3-4B-Instruct-2507__ES-silver-filtered_10__ES-silver-filtered,en_bt,Food,46,0.08442643164384231,0.1812926337554276,0.12583948894149627,0.32341516904747925,0.8158571927443795,0.8224566902803339,0.8189982175827026,0.7438895689404529,0.9174014407655467,0.971847176153119,0.06697927157658952,0.10879266810991409
Qwen__Qwen3-4B-Instruct-2507__ES-silver-filtered_10__ES-silver-filtered,en_bt,MeanOfTransportation,58,0.2896243670564914,0.4823654395162269,0.42957773471987637,0.5237697695979356,0.8805044355063603,0.8839701671024849,0.8820642500088133,0.8318363798075709,0.9097910749501196,0.9540324696147676,0.08581867362700005,0.351165280925255
Qwen__Qwen3-4B-Instruct-2507__ES-silver-filtered_10__ES-silver-filtered,en_bt,Monument,46,0.37646943267640937,0.4754127576441284,0.43441765886516337,0.5974324860409337,0.8462463500707046,0.8507133696390234,0.8483050919097402,0.8635594378346982,0.9254882970581884,0.9780800709564046,0.06972741422130746,0.40200760213181125
Qwen__Qwen3-4B-Instruct-2507__ES-silver-filtered_10__ES-silver-filtered,en_bt,MusicalWork,290,0.3213861281896439,0.5134722761813634,0.4789637743001593,0.5507812498239759,0.8655501271116323,0.865989591952028,0.865571059235211,0.8494340867831789,0.9119723126806062,0.9867247161491018,0.08281046860905704,0.3759540357676373
Qwen__Qwen3-4B-Instruct-2507__ES-silver-filtered_10__ES-silver-filtered,en_bt,Politician,29,0.5153798624703264,0.6133822307957985,0.6246151528573316,0.6963908467263655,0.9025477951970594,0.8982856376417752,0.9002242704917645,0.9128216422837356,0.9165355419290477,0.9661692601276947,0.08728044170017857,0.5343974199113329
Qwen__Qwen3-4B-Instruct-2507__ES-silver-filtered_10__ES-silver-filtered,en_bt,Scientist,259,0.26901519934441714,0.45254028427446685,0.3732056127072521,0.5065021002729643,0.8915967023050463,0.8906106902825787,0.8909100878652919,0.828744645974811,0.9025754730673831,0.9762028345588077,0.07276006545096543,0.3164507559717958
Qwen__Qwen3-4B-Instruct-2507__ES-silver-filtered_10__ES-silver-filtered,en_bt,SportsTeam,44,0.18718848910600114,0.37165292148696183,0.32420279991970347,0.5058545567531972,0.8655464378270236,0.8645382428711111,0.8649403019384905,0.8689837658947165,0.9154351367191835,0.924716684148951,0.08753319860799111,0.19625218526130608
Qwen__Qwen3-4B-Instruct-2507__ES-silver-filtered_10__ES-silver-filtered,en_bt,University,90,0.3613548551666402,0.43405471419674924,0.41927914842840225,0.5633796631315692,0.8973687993155586,0.8952214943038093,0.8961648364861806,0.873565012216568,0.9103083021110958,1.0002287692897545,0.05350584706233675,0.501257977817332
Qwen__Qwen3-4B-Instruct-2507__ES-silver-filtered_10__ES-silver-filtered,en_bt,WrittenWork,43,0.6501630200342953,0.7356287397599732,0.6922175176559405,0.7404119870908034,0.9240637587946515,0.9246606383212778,0.9243011058763017,0.9237569847772288,0.906443249347598,0.9713482095069245,0.048352187621202074,0.7003605883499062
Qwen__Qwen3-4B-Instruct-2507__ES-silver-filtered_10__ES-silver-filtered,es,Airport,95,0.5292839446794856,0.6478916997927416,0.6471914531045772,0.6971102943037065,0.9047505755173533,0.900195252267938,0.9023545616551449,0.9391256928443908,0.9366908932987013,0.9957139891593023,0.061944626634702765,0.5672547643113628
Qwen__Qwen3-4B-Instruct-2507__ES-silver-filtered_10__ES-silver-filtered,es,Artist,109,0.6229152679713703,0.7752650992844953,0.7422628382769447,0.7757344437697219,0.9408073993997836,0.9399953063474883,0.9402925552578147,0.953754218346482,0.9377178238072527,0.9825912891943358,0.05619271899958884,0.6345843756315995
Qwen__Qwen3-4B-Instruct-2507__ES-silver-filtered_10__ES-silver-filtered,es,Astronaut,82,0.6386854273354352,0.7576424563682149,0.7346861799429087,0.7468372632522013,0.9352547722618755,0.9283293681900676,0.9316250885405192,0.9489573858133177,0.9356506554091849,0.9804338157913542,0.0927358746234033,0.6666139338870805
Qwen__Qwen3-4B-Instruct-2507__ES-silver-filtered_10__ES-silver-filtered,es,Athlete,50,0.5842677746693472,0.731124210815071,0.6728785980072719,0.720927561813277,0.9244729363918305,0.9214031291007996,0.9228206741809845,0.9430924654006958,0.9383512616157532,1.000776828030009,0.06271174263888278,0.6169501684950925
Qwen__Qwen3-4B-Instruct-2507__ES-silver-filtered_10__ES-silver-filtered,es,Building,46,0.6797532062887442,0.6626971346374726,0.707736333774249,0.7508916369287085,0.9070762227410856,0.9048413919365924,0.9058885781661324,0.9512292146682739,0.9469335921432661,0.9897558768582185,0.04819165926788882,0.6790910828656017
Qwen__Qwen3-4B-Instruct-2507__ES-silver-filtered_10__ES-silver-filtered,es,CelestialBody,49,0.6073943767318201,0.7056851217695046,0.6994057803961838,0.765533651917925,0.9241941352279819,0.9157662160542547,0.9198697136372936,0.9507387450763157,0.9396085702643102,0.9910714428930582,0.04020328010941108,0.6034896429735623
Qwen__Qwen3-4B-Instruct-2507__ES-silver-filtered_10__ES-silver-filtered,es,City,83,0.340475115180622,0.5541739148338783,0.49035224917285286,0.5572935776422505,0.8556001150464437,0.8572234489831579,0.8562688554625913,0.9077205607690007,0.9237589398062372,0.9651356695937126,0.0821220243628376,0.359928396713084
Qwen__Qwen3-4B-Instruct-2507__ES-silver-filtered_10__ES-silver-filtered,es,ComicsCharacter,30,0.46994651471126836,0.5730904064043608,0.5624851663354126,0.6664619347101509,0.8920903186003367,0.8818738440672557,0.8868808507919311,0.9184257427851359,0.9403898060321808,0.9863305596542952,0.04643694552695348,0.4800740523515487
Qwen__Qwen3-4B-Instruct-2507__ES-silver-filtered_10__ES-silver-filtered,es,Company,66,0.5965550689733256,0.7053084524763026,0.6919394002641238,0.7454434080064075,0.9190187508409674,0.9177626687468905,0.9181747499740485,0.9381039576096968,0.9427222167000626,0.9843067598151315,0.06295787373953664,0.593107765816923
Qwen__Qwen3-4B-Instruct-2507__ES-silver-filtered_10__ES-silver-filtered,es,Film,264,0.33823461707100894,0.4891411722355215,0.4888465605327375,0.5637999725844569,0.856012058754762,0.8573317886753515,0.8565089790658518,0.866839835138032,0.902482369632432,1.0063490715148575,0.057694725826362044,0.3207426830007145
Qwen__Qwen3-4B-Instruct-2507__ES-silver-filtered_10__ES-silver-filtered,es,Food,46,0.45690393410208213,0.6030160302546979,0.5540554451582492,0.6046115216179596,0.8888924108899158,0.8728163967961851,0.880548551030781,0.9318904332492662,0.9536055870678114,0.93418925584799,0.08426660692139594,0.4406708234419588
Qwen__Qwen3-4B-Instruct-2507__ES-silver-filtered_10__ES-silver-filtered,es,MeanOfTransportation,58,0.5425549940804131,0.6877129563650726,0.6667503626306506,0.7289832363586586,0.9184425545149836,0.9148552417755127,0.9165102305083439,0.9322293164401219,0.9367142771852428,0.976609728137524,0.058951605094254365,0.5689535177203469
Qwen__Qwen3-4B-Instruct-2507__ES-silver-filtered_10__ES-silver-filtered,es,Monument,46,0.6125772224326642,0.6683527104980059,0.687852062045621,0.7341968580298759,0.8992165871288466,0.8936332710411238,0.8963698291260264,0.9533266813858695,0.9443558052830074,0.9628716840821382,0.0716060252393917,0.592706758858619
Qwen__Qwen3-4B-Instruct-2507__ES-silver-filtered_10__ES-silver-filtered,es,MusicalWork,290,0.39097591409954047,0.5848021445590075,0.5785376043827585,0.6172341033809894,0.8702578078056203,0.8754787498507006,0.8726874359722795,0.9048782597328054,0.9285466068777545,0.9966287779069827,0.07859411760318388,0.4043383575853086
Qwen__Qwen3-4B-Instruct-2507__ES-silver-filtered_10__ES-silver-filtered,es,Politician,29,0.5792530578659615,0.6430763260158625,0.6702289797378624,0.7289309302698723,0.902191712938506,0.8944223502586628,0.8981074094772339,0.9238335757419981,0.9338084089344946,0.9923516435862069,0.052382788856599964,0.5875009322172433
Qwen__Qwen3-4B-Instruct-2507__ES-silver-filtered_10__ES-silver-filtered,es,Scientist,259,0.5443243719870424,0.7054278133265036,0.6698037545168178,0.7077757836266817,0.9174152474605899,0.908113478463589,0.9125626397869302,0.9216254493904851,0.9306655268411379,0.9534388861004353,0.08290917239592327,0.5409145267835022
Qwen__Qwen3-4B-Instruct-2507__ES-silver-filtered_10__ES-silver-filtered,es,SportsTeam,44,0.5454689951941573,0.6357085389966461,0.677224722839981,0.729751450367462,0.9030353887514635,0.9020211845636368,0.902455366470597,0.9537822739644484,0.9436408552256498,0.9597314829147803,0.08139173173327381,0.5490850990221829
Qwen__Qwen3-4B-Instruct-2507__ES-silver-filtered_10__ES-silver-filtered,es,University,90,0.6153750298248195,0.6957617290236497,0.6966986669225275,0.7525167512514486,0.9257541292243534,0.9248293863402473,0.9251543892754449,0.9605804012881385,0.939360773563385,0.9918784877424435,0.057219168280355844,0.6270512082929124
Qwen__Qwen3-4B-Instruct-2507__ES-silver-filtered_10__ES-silver-filtered,es,WrittenWork,43,0.5395327027903776,0.6947628866547002,0.7007547335321239,0.6964725948762875,0.9014668991399366,0.9098042499187381,0.9054563696994338,0.9145236278689185,0.9293349357538445,1.0361774599491431,0.0731817869862812,0.5586079143890429
Qwen__Qwen3-4B-Instruct-2507__ES-silver-filtered__ES-silver-filtered,ca,Airport,95,0.2022257286206297,0.46963292002045826,0.40110960400639656,0.5297138344009932,0.873977153552206,0.8626712799072266,0.8681546035565828,0.8566250688151309,0.9267535473171034,0.9914612105757489,0.06982881002404781,0.21257164738906265
Qwen__Qwen3-4B-Instruct-2507__ES-silver-filtered__ES-silver-filtered,ca,Artist,109,0.29939026010173003,0.5378945515731801,0.43818041209647685,0.5633579819138781,0.9007386893307398,0.8844815891817075,0.8923938558735979,0.8595765161951747,0.9291080017702296,0.9660264152263455,0.06231779268536135,0.31376476297451944
Qwen__Qwen3-4B-Instruct-2507__ES-silver-filtered__ES-silver-filtered,ca,Astronaut,82,0.20899524707347794,0.4491057011959344,0.3675422020958512,0.4763198105866057,0.8794437072625975,0.863732207112196,0.8711306903420425,0.8279284740366587,0.9187081863240498,0.9756169501634605,0.1290632123040521,0.16343863997219343
Qwen__Qwen3-4B-Instruct-2507__ES-silver-filtered__ES-silver-filtered,ca,Athlete,50,0.2705677915728625,0.5268738295499016,0.43840154466187237,0.5600630758003138,0.8946215415000915,0.884332275390625,0.889225949048996,0.851420727968216,0.9346018946170807,0.9756736852448311,0.05899092057865487,0.2520451458264317
Qwen__Qwen3-4B-Instruct-2507__ES-silver-filtered__ES-silver-filtered,ca,Building,46,0.3852707496771751,0.43621048824047653,0.4859366253434655,0.5672280545226778,0.8602921392606653,0.8472909046256024,0.853542095941046,0.8446775156518688,0.9244124098964359,0.9926190931538905,0.04797804730779896,0.3886978347272418
Qwen__Qwen3-4B-Instruct-2507__ES-silver-filtered__ES-silver-filtered,ca,CelestialBody,49,0.3838747511547086,0.6356822316408262,0.5322958839073606,0.6601617698504033,0.9095685737473624,0.902950897508738,0.9062028588080893,0.9157042588506427,0.933264184971245,0.9819481166295424,0.04794472301037994,0.38549640163178617
Qwen__Qwen3-4B-Instruct-2507__ES-silver-filtered__ES-silver-filtered,ca,City,83,0.12348789747849101,0.42607096241134035,0.3114411106155892,0.4213868405061529,0.8422431313847921,0.8288578448525394,0.8353302349527199,0.7939892648214317,0.9157205202493323,0.9496858898903994,0.095867013670061,0.09094279426874896
Qwen__Qwen3-4B-Instruct-2507__ES-silver-filtered__ES-silver-filtered,ca,ComicsCharacter,30,0.22570705848952116,0.40288001241939647,0.3246347331002467,0.45408604049057044,0.8503320376078288,0.8357173720995585,0.8427759726842244,0.8309489568074544,0.9006805082162221,0.9066237622454685,0.10435129919504287,0.23337216311131775
Qwen__Qwen3-4B-Instruct-2507__ES-silver-filtered__ES-silver-filtered,ca,Company,66,0.23716213303618444,0.4737156685362849,0.3813431744691779,0.5258810823533242,0.8825431339668505,0.8747798674034349,0.8784588494084098,0.8389300514351238,0.9320350795081167,0.9949458048269174,0.07414854453467562,0.23101498741540347
Qwen__Qwen3-4B-Instruct-2507__ES-silver-filtered__ES-silver-filtered,ca,Film,264,0.29269147561272957,0.4749423196316074,0.44253346300351276,0.5398899250514834,0.8488069567264933,0.8425104342626802,0.8453817891352104,0.8311509970914234,0.920931855837504,0.9656874606020964,0.07036171512397393,0.2902418806029421
Qwen__Qwen3-4B-Instruct-2507__ES-silver-filtered__ES-silver-filtered,ca,Food,46,0.09727932188639392,0.37812000637003684,0.30107458032824647,0.40894421154905203,0.8421893314174984,0.828685963931291,0.8352345966774485,0.7443301975727081,0.9300973233969315,0.9591514744951298,0.08293366564218474,0.0841831651709855
Qwen__Qwen3-4B-Instruct-2507__ES-silver-filtered__ES-silver-filtered,ca,MeanOfTransportation,58,0.21132509882116743,0.4723971590928567,0.39870627063360276,0.5280115864014507,0.8895001586141258,0.8815339659822399,0.8853331290442368,0.8206845038923724,0.9219919227320572,1.0192448162112873,0.10175016814164808,0.22017163404892262
Qwen__Qwen3-4B-Instruct-2507__ES-silver-filtered__ES-silver-filtered,ca,Monument,46,0.18489979403366832,0.36097814504935927,0.29185667834870427,0.47969043226938196,0.8343481862026713,0.8298973959425221,0.8319779478985331,0.818789040264876,0.9223598773064821,1.0486966781342009,0.09454262094685303,0.19352966594366364
Qwen__Qwen3-4B-Instruct-2507__ES-silver-filtered__ES-silver-filtered,ca,MusicalWork,290,0.24064515712808504,0.4540075495636088,0.41143429417596933,0.49553325080448013,0.841354291603483,0.8418541314273045,0.8413882015080287,0.8396539753880994,0.91376292397236,0.9910041860099803,0.0952177095912525,0.24622502584955516
Qwen__Qwen3-4B-Instruct-2507__ES-silver-filtered__ES-silver-filtered,ca,Politician,29,0.22340098787193433,0.36393247244672383,0.3233605384128111,0.4783843429697394,0.8602199718869966,0.8473401460154303,0.8535640527462137,0.8020689836863814,0.920123893639137,0.9670114445018384,0.06202714448578863,0.21292999749436262
Qwen__Qwen3-4B-Instruct-2507__ES-silver-filtered__ES-silver-filtered,ca,Scientist,259,0.26452791914178564,0.523847672363403,0.4336848894923922,0.555827874469643,0.8917879743005318,0.8786426757293319,0.8849441556396632,0.8436309016349233,0.925784704077658,0.9603223483683839,0.08182849662552644,0.2526173717752245
Qwen__Qwen3-4B-Instruct-2507__ES-silver-filtered__ES-silver-filtered,ca,SportsTeam,44,0.1552423857327352,0.31108524836084167,0.2806508538127623,0.40695445120568186,0.8454206545244564,0.8111316128210588,0.8277966163375161,0.8614760583097284,0.9205754778601907,0.8511254556115979,0.15917259628824756,0.16494691368644226
Qwen__Qwen3-4B-Instruct-2507__ES-silver-filtered__ES-silver-filtered,ca,University,90,0.37514175986672954,0.5195474963505922,0.49528105202597855,0.6271395490338705,0.8962913658883837,0.8845191333029006,0.8902809785472022,0.8918723695807986,0.9362888077894846,1.0028939689999772,0.07153374989123902,0.3900243163052556
Qwen__Qwen3-4B-Instruct-2507__ES-silver-filtered__ES-silver-filtered,ca,WrittenWork,43,0.3893180505205324,0.5584507713717181,0.49664310519797084,0.5547703223123298,0.8672493668489678,0.8684036717858425,0.8676153199617253,0.8641974801240966,0.9168012350104576,1.0197819541989719,0.07275668358310294,0.4046670310542291
Qwen__Qwen3-4B-Instruct-2507__ES-silver-filtered__ES-silver-filtered,en,Airport,95,0.18658881875739416,0.36946139145104395,0.280571388110665,0.4564958838606938,0.8517716106615568,0.8585475438519528,0.8550313315893474,0.8229766927267376,0.9073630546268664,1.0070605062031353,0.09447699204858115,0.19819481943952152
Qwen__Qwen3-4B-Instruct-2507__ES-silver-filtered__ES-silver-filtered,en,Artist,109,0.16026350112332222,0.4020891754994459,0.29001115210583506,0.4636693697859567,0.8833534537105385,0.8900555131632254,0.8865785281592553,0.8242233576030906,0.9046805506452508,0.9982464387966873,0.05458246582766445,0.1884081230662862
Qwen__Qwen3-4B-Instruct-2507__ES-silver-filtered__ES-silver-filtered,en,Astronaut,82,0.4384028794937589,0.6173832955104894,0.543408126951094,0.6273366594800662,0.9022615057666127,0.8946271720455914,0.8980787192902914,0.9029081049488812,0.9088965959665252,0.9683970253371571,0.0976600545543587,0.46912712935629647
Qwen__Qwen3-4B-Instruct-2507__ES-silver-filtered__ES-silver-filtered,en,Athlete,50,0.13970484642865189,0.4150354903325107,0.24822631143535248,0.4194218541562735,0.87037637591362,0.8663271141052246,0.8682030928134918,0.7889442670345307,0.8996829915046692,0.9707240458169966,0.06372231109757977,0.1471816722831687
Qwen__Qwen3-4B-Instruct-2507__ES-silver-filtered__ES-silver-filtered,en,Building,46,0.5141051541488758,0.565644077362032,0.6036385389538106,0.6514655325072601,0.8818423644356106,0.8794734905595365,0.8806074196877687,0.9017835389012876,0.935745903979177,0.9780468459211121,0.042769719157537474,0.5356842081444012
Qwen__Qwen3-4B-Instruct-2507__ES-silver-filtered__ES-silver-filtered,en,CelestialBody,49,0.1999287567128976,0.444687273027721,0.3153663866583628,0.513362960076592,0.8884765761239188,0.8904004023999584,0.8893897679387307,0.8687392692176663,0.9171557183168373,0.9904016458679449,0.037326566477022954,0.22858300405590748
Qwen__Qwen3-4B-Instruct-2507__ES-silver-filtered__ES-silver-filtered,en,City,83,0.06884624670844534,0.23790565623653767,0.12529476663356542,0.2924964725977579,0.8094952659434583,0.8119559546551073,0.8106183215796229,0.7802951615977,0.891801242368767,0.9882144782819072,0.08996621791325221,0.03843177910181143
Qwen__Qwen3-4B-Instruct-2507__ES-silver-filtered__ES-silver-filtered,en,ComicsCharacter,30,0.4290908467016531,0.5873736565449055,0.5737736948189713,0.6286585873836419,0.8781191329161326,0.8711788872877757,0.8745132525761922,0.8929195205370585,0.9180651823679606,0.959358070185899,0.07222751180029148,0.44288714842018684
Qwen__Qwen3-4B-Instruct-2507__ES-silver-filtered__ES-silver-filtered,en,Company,66,0.3290511545948776,0.49559933256033883,0.420676778006572,0.5456421926914978,0.8990427029855323,0.8927601503603386,0.8957351951888113,0.871000040661205,0.9191795289516449,0.9779757134728582,0.08008703563661157,0.38601945589099046
Qwen__Qwen3-4B-Instruct-2507__ES-silver-filtered__ES-silver-filtered,en,Film,264,0.36103384139777706,0.530604322264714,0.5140172923072323,0.6035468142426564,0.8847984942522916,0.8850282383236018,0.8847150886149118,0.8469051278450273,0.9172816037228613,0.9926681935182469,0.061163628502732145,0.4129168344916506
Qwen__Qwen3-4B-Instruct-2507__ES-silver-filtered__ES-silver-filtered,en,Food,46,0.08895489486256188,0.18292196424820042,0.12283961702609267,0.3180370018297738,0.8185446262359619,0.818014190248821,0.8181749115819517,0.7429847730242688,0.9179773538008981,0.9807088822089365,0.0637288010545366,0.12067542652840273
Qwen__Qwen3-4B-Instruct-2507__ES-silver-filtered__ES-silver-filtered,en,MeanOfTransportation,58,0.282571667945795,0.48717071052386146,0.4331915131621966,0.5227684714393181,0.8840858504689973,0.8865180591057087,0.8851147427641112,0.8326676446816017,0.9107210070922457,0.953529277960427,0.0858630335763476,0.3409625663379211
Qwen__Qwen3-4B-Instruct-2507__ES-silver-filtered__ES-silver-filtered,en,Monument,46,0.3770801095535802,0.45824148494103745,0.4237751055369867,0.5797073911752495,0.844621655733689,0.8385616009650023,0.8414269569127456,0.8559749450372613,0.9272218592788862,0.9573256771423775,0.06995016321992979,0.386834517792216
Qwen__Qwen3-4B-Instruct-2507__ES-silver-filtered__ES-silver-filtered,en,MusicalWork,290,0.32029935942646554,0.5104280844949298,0.4680068035169374,0.5462737563838557,0.8641287559065326,0.86367524204583,0.8637279504332049,0.8467637826656473,0.9125884113640621,0.9743232225247198,0.08259933984244325,0.36845487493164625
Qwen__Qwen3-4B-Instruct-2507__ES-silver-filtered__ES-silver-filtered,en,Politician,29,0.5032090963341418,0.6134004282567627,0.5923569474440119,0.6818887178737292,0.9030486879677608,0.895628731826256,0.8991653528706781,0.9043102675470812,0.9149007468387998,0.953878028684365,0.10377564454539838,0.5344357791324822
Qwen__Qwen3-4B-Instruct-2507__ES-silver-filtered__ES-silver-filtered,en,Scientist,259,0.28035711419997966,0.4499181677829964,0.36798302314404535,0.5055214388706328,0.8923518752039169,0.8874256458982077,0.8896600390032912,0.8285302264349801,0.9025258741783819,0.9686034196082467,0.07462573096304335,0.32738419383272754
Qwen__Qwen3-4B-Instruct-2507__ES-silver-filtered__ES-silver-filtered,en,SportsTeam,44,0.1927949216013153,0.3887207592068712,0.3473536971592854,0.5110678001333718,0.8666642105037515,0.8675314296375621,0.8670007098804821,0.8701227876273069,0.9149279729886488,0.9103021589726463,0.10382525333867144,0.20329982874402575
Qwen__Qwen3-4B-Instruct-2507__ES-silver-filtered__ES-silver-filtered,en,University,90,0.38979211997592417,0.45387874806952544,0.4414370418931191,0.5783371706495914,0.8984747747580211,0.9002189570003085,0.8992557578616672,0.8768976873821682,0.9113671163717906,1.0039115122084825,0.04465850396729684,0.528157354797836
Qwen__Qwen3-4B-Instruct-2507__ES-silver-filtered__ES-silver-filtered,en,WrittenWork,43,0.6572431498238226,0.7376178166612951,0.7128945357142747,0.7517021613049653,0.9253676949545394,0.9233709601468818,0.9242868645246639,0.9281931422477545,0.9063661472741947,0.9793771310161672,0.04765189970397825,0.7001539442291012
Qwen__Qwen3-4B-Instruct-2507__ES-silver-filtered__ES-silver-filtered,en_bt,Airport,95,0.1860998649545372,0.3619797403331393,0.29383775647135346,0.4510481539053456,0.8532941642560457,0.8607772325214587,0.8569048065888254,0.8236414834072715,0.9079422781341955,1.0283816741278864,0.09349201995731275,0.1967099133342311
Qwen__Qwen3-4B-Instruct-2507__ES-silver-filtered__ES-silver-filtered,en_bt,Artist,109,0.15547891619539572,0.40945772212753656,0.30898594419154407,0.47109983969800084,0.8861283572441941,0.8991375581933818,0.8924518386158374,0.8278642876432576,0.9046719615612555,1.0129884044583108,0.0580442225776622,0.1759001705892853
Qwen__Qwen3-4B-Instruct-2507__ES-silver-filtered__ES-silver-filtered,en_bt,Astronaut,82,0.45850603677843055,0.631757183987992,0.5611396850006316,0.6358147762035413,0.9066870692299633,0.9035692185890384,0.9047504743424858,0.9076159283882235,0.9091760516166687,0.969283031428296,0.09652581507929235,0.474142764564202
Qwen__Qwen3-4B-Instruct-2507__ES-silver-filtered__ES-silver-filtered,en_bt,Athlete,50,0.1421824243638345,0.424834893843487,0.26491975295281234,0.42733419619740654,0.8749780571460724,0.873689637184143,0.8742150640487671,0.7935595202445984,0.9002741408348084,0.9686433774575786,0.07455866272490237,0.15205403860946576
Qwen__Qwen3-4B-Instruct-2507__ES-silver-filtered__ES-silver-filtered,en_bt,Building,46,0.5538884235987099,0.5866325612441567,0.6366723462466506,0.6775460775641357,0.8891161472901054,0.8897416747134664,0.8893295202566229,0.9077965448731962,0.9366440267666526,0.9841607578534216,0.04393119386090172,0.5836979287601468
Qwen__Qwen3-4B-Instruct-2507__ES-silver-filtered__ES-silver-filtered,en_bt,CelestialBody,49,0.19265507313771052,0.4319921378162095,0.3142184594771643,0.5060245594918488,0.8887457944908921,0.8910364216687728,0.8898286892443287,0.8674119735250667,0.9160410859146897,0.9960787168913122,0.037417125209640384,0.21990617259825732
Qwen__Qwen3-4B-Instruct-2507__ES-silver-filtered__ES-silver-filtered,en_bt,City,83,0.0680396142135199,0.23869902074249294,0.1184042181932451,0.28323748246245684,0.8116186189364238,0.814803622573255,0.8130745815943523,0.7803917268672621,0.8915454680661121,0.9807893792254418,0.10209208310497433,0.03685152036540729
Qwen__Qwen3-4B-Instruct-2507__ES-silver-filtered__ES-silver-filtered,en_bt,ComicsCharacter,30,0.4846220664586304,0.5939027041216051,0.5931896437766379,0.6530576170459307,0.8828126351038615,0.8810076296329499,0.8817526618639628,0.9020445068677266,0.9224091231822967,0.9884626422198088,0.054613007970704265,0.4862276356179634
Qwen__Qwen3-4B-Instruct-2507__ES-silver-filtered__ES-silver-filtered,en_bt,Company,66,0.34100794700676845,0.4919514590353012,0.4233670002812124,0.5448519865515706,0.8981218915997129,0.893202394247055,0.8955219270605029,0.8720384176933405,0.9192576706409454,0.9807269192035163,0.07295312120027521,0.3987539732644786
Qwen__Qwen3-4B-Instruct-2507__ES-silver-filtered__ES-silver-filtered,en_bt,Film,264,0.37654802892153444,0.5442456199406734,0.5373035759009278,0.6162608252605546,0.887165231912425,0.8901359578876784,0.8884516974741762,0.8483006836790027,0.9176801467935244,1.0000755273873418,0.06320200462129293,0.43411061438578435
Qwen__Qwen3-4B-Instruct-2507__ES-silver-filtered__ES-silver-filtered,en_bt,Food,46,0.08442643164384231,0.1812926337554276,0.12583948894149627,0.32341516904747925,0.8158571927443795,0.8224566902803339,0.8189982175827026,0.7438895689404529,0.9174014407655467,0.971847176153119,0.06697927157658952,0.10879266810991409
Qwen__Qwen3-4B-Instruct-2507__ES-silver-filtered__ES-silver-filtered,en_bt,MeanOfTransportation,58,0.2896243670564914,0.4823654395162269,0.42957773471987637,0.5237697695979356,0.8805044355063603,0.8839701671024849,0.8820642500088133,0.8318363798075709,0.9097910749501196,0.9540324696147676,0.08581867362700005,0.351165280925255
Qwen__Qwen3-4B-Instruct-2507__ES-silver-filtered__ES-silver-filtered,en_bt,Monument,46,0.37646943267640937,0.4754127576441284,0.43441765886516337,0.5974324860409337,0.8462463500707046,0.8507133696390234,0.8483050919097402,0.8635594378346982,0.9254882970581884,0.9780800709564046,0.06972741422130746,0.40200760213181125
Qwen__Qwen3-4B-Instruct-2507__ES-silver-filtered__ES-silver-filtered,en_bt,MusicalWork,290,0.3213861281896439,0.5134722761813634,0.4789637743001593,0.5507812498239759,0.8655501271116323,0.865989591952028,0.865571059235211,0.8494340867831789,0.9119723126806062,0.9867247161491018,0.08281046860905704,0.3759540357676373
Qwen__Qwen3-4B-Instruct-2507__ES-silver-filtered__ES-silver-filtered,en_bt,Politician,29,0.5153798624703264,0.6133822307957985,0.6246151528573316,0.6963908467263655,0.9025477951970594,0.8982856376417752,0.9002242704917645,0.9128216422837356,0.9165355419290477,0.9661692601276947,0.08728044170017857,0.5343974199113329
Qwen__Qwen3-4B-Instruct-2507__ES-silver-filtered__ES-silver-filtered,en_bt,Scientist,259,0.26901519934441714,0.45254028427446685,0.3732056127072521,0.5065021002729643,0.8915967023050463,0.8906106902825787,0.8909100878652919,0.828744645974811,0.9025754730673831,0.9762028345588077,0.07276006545096543,0.3164507559717958
Qwen__Qwen3-4B-Instruct-2507__ES-silver-filtered__ES-silver-filtered,en_bt,SportsTeam,44,0.18718848910600114,0.37165292148696183,0.32420279991970347,0.5058545567531972,0.8655464378270236,0.8645382428711111,0.8649403019384905,0.8689837658947165,0.9154351367191835,0.924716684148951,0.08753319860799111,0.19625218526130608
Qwen__Qwen3-4B-Instruct-2507__ES-silver-filtered__ES-silver-filtered,en_bt,University,90,0.3613548551666402,0.43405471419674924,0.41927914842840225,0.5633796631315692,0.8973687993155586,0.8952214943038093,0.8961648364861806,0.873565012216568,0.9103083021110958,1.0002287692897545,0.05350584706233675,0.501257977817332
Qwen__Qwen3-4B-Instruct-2507__ES-silver-filtered__ES-silver-filtered,en_bt,WrittenWork,43,0.6501630200342953,0.7356287397599732,0.6922175176559405,0.7404119870908034,0.9240637587946515,0.9246606383212778,0.9243011058763017,0.9237569847772288,0.906443249347598,0.9713482095069245,0.048352187621202074,0.7003605883499062
Qwen__Qwen3-4B-Instruct-2507__ES-silver-filtered__ES-silver-filtered,es,Airport,95,0.5292839446794856,0.6478916997927416,0.6471914531045772,0.6971102943037065,0.9047505755173533,0.900195252267938,0.9023545616551449,0.9391256928443908,0.9366908932987013,0.9957139891593023,0.061944626634702765,0.5672547643113628
Qwen__Qwen3-4B-Instruct-2507__ES-silver-filtered__ES-silver-filtered,es,Artist,109,0.6229152679713703,0.7752650992844953,0.7422628382769447,0.7757344437697219,0.9408073993997836,0.9399953063474883,0.9402925552578147,0.953754218346482,0.9377178238072527,0.9825912891943358,0.05619271899958884,0.6345843756315995
Qwen__Qwen3-4B-Instruct-2507__ES-silver-filtered__ES-silver-filtered,es,Astronaut,82,0.6386854273354352,0.7576424563682149,0.7346861799429087,0.7468372632522013,0.9352547722618755,0.9283293681900676,0.9316250885405192,0.9489573858133177,0.9356506554091849,0.9804338157913542,0.0927358746234033,0.6666139338870805
Qwen__Qwen3-4B-Instruct-2507__ES-silver-filtered__ES-silver-filtered,es,Athlete,50,0.5842677746693472,0.731124210815071,0.6728785980072719,0.720927561813277,0.9244729363918305,0.9214031291007996,0.9228206741809845,0.9430924654006958,0.9383512616157532,1.000776828030009,0.06271174263888278,0.6169501684950925
Qwen__Qwen3-4B-Instruct-2507__ES-silver-filtered__ES-silver-filtered,es,Building,46,0.6797532062887442,0.6626971346374726,0.707736333774249,0.7508916369287085,0.9070762227410856,0.9048413919365924,0.9058885781661324,0.9512292146682739,0.9469335921432661,0.9897558768582185,0.04819165926788882,0.6790910828656017
Qwen__Qwen3-4B-Instruct-2507__ES-silver-filtered__ES-silver-filtered,es,CelestialBody,49,0.6073943767318201,0.7056851217695046,0.6994057803961838,0.765533651917925,0.9241941352279819,0.9157662160542547,0.9198697136372936,0.9507387450763157,0.9396085702643102,0.9910714428930582,0.04020328010941108,0.6034896429735623
Qwen__Qwen3-4B-Instruct-2507__ES-silver-filtered__ES-silver-filtered,es,City,83,0.340475115180622,0.5541739148338783,0.49035224917285286,0.5572935776422505,0.8556001150464437,0.8572234489831579,0.8562688554625913,0.9077205607690007,0.9237589398062372,0.9651356695937126,0.0821220243628376,0.359928396713084
Qwen__Qwen3-4B-Instruct-2507__ES-silver-filtered__ES-silver-filtered,es,ComicsCharacter,30,0.46994651471126836,0.5730904064043608,0.5624851663354126,0.6664619347101509,0.8920903186003367,0.8818738440672557,0.8868808507919311,0.9184257427851359,0.9403898060321808,0.9863305596542952,0.04643694552695348,0.4800740523515487
Qwen__Qwen3-4B-Instruct-2507__ES-silver-filtered__ES-silver-filtered,es,Company,66,0.5965550689733256,0.7053084524763026,0.6919394002641238,0.7454434080064075,0.9190187508409674,0.9177626687468905,0.9181747499740485,0.9381039576096968,0.9427222167000626,0.9843067598151315,0.06295787373953664,0.593107765816923
Qwen__Qwen3-4B-Instruct-2507__ES-silver-filtered__ES-silver-filtered,es,Film,264,0.33823461707100894,0.4891411722355215,0.4888465605327375,0.5637999725844569,0.856012058754762,0.8573317886753515,0.8565089790658518,0.866839835138032,0.902482369632432,1.0063490715148575,0.057694725826362044,0.3207426830007145
Qwen__Qwen3-4B-Instruct-2507__ES-silver-filtered__ES-silver-filtered,es,Food,46,0.45690393410208213,0.6030160302546979,0.5540554451582492,0.6046115216179596,0.8888924108899158,0.8728163967961851,0.880548551030781,0.9318904332492662,0.9536055870678114,0.93418925584799,0.08426660692139594,0.4406708234419588
Qwen__Qwen3-4B-Instruct-2507__ES-silver-filtered__ES-silver-filtered,es,MeanOfTransportation,58,0.5425549940804131,0.6877129563650726,0.6667503626306506,0.7289832363586586,0.9184425545149836,0.9148552417755127,0.9165102305083439,0.9322293164401219,0.9367142771852428,0.976609728137524,0.058951605094254365,0.5689535177203469
Qwen__Qwen3-4B-Instruct-2507__ES-silver-filtered__ES-silver-filtered,es,Monument,46,0.6125772224326642,0.6683527104980059,0.687852062045621,0.7341968580298759,0.8992165871288466,0.8936332710411238,0.8963698291260264,0.9533266813858695,0.9443558052830074,0.9628716840821382,0.0716060252393917,0.592706758858619
Qwen__Qwen3-4B-Instruct-2507__ES-silver-filtered__ES-silver-filtered,es,MusicalWork,290,0.39097591409954047,0.5848021445590075,0.5785376043827585,0.6172341033809894,0.8702578078056203,0.8754787498507006,0.8726874359722795,0.9048782597328054,0.9285466068777545,0.9966287779069827,0.07859411760318388,0.4043383575853086
Qwen__Qwen3-4B-Instruct-2507__ES-silver-filtered__ES-silver-filtered,es,Politician,29,0.5792530578659615,0.6430763260158625,0.6702289797378624,0.7289309302698723,0.902191712938506,0.8944223502586628,0.8981074094772339,0.9238335757419981,0.9338084089344946,0.9923516435862069,0.052382788856599964,0.5875009322172433
Qwen__Qwen3-4B-Instruct-2507__ES-silver-filtered__ES-silver-filtered,es,Scientist,259,0.5443243719870424,0.7054278133265036,0.6698037545168178,0.7077757836266817,0.9174152474605899,0.908113478463589,0.9125626397869302,0.9216254493904851,0.9306655268411379,0.9534388861004353,0.08290917239592327,0.5409145267835022
Qwen__Qwen3-4B-Instruct-2507__ES-silver-filtered__ES-silver-filtered,es,SportsTeam,44,0.5454689951941573,0.6357085389966461,0.677224722839981,0.729751450367462,0.9030353887514635,0.9020211845636368,0.902455366470597,0.9537822739644484,0.9436408552256498,0.9597314829147803,0.08139173173327381,0.5490850990221829
Qwen__Qwen3-4B-Instruct-2507__ES-silver-filtered__ES-silver-filtered,es,University,90,0.6153750298248195,0.6957617290236497,0.6966986669225275,0.7525167512514486,0.9257541292243534,0.9248293863402473,0.9251543892754449,0.9605804012881385,0.939360773563385,0.9918784877424435,0.057219168280355844,0.6270512082929124
Qwen__Qwen3-4B-Instruct-2507__ES-silver-filtered__ES-silver-filtered,es,WrittenWork,43,0.5395327027903776,0.6947628866547002,0.7007547335321239,0.6964725948762875,0.9014668991399366,0.9098042499187381,0.9054563696994338,0.9145236278689185,0.9293349357538445,1.0361774599491431,0.0731817869862812,0.5586079143890429
Qwen__Qwen3-4B-Instruct-2507__ES-silver__ES-silver,ca,Airport,95,0.3054977901080521,0.5401031056515653,0.4622549308966183,0.5671172347192492,0.8663066098564549,0.8622307087245741,0.8641195598401521,0.9070744596029583,0.9326747718610262,0.9497399145301825,0.10334306842223025,0.3222332739319341
Qwen__Qwen3-4B-Instruct-2507__ES-silver__ES-silver,ca,Artist,109,0.4334035482559461,0.6566020162987004,0.592248515890195,0.663443440571181,0.9049817908794509,0.9007250595530238,0.902677976210183,0.9213807637538385,0.9380132227862646,0.9839236532091896,0.06818192707826276,0.4583594032992224
Qwen__Qwen3-4B-Instruct-2507__ES-silver__ES-silver,ca,Astronaut,82,0.46982579910846356,0.6376791875168052,0.5775496441491688,0.6473922196369511,0.8900086363641228,0.8924349284753567,0.8910412308646412,0.9140251780428538,0.9362252296471014,0.983158712538005,0.09734004074064313,0.44327314435826265
Qwen__Qwen3-4B-Instruct-2507__ES-silver__ES-silver,ca,Athlete,50,0.3950839054161144,0.6309337010683607,0.5413532356500058,0.6394848469941286,0.8874477577209473,0.8862197637557984,0.886664445400238,0.9039057755470276,0.9425947535037994,0.9766438832362024,0.0774304637708685,0.3928100351701314
Qwen__Qwen3-4B-Instruct-2507__ES-silver__ES-silver,ca,Building,46,0.47304080755017885,0.5161067413468268,0.5742736406250356,0.6229835921573117,0.8589534137559973,0.857049268224965,0.857894522988278,0.9044528266657954,0.9381838959196339,0.9965058894880028,0.04874444949117885,0.4823176073546695
Qwen__Qwen3-4B-Instruct-2507__ES-silver__ES-silver,ca,CelestialBody,49,0.411274306489669,0.63225937489359,0.5640019010762903,0.681213239487674,0.9046889044800583,0.8988724265779767,0.9017059231291011,0.9247294323784965,0.936789798493288,0.9781818221046671,0.043653151803044486,0.4084833519409545
Qwen__Qwen3-4B-Instruct-2507__ES-silver__ES-silver,ca,City,83,0.26584241424756394,0.48584542368649086,0.4302079481640274,0.5028374525340903,0.8496934886438301,0.8380564400948673,0.843654456626938,0.8584824958479548,0.9273295316351465,0.9400307122829954,0.09737412507797083,0.2545848105556619
Qwen__Qwen3-4B-Instruct-2507__ES-silver__ES-silver,ca,ComicsCharacter,30,0.3218521282689231,0.4765103788940118,0.4469190397226556,0.5077917431506792,0.8522242565949758,0.852519820133845,0.8521898090839386,0.8829111595948537,0.909216986099879,0.9582878169984093,0.07376510822445607,0.3297387160601648
Qwen__Qwen3-4B-Instruct-2507__ES-silver__ES-silver,ca,Company,66,0.331389066670531,0.560923616519102,0.46285958534249144,0.5886362348174056,0.8880594977826783,0.8781219567313339,0.8828742603460947,0.8982331129637632,0.9365505377451578,0.9640275258266772,0.08411913800129624,0.3142802056661073
Qwen__Qwen3-4B-Instruct-2507__ES-silver__ES-silver,ca,Film,264,0.3355445110540362,0.508614764568472,0.4840884421868273,0.5693697997151314,0.8475997377977227,0.8478144682718046,0.8474824223102946,0.8587124239314686,0.9286369107889406,0.9775381907992569,0.07249659055881041,0.3308693358065205
Qwen__Qwen3-4B-Instruct-2507__ES-silver__ES-silver,ca,Food,46,0.22620683792868987,0.46247322255519246,0.3652716043992444,0.46664902354068494,0.8286315150882887,0.8301549204017805,0.8292540117450382,0.8422587488008582,0.9383949689243151,0.9777104904185091,0.06296869035735217,0.26618094835326017
Qwen__Qwen3-4B-Instruct-2507__ES-silver__ES-silver,ca,MeanOfTransportation,58,0.341676461782697,0.5737008908338023,0.5430379573986395,0.6017382072428711,0.8726160464615658,0.8805925907759831,0.8762087893897089,0.881571672086058,0.926638897123008,1.06525483208903,0.15461722977807618,0.3548141993328319
Qwen__Qwen3-4B-Instruct-2507__ES-silver__ES-silver,ca,Monument,46,0.2869419322781361,0.47083061443125673,0.43658209152256083,0.5666989475852068,0.8416046150352644,0.8368901260521101,0.8390998607096465,0.9068515482156173,0.9365007359048595,1.0339617100990157,0.0818615735120069,0.2881625223983054
Qwen__Qwen3-4B-Instruct-2507__ES-silver__ES-silver,ca,MusicalWork,290,0.29086443603676154,0.4920919596759451,0.46596674503785623,0.5286091662191651,0.8427885176806614,0.844343349851411,0.8433245662985177,0.874267501666628,0.9205065667629242,0.9856949915445812,0.09751568465833962,0.2962766647621314
Qwen__Qwen3-4B-Instruct-2507__ES-silver__ES-silver,ca,Politician,29,0.3415306901283626,0.5222025773965605,0.48154196593639564,0.5719370591063982,0.8719764845124607,0.86706876960294,0.8692492678247649,0.8953565112475691,0.9329011419723774,0.9710740261914352,0.0907318650179619,0.33985606498156945
Qwen__Qwen3-4B-Instruct-2507__ES-silver__ES-silver,ca,Scientist,259,0.4290435718307015,0.6334463135247739,0.5828604304263781,0.6621024973677998,0.9000413645648588,0.8906680267289798,0.8950190907739765,0.9085375563058153,0.936339237745204,0.9717687085269954,0.08264781320062929,0.4238599408246514
Qwen__Qwen3-4B-Instruct-2507__ES-silver__ES-silver,ca,SportsTeam,44,0.14992755157214221,0.31303491820644425,0.2812026927493237,0.4210151018394084,0.8360280326821588,0.8138838898051869,0.824693658135154,0.876188184727322,0.9254292181947015,0.8927719474401375,0.12957813943632282,0.16619867875278732
Qwen__Qwen3-4B-Instruct-2507__ES-silver__ES-silver,ca,University,90,0.4827859389320378,0.6218448096556654,0.5957386709188767,0.6995253370387792,0.9071538786093394,0.9015303783946567,0.904175160990821,0.9370441608958774,0.9396198716428544,0.98130338183302,0.08375722622349165,0.5041585371108193
Qwen__Qwen3-4B-Instruct-2507__ES-silver__ES-silver,ca,WrittenWork,43,0.45841195071410845,0.5896108599293708,0.5368516744615184,0.5967650905859725,0.8825376269429229,0.8827249449352885,0.882525622844696,0.8950719999712567,0.9238452259884324,1.0048122732279772,0.06759193279841741,0.49684406716537005
Qwen__Qwen3-4B-Instruct-2507__ES-silver__ES-silver,en,Airport,95,0.4897771638072209,0.6471684851237762,0.6320074797896694,0.6940113116832872,0.8959687483938117,0.8988293999119809,0.8972675066245229,0.9332678499974703,0.9215086014647232,0.9782504900468203,0.07504426471387597,0.4946658221373001
Qwen__Qwen3-4B-Instruct-2507__ES-silver__ES-silver,en,Artist,109,0.5780256621833103,0.7616802663080922,0.7141718383603037,0.7615823696981553,0.9287726425249642,0.9306061776406175,0.9296108057739538,0.9409202479441231,0.9123424756417581,0.9887467304584573,0.05708460939414981,0.5856444476742587
Qwen__Qwen3-4B-Instruct-2507__ES-silver__ES-silver,en,Astronaut,82,0.5600661039018607,0.6921436916110019,0.6454609420673099,0.6890534231662924,0.915659833972047,0.9039004147052765,0.9094245055826699,0.93579594972657,0.9131201323939533,0.956117935259636,0.08475220316622972,0.5705444779134698
Qwen__Qwen3-4B-Instruct-2507__ES-silver__ES-silver,en,Athlete,50,0.5910304978645321,0.7663929123575134,0.7041310566457778,0.7521358658420688,0.9277297341823578,0.9241098129749298,0.9257914817333222,0.9483937489986419,0.9169267666339874,0.9910073490948902,0.04684758078111888,0.5817094362533421
Qwen__Qwen3-4B-Instruct-2507__ES-silver__ES-silver,en,Building,46,0.5413297599502378,0.6339442113576705,0.6679668005976007,0.6916116764952452,0.896866059821585,0.889678567647934,0.8932223216347073,0.9359794634839763,0.939158470734306,0.971239472200285,0.047646106819039594,0.5375907933549036
Qwen__Qwen3-4B-Instruct-2507__ES-silver__ES-silver,en,CelestialBody,49,0.6961678638828456,0.7785563984138911,0.7669557035069883,0.8264431708115956,0.9410838703719937,0.9384297874509072,0.9397302744339924,0.970734779932061,0.9312259104787087,0.9851072433147561,0.03384979396860673,0.6704020188778683
Qwen__Qwen3-4B-Instruct-2507__ES-silver__ES-silver,en,City,83,0.35942453745917724,0.5563824125546426,0.5253546630396791,0.5793576766732876,0.8653520331325302,0.8611752994089241,0.8630632794046976,0.9017388619572283,0.9076237577989877,0.9507617196933239,0.09216549103056415,0.35909125403299347
Qwen__Qwen3-4B-Instruct-2507__ES-silver__ES-silver,en,ComicsCharacter,30,0.3804315529832809,0.5415039650406162,0.5386491154533696,0.6033959990910863,0.8653633813063304,0.8633337239424388,0.8642541070779165,0.89052694439888,0.9188950022061666,0.9686212869491817,0.07403744909000358,0.4050072681430883
Qwen__Qwen3-4B-Instruct-2507__ES-silver__ES-silver,en,Company,66,0.539859231432449,0.693579115604819,0.6540740937819496,0.7141553999097155,0.925025589538343,0.9125251733895504,0.9185423137563647,0.9332471047386979,0.920834299289819,0.9728843512628323,0.06740935545013878,0.5226709552132348
Qwen__Qwen3-4B-Instruct-2507__ES-silver__ES-silver,en,Film,264,0.49768766797647973,0.6638070797894784,0.6555676808354803,0.7059224759142586,0.9023835250374043,0.9001753282817927,0.9011032728083206,0.9086223111459704,0.9170661089998303,0.9746293159689944,0.05549729465455974,0.5011485021223565
Qwen__Qwen3-4B-Instruct-2507__ES-silver__ES-silver,en,Food,46,0.3191136381679574,0.5366191634336315,0.4566388596802105,0.5538470254782993,0.8773665622524593,0.864837453417156,0.8709653032862622,0.9184846230175184,0.9426808771879777,0.935097352628857,0.0857071678908534,0.3422483626369451
Qwen__Qwen3-4B-Instruct-2507__ES-silver__ES-silver,en,MeanOfTransportation,58,0.5423997412235014,0.7257065657270838,0.7078585258988982,0.7156411540364226,0.9290433320505865,0.9201233469206711,0.9244528042859045,0.9373774703206688,0.9117878305500952,0.9534938938669871,0.07706771533865514,0.5436834893562825
Qwen__Qwen3-4B-Instruct-2507__ES-silver__ES-silver,en,Monument,46,0.5394961888662742,0.648290803223435,0.5924973341291128,0.6953312798807214,0.8731303279814513,0.8539023127244867,0.863280035879301,0.928302359321843,0.941590455563172,0.915282715759584,0.09670026524736287,0.5140152409582217
Qwen__Qwen3-4B-Instruct-2507__ES-silver__ES-silver,en,MusicalWork,290,0.42605810327066157,0.6346330193285732,0.6182186774173729,0.6401892377613995,0.88107352010135,0.8785114590463967,0.8795709291408802,0.898530639040059,0.9128332242883485,0.9607672313881863,0.08546996451246447,0.43287821868750576
Qwen__Qwen3-4B-Instruct-2507__ES-silver__ES-silver,en,Politician,29,0.5849475965986295,0.6616636095129188,0.6791275018281742,0.7315281921431167,0.903488839494771,0.9031578960089848,0.903213030305402,0.9233031663401373,0.9176453989127586,0.9890705622293712,0.07128513050942302,0.6105027548586905
Qwen__Qwen3-4B-Instruct-2507__ES-silver__ES-silver,en,Scientist,259,0.5950253742099622,0.7364063822145906,0.6941708945395059,0.7366322292944426,0.9291926164424558,0.9205167703186683,0.9247084167933372,0.9373393431593553,0.9080345780232698,0.9646187485616442,0.06498861746835881,0.5878900156314866
Qwen__Qwen3-4B-Instruct-2507__ES-silver__ES-silver,en,SportsTeam,44,0.49598982973799094,0.6346401380210287,0.6398127293776454,0.7044655829103986,0.8970303359356794,0.8976355763998899,0.8972307524897836,0.9489584727720781,0.9304682070558722,0.9754673351555909,0.07381986018266537,0.4958256419337959
Qwen__Qwen3-4B-Instruct-2507__ES-silver__ES-silver,en,University,90,0.6638217717996877,0.7385813619359028,0.7574410733400665,0.8036425160173385,0.9325268387794494,0.9323895096778869,0.9323638088173336,0.9691173321670956,0.9280012044641707,0.9818410618837466,0.04421411038392942,0.65255697606685
Qwen__Qwen3-4B-Instruct-2507__ES-silver__ES-silver,en,WrittenWork,43,0.6794722176878844,0.7488056728240404,0.7547331692776083,0.7794290455408921,0.9224612033644388,0.9261056295661039,0.9241174986196119,0.9366737479387328,0.9072304312572923,1.0077735233268854,0.0700664755638776,0.6820438703792283
Qwen__Qwen3-4B-Instruct-2507__ES-silver__ES-silver,en_bt,Airport,95,0.46495309997433076,0.6294304758698881,0.6233602809651005,0.6646523367977281,0.892935920389075,0.8941310775907416,0.8934125580285724,0.9306953172934683,0.9198528170585633,0.9859460454630621,0.06832314663276513,0.47784442418110856
Qwen__Qwen3-4B-Instruct-2507__ES-silver__ES-silver,en_bt,Artist,109,0.516100340411263,0.7564051144593421,0.7102846312611165,0.7527022300958958,0.9246460024369966,0.9314211459334837,0.9279171501824616,0.9404183494935342,0.9118407439748082,1.0011426424230476,0.05128960219544613,0.5222795285296746
Qwen__Qwen3-4B-Instruct-2507__ES-silver__ES-silver,en_bt,Astronaut,82,0.5790580524929335,0.7112090120314606,0.6727459132284542,0.7064213313466622,0.9226889130545826,0.9127516404884618,0.9173631995189481,0.941981926196959,0.9137908627347249,0.9543165347558566,0.08508972163703513,0.5766133084946489
Qwen__Qwen3-4B-Instruct-2507__ES-silver__ES-silver,en_bt,Athlete,50,0.6221480348197292,0.7820931516615695,0.7452699197369925,0.7790405686274039,0.9322421705722809,0.93121533036232,0.9316850054264069,0.9521188485622406,0.9184620308876038,0.9936166272996714,0.05523071826781956,0.6135350274545504
Qwen__Qwen3-4B-Instruct-2507__ES-silver__ES-silver,en_bt,Building,46,0.5954003157286585,0.6552609716088795,0.7020102043971276,0.7207247755618019,0.9025169701679893,0.9010488015154133,0.9017164707183838,0.9437257958495099,0.9403275627156963,0.9705623706199351,0.05146565746152314,0.5989056759338822
Qwen__Qwen3-4B-Instruct-2507__ES-silver__ES-silver,en_bt,CelestialBody,49,0.6636854312266767,0.7686119768742161,0.748400383871368,0.8049455667280886,0.9386577423737974,0.9362890951487483,0.9374362388435675,0.9709230722213278,0.9299007897474327,0.977768781924129,0.03397685765135524,0.6413411448902855
Qwen__Qwen3-4B-Instruct-2507__ES-silver__ES-silver,en_bt,City,83,0.36171178811958205,0.5769531471406106,0.5204938759348321,0.5703078611581027,0.8696244588817459,0.8633068275738911,0.8662408949380898,0.9011727147791759,0.9088601742882326,0.9406031373776796,0.10669900860205432,0.36386420822189613
Qwen__Qwen3-4B-Instruct-2507__ES-silver__ES-silver,en_bt,ComicsCharacter,30,0.4302156493790401,0.5653848266322068,0.5605893313364463,0.6331876781023826,0.8719196438789367,0.8772534251213073,0.8744825839996337,0.9008715927600861,0.9234647532304128,1.005571486254081,0.07504595478738231,0.45005764296498585
Qwen__Qwen3-4B-Instruct-2507__ES-silver__ES-silver,en_bt,Company,66,0.5511953214801014,0.6961161526326145,0.660176864668,0.7128771418497065,0.9209360895734845,0.9154900682694984,0.9180069222594752,0.9343518217404684,0.9204704418326869,0.9658202761556192,0.058620656557741936,0.5340645527977512
Qwen__Qwen3-4B-Instruct-2507__ES-silver__ES-silver,en_bt,Film,264,0.5384281489566225,0.684964898017599,0.6802693087673836,0.7283378770868509,0.9063106707551263,0.9067324183203957,0.9063550001292517,0.9132535405682795,0.9177011341759653,0.9792281535099626,0.05409320379223739,0.5370921444110767
Qwen__Qwen3-4B-Instruct-2507__ES-silver__ES-silver,en_bt,Food,46,0.33912081928778354,0.5499205173915584,0.49008239936471815,0.5730905150323651,0.8762944094512773,0.8691097783005756,0.8724912819655045,0.9186847598656364,0.9419881040635316,0.9624989939933271,0.08661871085861106,0.3618836440999885
Qwen__Qwen3-4B-Instruct-2507__ES-silver__ES-silver,en_bt,MeanOfTransportation,58,0.524010536206774,0.7073049666239315,0.6940293043284007,0.6998513519571419,0.9236158214766403,0.9148919674856909,0.9190912431684034,0.9342649764028089,0.9106551398491037,0.941529992502532,0.08090343221775062,0.543802968273798
Qwen__Qwen3-4B-Instruct-2507__ES-silver__ES-silver,en_bt,Monument,46,0.5654665639751174,0.6723666151931014,0.6268014615202446,0.7297523212880858,0.8814413521600806,0.8736189694508262,0.8773644009362096,0.9364631720211195,0.9405381705449976,0.9468792770438751,0.08687214642475254,0.5527527072278882
Qwen__Qwen3-4B-Instruct-2507__ES-silver__ES-silver,en_bt,MusicalWork,290,0.43754909609204895,0.6421113828837259,0.6369557083920198,0.6505221141888461,0.8819806399016544,0.8823128496778423,0.8819441359618615,0.9016911888944692,0.9119743193018025,0.965181216578894,0.07937120911656621,0.4454302365993975
Qwen__Qwen3-4B-Instruct-2507__ES-silver__ES-silver,en_bt,Politician,29,0.5973525689855721,0.6706405258431145,0.700091849206634,0.7563799899689483,0.9044807471078018,0.9071348515050165,0.9056737710689676,0.9290131741556628,0.9191260152849657,0.9947140597510864,0.06870875129287789,0.6107049927342033
Qwen__Qwen3-4B-Instruct-2507__ES-silver__ES-silver,en_bt,Scientist,259,0.5968143023432105,0.7424333066108675,0.7116918627442076,0.7458606966722704,0.9300316213180659,0.9247834861968935,0.9272849783013686,0.9394519545396782,0.9079374024306485,0.9688434476498236,0.06305425934149882,0.5867410388647836
Qwen__Qwen3-4B-Instruct-2507__ES-silver__ES-silver,en_bt,SportsTeam,44,0.5164230557910227,0.644614725817993,0.6418382086702552,0.7141930019441016,0.8956105614250357,0.8957354494116523,0.8955717737024481,0.9479741007089615,0.9313582236116583,0.9893623119259023,0.07617760603788254,0.5293645480670565
Qwen__Qwen3-4B-Instruct-2507__ES-silver__ES-silver,en_bt,University,90,0.6150727192038151,0.7168316504253669,0.7255370876588347,0.783362906058251,0.931381658050749,0.9247672670417362,0.9279557757907444,0.9644740157657199,0.9260605242517259,0.9806708454973846,0.053310443429091414,0.6217658881534969
Qwen__Qwen3-4B-Instruct-2507__ES-silver__ES-silver,en_bt,WrittenWork,43,0.6580627881046389,0.7429564524052414,0.7348969149433016,0.7648441302880244,0.9190911415011384,0.9262303238691285,0.922497057637503,0.9309243961822155,0.9073300985402839,0.9966675205206148,0.08266820072922215,0.682516261980382
Qwen__Qwen3-4B-Instruct-2507__ES-silver__ES-silver,es,Airport,95,0.5524269924424081,0.6711693088206128,0.6712098245396948,0.7097527810905122,0.9121501847317345,0.9054919456180773,0.9087151590146516,0.9436282252010546,0.9369612235771982,0.9839601907789057,0.06464562688381721,0.5842608232384227
Qwen__Qwen3-4B-Instruct-2507__ES-silver__ES-silver,es,Artist,109,0.6356169626821939,0.7782143314640764,0.7459775305662462,0.7800147521673713,0.9437474810749019,0.939362904347411,0.9414243812954753,0.9534703197829221,0.9383888589132816,0.9770366074406156,0.05813372197558067,0.6646342587778613
Qwen__Qwen3-4B-Instruct-2507__ES-silver__ES-silver,es,Astronaut,82,0.6568988080040179,0.7675392202596983,0.7467993360136137,0.7576078302789637,0.9356550668797842,0.9293632042117235,0.932394399148662,0.9472829888506633,0.9352129937672033,0.9682947147639721,0.07904517976712798,0.6882216764141148
Qwen__Qwen3-4B-Instruct-2507__ES-silver__ES-silver,es,Athlete,50,0.5967617140396192,0.7402582831002574,0.6820373389991974,0.7310888254279816,0.9245449423789978,0.920853191614151,0.9225815403461456,0.9407749044895172,0.9377825736999512,1.0035139049366029,0.06626390492530675,0.6382982849360737
Qwen__Qwen3-4B-Instruct-2507__ES-silver__ES-silver,es,Building,46,0.6482108984777585,0.6344082317060894,0.7054119736323965,0.7372434620348562,0.8983484247456426,0.8977142961128898,0.8979960667050403,0.9463485155416571,0.9477133465849835,1.0002549433903856,0.05586746169534767,0.6339193138557417
Qwen__Qwen3-4B-Instruct-2507__ES-silver__ES-silver,es,CelestialBody,49,0.5930835059631977,0.6928811862518307,0.7010555390684783,0.76972182924318,0.9212275159602262,0.9127722601501309,0.9169068348651029,0.9461436502787531,0.9408208642687116,0.9873518487010149,0.03397975396421256,0.5792418096546078
Qwen__Qwen3-4B-Instruct-2507__ES-silver__ES-silver,es,City,83,0.374570081455838,0.5567555996723937,0.5093052520579878,0.5726612575920436,0.858656604605985,0.8604788212891085,0.8594252661050085,0.9101095285760351,0.9234014993690582,0.966735535409619,0.08158147440365004,0.3807701381501819
Qwen__Qwen3-4B-Instruct-2507__ES-silver__ES-silver,es,ComicsCharacter,30,0.4976291270506629,0.6112124013147048,0.5995798356718988,0.6754387469679337,0.8995259165763855,0.8896243353684743,0.8944583773612976,0.9185501833756765,0.9385094185670216,0.9536661684302862,0.06722523442647753,0.49981325499230245
Qwen__Qwen3-4B-Instruct-2507__ES-silver__ES-silver,es,Company,66,0.6368537928441133,0.7273340286063918,0.7014605498383788,0.7561073118748274,0.9292711886492643,0.9244586581533606,0.9266595461151816,0.9437655174370968,0.9430064649292917,0.9813698988876592,0.06135758724666277,0.6070521548646749
Qwen__Qwen3-4B-Instruct-2507__ES-silver__ES-silver,es,Film,264,0.3304938981789709,0.48738612759206973,0.47757567675345647,0.5550174150530036,0.8530761260877956,0.8538765934380618,0.8533013413349787,0.8643956188902711,0.9004704399090825,1.0033355505932327,0.05403172321895411,0.3165489963087296
Qwen__Qwen3-4B-Instruct-2507__ES-silver__ES-silver,es,Food,46,0.48366573667715246,0.6222039474711893,0.5955389644716379,0.6294990832579402,0.8926176389922267,0.8840185403823853,0.8880777384923852,0.9363227408865223,0.9561504773471666,0.9586107475769255,0.0729862995115407,0.4859453401910918
Qwen__Qwen3-4B-Instruct-2507__ES-silver__ES-silver,es,MeanOfTransportation,58,0.5295017476510983,0.6902850558427521,0.6853192355283293,0.733601379734154,0.9219051332309328,0.9181435765891239,0.9198782115147032,0.9369789762743588,0.9388998315252107,0.9909291756714594,0.0658618547170582,0.5576976510912693
Qwen__Qwen3-4B-Instruct-2507__ES-silver__ES-silver,es,Monument,46,0.6303270386440138,0.6742814467265934,0.6919935205133748,0.7404787981505304,0.9013454188471255,0.8949460452017577,0.8980967700481415,0.9523595571517944,0.9446103300737299,0.9445155195935427,0.0740271601727553,0.6123556017066593
Qwen__Qwen3-4B-Instruct-2507__ES-silver__ES-silver,es,MusicalWork,290,0.39754058991734276,0.5878741266276627,0.5862347470578295,0.6210965201911142,0.8707282832984267,0.8775728696379168,0.8739401667282499,0.9049814606535024,0.9296753593559923,1.0031119932852746,0.08076416666867303,0.41302078796303826
Qwen__Qwen3-4B-Instruct-2507__ES-silver__ES-silver,es,Politician,29,0.6177326823109427,0.6670120823479854,0.7216098854896217,0.7641598321470977,0.9194540299218277,0.9147982843990984,0.9169929212537306,0.9399562457512165,0.9346642083135145,0.9935145921774717,0.04997034496389514,0.6379071416492758
Qwen__Qwen3-4B-Instruct-2507__ES-silver__ES-silver,es,Scientist,259,0.5511077079841122,0.7090467824071758,0.676650474006205,0.7116712228234237,0.9181965564208602,0.9093756576762696,0.9135803897868713,0.922885009450802,0.930382918667149,0.9511749375831914,0.08168354715934706,0.5490169955296309
Qwen__Qwen3-4B-Instruct-2507__ES-silver__ES-silver,es,SportsTeam,44,0.5356705826955738,0.6353251820724641,0.6680289951097906,0.7314656064552524,0.9034917571327903,0.9047050340609117,0.9040344641967253,0.9544912061908029,0.9440812278877605,0.971632696853699,0.07172261354790513,0.5334170061439268
Qwen__Qwen3-4B-Instruct-2507__ES-silver__ES-silver,es,University,90,0.6194592281036062,0.6967343280060384,0.6925719842312182,0.7578199712435034,0.9246790640883975,0.9231338772508834,0.9237676395310296,0.962550840112898,0.9393154793315464,0.9840526502666833,0.05745812363339183,0.638039398163848
Qwen__Qwen3-4B-Instruct-2507__ES-silver__ES-silver,es,WrittenWork,43,0.5053287041185232,0.6891060368276358,0.705963000507812,0.6759260057462501,0.8961127012274986,0.9034808333529982,0.8996142467787099,0.9052141738492389,0.9285769296246905,1.0478222550343212,0.07394287591978826,0.5384968798514118
