variant_id,base_pair_key,record_key,language,language_label,qa_track,corruption_type,severity,declared_size,source_lid,variant_lid,source_triples,clean_target_triples,variant_target_triples,source_text,clean_target_text,variant_target_text,xml_duplicate_target_lex,xml_path,split,triple_bucket,category,eid,is_benign,consistency_group_id,perturbation_pair_id,removed_token_fraction,alternative_reference_lid,alternative_source_text,qa21_instance_key,text_similarity,triple_similarity,predicate_similarity,structured_predicate_review_flag,predicate_pair_count,predicate_alignment_valid,source_target_literal_preservation,source_literal_count,target_triple_count,minimum_triple_coverage,minimum_text_groundedness,textual_unit_count,target_text_literal_retention,target_literal_count,english_literal_eligible,target_literal_full_success,coverage_threshold,groundedness_threshold,coverage_margin,groundedness_margin,english_calibrated_coverage_pass,english_calibrated_groundedness_pass,english_triple_count,english_minimum_triple_coverage,english_minimum_text_groundedness,manual_target_triples_correct,manual_text_adequacy_1_5,manual_all_facts_expressed,manual_unsupported_addition,manual_entities_values_correct,manual_notes
original__ca__754df9c5d9b2,train/3triples/Politician.xml::Id154::Id2,train/3triples/Politician.xml::Id154,ca,Catalan,CLEAN,clean,clean,3,Id2,Id2,"['Albert_Jennings_Fountain | birthPlace | New_York', 'American_Civil_War | commander | Abraham_Lincoln', 'Albert_Jennings_Fountain | battle | American_Civil_War']","['Albert_Jennings_Fountain | LlocDeNaixement | Nova_York', 'Guerra_Civil_dels_Estats_Units | Comandant | Abraham_Lincoln', 'Albert_Jennings_Fountain | Batalla | Guerra_Civil_dels_Estats_Units']","['Albert_Jennings_Fountain | LlocDeNaixement | Nova_York', 'Guerra_Civil_dels_Estats_Units | Comandant | Abraham_Lincoln', 'Albert_Jennings_Fountain | Batalla | Guerra_Civil_dels_Estats_Units']",Albert Jennings Fountain was born in New York and fought in the American Civil War when Abraham Lincoln was a commander.,Albert Jennings Fountain va néixer a Nova York i va lluitar a la Guerra Civil Americana quan Abraham Lincoln era un comandant.,Albert Jennings Fountain va néixer a Nova York i va lluitar a la Guerra Civil Americana quan Abraham Lincoln era un comandant.,False,train/3triples/Politician.xml,train,3triples,Politician,Id154,False,,,,,,original__ca__754df9c5d9b2,0.9951336979866028,0.9746736288070679,0.8428186774253845,0.0,3,True,,0,3,0.5328054428100586,0.6771515607833862,1,,0,False,False,0.33754532784223557,0.4270522966980934,0.19526011496782303,0.2500992640852928,True,True,3,0.5287854075431824,0.6677188873291016,,,,,,
original__ca__0b19b02f4588,train/4triples/Food.xml::Id22::Id1,train/4triples/Food.xml::Id22,ca,Catalan,CLEAN,clean,clean,4,Id1,Id1,"['Arem-arem | country | Indonesia', 'Arem-arem | region | ""Nationwide in Indonesia, but more specific to Java""', 'Indonesia | leader | Joko_Widodo', 'Indonesia | language | Indonesian_language']","['Arem-arem | País | Indonèsia', 'Arem-arem | Regió | Nacional_a_Indonèsia,_però_més_específic_a_Java', 'Indonèsia | Líder | Joko_Widodo', 'Indonèsia | Llengua | Llengua_indonesiana']","['Arem-arem | País | Indonèsia', 'Arem-arem | Regió | Nacional_a_Indonèsia,_però_més_específic_a_Java', 'Indonèsia | Líder | Joko_Widodo', 'Indonèsia | Llengua | Llengua_indonesiana']","Joko Widodo is the leader in Indonesia, where the language is Indonesian. It is also where Arem-arem is served, nationwide but more specific to Java.","Joko Widodo és el líder a Indonèsia, on la llengua és l'indonesi. També és on se serveix Arem-Arem, a tot el país, però més específicament a Java.","Joko Widodo és el líder a Indonèsia, on la llengua és l'indonesi. També és on se serveix Arem-Arem, a tot el país, però més específicament a Java.",False,train/4triples/Food.xml,train,4triples,Food,Id22,False,,,,,,original__ca__0b19b02f4588,0.9902629852294922,0.9758189916610718,0.9388767927885056,0.0,4,True,,0,4,0.6238065958023071,0.654545247554779,2,,0,False,False,0.28582777082920074,0.3673718720674515,0.3379788249731064,0.2871733754873276,True,True,4,0.5950157642364502,0.7233676910400391,,,,,,
original__ca__00a710852bc3,train/2triples/Artist.xml::Id120::Id1,train/2triples/Artist.xml::Id120,ca,Catalan,CLEAN,clean,clean,2,Id1,Id1,"['Alex_Day | genre | Synthpop', 'Synthpop | stylisticOrigin | Pop_music']","['Alex_Day | Gènere | Synthpop', 'Synthpop | OrigenEstilístic | pop']","['Alex_Day | Gènere | Synthpop', 'Synthpop | OrigenEstilístic | pop']",Alex Day performs Synthpop music which is a form of pop music.,Alex Day interpreta música Synthpop que és una forma de música pop.,Alex Day interpreta música Synthpop que és una forma de música pop.,False,train/2triples/Artist.xml,train,2triples,Artist,Id120,False,,,,,,original__ca__00a710852bc3,0.981721818447113,0.8515222072601318,0.6303006410598755,0.0,2,True,,0,2,0.3822503089904785,0.670263409614563,1,,0,False,False,0.4160341203212738,0.4842067241668701,-0.03378381133079528,0.18605668544769288,False,True,2,0.5624253153800964,0.7811405062675476,,,,,,
original__ca__04e1414ec01e,train/2triples/SportsTeam.xml::Id127::Id1,train/2triples/SportsTeam.xml::Id127,ca,Catalan,CLEAN,clean,clean,2,Id1,Id1,"['AZAL_PFK | league | Azerbaijan_Premier_League', 'Azerbaijan_Premier_League | champions | Qarabağ_FK']","['AZAL_PFK | Lliga | lliga_azerbaidjanesa_de_futbol', 'lliga_azerbaidjanesa_de_futbol | Campions | FK_Karabakh_Agdam']","['AZAL_PFK | Lliga | lliga_azerbaidjanesa_de_futbol', 'lliga_azerbaidjanesa_de_futbol | Campions | FK_Karabakh_Agdam']",The AZAL PFK competes in The Azerbaijan Premier League where the championship is held by Qarabag FK.,"L'AZAL PFK competeix a la Premier League de l'Azerbaidjan, on el campionat l'organitza el Qarabag FK.","L'AZAL PFK competeix a la Premier League de l'Azerbaidjan, on el campionat l'organitza el Qarabag FK.",False,train/2triples/SportsTeam.xml,train,2triples,SportsTeam,Id127,False,,,,,,original__ca__04e1414ec01e,0.9671570658683777,0.8968154191970825,0.8492282330989838,0.0,2,True,,0,2,0.5760973691940308,0.6445509195327759,1,,0,False,False,0.4160341203212738,0.4842067241668701,0.16006324887275697,0.16034419536590577,True,True,2,0.6969053745269775,0.7368675470352173,,,,,,
original__ca__b298ce7bde4a,train/2triples/Athlete.xml::Id168::Id1,train/2triples/Athlete.xml::Id168,ca,Catalan,CLEAN,clean,clean,2,Id1,Id1,"['Canada | leader | Elizabeth_II', 'Aaron_Boogaard | birthPlace | Canada']","['Canadà | Líder | Elisabet_II_del_Regne_Unit', 'Aaron_Boogaard | LlocDeNaixement | Canadà']","['Canadà | Líder | Elisabet_II_del_Regne_Unit', 'Aaron_Boogaard | LlocDeNaixement | Canadà']",Canada is led by Elizabeth II and is the birthplace of Aaron Boogaard.,El Canadà està dirigit per Elisabet II i és el lloc de naixement d'Aaron Boogaard.,El Canadà està dirigit per Elisabet II i és el lloc de naixement d'Aaron Boogaard.,False,train/2triples/Athlete.xml,train,2triples,Athlete,Id168,False,,,,,,original__ca__b298ce7bde4a,0.9482520818710327,0.9284197688102722,0.7770597338676453,0.0,2,True,,0,2,0.41426926851272583,0.6004763245582581,1,,0,False,False,0.4160341203212738,0.4842067241668701,-0.0017648518085479625,0.11626960039138795,False,True,2,0.5027690529823303,0.6154333353042603,,,,,,
original__ca__5d1de685a3d0,train/1triples/Athlete_allSolutions.xml::Id105::Id3,train/1triples/Athlete_allSolutions.xml::Id105,ca,Catalan,CLEAN,clean,clean,1,Id3,Id3,['Al-Wakrah_Sport_Club | position | Qatar_Stars_League'],['Club_Esportiu_Al-Wakrah | Posició | Lliga_qatariana_de_futbol'],['Club_Esportiu_Al-Wakrah | Posició | Lliga_qatariana_de_futbol'],Al Wakrah Sport Club play in the Qatar Stars league.,L'Al Wakrah Sport Club juga a la lliga Qatar Stars.,L'Al Wakrah Sport Club juga a la lliga Qatar Stars.,False,train/1triples/Athlete_allSolutions.xml,train,1triples,Athlete,Id105,False,,,,,,original__ca__5d1de685a3d0,0.9747390747070312,0.9287652969360352,0.9113763570785522,0.0,1,True,,0,1,0.7356284260749817,0.7356284856796265,1,,0,False,False,0.5896280944347382,0.5231981992721558,0.1460003316402435,0.21243028640747064,True,True,1,0.7903976440429688,0.7903976440429688,,,,,,
original__ca__d6c6bcc6558d,train/3triples/Artist.xml::Id138::Id2,train/3triples/Artist.xml::Id138,ca,Catalan,CLEAN,clean,clean,3,Id2,Id2,"['Alfredo_Zitarrosa | genre | Candombe', 'Alfredo_Zitarrosa | recordLabel | Orfeo_(Uruguayan_record_label)', 'Alfredo_Zitarrosa | background | ""solo_singer""']","['Alfredo_Zitarrosa | Gènere | candombe', 'Alfredo_Zitarrosa | EtiquetaDelRegistre | Orfeo_(empresa_discogràfica_uruguaiana)', 'Alfredo_Zitarrosa | Antecedents | cantant_en_solitari']","['Alfredo_Zitarrosa | Gènere | candombe', 'Alfredo_Zitarrosa | EtiquetaDelRegistre | Orfeo_(empresa_discogràfica_uruguaiana)', 'Alfredo_Zitarrosa | Antecedents | cantant_en_solitari']","Alfredo Zitarrosa, who started out as a solo singer, is with the Orfeo record label. Alfredo Zitarrosa's musical genre is Candombe.","Alfredo Zitarrosa, que va començar com a cantant en solitari, està amb el segell discogràfic Orfeo.El gènere musical d'Alfredo Zitarrosa és el candombe.","Alfredo Zitarrosa, que va començar com a cantant en solitari, està amb el segell discogràfic Orfeo.El gènere musical d'Alfredo Zitarrosa és el candombe.",False,train/3triples/Artist.xml,train,3triples,Artist,Id138,False,,,,,,original__ca__d6c6bcc6558d,0.9616259336471558,0.944282054901123,0.6772029399871826,0.0,3,True,,0,3,0.5223219394683838,0.6893231272697449,1,,0,False,False,0.33754532784223557,0.4270522966980934,0.18477661162614822,0.26227083057165146,True,True,3,0.6309462785720825,0.6649156212806702,,,,,,
original__ca__6d06c4a6f703,test/rdf-to-text-generation-test-data-with-refs-en.xml::Id968::Id2,test/rdf-to-text-generation-test-data-with-refs-en.xml::Id968,ca,Catalan,CLEAN,clean,clean,1,Id2,Id2,['1147_Stavropolis | discovered | 1929-06-11'],['(1147)_Stavropolis | Descobert | 1929-06-11'],['(1147)_Stavropolis | Descobert | 1929-06-11'],"1147 Stavropolis is an asteroid, discovered on 11 June 1929.","1147 Stavropolis és un asteroide, descobert l'11 de juny de 1929.","1147 Stavropolis és un asteroide, descobert l'11 de juny de 1929.",False,test/rdf-to-text-generation-test-data-with-refs-en.xml,test,rdf-to-text-generation-test-data-with-refs-en.xml,CelestialBody,Id968,False,,,,,,original__ca__6d06c4a6f703,0.9950138926506042,0.8872189521789551,0.9187070727348328,0.0,1,True,1.0,4,1,0.44731202721595764,0.44731202721595764,1,1.0,4,True,True,0.5896280944347382,0.5231981992721558,-0.14231606721878054,-0.07588617205619819,False,False,1,0.5898884534835815,0.5898884534835815,,,,,,
original__ca__9b3f355f00e3,train/3triples/Politician.xml::Id252::Id3,train/3triples/Politician.xml::Id252,ca,Catalan,CLEAN,clean,clean,3,Id3,Id3,"['United_States | ethnicGroup | Native_Americans_in_the_United_States', 'Abraham_A._Ribicoff | birthPlace | Connecticut', 'Abraham_A._Ribicoff | nationality | United_States']","[""Estats_Units_d'Amèrica | GrupÈtnic | amerindis_dels_Estats_Units"", 'Abraham_A._Ribicoff | LlocDeNaixement | Connecticut', ""Abraham_A._Ribicoff | Nacionalitat | Estats_Units_d'Amèrica""]","[""Estats_Units_d'Amèrica | GrupÈtnic | amerindis_dels_Estats_Units"", 'Abraham_A._Ribicoff | LlocDeNaixement | Connecticut', ""Abraham_A._Ribicoff | Nacionalitat | Estats_Units_d'Amèrica""]",Abraham A Ribicoff is from Connecticut which is in the United States where one of the ethnic groups are the Native Americans.,"Abraham A Ribicoff és de Connecticut, que és als Estats Units on un dels grups ètnics són els nadius americans.","Abraham A Ribicoff és de Connecticut, que és als Estats Units on un dels grups ètnics són els nadius americans.",False,train/3triples/Politician.xml,train,3triples,Politician,Id252,False,,,,,,original__ca__9b3f355f00e3,0.9649513959884644,0.9043234586715698,0.7572073936462402,0.0,3,True,,0,3,0.42494145035743713,0.6968994140625,1,,0,False,False,0.33754532784223557,0.4270522966980934,0.08739612251520157,0.2698471173644066,True,True,3,0.5580030679702759,0.6392855644226074,,,,,,
original__ca__0b435c51141a,train/5triples/Food.xml::Id134::Id3,train/5triples/Food.xml::Id134,ca,Catalan,CLEAN,clean,clean,5,Id3,Id3,"['Bhajji | country | India', 'Bhajji | region | Karnataka', 'Bhajji | mainIngredient | ""Gram flour, vegetables""', 'Bhajji | alternativeName | ""Bhaji, bajji""', 'Bhajji | ingredient | Vegetable']","['Bhajji | País | Índia', 'Bhajji | Regió | Karnataka', 'Bhajji | PrincipalIngredient | Farina_de_gram,_verdures', 'Bhajji | NomAlternatiu | Bhaji,_bajji', 'Bhajji | Ingredient | verdura']","['Bhajji | País | Índia', 'Bhajji | Regió | Karnataka', 'Bhajji | PrincipalIngredient | Farina_de_gram,_verdures', 'Bhajji | NomAlternatiu | Bhaji,_bajji', 'Bhajji | Ingredient | verdura']","Bhajji (Bhaji), or bajji, contains vegetables and gram flour; it originates from the Karnataka region of India.","Bhajji (Bhaji), o bajji, conté verdures i farina de gram; s'origina a la regió de Karnataka de l'Índia.","Bhajji (Bhaji), o bajji, conté verdures i farina de gram; s'origina a la regió de Karnataka de l'Índia.",False,train/5triples/Food.xml,train,5triples,Food,Id134,False,,,,,,original__ca__0b435c51141a,0.986143171787262,0.9560956954956055,0.6659187406301499,0.0,5,True,,0,5,0.5239154100418091,0.5805557370185852,1,,0,False,False,0.25082006603479384,0.3705099388957024,0.27309534400701524,0.21004579812288282,True,True,5,0.5390897989273071,0.6189695596694946,,,,,,
original__ca__e94165ee24f6,train/2triples/WrittenWork.xml::Id130::Id1,train/2triples/WrittenWork.xml::Id130,ca,Catalan,CLEAN,clean,clean,2,Id1,Id1,"['Acta_Mathematica_Hungarica | abbreviation | ""Acta Math. Hungar.""', 'Acta_Mathematica_Hungarica | academicDiscipline | Mathematics']","['Acta_Mathematica_Hungarica | Abreviació | Acta_Math._Hungar.', 'Acta_Mathematica_Hungarica | DisciplinaAcadèmica | matemàtiques']","['Acta_Mathematica_Hungarica | Abreviació | Acta_Math._Hungar.', 'Acta_Mathematica_Hungarica | DisciplinaAcadèmica | matemàtiques']","Acta Mathematica Hungarica has the abbreviation of ""Acta Math. Hungar."" and comes under the discipline of Math.","Acta Mathematica Hungarica té l'abreviatura de ""Acta Math. Hungar."" i ve sota la disciplina de Matemàtiques.","Acta Mathematica Hungarica té l'abreviatura de ""Acta Math. Hungar."" i ve sota la disciplina de Matemàtiques.",False,train/2triples/WrittenWork.xml,train,2triples,WrittenWork,Id130,False,,,,,,original__ca__e94165ee24f6,0.9269068241119385,0.9806267023086548,0.8595189154148102,0.0,2,True,,0,2,0.7437360882759094,0.6267026662826538,2,,0,False,False,0.4160341203212738,0.4842067241668701,0.32770196795463563,0.1424959421157837,True,True,2,0.6660881638526917,0.5712634921073914,,,,,,
original__ca__7312edc71dc8,train/2triples/ComicsCharacter.xml::Id12::Id1,train/2triples/ComicsCharacter.xml::Id12,ca,Catalan,CLEAN,clean,clean,2,Id1,Id1,"['Asterix_(comicsCharacter) | creator | René_Goscinny', 'René_Goscinny | nationality | French_people']","['Asterix_(personatge_de_còmics) | Creador | René_Goscinny', 'René_Goscinny | Nacionalitat | Persones_franceses']","['Asterix_(personatge_de_còmics) | Creador | René_Goscinny', 'René_Goscinny | Nacionalitat | Persones_franceses']","The creator of Asterix, a comics character, is René Goscinny, who is French.","El creador d'Astèrix, un personatge de còmics, és René Goscinny, que és francès.","El creador d'Astèrix, un personatge de còmics, és René Goscinny, que és francès.",False,train/2triples/ComicsCharacter.xml,train,2triples,ComicsCharacter,Id12,False,,,,,,original__ca__7312edc71dc8,0.9659709930419922,0.9791659116744995,0.9173658490180969,0.0,2,True,,0,2,0.5858254432678223,0.7324824929237366,1,,0,False,False,0.4160341203212738,0.4842067241668701,0.16979132294654847,0.24827576875686647,True,True,2,0.5441569089889526,0.7415030002593994,,,,,,
original__ca__9fae396347d9,train/2triples/Airport.xml::Id49::Id1,train/2triples/Airport.xml::Id49,ca,Catalan,CLEAN,clean,clean,2,Id1,Id1,"['Agra_Airport | location | Uttar_Pradesh', 'Uttar_Pradesh | isPartOf | Bundelkhand']","[""Aeroport_d'_Agra | Ubicació | Uttar_Pradesh"", 'Uttar_Pradesh | ÉsPartDe | Bundelkhand']","[""Aeroport_d'_Agra | Ubicació | Uttar_Pradesh"", 'Uttar_Pradesh | ÉsPartDe | Bundelkhand']",Agra Airport is in Uttar Pradesh which is part of Bundelkhand.,"L'aeroport d'Agra es troba a Uttar Pradesh, que forma part de Bundelkhand.","L'aeroport d'Agra es troba a Uttar Pradesh, que forma part de Bundelkhand.",False,train/2triples/Airport.xml,train,2triples,Airport,Id49,False,,,,,,original__ca__9fae396347d9,0.9081643223762512,0.975439727306366,0.7338178753852844,0.0,2,True,,0,2,0.6018030643463135,0.7142195701599121,1,,0,False,False,0.4160341203212738,0.4842067241668701,0.18576894402503968,0.230012845993042,True,True,2,0.545906662940979,0.7788659334182739,,,,,,
original__ca__17d7d6049375,train/3triples/Athlete.xml::Id164::Id1,train/3triples/Athlete.xml::Id164,ca,Catalan,CLEAN,clean,clean,3,Id1,Id1,"['Alessio_Romagnoli | club | Italy_national_under-17_football_team', 'Italy_national_under-17_football_team | coach | Alessandro_Dal_Canto', 'Alessio_Romagnoli | club | Italy_national_under-19_football_team']","['Alessio_Romagnoli | Trèvols | Itàlia_sub-17', 'Itàlia_sub-17 | Entrenador | Alessandro_Dal_Canto', 'Alessio_Romagnoli | Trèvols | Itàlia_sub-19']","['Alessio_Romagnoli | Trèvols | Itàlia_sub-17', 'Itàlia_sub-17 | Entrenador | Alessandro_Dal_Canto', 'Alessio_Romagnoli | Trèvols | Itàlia_sub-19']","Alessio Romagnoli plays for the Italy national under-17 football team, which is coached by, Alessandro Dal Canto. Alessio Romagnoli's club is the Italy national under 19 football team.","Alessio Romagnoli juga amb l'equip nacional italià de futbol sub-17, entrenat per Alessandro Dal Canto. El club d'Alessio Romagnoli és l'equip nacional italià de futbol sub-19.","Alessio Romagnoli juga amb l'equip nacional italià de futbol sub-17, entrenat per Alessandro Dal Canto. El club d'Alessio Romagnoli és l'equip nacional italià de futbol sub-19.",False,train/3triples/Athlete.xml,train,3triples,Athlete,Id164,False,,,,,,original__ca__17d7d6049375,0.9646536111831665,0.8632014989852905,0.5810856223106384,0.0,3,True,1.0,2,3,0.49560660123825073,0.5254753828048706,2,1.0,2,True,True,0.33754532784223557,0.4270522966980934,0.15806127339601517,0.09842308610677719,True,True,3,0.6953929662704468,0.738761305809021,,,,,,
original__ca__f1adf66d6e46,train/3triples/Food.xml::Id301::Id1,train/3triples/Food.xml::Id301,ca,Catalan,CLEAN,clean,clean,3,Id1,Id1,"['Singapore | leader | Tony_Tan', 'Beef_kway_teow | country | Singapore', 'Singapore | leader | Halimah_Yacob']","['Singapur | Líder | Tony_Tan', 'Vedella_kway_teow | País | Singapur', 'Singapur | Líder | Halimah_Yacob']","['Singapur | Líder | Tony_Tan', 'Vedella_kway_teow | País | Singapur', 'Singapur | Líder | Halimah_Yacob']","Beef kway teow is a popular dish in Singapore, where Tony Tan and Halimah Yacob are leaders.","El kway teow de vedella és un plat popular a Singapur, on Tony Tan i Halimah Yacob són els líders.","El kway teow de vedella és un plat popular a Singapur, on Tony Tan i Halimah Yacob són els líders.",False,train/3triples/Food.xml,train,3triples,Food,Id301,False,,,,,,original__ca__f1adf66d6e46,0.88124018907547,0.9331122636795044,0.9823278983434042,0.0,3,True,,0,3,0.5539412498474121,0.6377034187316895,1,,0,False,False,0.33754532784223557,0.4270522966980934,0.21639592200517654,0.21065112203359604,True,True,3,0.5202475190162659,0.7360309958457947,,,,,,
original__ca__055ad1da4472,train/5triples/Food.xml::Id14::Id3,train/5triples/Food.xml::Id14,ca,Catalan,CLEAN,clean,clean,5,Id3,Id3,"['Arem-arem | country | Indonesia', 'Arem-arem | region | ""Nationwide in Indonesia, but more specific to Java""', 'Indonesia | leader | Joko_Widodo', 'Indonesia | currency | Indonesian_rupiah', 'Indonesia | language | Indonesian_language']","['Arem-arem | País | Indonèsia', 'Arem-arem | Regió | Nacional_a_Indonèsia,_però_més_específic_a_Java', 'Indonèsia | Líder | Joko_Widodo', 'Indonèsia | Moneda | Rupia_indonesiana', 'Indonèsia | Llengua | Llengua_indonesiana']","['Arem-arem | País | Indonèsia', 'Arem-arem | Regió | Nacional_a_Indonèsia,_però_més_específic_a_Java', 'Indonèsia | Líder | Joko_Widodo', 'Indonèsia | Moneda | Rupia_indonesiana', 'Indonèsia | Llengua | Llengua_indonesiana']","Arem-arem, is predominant in Indonesia's Java. Indonesia is led by Joko Widodo, hails the currency rupiah and the Indonesian language is spoken.","Arem-arem, és predominant a Java, Indonèsia. Indonèsia està dirigida per Joko Widodo, té com a moneda la rupia i es parla l'idioma indonesi.","Arem-arem, és predominant a Java, Indonèsia. Indonèsia està dirigida per Joko Widodo, té com a moneda la rupia i es parla l'idioma indonesi.",False,train/5triples/Food.xml,train,5triples,Food,Id14,False,,,,,,original__ca__055ad1da4472,0.971351146697998,0.9417768716812134,0.9402888894081116,0.0,5,True,,0,5,0.5847995281219482,0.6921810507774353,2,,0,False,False,0.25082006603479384,0.3705099388957024,0.3339794620871544,0.3216711118817329,True,True,5,0.6466126441955566,0.7007478475570679,,,,,,
original__ca__979f8594a592,train/2triples/City.xml::Id150::Id3,train/2triples/City.xml::Id150,ca,Catalan,CLEAN,clean,clean,2,Id3,Id3,"['Texas | capital | Austin,_Texas', 'Arlington,_Texas | isPartOf | Texas']","['Texas | Capital | Austin,_Texas', 'Arlington,_Texas | ÉsPartDe | Texas']","['Texas | Capital | Austin,_Texas', 'Arlington,_Texas | ÉsPartDe | Texas']",Austin is the capital city of Texas and Arlington is part of the state too.,Austin és la capital de Texas i Arlington també forma part de l'estat.,Austin és la capital de Texas i Arlington també forma part de l'estat.,False,train/2triples/City.xml,train,2triples,City,Id150,False,,,,,,original__ca__979f8594a592,0.9922627806663513,0.9879802465438843,0.7550090551376343,0.0,2,True,,0,2,0.5743812918663025,0.6903172731399536,1,,0,False,False,0.4160341203212738,0.4842067241668701,0.1583471715450287,0.2061105489730835,True,True,2,0.6051040887832642,0.6932662725448608,,,,,,
original__ca__0bd0d6ea0771,train/2triples/SportsTeam.xml::Id65::Id3,train/2triples/SportsTeam.xml::Id65,ca,Catalan,CLEAN,clean,clean,2,Id3,Id3,"['A.F.C._Blackpool | manager | Stuart_Parker_(footballer)', 'Stuart_Parker_(footballer) | club | Chesterfield_F.C.']","['A.F.C._Blackpool | Gerent | Stuart_Parker_(futbolista)', 'Stuart_Parker_(futbolista) | Trèvols | Chesterfield_FC']","['A.F.C._Blackpool | Gerent | Stuart_Parker_(futbolista)', 'Stuart_Parker_(futbolista) | Trèvols | Chesterfield_FC']","The manager of A.F.C. Blackpool is Stuart Parker, who is a member of the Chesterfield F.C.","El director de l'A.F.C. Blackpool és Stuart Parker, que és membre del Chesterfield F.C.","El director de l'A.F.C. Blackpool és Stuart Parker, que és membre del Chesterfield F.C.",False,train/2triples/SportsTeam.xml,train,2triples,SportsTeam,Id65,False,,,,,,original__ca__0bd0d6ea0771,0.9748637676239014,0.9500441551208496,0.43934671580791473,0.0,2,True,,0,2,0.6378382444381714,0.46670669317245483,2,,0,False,False,0.4160341203212738,0.4842067241668701,0.2218041241168976,-0.017500030994415272,True,False,2,0.7265803813934326,0.5488765239715576,,,,,,
original__ca__71b304e88c20,test/rdf-to-text-generation-test-data-with-refs-en.xml::Id417::Id1,test/rdf-to-text-generation-test-data-with-refs-en.xml::Id417,ca,Catalan,CLEAN,clean,clean,2,Id1,Id1,"['Expect_a_Miracle | genre | Instrumental_music', 'Expect_a_Miracle | genre | Easy_listening']","['Espera_un_miracle | Gènere | música_instrumental', 'Espera_un_miracle | Gènere | música_lleugera']","['Espera_un_miracle | Gènere | música_instrumental', 'Espera_un_miracle | Gènere | música_lleugera']",The album Expect a miracle is of the easy instrumental Listening music genre.,L'àlbum Expect a miracle és del gènere de música Listening instrumental fàcil.,L'àlbum Expect a miracle és del gènere de música Listening instrumental fàcil.,False,test/rdf-to-text-generation-test-data-with-refs-en.xml,test,rdf-to-text-generation-test-data-with-refs-en.xml,MusicalWork,Id417,False,,,,,,original__ca__71b304e88c20,0.9738035202026367,0.8395327925682068,0.6186143159866333,0.0,2,True,,0,2,0.535831093788147,0.5731180310249329,1,,0,False,False,0.4160341203212738,0.4842067241668701,0.11979697346687318,0.08891130685806276,True,True,2,0.6912999749183655,0.6963798403739929,,,,,,
original__ca__575b8b301b3a,train/4triples/WrittenWork.xml::Id6::Id3,train/4triples/WrittenWork.xml::Id6,ca,Catalan,CLEAN,clean,clean,4,Id3,Id3,"['1634:_The_Bavarian_Crisis | author | Eric_Flint', '1634:_The_Bavarian_Crisis | precededBy | 1634:_The_Baltic_War', 'Eric_Flint | birthPlace | Burbank,_California', '1634:_The_Bavarian_Crisis | precededBy | ""DeMarce short stories in the The Grantville Gazettes""']","['1634:_La_crisi_de_Baviera | Autor | Eric_Flint', '1634:_La_crisi_de_Baviera | PreceditPer | 1634:_La_guerra_del_Bàltic', 'Eric_Flint | LlocDeNaixement | Burbank,_Califòrnia', '1634:_La_crisi_de_Baviera | PreceditPer | Històries_curtes_de_DeMarce_a_The_Grantville_Gazettes']","['1634:_La_crisi_de_Baviera | Autor | Eric_Flint', '1634:_La_crisi_de_Baviera | PreceditPer | 1634:_La_guerra_del_Bàltic', 'Eric_Flint | LlocDeNaixement | Burbank,_Califòrnia', '1634:_La_crisi_de_Baviera | PreceditPer | Històries_curtes_de_DeMarce_a_The_Grantville_Gazettes']","Eric Flint was born in Burbank, California and is the author of 1634: The Bavarian Crisis which was preceded by 1634: The Baltic War and the DeMarce short stories in the Grantville Gazettes.","Eric Flint va néixer a Burbank, Califòrnia i és l'autor de 1634: The Bavarian Crisis que va ser precedit per 1634: The Baltic War i les històries curtes de DeMarce a les Grantville Gazettes.","Eric Flint va néixer a Burbank, Califòrnia i és l'autor de 1634: The Bavarian Crisis que va ser precedit per 1634: The Baltic War i les històries curtes de DeMarce a les Grantville Gazettes.",False,train/4triples/WrittenWork.xml,train,4triples,WrittenWork,Id6,False,,,,,,original__ca__575b8b301b3a,0.9914448261260986,0.9620487689971924,0.7092976123094559,0.0,4,True,1.0,1,4,0.5319064855575562,0.7117679119110107,1,1.0,1,True,True,0.28582777082920074,0.3673718720674515,0.2460787147283554,0.34439603984355927,True,True,4,0.4770521819591522,0.7042315006256104,,,,,,
original__ca__e974c74ba388,train/1triples/WrittenWork_allSolutions.xml::Id30::Id2,train/1triples/WrittenWork_allSolutions.xml::Id30,ca,Catalan,CLEAN,clean,clean,1,Id2,Id2,['A.T._Charlie_Johnson | residence | United_States'],"[""A.T._Charlie_Johnson | Residència | Estats_Units_d'Amèrica""]","[""A.T._Charlie_Johnson | Residència | Estats_Units_d'Amèrica""]",The United States is the residence of A T Charlie Johnson.,Els Estats Units són la residència d'A T Charlie Johnson.,Els Estats Units són la residència d'A T Charlie Johnson.,False,train/1triples/WrittenWork_allSolutions.xml,train,1triples,WrittenWork,Id30,False,,,,,,original__ca__e974c74ba388,0.9731008410453796,0.877071738243103,0.8647281527519226,0.0,1,True,,0,1,0.7015142440795898,0.7015142440795898,1,,0,False,False,0.5896280944347382,0.5231981992721558,0.11188614964485166,0.17831604480743402,True,True,1,0.748885452747345,0.7488853931427002,,,,,,
original__ca__dc27f456ba6f,train/3triples/Politician.xml::Id226::Id3,train/3triples/Politician.xml::Id226,ca,Catalan,CLEAN,clean,clean,3,Id3,Id3,"['Austria | leader | Doris_Bures', 'Alfons_Gorbach | deathPlace | Styria', 'Alfons_Gorbach | birthPlace | Austria']","['Àustria | Líder | Doris_Bures', 'Alfons_Gorbach | LlocDeLaMort | Estíria', 'Alfons_Gorbach | LlocDeNaixement | Àustria']","['Àustria | Líder | Doris_Bures', 'Alfons_Gorbach | LlocDeLaMort | Estíria', 'Alfons_Gorbach | LlocDeNaixement | Àustria']","Alfons Gorbach, who was born in Austria where the leader is Doris Bures, later died in Styria.","Alfons Gorbach, que va néixer a Àustria on el líder és Doris Bures, va morir més tard a Estíria.","Alfons Gorbach, que va néixer a Àustria on el líder és Doris Bures, va morir més tard a Estíria.",False,train/3triples/Politician.xml,train,3triples,Politician,Id226,False,,,,,,original__ca__dc27f456ba6f,0.928535521030426,0.9605402946472168,0.6923468112945557,0.0,3,True,,0,3,0.42680829763412476,0.5789958238601685,1,,0,False,False,0.33754532784223557,0.4270522966980934,0.08926296979188919,0.15194352716207504,True,True,3,0.47494247555732727,0.598174512386322,,,,,,
original__ca__f11f2d945835,test/rdf-to-text-generation-test-data-with-refs-en.xml::Id95::Id2,test/rdf-to-text-generation-test-data-with-refs-en.xml::Id95,ca,Catalan,CLEAN,clean,clean,5,Id2,Id2,"['Mermaid_(Train_song) | releaseDate | 2012-12-27', ""Mermaid_(Train_song) | precededBy | This'll_Be_My_Year"", 'Mermaid_(Train_song) | writer | Espen_Lind', 'Mermaid_(Train_song) | runtime | 3.16', 'Mermaid_(Train_song) | writer | Amund_Bjørklund']","['Sirena_(cançó_de_tren) | DataDeLlançament | 2012-12-27', 'Sirena_(cançó_de_tren) | PreceditPer | Aquest_serà_el_meu_any', 'Sirena_(cançó_de_tren) | Escriptor | Espen_Lind', ""Sirena_(cançó_de_tren) | TempsD'execució | 3.16"", 'Sirena_(cançó_de_tren) | Escriptor | Amund_Bjørklund']","['Sirena_(cançó_de_tren) | DataDeLlançament | 2012-12-27', 'Sirena_(cançó_de_tren) | PreceditPer | Aquest_serà_el_meu_any', 'Sirena_(cançó_de_tren) | Escriptor | Espen_Lind', ""Sirena_(cançó_de_tren) | TempsD'execució | 3.16"", 'Sirena_(cançó_de_tren) | Escriptor | Amund_Bjørklund']","Train released their song Mermaid on December 27th, 2012. The song was written by Amund Bjorklund and Espen Lind, and runs three minutes and sixteen seconds long. Train's most recent song before Mermaid was This'll Be My Year.","Train va llançar la seva cançó Mermaid el 27 de desembre de 2012. La cançó va ser escrita per Amund Bjorklund i Espen Lind, i té una durada de tres minuts i setze segons. La cançó més recent de Train abans de Mermaid va ser This'll Be My Year.","Train va llançar la seva cançó Mermaid el 27 de desembre de 2012. La cançó va ser escrita per Amund Bjorklund i Espen Lind, i té una durada de tres minuts i setze segons. La cançó més recent de Train abans de Mermaid va ser This'll Be My Year.",False,test/rdf-to-text-generation-test-data-with-refs-en.xml,test,rdf-to-text-generation-test-data-with-refs-en.xml,MusicalWork,Id95,False,,,,,,original__ca__f11f2d945835,0.9637352228164673,0.6928870677947998,0.7566504359245301,0.0,5,True,1.0,4,5,0.26867449283599854,0.21620221436023712,3,0.75,4,False,False,0.25082006603479384,0.3705099388957024,0.017854426801204692,-0.15430772453546526,True,False,5,0.6933069229125977,0.38190269470214844,,,,,,
original__ca__1068a3ec3fdd,train/3triples/Food.xml::Id122::Id2,train/3triples/Food.xml::Id122,ca,Catalan,CLEAN,clean,clean,3,Id2,Id2,"['Bacon_sandwich | dishVariation | BLT', 'Bacon_sandwich | country | United_Kingdom', 'Bacon_sandwich | ingredient | Brown_sauce']","['Sandwich_de_pastís | VariacióDelPlat | BLT', 'Sandwich_de_pastís | País | Regne_Unit', 'Sandwich_de_pastís | Ingredient | Salsa_marró']","['Sandwich_de_pastís | VariacióDelPlat | BLT', 'Sandwich_de_pastís | País | Regne_Unit', 'Sandwich_de_pastís | Ingredient | Salsa_marró']","A variation of the BLT, the bacon sandwich is from the United Kingdom and can contain brown sauce.","Una variació del BLT, el sandvitx de bacó és del Regne Unit i pot contenir salsa marró.","Una variació del BLT, el sandvitx de bacó és del Regne Unit i pot contenir salsa marró.",False,train/3triples/Food.xml,train,3triples,Food,Id122,False,,,,,,original__ca__1068a3ec3fdd,0.8709673881530762,0.8391886949539185,0.7969379921754202,0.0,3,True,,0,3,0.5665180683135986,0.6163023710250854,1,,0,False,False,0.33754532784223557,0.4270522966980934,0.22897274047136307,0.18925007432699203,True,True,3,0.7054049968719482,0.7342008352279663,,,,,,
original__ca__2274934dd0e3,test/rdf-to-text-generation-test-data-with-refs-en.xml::Id874::Id3,test/rdf-to-text-generation-test-data-with-refs-en.xml::Id874,ca,Catalan,CLEAN,clean,clean,3,Id3,Id3,"['Lady_Anne_Monson | deathDate | 1776-02-18', 'Lady_Anne_Monson | birthPlace | Kingdom_of_England', 'Lady_Anne_Monson | nationality | Kingdom_of_England']","['Lady_Anne_Monson | DataDeMort | 1776-02-18', ""Lady_Anne_Monson | LlocDeNaixement | Regne_d'Anglaterra"", ""Lady_Anne_Monson | Nacionalitat | Regne_d'Anglaterra""]","['Lady_Anne_Monson | DataDeMort | 1776-02-18', ""Lady_Anne_Monson | LlocDeNaixement | Regne_d'Anglaterra"", ""Lady_Anne_Monson | Nacionalitat | Regne_d'Anglaterra""]","Lady Anne Monson was born in the Kingdom of England and has an English Nationality, she died on 1776-02-18.","Lady Anne Monson va néixer al Regne d'Anglaterra i té una nacionalitat anglesa, va morir el 1776-02-18.","Lady Anne Monson va néixer al Regne d'Anglaterra i té una nacionalitat anglesa, va morir el 1776-02-18.",False,test/rdf-to-text-generation-test-data-with-refs-en.xml,test,rdf-to-text-generation-test-data-with-refs-en.xml,Scientist,Id874,False,,,,,,original__ca__2274934dd0e3,0.993595540523529,0.9406675696372986,0.5836241543292999,0.0,3,True,1.0,3,3,0.5070907473564148,0.6525459289550781,1,1.0,3,True,True,0.33754532784223557,0.4270522966980934,0.16954541951417923,0.2254936322569847,True,True,3,0.6020658016204834,0.6813400983810425,,,,,,
original__ca__232d8caae797,train/2triples/Politician.xml::Id132::Id2,train/2triples/Politician.xml::Id132,ca,Catalan,CLEAN,clean,clean,2,Id2,Id2,"['Airey_Neave | battle | World_War_II', 'World_War_II | commander | Benito_Mussolini']","['Airey_Neave | Batalla | Segona_Guerra_Mundial', 'Segona_Guerra_Mundial | Comandant | Benito_Mussolini']","['Airey_Neave | Batalla | Segona_Guerra_Mundial', 'Segona_Guerra_Mundial | Comandant | Benito_Mussolini']",Airey Neave was in World War II and a commander there was Benito Mussolini.,Airey Neave estava a la Segona Guerra Mundial i un comandant allà era Benito Mussolini.,Airey Neave estava a la Segona Guerra Mundial i un comandant allà era Benito Mussolini.,False,train/2triples/Politician.xml,train,2triples,Politician,Id132,False,,,,,,original__ca__232d8caae797,0.9740597605705261,0.9709044098854065,0.9818725883960724,0.0,2,True,,0,2,0.5794670581817627,0.7357418537139893,1,,0,False,False,0.4160341203212738,0.4842067241668701,0.1634329378604889,0.25153512954711915,True,True,2,0.6011399626731873,0.7036547064781189,,,,,,
original__ca__dd0a7d581418,test/rdf-to-text-generation-test-data-with-refs-en.xml::Id771::Id1,test/rdf-to-text-generation-test-data-with-refs-en.xml::Id771,ca,Catalan,CLEAN,clean,clean,2,Id1,Id1,"['Brandon_Carter | doctoralAdvisor | Dennis_William_Sciama', 'Brandon_Carter | birthPlace | England']","['Brandon_Carter | AssessorDoctoral | Dennis_William_Sciama', 'Brandon_Carter | LlocDeNaixement | Anglaterra']","['Brandon_Carter | AssessorDoctoral | Dennis_William_Sciama', 'Brandon_Carter | LlocDeNaixement | Anglaterra']","Brandon Carter, born in England, had Dennis William Sciama as his doctoral advisor.","Brandon Carter, nascut a Anglaterra, tenia Dennis William Sciama com el seu conseller de doctorat.","Brandon Carter, nascut a Anglaterra, tenia Dennis William Sciama com el seu conseller de doctorat.",False,test/rdf-to-text-generation-test-data-with-refs-en.xml,test,rdf-to-text-generation-test-data-with-refs-en.xml,Scientist,Id771,False,,,,,,original__ca__dd0a7d581418,0.9740619659423828,0.9163579940795898,0.6648764312267303,0.0,2,True,,0,2,0.427040696144104,0.6416072249412537,1,,0,False,False,0.4160341203212738,0.4842067241668701,0.011006575822830211,0.15740050077438356,True,True,2,0.4459702670574188,0.69289231300354,,,,,,
original__ca__8634d12ea925,train/2triples/CelestialBody.xml::Id63::Id2,train/2triples/CelestialBody.xml::Id63,ca,Catalan,CLEAN,clean,clean,2,Id2,Id2,"['1036_Ganymed | rotationPeriod | 37116.0', '1036_Ganymed | apoapsis | 611961000.0 (kilometres)']","['(1036)_Ganymed | PeríodeDeRotació | 37116.0', '(1036)_Ganymed | Apoapsis | 611961000.0_(kilòmetres)']","['(1036)_Ganymed | PeríodeDeRotació | 37116.0', '(1036)_Ganymed | Apoapsis | 611961000.0_(kilòmetres)']","1036 Ganymed has a rotational period of 37116.0, and an apoapsis of 611961000.0 kilometres.","1036 Ganimedes té un període de rotació de 37116,0, i una apoapsis de 611961000,0 quilòmetres.","1036 Ganimedes té un període de rotació de 37116,0, i una apoapsis de 611961000,0 quilòmetres.",False,train/2triples/CelestialBody.xml,train,2triples,CelestialBody,Id63,False,,,,,,original__ca__8634d12ea925,0.9547566175460815,0.9388415217399597,0.7768678665161133,0.0,2,True,1.0,3,2,0.4581228494644165,0.6457939147949219,1,1.0,3,True,True,0.4160341203212738,0.4842067241668701,0.04208872914314271,0.16158719062805177,True,True,2,0.6466881632804871,0.6716391444206238,,,,,,
original__ca__522abbefb0c4,train/1triples/Food_allSolutions.xml::Id142::Id1,train/1triples/Food_allSolutions.xml::Id142,ca,Catalan,CLEAN,clean,clean,1,Id1,Id1,['Beef_kway_teow | ingredient | Sesame_oil'],['Vedella_kway_teow | Ingredient | oli_de_sèsam'],['Vedella_kway_teow | Ingredient | oli_de_sèsam'],Sesame oil is an ingredient in beef kway teow.,L'oli de sèsam és un ingredient de la carn de vedella kway teow.,L'oli de sèsam és un ingredient de la carn de vedella kway teow.,False,train/1triples/Food_allSolutions.xml,train,1triples,Food,Id142,False,,,,,,original__ca__522abbefb0c4,0.7806506752967834,0.6946650743484497,0.9999997615814209,0.0,1,True,,0,1,0.5936630964279175,0.5936629772186279,1,,0,False,False,0.5896280944347382,0.5231981992721558,0.004035001993179299,0.0704647779464721,True,True,1,0.8736445903778076,0.8736446499824524,,,,,,
original__ca__d9e6fa3d9187,train/1triples/City_allSolutions.xml::Id136::Id1,train/1triples/City_allSolutions.xml::Id136,ca,Catalan,CLEAN,clean,clean,1,Id1,Id1,"['Attica,_Indiana | isPartOf | Logan_Township,_Fountain_County,_Indiana']","['Atticausa._kgm | ÉsPartDe | Logan_Township,_comtat_de_Fountain,_Indiana']","['Atticausa._kgm | ÉsPartDe | Logan_Township,_comtat_de_Fountain,_Indiana']","Attica, Indiana is part of Logan Township, Fountain County, Indiana.","Attica, Indiana és part del municipi de Logan, comtat de Fountain, Indiana.","Attica, Indiana és part del municipi de Logan, comtat de Fountain, Indiana.",False,train/1triples/City_allSolutions.xml,train,1triples,City,Id136,False,,,,,,original__ca__d9e6fa3d9187,0.9684965014457703,0.8999584317207336,0.5100181102752686,0.0,1,True,,0,1,0.711795449256897,0.7117955684661865,1,,0,False,False,0.5896280944347382,0.5231981992721558,0.12216735482215879,0.1885973691940307,True,True,1,0.8901597261428833,0.8901597261428833,,,,,,
original__ca__5b41c011920d,train/3triples/SportsTeam.xml::Id72::Id3,train/3triples/SportsTeam.xml::Id72,ca,Catalan,CLEAN,clean,clean,3,Id3,Id3,"['A.F.C._Blackpool | manager | Stuart_Parker_(footballer)', 'Stuart_Parker_(footballer) | club | KV_Mechelen', 'Stuart_Parker_(footballer) | club | Stockport_County_F.C.']","['A.F.C._Blackpool | Gerent | Stuart_Parker_(futbolista)', 'Stuart_Parker_(futbolista) | Trèvols | RYKV_Mechelen', 'Stuart_Parker_(futbolista) | Trèvols | Stockport_County']","['A.F.C._Blackpool | Gerent | Stuart_Parker_(futbolista)', 'Stuart_Parker_(futbolista) | Trèvols | RYKV_Mechelen', 'Stuart_Parker_(futbolista) | Trèvols | Stockport_County']",AFC Blackpool have had Stuart Parker as their manager. He has also represented the club KV Mechelen and once played for Stockport County FC.,L'AFC Blackpool ha tingut Stuart Parker com a entrenador. També ha representat el club KV Mechelen i una vegada va jugar per l'Stockport County FC.,L'AFC Blackpool ha tingut Stuart Parker com a entrenador. També ha representat el club KV Mechelen i una vegada va jugar per l'Stockport County FC.,False,train/3triples/SportsTeam.xml,train,3triples,SportsTeam,Id72,False,,,,,,original__ca__5b41c011920d,0.9672191739082336,0.9336543083190918,0.45421745379765827,0.0,3,True,,0,3,0.43677306175231934,0.24197542667388916,2,,0,False,False,0.33754532784223557,0.4270522966980934,0.09922773391008377,-0.18507687002420425,True,False,3,0.5912639498710632,0.5187677145004272,,,,,,
original__ca__6e11d2181682,train/4triples/Company.xml::Id23::Id1,train/4triples/Company.xml::Id23,ca,Catalan,CLEAN,clean,clean,4,Id1,Id1,"['GMA_New_Media | foundingDate | 2000-01-01', 'GMA_New_Media | product | Mobile_Applications', 'GMA_New_Media | industry | Mass_Media', 'GMA_New_Media | keyPerson | Felipe_Gozon']","['GMA_New_Media | DataDeFundació | 2000-01-01', 'GMA_New_Media | Producte | Aplicacions_mòbils', 'GMA_New_Media | Indústria | mitjà_de_comunicació_de_massa', 'GMA_New_Media | PersonaClau | Felipe_Gozon']","['GMA_New_Media | DataDeFundació | 2000-01-01', 'GMA_New_Media | Producte | Aplicacions_mòbils', 'GMA_New_Media | Indústria | mitjà_de_comunicació_de_massa', 'GMA_New_Media | PersonaClau | Felipe_Gozon']","GMA New Media, a mass media company offering products such as mobile applications, was founded on January 1, 2000. Felipe Gozon is a key person at the company.","GMA New Media, una empresa de mitjans de comunicació que ofereix productes com ara aplicacions mòbils, va ser fundada l'1 de gener del 2000 i Felipe Gozon és una persona clau en l'empresa.","GMA New Media, una empresa de mitjans de comunicació que ofereix productes com ara aplicacions mòbils, va ser fundada l'1 de gener del 2000 i Felipe Gozon és una persona clau en l'empresa.",False,train/4triples/Company.xml,train,4triples,Company,Id23,False,,,,,,original__ca__6e11d2181682,0.9867951273918152,0.9241557121276855,0.842523068189621,0.0,4,True,1.0,2,4,0.5479694604873657,0.6410855650901794,1,1.0,2,True,True,0.28582777082920074,0.3673718720674515,0.262141689658165,0.27371369302272797,True,True,4,0.5828812122344971,0.5834164619445801,,,,,,
original__ca__715a4639faab,train/3triples/Athlete.xml::Id54::Id2,train/3triples/Athlete.xml::Id54,ca,Catalan,CLEAN,clean,clean,3,Id2,Id2,"['Akeem_Adams | club | Ferencvárosi_TC', 'Akeem_Adams | club | United_Petrotrin_F.C.', 'United_Petrotrin_F.C. | ground | Palo_Seco']","['Akeem_Adams | Trèvols | Ferencvárosi_TC', 'Akeem_Adams | Trèvols | United_Petrotrin', 'United_Petrotrin | Terra | Palo_Seco']","['Akeem_Adams | Trèvols | Ferencvárosi_TC', 'Akeem_Adams | Trèvols | United_Petrotrin', 'United_Petrotrin | Terra | Palo_Seco']",Akeem Adams plays for Ferencvarosi TC and is a member of the United Petrotrin F.C. club who play in Palo Seco.,Akeem Adams juga pel Ferencvarosi TC i és membre del club United Petrotrin F.C. que juga a Palo Seco.,Akeem Adams juga pel Ferencvarosi TC i és membre del club United Petrotrin F.C. que juga a Palo Seco.,False,train/3triples/Athlete.xml,train,3triples,Athlete,Id54,False,,,,,,original__ca__715a4639faab,0.9812102317810059,0.844415545463562,0.5770476261774699,0.0,3,True,,0,3,0.3424685597419739,0.45009565353393555,2,,0,False,False,0.33754532784223557,0.4270522966980934,0.004923231899738312,0.023043356835842133,True,True,3,0.33352726697921753,0.44738155603408813,,,,,,
original__ca__899b006fc372,dev/4triples/Building.xml::Id12::Id3,dev/4triples/Building.xml::Id12,ca,Catalan,CLEAN,clean,clean,4,Id3,Id3,"['Adisham_Hall | location | Sri_Lanka', 'Adisham_Hall | architecturalStyle | Tudor_Revival_architecture', 'Adisham_Hall | completionDate | 1931', 'Adisham_Hall | buildingStartDate | ""1927""']","['Adisham_Hall | Ubicació | Sri_Lanka', 'Adisham_Hall | EstilArquitectònic | Arquitectura_Tudor_Revival', 'Adisham_Hall | DataDeFinalització | 1931', ""Adisham_Hall | DataD'IniciDeLaConstrucció | 1927""]","['Adisham_Hall | Ubicació | Sri_Lanka', 'Adisham_Hall | EstilArquitectònic | Arquitectura_Tudor_Revival', 'Adisham_Hall | DataDeFinalització | 1931', ""Adisham_Hall | DataD'IniciDeLaConstrucció | 1927""]","Designed in the Tudor Revival architectural style, Adisham Hall is located in Sri Lanka and was built in 1927 and completed in 1931.","Dissenyat en l'estil arquitectònic del Renaixement Tudor, Adisham Hall es troba a Sri Lanka i va ser construït el 1927 i completat el 1931.","Dissenyat en l'estil arquitectònic del Renaixement Tudor, Adisham Hall es troba a Sri Lanka i va ser construït el 1927 i completat el 1931.",False,dev/4triples/Building.xml,dev,4triples,Building,Id12,False,,,,,,original__ca__899b006fc372,0.986808180809021,0.9332640171051025,0.7587994933128357,0.0,4,True,1.0,2,4,0.27755141258239746,0.525559663772583,1,1.0,2,True,True,0.28582777082920074,0.3673718720674515,-0.008276358246803284,0.15818779170513153,False,True,4,0.4778227210044861,0.5854326486587524,,,,,,
original__ca__ff2254f965bb,train/5triples/Astronaut.xml::Id65::Id2,train/5triples/Astronaut.xml::Id65,ca,Catalan,CLEAN,clean,clean,5,Id2,Id2,"['Elliot_See | almaMater | University_of_Texas_at_Austin', 'University_of_Texas_at_Austin | affiliation | University_of_Texas_System', 'University_of_Texas_at_Austin | competeIn | Big_12_Conference', 'Elliot_See | deathPlace | St._Louis', 'Elliot_See | deathDate | ""1966-02-28""']","['Elliot_See | AlmaMater | Universitat_de_Texas_a_Austin', 'Universitat_de_Texas_a_Austin | Afiliació | Sistema_Universitari_de_Texas', 'Universitat_de_Texas_a_Austin | CompetirIn | Big_12_Conference', 'Elliot_See | LlocDeLaMort | Saint_Louis', 'Elliot_See | DataDeMort | 1966-02-28']","['Elliot_See | AlmaMater | Universitat_de_Texas_a_Austin', 'Universitat_de_Texas_a_Austin | Afiliació | Sistema_Universitari_de_Texas', 'Universitat_de_Texas_a_Austin | CompetirIn | Big_12_Conference', 'Elliot_See | LlocDeLaMort | Saint_Louis', 'Elliot_See | DataDeMort | 1966-02-28']","Elliot See attended the University of Texas at Austin (part of the University of Texas System) who are competing in the Big 12 Conference. Elliot See died on February 28, 1966 in St. Louis.",Elliot See va assistir a la Universitat de Texas a Austin (part del sistema de la Universitat de Texas) que competeixen en la Conferència Big 12. Elliot See va morir el 28 de febrer de 1966 a St. Louis.,Elliot See va assistir a la Universitat de Texas a Austin (part del sistema de la Universitat de Texas) que competeixen en la Conferència Big 12. Elliot See va morir el 28 de febrer de 1966 a St. Louis.,False,train/5triples/Astronaut.xml,train,5triples,Astronaut,Id65,False,,,,,,original__ca__ff2254f965bb,0.9774479269981384,0.8817894458770752,0.7141470491886139,1.0,5,True,1.0,4,5,0.29662877321243286,0.40161028504371643,3,1.0,4,True,True,0.25082006603479384,0.3705099388957024,0.04580870717763902,0.031100346148014046,True,True,5,0.3783523440361023,0.48031485080718994,,,,,,
original__ca__c79a01dfb3d2,train/5triples/Astronaut.xml::Id17::Id3,train/5triples/Astronaut.xml::Id17,ca,Catalan,CLEAN,clean,clean,5,Id3,Id3,"['Alan_Shepard | almaMater | ""NWC, M.A. 1957""', 'Alan_Shepard | deathPlace | California', 'Alan_Shepard | birthPlace | New_Hampshire', 'Alan_Shepard | selectedByNasa | 1959', 'Alan_Shepard | nationality | United_States']","['Alan_Shepard | AlmaMater | NWC,_M.A._1957', 'Alan_Shepard | LlocDeLaMort | Califòrnia', 'Alan_Shepard | LlocDeNaixement | Nou_Hampshire', 'Alan_Shepard | SeleccionatPerLaNasa | 1959', ""Alan_Shepard | Nacionalitat | Estats_Units_d'Amèrica""]","['Alan_Shepard | AlmaMater | NWC,_M.A._1957', 'Alan_Shepard | LlocDeLaMort | Califòrnia', 'Alan_Shepard | LlocDeNaixement | Nou_Hampshire', 'Alan_Shepard | SeleccionatPerLaNasa | 1959', ""Alan_Shepard | Nacionalitat | Estats_Units_d'Amèrica""]",Alan Shepard was an American born in New Hampshire. He graduated from NWC MA in 1957 and was selected by NASA in 1950. He died in California.,Alan Shepard va ser un americà nascut a New Hampshire. Es va graduar de NWC MA el 1957 i va ser seleccionat per la NASA el 1950. Va morir a Califòrnia.,Alan Shepard va ser un americà nascut a New Hampshire. Es va graduar de NWC MA el 1957 i va ser seleccionat per la NASA el 1950. Va morir a Califòrnia.,False,train/5triples/Astronaut.xml,train,5triples,Astronaut,Id17,False,,,,,,original__ca__c79a01dfb3d2,0.9656922221183777,0.9287223815917969,0.7708164572715759,1.0,5,True,1.0,2,5,0.3718119263648987,0.20763731002807617,3,0.5,2,False,False,0.25082006603479384,0.3705099388957024,0.12099186033010484,-0.1628726288676262,True,False,5,0.5373395681381226,0.23959165811538696,,,,,,
original__ca__bb619b4827fd,train/2triples/Artist.xml::Id73::Id1,train/2triples/Artist.xml::Id73,ca,Catalan,CLEAN,clean,clean,2,Id1,Id1,"['Ahmet_Ertegun | genre | Rhythm_and_blues', 'Rhythm_and_blues | stylisticOrigin | Blues']","['Ahmet_Ertegun | Gènere | rhythm_and_blues', 'rhythm_and_blues | OrigenEstilístic | blues']","['Ahmet_Ertegun | Gènere | rhythm_and_blues', 'rhythm_and_blues | OrigenEstilístic | blues']",Ahmet Ertegun music genre are Rhythm and Blues which originated from blues music.,El gènere musical d'Ahmet Ertegun és el Rhythm and Blues que s'originà de la música blues.,El gènere musical d'Ahmet Ertegun és el Rhythm and Blues que s'originà de la música blues.,False,train/2triples/Artist.xml,train,2triples,Artist,Id73,False,,,,,,original__ca__bb619b4827fd,0.9259134531021118,0.9264928102493286,0.6303006410598755,0.0,2,True,,0,2,0.6002495884895325,0.6076006293296814,1,,0,False,False,0.4160341203212738,0.4842067241668701,0.18421546816825868,0.12339390516281129,True,True,2,0.6414751410484314,0.7330033183097839,,,,,,
original__ca__fc5ef76be205,train/5triples/SportsTeam.xml::Id25::Id3,train/5triples/SportsTeam.xml::Id25,ca,Catalan,CLEAN,clean,clean,5,Id3,Id3,"['Agremiação_Sportiva_Arapiraquense | league | Campeonato_Brasileiro_Série_C', 'Campeonato_Brasileiro_Série_C | country | Brazil', 'Agremiação_Sportiva_Arapiraquense | numberOfMembers | 17000', 'Agremiação_Sportiva_Arapiraquense | ground | Estádio_Municipal_Coaracy_da_Mata_Fonseca', 'Campeonato_Brasileiro_Série_C | champions | Vila_Nova_Futebol_Clube']","['AS_Arapiraquense | Lliga | Campionat_Brasiler_Sèrie_C', 'Campionat_Brasiler_Sèrie_C | País | Brasil', 'AS_Arapiraquense | NombreDeMembres | 17000', 'AS_Arapiraquense | Terra | Estádio_Municipal_Coaracy_da_Mata_Fonseca', 'Campionat_Brasiler_Sèrie_C | Campions | Vila_Nova_FC']","['AS_Arapiraquense | Lliga | Campionat_Brasiler_Sèrie_C', 'Campionat_Brasiler_Sèrie_C | País | Brasil', 'AS_Arapiraquense | NombreDeMembres | 17000', 'AS_Arapiraquense | Terra | Estádio_Municipal_Coaracy_da_Mata_Fonseca', 'Campionat_Brasiler_Sèrie_C | Campions | Vila_Nova_FC']","Vila Nova Futebol Clube have been champions of Campeonato Brasileiro Série C. league in Brazil. Agremiação Sportiva Arapiraquense, who have 17000 members, also play in the league and have their home ground at Estádio Municipal Coaracy da Mata Fonseca.","El Vila Nova Futebol Clube ha estat campió de la lliga brasilera Campeonato Brasileiro Série C. L'Agremiação Sportiva Arapiraquense, que té 17.000 membres, també juga a la lliga i té el seu estadi a l'Estádio Municipal Coaracy da Mata Fonseca.","El Vila Nova Futebol Clube ha estat campió de la lliga brasilera Campeonato Brasileiro Série C. L'Agremiação Sportiva Arapiraquense, que té 17.000 membres, també juga a la lliga i té el seu estadi a l'Estádio Municipal Coaracy da Mata Fonseca.",False,train/5triples/SportsTeam.xml,train,5triples,SportsTeam,Id25,False,,,,,,original__ca__fc5ef76be205,0.9482399821281433,0.9021507501602173,0.8141498327255249,0.0,5,True,1.0,1,5,0.2842126488685608,0.5649186968803406,2,1.0,1,True,True,0.25082006603479384,0.3705099388957024,0.03339258283376695,0.1944087579846382,True,True,5,0.49040356278419495,0.6340043544769287,,,,,,
original__ca__bee15756e9a6,dev/5triples/Artist.xml::Id29::Id3,dev/5triples/Artist.xml::Id29,ca,Catalan,CLEAN,clean,clean,5,Id3,Id3,"['Uruguay | leader | Raúl_Fernando_Sendic_Rodríguez', 'Alfredo_Zitarrosa | deathPlace | Montevideo', 'Montevideo | country | Uruguay', 'Montevideo | leader | Daniel_Martínez_(politician)', 'Uruguay | language | Spanish_language']","['Uruguai | Líder | Raúl_Fernando_Sendic', 'Alfredo_Zitarrosa | LlocDeLaMort | Montevideo', 'Montevideo | País | Uruguai', 'Montevideo | Líder | Daniel_Martínez_(polític)', 'Uruguai | Llengua | Llengua_espanyola']","['Uruguai | Líder | Raúl_Fernando_Sendic', 'Alfredo_Zitarrosa | LlocDeLaMort | Montevideo', 'Montevideo | País | Uruguai', 'Montevideo | Líder | Daniel_Martínez_(polític)', 'Uruguai | Llengua | Llengua_espanyola']","Raúl Fernando Sendic Rodríguez is the leader of Spanish speaking, Uruguay. Daniel Martinez is the leader of Montevideo, the final resting place of Alfredo Zitarrosa.","Raúl Fernando Sendic Rodríguez és el líder de l'Uruguay parlant castellà. Daniel Martínez és el líder de Montevideo, el lloc de descans final d'Alfredo Zitarrosa.","Raúl Fernando Sendic Rodríguez és el líder de l'Uruguay parlant castellà. Daniel Martínez és el líder de Montevideo, el lloc de descans final d'Alfredo Zitarrosa.",False,dev/5triples/Artist.xml,dev,5triples,Artist,Id29,False,,,,,,original__ca__bee15756e9a6,0.9723129272460938,0.9555490612983704,0.8683408021926879,0.0,5,True,,0,5,0.548897922039032,0.6851235628128052,2,,0,False,False,0.25082006603479384,0.3705099388957024,0.29807785600423814,0.3146136239171028,True,True,5,0.559157133102417,0.6736506819725037,,,,,,
original__ca__9245bc5ebe8e,train/5triples/Artist.xml::Id132::Id3,train/5triples/Artist.xml::Id132,ca,Catalan,CLEAN,clean,clean,5,Id3,Id3,"[""Alison_O'Donnell | genre | Jazz"", 'Jazz | stylisticOrigin | Blues', 'Jazz | derivative | Funk', 'Jazz | musicFusionGenre | Afrobeat', ""Alison_O'Donnell | instrument | Autoharp""]","[""Alison_O'Donnell | Gènere | jazz"", 'jazz | OrigenEstilístic | blues', 'jazz | Derivada | Funk', 'jazz | MúsicaGenreFusion | afrobeat', ""Alison_O'Donnell | Instrument | cítara_d'acords""]","[""Alison_O'Donnell | Gènere | jazz"", 'jazz | OrigenEstilístic | blues', 'jazz | Derivada | Funk', 'jazz | MúsicaGenreFusion | afrobeat', ""Alison_O'Donnell | Instrument | cítara_d'acords""]",Jazz music originates from the Blues and is the basis for Afrobeat fusion and funk. Jazz musician Alison O'Donnell plays the autoharp.,La música jazz té el seu origen en el blues i és la base de la fusió de l'afrobeat i el funk. La músic de jazz Alison O'Donnell toca l'autoarpa.,La música jazz té el seu origen en el blues i és la base de la fusió de l'afrobeat i el funk. La músic de jazz Alison O'Donnell toca l'autoarpa.,False,train/5triples/Artist.xml,train,5triples,Artist,Id132,False,,,,,,original__ca__9245bc5ebe8e,0.9040555953979492,0.9554175734519958,0.8241248369216919,0.0,5,True,,0,5,0.31157028675079346,0.6579616665840149,2,,0,False,False,0.25082006603479384,0.3705099388957024,0.060750220715999614,0.2874517276883125,True,True,5,0.35336899757385254,0.6608848571777344,,,,,,
original__ca__9e4bfac018cd,train/4triples/City.xml::Id183::Id1,train/4triples/City.xml::Id183,ca,Catalan,CLEAN,clean,clean,4,Id1,Id1,"['United_States | demonym | Americans', 'Angola,_Indiana | isPartOf | Pleasant_Township,_Steuben_County,_Indiana', 'Angola,_Indiana | country | United_States', 'United_States | ethnicGroup | Asian_Americans']","[""Estats_Units_d'Amèrica | Demònim | estatunidenc"", 'Angola,_Indiana | ÉsPartDe | Pleasant_Township,_comtat_de_Steuben,_Indiana', ""Angola,_Indiana | País | Estats_Units_d'Amèrica"", ""Estats_Units_d'Amèrica | GrupÈtnic | estatunidencs_asiàtics""]","[""Estats_Units_d'Amèrica | Demònim | estatunidenc"", 'Angola,_Indiana | ÉsPartDe | Pleasant_Township,_comtat_de_Steuben,_Indiana', ""Angola,_Indiana | País | Estats_Units_d'Amèrica"", ""Estats_Units_d'Amèrica | GrupÈtnic | estatunidencs_asiàtics""]","People who live in the US are called Americans and these include the ethnic group of Asian Americans. The United States is where you will find Angola, part of Pleasant Township in Steuben County, Indiana.","Les persones que viuen als Estats Units s'anomenen americans i aquests inclouen el grup ètnic dels asiàtics americans. Als Estats Units és on trobareu Angola, part de Pleasant Township al comtat de Steuben, Indiana.","Les persones que viuen als Estats Units s'anomenen americans i aquests inclouen el grup ètnic dels asiàtics americans. Als Estats Units és on trobareu Angola, part de Pleasant Township al comtat de Steuben, Indiana.",False,train/4triples/City.xml,train,4triples,City,Id183,False,,,,,,original__ca__9e4bfac018cd,0.9748936891555786,0.916452944278717,0.7581522464752197,0.0,4,True,,0,4,0.5044307708740234,0.7918800115585327,2,,0,False,False,0.28582777082920074,0.3673718720674515,0.2186030000448227,0.42450813949108124,True,True,4,0.4826194941997528,0.7823455333709717,,,,,,
original__ca__cd17948ce08d,train/2triples/CelestialBody.xml::Id31::Id1,train/2triples/CelestialBody.xml::Id31,ca,Catalan,CLEAN,clean,clean,2,Id1,Id1,"['(66391)_1999_KW4 | epoch | 2004-07-14', '(66391)_1999_KW4 | apoapsis | 162164091.8388 (kilometres)']","['(66391)_1999_KW4 | Època | 2004-07-14', '(66391)_1999_KW4 | Apoapsis | 162164091.8388_(kilòmetres)']","['(66391)_1999_KW4 | Època | 2004-07-14', '(66391)_1999_KW4 | Apoapsis | 162164091.8388_(kilòmetres)']","The celestial body, (66391) 1999 KW4, has an apoapsis of 162164091.8388 km and its epoch date is 14 July 2004.","El cos celeste, (66391) 1999 KW4, té una apoapsis de 162164091.8388 km i la seva data d'època és el 14 de juliol de 2004.","El cos celeste, (66391) 1999 KW4, té una apoapsis de 162164091.8388 km i la seva data d'època és el 14 de juliol de 2004.",False,train/2triples/CelestialBody.xml,train,2triples,CelestialBody,Id31,False,,,,,,original__ca__cd17948ce08d,0.9709750413894653,0.9536668658256531,0.84011110663414,0.0,2,True,1.0,6,2,0.4766930937767029,0.5980623960494995,1,1.0,6,True,True,0.4160341203212738,0.4842067241668701,0.06065897345542909,0.1138556718826294,True,True,2,0.5815081000328064,0.610161542892456,,,,,,
original__ca__ac6fb34eb83e,train/3triples/Airport.xml::Id168::Id3,train/3triples/Airport.xml::Id168,ca,Catalan,CLEAN,clean,clean,3,Id3,Id3,"['Iraq | language | Kurdish_languages', 'Al-Taqaddum_Air_Base | cityServed | Fallujah', 'Fallujah | country | Iraq']","['Iraq | Llengua | Llengües_kurdes', 'Base_Aèria_Al-Taqaddum | CiutatServida | Falluja', 'Falluja | País | Iraq']","['Iraq | Llengua | Llengües_kurdes', 'Base_Aèria_Al-Taqaddum | CiutatServida | Falluja', 'Falluja | País | Iraq']","The Al Taqaddum Air Base serves the city of Fallujah in Iraq, a country where the Kurdish languages are spoken.","La base aèria Al Taqaddum serveix a la ciutat de Fallujah a l'Iraq, un país on es parlen les llengües kurdes.","La base aèria Al Taqaddum serveix a la ciutat de Fallujah a l'Iraq, un país on es parlen les llengües kurdes.",False,train/3triples/Airport.xml,train,3triples,Airport,Id168,False,,,,,,original__ca__ac6fb34eb83e,0.9833573698997498,0.9449134469032288,0.9239724079767863,0.0,3,True,,0,3,0.4599938988685608,0.5470503568649292,1,,0,False,False,0.33754532784223557,0.4270522966980934,0.12244857102632523,0.11999806016683578,True,True,3,0.5530637502670288,0.6122235059738159,,,,,,
original__ca__ecf4b2ce1fe8,test/rdf-to-text-generation-test-data-with-refs-en.xml::Id1626::Id2,test/rdf-to-text-generation-test-data-with-refs-en.xml::Id1626,ca,Catalan,CLEAN,clean,clean,2,Id2,Id2,"['Nurhan_Atasoy | birthPlace | Turkey', 'Turkey | governmentType | Unitary_state']","['Nurhan_Atasoy | LlocDeNaixement | Turquia', 'Turquia | TipusDeGovern | estat_unitari']","['Nurhan_Atasoy | LlocDeNaixement | Turquia', 'Turquia | TipusDeGovern | estat_unitari']",Nurhan Atasoy was born in the unitary state of Turkey.,Nurhan Atasoy va néixer a l'estat unitari de Turquia.,Nurhan Atasoy va néixer a l'estat unitari de Turquia.,False,test/rdf-to-text-generation-test-data-with-refs-en.xml,test,rdf-to-text-generation-test-data-with-refs-en.xml,Scientist,Id1626,False,,,,,,original__ca__ecf4b2ce1fe8,0.9359678030014038,0.868416428565979,0.6476053893566132,0.0,2,True,,0,2,0.4188850224018097,0.6161575317382812,1,,0,False,False,0.4160341203212738,0.4842067241668701,0.0028509020805358998,0.13195080757141114,True,True,2,0.4862537384033203,0.6256459951400757,,,,,,
original__ca__eb7f698523e6,train/1triples/CelestialBody_allSolutions.xml::Id140::Id1,train/1triples/CelestialBody_allSolutions.xml::Id140,ca,Catalan,CLEAN,clean,clean,1,Id1,Id1,['1101_Clematis | orbitalPeriod | 183309000.0'],['(1101)_Clematis | PeríodeOrbital | 183309000.0'],['(1101)_Clematis | PeríodeOrbital | 183309000.0'],1101 Clematis has an orbital period of 183309000.0.,1101 Clematis té un període orbital de 183309000.0.,1101 Clematis té un període orbital de 183309000.0.,False,train/1triples/CelestialBody_allSolutions.xml,train,1triples,CelestialBody,Id140,False,,,,,,original__ca__eb7f698523e6,0.9946291446685791,0.8685560822486877,0.8548437356948853,0.0,1,True,1.0,2,1,0.7337933778762817,0.7337933778762817,1,1.0,2,True,True,0.5896280944347382,0.5231981992721558,0.14416528344154356,0.2105951786041259,True,True,1,0.7983778715133667,0.7983778715133667,,,,,,
original__ca__d9a43eb2edb2,dev/1triples/SportsTeam_allSolutions.xml::Id16::Id1,dev/1triples/SportsTeam_allSolutions.xml::Id16,ca,Catalan,CLEAN,clean,clean,1,Id1,Id1,"['AZAL_PFK | location | ""Shuvalan, Baku, Azerbaijan""']","['AZAL_PFK | Ubicació | Shuvalan,_Baku,_Azerbaidjan']","['AZAL_PFK | Ubicació | Shuvalan,_Baku,_Azerbaidjan']","AZAL PFK is located at Shuvalan, Baku, Azerbaijan.","AZAL PFK es troba a Shuvalan, Bakú, Azerbaidjan.","AZAL PFK es troba a Shuvalan, Bakú, Azerbaidjan.",False,dev/1triples/SportsTeam_allSolutions.xml,dev,1triples,SportsTeam,Id16,False,,,,,,original__ca__d9a43eb2edb2,0.9824281334877014,0.9554134607315063,0.9576176404953003,0.0,1,True,,0,1,0.7273840308189392,0.7273841500282288,1,,0,False,False,0.5896280944347382,0.5231981992721558,0.13775593638420103,0.20418595075607293,True,True,1,0.7771596312522888,0.777159571647644,,,,,,
original__ca__0f612940a9bc,train/3triples/City.xml::Id99::Id2,train/3triples/City.xml::Id99,ca,Catalan,CLEAN,clean,clean,3,Id2,Id2,"['Ann_Arbor,_Michigan | leaderTitle | Mayor', 'Ann_Arbor,_Michigan | populationDensity | 1580.7 (inhabitants per square kilometre)', 'Ann_Arbor,_Michigan | areaTotal | 74.33 (square kilometres)']","['Ann_Arbor,_Michigan | LíderTítol | alcalde', 'Ann_Arbor,_Michigan | DensitatDePoblació | 1580.7_(habitants_per_quilòmetre_quadrat)', ""Ann_Arbor,_Michigan | TotalDeL'Àrea | 74,33_(kilòmetres_quadrats)""]","['Ann_Arbor,_Michigan | LíderTítol | alcalde', 'Ann_Arbor,_Michigan | DensitatDePoblació | 1580.7_(habitants_per_quilòmetre_quadrat)', ""Ann_Arbor,_Michigan | TotalDeL'Àrea | 74,33_(kilòmetres_quadrats)""]","The city of Ann Arbor, Michigan, where the leader has the title of Mayor, has a population density of 1580.7 people for each of its 74.33 square kilometres.","La ciutat d'Ann Arbor, Michigan, on el líder té el títol d'alcalde, té una densitat de població de 1580,7 persones per cada un dels seus 74,33 quilòmetres quadrats.","La ciutat d'Ann Arbor, Michigan, on el líder té el títol d'alcalde, té una densitat de població de 1580,7 persones per cada un dels seus 74,33 quilòmetres quadrats.",False,train/3triples/City.xml,train,3triples,City,Id99,False,,,,,,original__ca__0f612940a9bc,0.9290204644203186,0.9499973654747009,0.6249875028928121,0.0,3,True,1.0,2,3,0.5976060628890991,0.688745379447937,1,1.0,2,True,True,0.33754532784223557,0.4270522966980934,0.26006073504686356,0.2616930827498436,True,True,3,0.610611081123352,0.7934941053390503,,,,,,
original__ca__ab9f10b08cd7,train/4triples/SportsTeam.xml::Id107::Id1,train/4triples/SportsTeam.xml::Id107,ca,Catalan,CLEAN,clean,clean,4,Id1,Id1,"['Agremiação_Sportiva_Arapiraquense | league | Campeonato_Brasileiro_Série_C', 'Campeonato_Brasileiro_Série_C | country | Brazil', 'Agremiação_Sportiva_Arapiraquense | numberOfMembers | 17000', 'Campeonato_Brasileiro_Série_C | champions | Vila_Nova_Futebol_Clube']","['AS_Arapiraquense | Lliga | Campionat_Brasiler_Sèrie_C', 'Campionat_Brasiler_Sèrie_C | País | Brasil', 'AS_Arapiraquense | NombreDeMembres | 17000', 'Campionat_Brasiler_Sèrie_C | Campions | Vila_Nova_FC']","['AS_Arapiraquense | Lliga | Campionat_Brasiler_Sèrie_C', 'Campionat_Brasiler_Sèrie_C | País | Brasil', 'AS_Arapiraquense | NombreDeMembres | 17000', 'Campionat_Brasiler_Sèrie_C | Campions | Vila_Nova_FC']",The ground of Agremiação Sportiva Arapiraquense has a capacity of 17000 and is located in Brazil. They play in the Campeonato Brasileiro Série C league which was won by Vila Nova Futebol Clube.,"El camp de l'Agremiação Sportiva Arapiraquense té capacitat per a 17.000 persones i es troba al Brasil. Juga al Campionat Brasileiro Série C, que va guanyar el Vila Nova Futebol Clube.","El camp de l'Agremiação Sportiva Arapiraquense té capacitat per a 17.000 persones i es troba al Brasil. Juga al Campionat Brasileiro Série C, que va guanyar el Vila Nova Futebol Clube.",False,train/4triples/SportsTeam.xml,train,4triples,SportsTeam,Id107,False,,,,,,original__ca__ab9f10b08cd7,0.9282246828079224,0.9007891416549683,0.8268810361623764,0.0,4,True,1.0,1,4,0.3452773690223694,0.4819503128528595,2,1.0,1,True,True,0.28582777082920074,0.3673718720674515,0.05944959819316864,0.11457844078540802,True,True,4,0.4966934621334076,0.5530209541320801,,,,,,
original__ca__7d845403c761,train/1triples/Politician_allSolutions.xml::Id97::Id1,train/1triples/Politician_allSolutions.xml::Id97,ca,Catalan,CLEAN,clean,clean,1,Id1,Id1,['Adam_Koc | award | Virtuti_Militari'],['Adam_Koc | Premi | Orde_Virtuti_Militari'],['Adam_Koc | Premi | Orde_Virtuti_Militari'],Adam Koc was awarded the Virtuti Militari.,Adam Koc va ser guardonat amb la Virtuti Militari.,Adam Koc va ser guardonat amb la Virtuti Militari.,False,train/1triples/Politician_allSolutions.xml,train,1triples,Politician,Id97,False,,,,,,original__ca__7d845403c761,0.8497607707977295,0.9292240142822266,0.8236547112464905,0.0,1,True,,0,1,0.6919721364974976,0.6919721364974976,1,,0,False,False,0.5896280944347382,0.5231981992721558,0.10234404206275938,0.16877393722534173,True,True,1,0.7656757831573486,0.7656756639480591,,,,,,
original__ca__24635a7095bb,test/rdf-to-text-generation-test-data-with-refs-en.xml::Id1337::Id2,test/rdf-to-text-generation-test-data-with-refs-en.xml::Id1337,ca,Catalan,CLEAN,clean,clean,4,Id2,Id2,"['Adolfo_Suárez_Madrid–Barajas_Airport | operatingOrganisation | ENAIRE', 'ENAIRE | city | Madrid', 'Adolfo_Suárez_Madrid–Barajas_Airport | runwayLength | 3500.0', 'Adolfo_Suárez_Madrid–Barajas_Airport | elevationAboveTheSeaLevel | 610.0']","['Aeroport_Adolfo_Suárez_de_Madrid-Barajas | OrganitzacióOperativa | ENAIRE', 'ENAIRE | Ciutat | Madrid', 'Aeroport_Adolfo_Suárez_de_Madrid-Barajas | LongitudDeLaPista | 3500.0', 'Aeroport_Adolfo_Suárez_de_Madrid-Barajas | ElevacióPerSobreDelNivellDelMar | 610.0']","['Aeroport_Adolfo_Suárez_de_Madrid-Barajas | OrganitzacióOperativa | ENAIRE', 'ENAIRE | Ciutat | Madrid', 'Aeroport_Adolfo_Suárez_de_Madrid-Barajas | LongitudDeLaPista | 3500.0', 'Aeroport_Adolfo_Suárez_de_Madrid-Barajas | ElevacióPerSobreDelNivellDelMar | 610.0']","The Adolfo Suárez Madrid–Barajas Airport in Madrid operated by ENAIRE has a runway length of 3,500. It has an elevation of 610.0 metres above sea level.","L'aeroport d'Adolfo Suárez Madrid-Barajas a Madrid, operat per ENAIRE, té una pista de 3.500 metres de llarg. Té una elevació de 610,0 metres sobre el nivell del mar.","L'aeroport d'Adolfo Suárez Madrid-Barajas a Madrid, operat per ENAIRE, té una pista de 3.500 metres de llarg. Té una elevació de 610,0 metres sobre el nivell del mar.",False,test/rdf-to-text-generation-test-data-with-refs-en.xml,test,rdf-to-text-generation-test-data-with-refs-en.xml,Airport,Id1337,False,,,,,,original__ca__24635a7095bb,0.9566085934638977,0.9645748734474182,0.7127716392278671,0.0,4,True,1.0,2,4,0.3572515845298767,0.18479987978935242,2,1.0,2,True,True,0.28582777082920074,0.3673718720674515,0.07142381370067596,-0.18257199227809906,True,False,4,0.39301204681396484,0.25831615924835205,,,,,,
original__ca__74e6fd2e8241,train/3triples/Athlete.xml::Id98::Id1,train/3triples/Athlete.xml::Id98,ca,Catalan,CLEAN,clean,clean,3,Id1,Id1,"['Alaa_Abdul-Zahra | club | Al-Khor_Sports_Club', 'Al_Kharaitiyat_SC | ground | Al_Khor', 'Alaa_Abdul-Zahra | club | Al_Kharaitiyat_SC']","['Alaa_Abdul-Zahra | Trèvols | Al-Khor_SC', 'Al_Kharaitiyat_SC | Terra | Al_Khor_(municipi)', 'Alaa_Abdul-Zahra | Trèvols | Al_Kharaitiyat_SC']","['Alaa_Abdul-Zahra | Trèvols | Al-Khor_SC', 'Al_Kharaitiyat_SC | Terra | Al_Khor_(municipi)', 'Alaa_Abdul-Zahra | Trèvols | Al_Kharaitiyat_SC']","Alaa Abdul Zahra, who plays for Al-Khor Sports Club, also plays for AL Kharaitiyat SC, the home ground of which, is Al Khor.","Alaa Abdul Zahra, que juga per l'Al-Khor Sports Club, també juga per l'AL Kharaitiyat SC, el camp del qual és Al Khor.","Alaa Abdul Zahra, que juga per l'Al-Khor Sports Club, també juga per l'AL Kharaitiyat SC, el camp del qual és Al Khor.",False,train/3triples/Athlete.xml,train,3triples,Athlete,Id98,False,,,,,,original__ca__74e6fd2e8241,0.9864850044250488,0.8333371877670288,0.5770476261774699,0.0,3,True,,0,3,0.44185870885849,0.585185706615448,1,,0,False,False,0.33754532784223557,0.4270522966980934,0.10431338101625443,0.15813340991735458,True,True,3,0.5052400827407837,0.6103178262710571,,,,,,
original__ca__ee23e3bf1b57,train/1triples/MeanOfTransportation_allSolutions.xml::Id29::Id2,train/1triples/MeanOfTransportation_allSolutions.xml::Id29,ca,Catalan,CLEAN,clean,clean,1,Id2,Id2,['AIDAluna | builder | Meyer_Werft'],['AIDAluna | Constructor | Meyer_Werft'],['AIDAluna | Constructor | Meyer_Werft'],The ship AIDAluna was built by Meyer Werft.,El vaixell AIDAluna va ser construït per Meyer Werft.,El vaixell AIDAluna va ser construït per Meyer Werft.,False,train/1triples/MeanOfTransportation_allSolutions.xml,train,1triples,MeanOfTransportation,Id29,False,,,,,,original__ca__ee23e3bf1b57,0.990821123123169,0.9234029650688171,0.54767906665802,0.0,1,True,,0,1,0.42103108763694763,0.42103108763694763,1,,0,False,False,0.5896280944347382,0.5231981992721558,-0.16859700679779055,-0.1021671116352082,False,False,1,0.502483606338501,0.502483606338501,,,,,,
original__ca__43ebed92f4df,test/rdf-to-text-generation-test-data-with-refs-en.xml::Id371::Id3,test/rdf-to-text-generation-test-data-with-refs-en.xml::Id371,ca,Catalan,CLEAN,clean,clean,3,Id3,Id3,"['Alan_B._Miller_Hall | address | ""101 Ukrop Way""', 'Alan_B._Miller_Hall | currentTenants | Mason_School_of_Business', 'Alan_B._Miller_Hall | location | Virginia']","['Alan_B._Miller_Hall | Adreça | 101_Ukrop_Way', 'Alan_B._Miller_Hall | LlogatersActuals | Escola_Mason_de_Negocis', 'Alan_B._Miller_Hall | Ubicació | Virgínia']","['Alan_B._Miller_Hall | Adreça | 101_Ukrop_Way', 'Alan_B._Miller_Hall | LlogatersActuals | Escola_Mason_de_Negocis', 'Alan_B._Miller_Hall | Ubicació | Virgínia']",Alan B. Miller Hall is on 101 Ukrop way (In Virginia) and its current tenants are The Mason School of Business.,Alan B. Miller Hall es troba al 101 Ukrop Way (a Virgínia) i els seus actuals llogaters són The Mason School of Business.,Alan B. Miller Hall es troba al 101 Ukrop Way (a Virgínia) i els seus actuals llogaters són The Mason School of Business.,False,test/rdf-to-text-generation-test-data-with-refs-en.xml,test,rdf-to-text-generation-test-data-with-refs-en.xml,Building,Id371,False,,,,,,original__ca__43ebed92f4df,0.964059591293335,0.9661892652511597,0.7834022243817648,0.0,3,True,1.0,1,3,0.6482343673706055,0.628684401512146,2,1.0,1,True,True,0.33754532784223557,0.4270522966980934,0.3106890395283699,0.20163210481405258,True,True,3,0.6204352378845215,0.5938886404037476,,,,,,
original__ca__e977c85d5e66,test/rdf-to-text-generation-test-data-with-refs-en.xml::Id317::Id2,test/rdf-to-text-generation-test-data-with-refs-en.xml::Id317,ca,Catalan,CLEAN,clean,clean,1,Id2,Id2,['Mermaid_(Train_song) | recordLabel | Sony_Music_Entertainment'],['Sirena_(cançó_de_tren) | EtiquetaDelRegistre | Sony_Music_Entertainment_(anglès)'],['Sirena_(cançó_de_tren) | EtiquetaDelRegistre | Sony_Music_Entertainment_(anglès)'],The Train song Mermaid had been released under the record label Sony Music Entertainment.,La cançó Train Mermaid havia estat llançada sota el segell discogràfic Sony Music Entertainment.,La cançó Train Mermaid havia estat llançada sota el segell discogràfic Sony Music Entertainment.,False,test/rdf-to-text-generation-test-data-with-refs-en.xml,test,rdf-to-text-generation-test-data-with-refs-en.xml,MusicalWork,Id317,False,,,,,,original__ca__e977c85d5e66,0.9781633615493774,0.7458330988883972,0.7659193277359009,0.0,1,True,,0,1,0.5375748872756958,0.5375748872756958,1,,0,False,False,0.5896280944347382,0.5231981992721558,-0.05205320715904238,0.014376688003539972,False,True,1,0.7771579027175903,0.7771579027175903,,,,,,
original__ca__c919ccdcb5df,train/1triples/SportsTeam_allSolutions.xml::Id78::Id2,train/1triples/SportsTeam_allSolutions.xml::Id78,ca,Catalan,CLEAN,clean,clean,1,Id2,Id2,['A.S._Roma | numberOfMembers | 70634'],['A.S._Roma | NombreDeMembres | 70634'],['A.S._Roma | NombreDeMembres | 70634'],A.S. Roma has 70634 members.,A.S. Roma té 70.634 membres.,A.S. Roma té 70.634 membres.,False,train/1triples/SportsTeam_allSolutions.xml,train,1triples,SportsTeam,Id78,False,,,,,,original__ca__c919ccdcb5df,0.8392876386642456,0.8796553611755371,0.6409012079238892,0.0,1,True,1.0,1,1,0.42427536845207214,0.3217187523841858,2,1.0,1,True,True,0.5896280944347382,0.5231981992721558,-0.16535272598266604,-0.20147944688797004,False,False,1,0.6839533448219299,0.48761245608329773,,,,,,
original__ca__8b97482dc3ea,train/2triples/Athlete.xml::Id144::Id1,train/2triples/Athlete.xml::Id144,ca,Catalan,CLEAN,clean,clean,2,Id1,Id1,"['Alex_Plante | birthPlace | Brandon,_Manitoba', 'Brandon,_Manitoba | leader | Larry_Maguire']","['Alex_Plante | LlocDeNaixement | Brandoncanada._kgm', 'Brandoncanada._kgm | Líder | Larry_Maguire']","['Alex_Plante | LlocDeNaixement | Brandoncanada._kgm', 'Brandoncanada._kgm | Líder | Larry_Maguire']","Larry Maguire is the leader of Brandon, Manitoba, the birthplace of Alex Plante.","Larry Maguire és el líder de Brandon, Manitoba, el lloc de naixement d'Alex Plante.","Larry Maguire és el líder de Brandon, Manitoba, el lloc de naixement d'Alex Plante.",False,train/2triples/Athlete.xml,train,2triples,Athlete,Id144,False,,,,,,original__ca__8b97482dc3ea,0.9641437530517578,0.8304531574249268,0.7770597338676453,0.0,2,True,,0,2,0.49697670340538025,0.5698880553245544,1,,0,False,False,0.4160341203212738,0.4842067241668701,0.08094258308410646,0.08568133115768434,True,True,2,0.5418684482574463,0.6582963466644287,,,,,,
original__ca__174d97ac59fd,train/2triples/Food.xml::Id53::Id2,train/2triples/Food.xml::Id53,ca,Catalan,CLEAN,clean,clean,2,Id2,Id2,"['Arròs_negre | country | Spain', 'Spain | demonym | Spaniards']","['arròs_negre | País | Espanya', 'Espanya | Demònim | espanyols']","['arròs_negre | País | Espanya', 'Espanya | Demònim | espanyols']","Arròs negre is from Spain, where Spaniards live.","L'arròs negre és d'Espanya, on viuen els espanyols.","L'arròs negre és d'Espanya, on viuen els espanyols.",False,train/2triples/Food.xml,train,2triples,Food,Id53,False,,,,,,original__ca__174d97ac59fd,0.5667693614959717,0.8234151601791382,0.8982294797897339,0.0,2,True,,0,2,0.3155325651168823,0.6158770322799683,1,,0,False,False,0.4160341203212738,0.4842067241668701,-0.10050155520439147,0.13167030811309816,False,True,2,0.5554229617118835,0.5638649463653564,,,,,,
original__ca__098c1e86986c,dev/3triples/Food.xml::Id23::Id2,dev/3triples/Food.xml::Id23,ca,Catalan,CLEAN,clean,clean,3,Id2,Id2,"['Barny_Cakes | dishVariation | Apple', 'Barny_Cakes | carbohydrate | 18.0 g', 'Barny_Cakes | protein | 1.8 g']","['Pastissos_Barny | VariacióDelPlat | poma', 'Pastissos_Barny | HidratDeCarboni | 18._0_g', 'Pastissos_Barny | Proteïna | 1,8_g']","['Pastissos_Barny | VariacióDelPlat | poma', 'Pastissos_Barny | HidratDeCarboni | 18._0_g', 'Pastissos_Barny | Proteïna | 1,8_g']",Barny cakes can be made with apple and contain 1.8g protein and 18g of carbs.,"Els pastissos barny es poden fer amb poma i contenen 1,8 g de proteïna i 18 g de carbohidrats.","Els pastissos barny es poden fer amb poma i contenen 1,8 g de proteïna i 18 g de carbohidrats.",False,dev/3triples/Food.xml,dev,3triples,Food,Id23,False,,,,,,original__ca__098c1e86986c,0.7949385643005371,0.656212329864502,0.71389572819074,0.0,3,True,1.0,2,3,0.30275559425354004,0.4291147291660309,1,0.6666666666666666,3,False,False,0.33754532784223557,0.4270522966980934,-0.034789733588695526,0.0020624324679374695,False,True,3,0.6627703905105591,0.6905199289321899,,,,,,
original__ca__06a9775293e1,train/1triples/Artist_allSolutions.xml::Id79::Id1,train/1triples/Artist_allSolutions.xml::Id79,ca,Catalan,CLEAN,clean,clean,1,Id1,Id1,['Al_Anderson_(NRBQ band) | instrument | Singing'],['Al_Anderson_(banda_NRBQ) | Instrument | cant'],['Al_Anderson_(banda_NRBQ) | Instrument | cant'],Al Anderson is a singer for the band NRBQ.,Al Anderson és cantant de la banda NRBQ.,Al Anderson és cantant de la banda NRBQ.,False,train/1triples/Artist_allSolutions.xml,train,1triples,Artist,Id79,False,,,,,,original__ca__06a9775293e1,0.9869023561477661,0.9065721035003662,1.0,0.0,1,True,,0,1,0.667553722858429,0.6675539016723633,1,,0,False,False,0.5896280944347382,0.5231981992721558,0.07792562842369077,0.14435570240020745,True,True,1,0.7073052525520325,0.7073052525520325,,,,,,
original__ca__a6c01f087b1a,train/4triples/City.xml::Id144::Id2,train/4triples/City.xml::Id144,ca,Catalan,CLEAN,clean,clean,4,Id2,Id2,"['Indiana | capital | Indianapolis', 'Anderson,_Indiana | isPartOf | Adams_Township,_Madison_County,_Indiana', 'Adams_Township,_Madison_County,_Indiana | country | United_States', 'Anderson,_Indiana | isPartOf | Indiana']","['Indiana | Capital | Indianàpolis', 'Anderson,_Indiana | ÉsPartDe | Adams_Township,_comtat_de_Madison,_Indiana', ""Adams_Township,_comtat_de_Madison,_Indiana | País | Estats_Units_d'Amèrica"", 'Anderson,_Indiana | ÉsPartDe | Indiana']","['Indiana | Capital | Indianàpolis', 'Anderson,_Indiana | ÉsPartDe | Adams_Township,_comtat_de_Madison,_Indiana', ""Adams_Township,_comtat_de_Madison,_Indiana | País | Estats_Units_d'Amèrica"", 'Anderson,_Indiana | ÉsPartDe | Indiana']","Anderson, is located within Adams Township, Madison County, Indiana (capital Indianapolis), in the United States.","Anderson, es troba dins del municipi d'Adams, comtat de Madison, Indiana (capital d'Indianapolis), als Estats Units.","Anderson, es troba dins del municipi d'Adams, comtat de Madison, Indiana (capital d'Indianapolis), als Estats Units.",False,train/4triples/City.xml,train,4triples,City,Id144,False,,,,,,original__ca__a6c01f087b1a,0.9607380628585815,0.9553137421607971,0.7470506727695465,0.0,4,True,,0,4,0.38557353615760803,0.8017650842666626,1,,0,False,False,0.28582777082920074,0.3673718720674515,0.09974576532840729,0.4343932121992111,True,True,4,0.4392651319503784,0.8662113547325134,,,,,,
original__es__d81d54545d1a,train/3triples/Politician.xml::Id154::Id2,train/3triples/Politician.xml::Id154,es,Spanish,CLEAN,clean,clean,3,Id2,Id2,"['Albert_Jennings_Fountain | birthPlace | New_York', 'American_Civil_War | commander | Abraham_Lincoln', 'Albert_Jennings_Fountain | battle | American_Civil_War']","['Albert_Jennings_Fountain | LugarDeNacimiento | New_York', 'guerra_de_Secesión | Comandante | Abraham_Lincoln', 'Albert_Jennings_Fountain | Batalla | guerra_de_Secesión']","['Albert_Jennings_Fountain | LugarDeNacimiento | New_York', 'guerra_de_Secesión | Comandante | Abraham_Lincoln', 'Albert_Jennings_Fountain | Batalla | guerra_de_Secesión']",Albert Jennings Fountain was born in New York and fought in the American Civil War when Abraham Lincoln was a commander.,Albert Jennings Fountain nació en Nueva York y luchó en la Guerra Civil estadounidense cuando Abraham Lincoln era comandante.,Albert Jennings Fountain nació en Nueva York y luchó en la Guerra Civil estadounidense cuando Abraham Lincoln era comandante.,False,train/3triples/Politician.xml,train,3triples,Politician,Id154,False,,,,,,original__es__d81d54545d1a,0.991777777671814,0.9425272345542908,0.8659084439277649,0.0,3,True,,0,3,0.48745661973953247,0.5762636661529541,1,,0,False,False,0.33754532784223557,0.4270522966980934,0.1499112918972969,0.1492113694548607,True,True,3,0.5287854075431824,0.6677188873291016,,,,,,
original__es__34ecf8cd5b4d,train/4triples/Food.xml::Id22::Id1,train/4triples/Food.xml::Id22,es,Spanish,CLEAN,clean,clean,4,Id1,Id1,"['Arem-arem | country | Indonesia', 'Arem-arem | region | ""Nationwide in Indonesia, but more specific to Java""', 'Indonesia | leader | Joko_Widodo', 'Indonesia | language | Indonesian_language']","['Arem-arem | País | Indonesia', 'Arem-arem | Región | En_todo_Indonesia,_pero_más_específicamente_en_Java', 'Indonesia | Líder | Joko_Widodo', 'Indonesia | Idioma | indonesio']","['Arem-arem | País | Indonesia', 'Arem-arem | Región | En_todo_Indonesia,_pero_más_específicamente_en_Java', 'Indonesia | Líder | Joko_Widodo', 'Indonesia | Idioma | indonesio']","Joko Widodo is the leader in Indonesia, where the language is Indonesian. It is also where Arem-arem is served, nationwide but more specific to Java.","Joko Widodo es el líder en Indonesia, donde el idioma es el indonesio. También es donde se sirve Arem-arem, a nivel nacional pero más específico de Java.","Joko Widodo es el líder en Indonesia, donde el idioma es el indonesio. También es donde se sirve Arem-arem, a nivel nacional pero más específico de Java.",False,train/4triples/Food.xml,train,4triples,Food,Id22,False,,,,,,original__es__34ecf8cd5b4d,0.9903141260147095,0.9454634785652161,0.9859371036291122,0.0,4,True,,0,4,0.5368552207946777,0.7092034816741943,2,,0,False,False,0.28582777082920074,0.3673718720674515,0.251027449965477,0.34183160960674286,True,True,4,0.5950157642364502,0.7233676910400391,,,,,,
original__es__6837cfa6e69c,train/2triples/Artist.xml::Id120::Id1,train/2triples/Artist.xml::Id120,es,Spanish,CLEAN,clean,clean,2,Id1,Id1,"['Alex_Day | genre | Synthpop', 'Synthpop | stylisticOrigin | Pop_music']","['Alex_Day | Género | Synthpop', 'Synthpop | OrigenEstilístico | pop']","['Alex_Day | Género | Synthpop', 'Synthpop | OrigenEstilístico | pop']",Alex Day performs Synthpop music which is a form of pop music.,"Alex Day interpreta música Synthpop, que es una forma de música pop.","Alex Day interpreta música Synthpop, que es una forma de música pop.",False,train/2triples/Artist.xml,train,2triples,Artist,Id120,False,,,,,,original__es__6837cfa6e69c,0.9793614149093628,0.8664374947547913,0.641625702381134,0.0,2,True,,0,2,0.39708173274993896,0.6815167665481567,1,,0,False,False,0.4160341203212738,0.4842067241668701,-0.018952387571334828,0.19731004238128663,False,True,2,0.5624253153800964,0.7811405062675476,,,,,,
original__es__984b568db1cf,train/2triples/SportsTeam.xml::Id127::Id1,train/2triples/SportsTeam.xml::Id127,es,Spanish,CLEAN,clean,clean,2,Id1,Id1,"['AZAL_PFK | league | Azerbaijan_Premier_League', 'Azerbaijan_Premier_League | champions | Qarabağ_FK']","['AZAL_PFK | Liga | Liga_Premier_de_Azerbaiyán', 'Liga_Premier_de_Azerbaiyán | Campeones | FK_Qarabağ']","['AZAL_PFK | Liga | Liga_Premier_de_Azerbaiyán', 'Liga_Premier_de_Azerbaiyán | Campeones | FK_Qarabağ']",The AZAL PFK competes in The Azerbaijan Premier League where the championship is held by Qarabag FK.,"El AZAL PFK compite en la Premier League de Azerbaiyán, cuyo campeón es el Qarabag FK.","El AZAL PFK compite en la Premier League de Azerbaiyán, cuyo campeón es el Qarabag FK.",False,train/2triples/SportsTeam.xml,train,2triples,SportsTeam,Id127,False,,,,,,original__es__984b568db1cf,0.9753014445304871,0.960930347442627,0.6869203448295593,0.0,2,True,,0,2,0.6782719492912292,0.7283874154090881,1,,0,False,False,0.4160341203212738,0.4842067241668701,0.26223782896995546,0.24418069124221803,True,True,2,0.6969053745269775,0.7368675470352173,,,,,,
original__es__842315c10429,train/2triples/Athlete.xml::Id168::Id1,train/2triples/Athlete.xml::Id168,es,Spanish,CLEAN,clean,clean,2,Id1,Id1,"['Canada | leader | Elizabeth_II', 'Aaron_Boogaard | birthPlace | Canada']","['Canadá | Líder | Isabel_II_del_Reino_Unido', 'Aaron_Boogaard | LugarDeNacimiento | Canadá']","['Canadá | Líder | Isabel_II_del_Reino_Unido', 'Aaron_Boogaard | LugarDeNacimiento | Canadá']",Canada is led by Elizabeth II and is the birthplace of Aaron Boogaard.,Canadá está presidida por Isabel II y es el país natal de Aaron Boogaard.,Canadá está presidida por Isabel II y es el país natal de Aaron Boogaard.,False,train/2triples/Athlete.xml,train,2triples,Athlete,Id168,False,,,,,,original__es__842315c10429,0.9258474111557007,0.9480242729187012,0.8068427443504333,0.0,2,True,,0,2,0.4267463982105255,0.6237560510635376,1,,0,False,False,0.4160341203212738,0.4842067241668701,0.01071227788925172,0.1395493268966675,True,True,2,0.5027690529823303,0.6154333353042603,,,,,,
original__es__0f3accf1bfc9,train/1triples/Athlete_allSolutions.xml::Id105::Id3,train/1triples/Athlete_allSolutions.xml::Id105,es,Spanish,CLEAN,clean,clean,1,Id3,Id3,['Al-Wakrah_Sport_Club | position | Qatar_Stars_League'],['Club_Deportivo_Al-Wakrah | Posición | Liga_de_fútbol_de_Catar'],['Club_Deportivo_Al-Wakrah | Posición | Liga_de_fútbol_de_Catar'],Al Wakrah Sport Club play in the Qatar Stars league.,El Al Wakrah Sport Club juega en la liga Qatar Stars.,El Al Wakrah Sport Club juega en la liga Qatar Stars.,False,train/1triples/Athlete_allSolutions.xml,train,1triples,Athlete,Id105,False,,,,,,original__es__0f3accf1bfc9,0.981882631778717,0.8526290059089661,0.9782147407531738,0.0,1,True,,0,1,0.6557712554931641,0.6557711362838745,1,,0,False,False,0.5896280944347382,0.5231981992721558,0.06614316105842588,0.13257293701171868,True,True,1,0.7903976440429688,0.7903976440429688,,,,,,
original__es__145e7836105f,train/3triples/Artist.xml::Id138::Id2,train/3triples/Artist.xml::Id138,es,Spanish,CLEAN,clean,clean,3,Id2,Id2,"['Alfredo_Zitarrosa | genre | Candombe', 'Alfredo_Zitarrosa | recordLabel | Orfeo_(Uruguayan_record_label)', 'Alfredo_Zitarrosa | background | ""solo_singer""']","['Alfredo_Zitarrosa | Género | Candombe', 'Alfredo_Zitarrosa | SelloDiscográfico | Orfeo_(sello_discográfico_uruguayo)', 'Alfredo_Zitarrosa | Fondo | cantante_solista']","['Alfredo_Zitarrosa | Género | Candombe', 'Alfredo_Zitarrosa | SelloDiscográfico | Orfeo_(sello_discográfico_uruguayo)', 'Alfredo_Zitarrosa | Fondo | cantante_solista']","Alfredo Zitarrosa, who started out as a solo singer, is with the Orfeo record label. Alfredo Zitarrosa's musical genre is Candombe.","Alfredo Zitarrosa, que empezó como cantante solista, pertenece al sello discográfico Orfeo. El género musical de Alfredo Zitarrosa es Candombe.","Alfredo Zitarrosa, que empezó como cantante solista, pertenece al sello discográfico Orfeo. El género musical de Alfredo Zitarrosa es Candombe.",False,train/3triples/Artist.xml,train,3triples,Artist,Id138,False,,,,,,original__es__145e7836105f,0.9691416025161743,0.9389104843139648,0.545767068862915,0.0,3,True,,0,3,0.5478733777999878,0.6433786153793335,2,,0,False,False,0.33754532784223557,0.4270522966980934,0.21032804995775223,0.21632631868124008,True,True,3,0.6309462785720825,0.6649156212806702,,,,,,
original__es__55aa6e1b22e9,test/rdf-to-text-generation-test-data-with-refs-en.xml::Id968::Id2,test/rdf-to-text-generation-test-data-with-refs-en.xml::Id968,es,Spanish,CLEAN,clean,clean,1,Id2,Id2,['1147_Stavropolis | discovered | 1929-06-11'],['(1147)_Stavropolis | Descubierto | 11-06-1929'],['(1147)_Stavropolis | Descubierto | 11-06-1929'],"1147 Stavropolis is an asteroid, discovered on 11 June 1929.",1147 Stavropolis es un asteroide descubierto el 11 de junio de 1929.,1147 Stavropolis es un asteroide descubierto el 11 de junio de 1929.,False,test/rdf-to-text-generation-test-data-with-refs-en.xml,test,rdf-to-text-generation-test-data-with-refs-en.xml,CelestialBody,Id968,False,,,,,,original__es__55aa6e1b22e9,0.9949890971183777,0.9853281378746033,0.9263784885406494,0.0,1,True,1.0,4,1,0.5681055784225464,0.5681055784225464,1,1.0,4,True,True,0.5896280944347382,0.5231981992721558,-0.021522516012191795,0.04490737915039056,False,True,1,0.5898884534835815,0.5898884534835815,,,,,,
original__es__a6b60dc412f8,train/3triples/Politician.xml::Id252::Id3,train/3triples/Politician.xml::Id252,es,Spanish,CLEAN,clean,clean,3,Id3,Id3,"['United_States | ethnicGroup | Native_Americans_in_the_United_States', 'Abraham_A._Ribicoff | birthPlace | Connecticut', 'Abraham_A._Ribicoff | nationality | United_States']","['Estados_Unidos | GrupoÉtnico | pueblos_nativos_de_los_Estados_Unidos', 'Abraham_A._Ribicoff | LugarDeNacimiento | Connecticut', 'Abraham_A._Ribicoff | Nacionalidad | Estados_Unidos']","['Estados_Unidos | GrupoÉtnico | pueblos_nativos_de_los_Estados_Unidos', 'Abraham_A._Ribicoff | LugarDeNacimiento | Connecticut', 'Abraham_A._Ribicoff | Nacionalidad | Estados_Unidos']",Abraham A Ribicoff is from Connecticut which is in the United States where one of the ethnic groups are the Native Americans.,"Abraham A Ribicoff es de Connecticut, en Estados Unidos, donde uno de los grupos étnicos son los nativos americanos.","Abraham A Ribicoff es de Connecticut, en Estados Unidos, donde uno de los grupos étnicos son los nativos americanos.",False,train/3triples/Politician.xml,train,3triples,Politician,Id252,False,,,,,,original__es__a6b60dc412f8,0.9891623854637146,0.9534153938293457,0.8478935956954956,0.0,3,True,,0,3,0.5346026420593262,0.6463459134101868,1,,0,False,False,0.33754532784223557,0.4270522966980934,0.1970573142170906,0.21929361671209335,True,True,3,0.5580030679702759,0.6392855644226074,,,,,,
original__es__1505cf511dcd,train/5triples/Food.xml::Id134::Id3,train/5triples/Food.xml::Id134,es,Spanish,CLEAN,clean,clean,5,Id3,Id3,"['Bhajji | country | India', 'Bhajji | region | Karnataka', 'Bhajji | mainIngredient | ""Gram flour, vegetables""', 'Bhajji | alternativeName | ""Bhaji, bajji""', 'Bhajji | ingredient | Vegetable']","['Bhajji | País | India', 'Bhajji | Región | Karnataka', 'Bhajji | IngredientePrincipal | Harina_de_gramo,_verduras', 'Bhajji | NombreAlternativo | Bhaji,_bajji', 'Bhajji | Ingrediente | verdura']","['Bhajji | País | India', 'Bhajji | Región | Karnataka', 'Bhajji | IngredientePrincipal | Harina_de_gramo,_verduras', 'Bhajji | NombreAlternativo | Bhaji,_bajji', 'Bhajji | Ingrediente | verdura']","Bhajji (Bhaji), or bajji, contains vegetables and gram flour; it originates from the Karnataka region of India.","El Bhajji (Bhaji), o bajji, contiene verdura y harina de gramo; es originario de la región India de Karnataka.","El Bhajji (Bhaji), o bajji, contiene verdura y harina de gramo; es originario de la región India de Karnataka.",False,train/5triples/Food.xml,train,5triples,Food,Id134,False,,,,,,original__es__1505cf511dcd,0.9699825644493103,0.959774374961853,0.796954733133316,0.0,5,True,,0,5,0.5626797676086426,0.6287770867347717,1,,0,False,False,0.25082006603479384,0.3705099388957024,0.31185970157384874,0.25826714783906934,True,True,5,0.5390897989273071,0.6189695596694946,,,,,,
original__es__265ef86cfdf2,train/2triples/WrittenWork.xml::Id130::Id1,train/2triples/WrittenWork.xml::Id130,es,Spanish,CLEAN,clean,clean,2,Id1,Id1,"['Acta_Mathematica_Hungarica | abbreviation | ""Acta Math. Hungar.""', 'Acta_Mathematica_Hungarica | academicDiscipline | Mathematics']","['Acta_Mathematica_Hungarica | Abreviatura | Acta_Math._Hungar.', 'Acta_Mathematica_Hungarica | DisciplinaAcadémica | matemáticas']","['Acta_Mathematica_Hungarica | Abreviatura | Acta_Math._Hungar.', 'Acta_Mathematica_Hungarica | DisciplinaAcadémica | matemáticas']","Acta Mathematica Hungarica has the abbreviation of ""Acta Math. Hungar."" and comes under the discipline of Math.","Acta Mathematica Hungarica es la abreviatura de ""Acta Math. Hungar."" y pertenece a la disciplina de Math.","Acta Mathematica Hungarica es la abreviatura de ""Acta Math. Hungar."" y pertenece a la disciplina de Math.",False,train/2triples/WrittenWork.xml,train,2triples,WrittenWork,Id130,False,,,,,,original__es__265ef86cfdf2,0.9550209045410156,0.9789991974830627,0.8057815730571747,0.0,2,True,,0,2,0.7023046612739563,0.6157119274139404,2,,0,False,False,0.4160341203212738,0.4842067241668701,0.2862705409526825,0.13150520324707032,True,True,2,0.6660881638526917,0.5712634921073914,,,,,,
original__es__78f245a2ef58,train/2triples/ComicsCharacter.xml::Id12::Id1,train/2triples/ComicsCharacter.xml::Id12,es,Spanish,CLEAN,clean,clean,2,Id1,Id1,"['Asterix_(comicsCharacter) | creator | René_Goscinny', 'René_Goscinny | nationality | French_people']","['Astérix_(personaje_de_cómic) | Creador | René_Goscinny', 'René_Goscinny | Nacionalidad | franceses']","['Astérix_(personaje_de_cómic) | Creador | René_Goscinny', 'René_Goscinny | Nacionalidad | franceses']","The creator of Asterix, a comics character, is René Goscinny, who is French.","El creador de Astérix, personaje de cómic, es el francés René Goscinny.","El creador de Astérix, personaje de cómic, es el francés René Goscinny.",False,train/2triples/ComicsCharacter.xml,train,2triples,ComicsCharacter,Id12,False,,,,,,original__es__78f245a2ef58,0.9595738649368286,0.9636566638946533,0.921984851360321,0.0,2,True,,0,2,0.5404505133628845,0.7172436714172363,1,,0,False,False,0.4160341203212738,0.4842067241668701,0.12441639304161073,0.23303694725036622,True,True,2,0.5441569089889526,0.7415030002593994,,,,,,
original__es__3df9023d35a0,train/2triples/Airport.xml::Id49::Id1,train/2triples/Airport.xml::Id49,es,Spanish,CLEAN,clean,clean,2,Id1,Id1,"['Agra_Airport | location | Uttar_Pradesh', 'Uttar_Pradesh | isPartOf | Bundelkhand']","['Aeropuerto_de_Agra | Ubicación | Uttar_Pradesh', 'Uttar_Pradesh | FormaParteDe | Bundelkhand']","['Aeropuerto_de_Agra | Ubicación | Uttar_Pradesh', 'Uttar_Pradesh | FormaParteDe | Bundelkhand']",Agra Airport is in Uttar Pradesh which is part of Bundelkhand.,"El aeropuerto de Agra se encuentra en Uttar Pradesh, que forma parte de Bundelkhand.","El aeropuerto de Agra se encuentra en Uttar Pradesh, que forma parte de Bundelkhand.",False,train/2triples/Airport.xml,train,2triples,Airport,Id49,False,,,,,,original__es__3df9023d35a0,0.9932606816291809,0.9720100164413452,0.7320369482040405,0.0,2,True,,0,2,0.5447386503219604,0.7816190719604492,1,,0,False,False,0.4160341203212738,0.4842067241668701,0.12870453000068666,0.2974123477935791,True,True,2,0.545906662940979,0.7788659334182739,,,,,,
original__es__8aabe07d97f0,train/3triples/Athlete.xml::Id164::Id1,train/3triples/Athlete.xml::Id164,es,Spanish,CLEAN,clean,clean,3,Id1,Id1,"['Alessio_Romagnoli | club | Italy_national_under-17_football_team', 'Italy_national_under-17_football_team | coach | Alessandro_Dal_Canto', 'Alessio_Romagnoli | club | Italy_national_under-19_football_team']","['Alessio_Romagnoli | Club | selección_de_fútbol_sub-17_de_Italia', 'selección_de_fútbol_sub-17_de_Italia | Entrenador | Alessandro_Dal_Canto', 'Alessio_Romagnoli | Club | selección_de_fútbol_sub-19_de_Italia']","['Alessio_Romagnoli | Club | selección_de_fútbol_sub-17_de_Italia', 'selección_de_fútbol_sub-17_de_Italia | Entrenador | Alessandro_Dal_Canto', 'Alessio_Romagnoli | Club | selección_de_fútbol_sub-19_de_Italia']","Alessio Romagnoli plays for the Italy national under-17 football team, which is coached by, Alessandro Dal Canto. Alessio Romagnoli's club is the Italy national under 19 football team.","Alessio Romagnoli juega en la selección italiana de fútbol sub-17, entrenada por Alessandro Dal Canto. El club de Alessio Romagnoli es la selección italiana de fútbol sub-19.","Alessio Romagnoli juega en la selección italiana de fútbol sub-17, entrenada por Alessandro Dal Canto. El club de Alessio Romagnoli es la selección italiana de fútbol sub-19.",False,train/3triples/Athlete.xml,train,3triples,Athlete,Id164,False,,,,,,original__es__8aabe07d97f0,0.9620542526245117,0.9583824872970581,0.9251130024592081,0.0,3,True,1.0,2,3,0.6447928547859192,0.7336927056312561,2,1.0,2,True,True,0.33754532784223557,0.4270522966980934,0.3072475269436836,0.3066404089331627,True,True,3,0.6953929662704468,0.738761305809021,,,,,,
original__es__259bfb343d62,train/3triples/Food.xml::Id301::Id1,train/3triples/Food.xml::Id301,es,Spanish,CLEAN,clean,clean,3,Id1,Id1,"['Singapore | leader | Tony_Tan', 'Beef_kway_teow | country | Singapore', 'Singapore | leader | Halimah_Yacob']","['Singapur | Líder | Tony_Tan_Keng_Yam', 'Carne_kway_teow | País | Singapur', 'Singapur | Líder | Halimah_Yacob']","['Singapur | Líder | Tony_Tan_Keng_Yam', 'Carne_kway_teow | País | Singapur', 'Singapur | Líder | Halimah_Yacob']","Beef kway teow is a popular dish in Singapore, where Tony Tan and Halimah Yacob are leaders.","El Beef kway teow es un plato popular en Singapur, donde Tony Tan y Halimah Yacob son líderes.","El Beef kway teow es un plato popular en Singapur, donde Tony Tan y Halimah Yacob son líderes.",False,train/3triples/Food.xml,train,3triples,Food,Id301,False,,,,,,original__es__259bfb343d62,0.9905023574829102,0.9593170285224915,0.9823278983434042,0.0,3,True,,0,3,0.5463776588439941,0.5900993347167969,1,,0,False,False,0.33754532784223557,0.4270522966980934,0.20883233100175858,0.16304703801870346,True,True,3,0.5202475190162659,0.7360309958457947,,,,,,
original__es__0520ff7cf4f7,train/5triples/Food.xml::Id14::Id3,train/5triples/Food.xml::Id14,es,Spanish,CLEAN,clean,clean,5,Id3,Id3,"['Arem-arem | country | Indonesia', 'Arem-arem | region | ""Nationwide in Indonesia, but more specific to Java""', 'Indonesia | leader | Joko_Widodo', 'Indonesia | currency | Indonesian_rupiah', 'Indonesia | language | Indonesian_language']","['Arem-arem | País | Indonesia', 'Arem-arem | Región | En_todo_Indonesia,_pero_más_específicamente_en_Java', 'Indonesia | Líder | Joko_Widodo', 'Indonesia | Divisa | rupia_indonesia', 'Indonesia | Idioma | indonesio']","['Arem-arem | País | Indonesia', 'Arem-arem | Región | En_todo_Indonesia,_pero_más_específicamente_en_Java', 'Indonesia | Líder | Joko_Widodo', 'Indonesia | Divisa | rupia_indonesia', 'Indonesia | Idioma | indonesio']","Arem-arem, is predominant in Indonesia's Java. Indonesia is led by Joko Widodo, hails the currency rupiah and the Indonesian language is spoken.","Arem-arem, predomina en la Indonesia Java. Indonesia está dirigida por Joko Widodo, tiene la rupia como moneda y se habla el indonesio.","Arem-arem, predomina en la Indonesia Java. Indonesia está dirigida por Joko Widodo, tiene la rupia como moneda y se habla el indonesio.",False,train/5triples/Food.xml,train,5triples,Food,Id14,False,,,,,,original__es__0520ff7cf4f7,0.9679043889045715,0.9299399852752686,0.8539757907390595,0.0,5,True,,0,5,0.6126015782356262,0.7029625177383423,2,,0,False,False,0.25082006603479384,0.3705099388957024,0.3617815122008324,0.3324525788426399,True,True,5,0.6466126441955566,0.7007478475570679,,,,,,
original__es__f0cf6283c7fd,train/2triples/City.xml::Id150::Id3,train/2triples/City.xml::Id150,es,Spanish,CLEAN,clean,clean,2,Id3,Id3,"['Texas | capital | Austin,_Texas', 'Arlington,_Texas | isPartOf | Texas']","['Texas | Capital | Austin,_Texas', 'Arlington,_Texas | FormaParteDe | Texas']","['Texas | Capital | Austin,_Texas', 'Arlington,_Texas | FormaParteDe | Texas']",Austin is the capital city of Texas and Arlington is part of the state too.,Austin es la capital de Texas y Arlington también forma parte del estado.,Austin es la capital de Texas y Arlington también forma parte del estado.,False,train/2triples/City.xml,train,2triples,City,Id150,False,,,,,,original__es__f0cf6283c7fd,0.9911541938781738,0.9808619022369385,0.7620089948177338,0.0,2,True,,0,2,0.5740644931793213,0.6926955580711365,1,,0,False,False,0.4160341203212738,0.4842067241668701,0.1580303728580475,0.20848883390426637,True,True,2,0.6051040887832642,0.6932662725448608,,,,,,
original__es__0a78dba68bfe,train/2triples/SportsTeam.xml::Id65::Id3,train/2triples/SportsTeam.xml::Id65,es,Spanish,CLEAN,clean,clean,2,Id3,Id3,"['A.F.C._Blackpool | manager | Stuart_Parker_(footballer)', 'Stuart_Parker_(footballer) | club | Chesterfield_F.C.']","['A.F.C._Blackpool | Director | Stuart_Parker_(futbolista)', 'Stuart_Parker_(futbolista) | Club | Chesterfield_Football_Club']","['A.F.C._Blackpool | Director | Stuart_Parker_(futbolista)', 'Stuart_Parker_(futbolista) | Club | Chesterfield_Football_Club']","The manager of A.F.C. Blackpool is Stuart Parker, who is a member of the Chesterfield F.C.","El entrenador del A.F.C. Blackpool es Stuart Parker, que pertenece al Chesterfield F.C.","El entrenador del A.F.C. Blackpool es Stuart Parker, que pertenece al Chesterfield F.C.",False,train/2triples/SportsTeam.xml,train,2triples,SportsTeam,Id65,False,,,,,,original__es__0a78dba68bfe,0.945794939994812,0.9700461626052856,0.8872569799423218,0.0,2,True,,0,2,0.7080307006835938,0.5698374509811401,2,,0,False,False,0.4160341203212738,0.4842067241668701,0.29199658036231996,0.08563072681427003,True,True,2,0.7265803813934326,0.5488765239715576,,,,,,
original__es__51913cd7e941,test/rdf-to-text-generation-test-data-with-refs-en.xml::Id417::Id1,test/rdf-to-text-generation-test-data-with-refs-en.xml::Id417,es,Spanish,CLEAN,clean,clean,2,Id1,Id1,"['Expect_a_Miracle | genre | Instrumental_music', 'Expect_a_Miracle | genre | Easy_listening']","['Espere_un_milagro | Género | Música_instrumental', 'Espere_un_milagro | Género | música_ligera']","['Espere_un_milagro | Género | Música_instrumental', 'Espere_un_milagro | Género | música_ligera']",The album Expect a miracle is of the easy instrumental Listening music genre.,El álbum Expect a miracle pertenece al género de música fácil instrumental Listening.,El álbum Expect a miracle pertenece al género de música fácil instrumental Listening.,False,test/rdf-to-text-generation-test-data-with-refs-en.xml,test,rdf-to-text-generation-test-data-with-refs-en.xml,MusicalWork,Id417,False,,,,,,original__es__51913cd7e941,0.9835364818572998,0.887884259223938,0.6641608476638794,0.0,2,True,,0,2,0.6354660391807556,0.6638938188552856,1,,0,False,False,0.4160341203212738,0.4842067241668701,0.21943191885948182,0.17968709468841554,True,True,2,0.6912999749183655,0.6963798403739929,,,,,,
original__es__df898027c949,train/4triples/WrittenWork.xml::Id6::Id3,train/4triples/WrittenWork.xml::Id6,es,Spanish,CLEAN,clean,clean,4,Id3,Id3,"['1634:_The_Bavarian_Crisis | author | Eric_Flint', '1634:_The_Bavarian_Crisis | precededBy | 1634:_The_Baltic_War', 'Eric_Flint | birthPlace | Burbank,_California', '1634:_The_Bavarian_Crisis | precededBy | ""DeMarce short stories in the The Grantville Gazettes""']","['1634:_La_crisis_bávara | Autor | Eric_Flint', '1634:_La_crisis_bávara | PrecedidoPor | 1634:_Guerra_del_Báltico', 'Eric_Flint | LugarDeNacimiento | Burbank', '1634:_La_crisis_bávara | PrecedidoPor | Relatos_cortos_de_DeMarce_en_The_Grantville_Gazettes']","['1634:_La_crisis_bávara | Autor | Eric_Flint', '1634:_La_crisis_bávara | PrecedidoPor | 1634:_Guerra_del_Báltico', 'Eric_Flint | LugarDeNacimiento | Burbank', '1634:_La_crisis_bávara | PrecedidoPor | Relatos_cortos_de_DeMarce_en_The_Grantville_Gazettes']","Eric Flint was born in Burbank, California and is the author of 1634: The Bavarian Crisis which was preceded by 1634: The Baltic War and the DeMarce short stories in the Grantville Gazettes.","Eric Flint nació en Burbank, California, y es autor de 1634: The Bavarian Crisis, que fue precedido por 1634: The Baltic War y los relatos cortos de DeMarce en las Grantville Gazettes.","Eric Flint nació en Burbank, California, y es autor de 1634: The Bavarian Crisis, que fue precedido por 1634: The Baltic War y los relatos cortos de DeMarce en las Grantville Gazettes.",False,train/4triples/WrittenWork.xml,train,4triples,WrittenWork,Id6,False,,,,,,original__es__df898027c949,0.9908871650695801,0.9193922877311707,0.768568143248558,0.0,4,True,1.0,1,4,0.48652586340904236,0.6526272892951965,1,1.0,1,True,True,0.28582777082920074,0.3673718720674515,0.2006980925798416,0.28525541722774506,True,True,4,0.4770521819591522,0.7042315006256104,,,,,,
original__es__a77ede2d9a1d,train/1triples/WrittenWork_allSolutions.xml::Id30::Id2,train/1triples/WrittenWork_allSolutions.xml::Id30,es,Spanish,CLEAN,clean,clean,1,Id2,Id2,['A.T._Charlie_Johnson | residence | United_States'],['A.T._Charlie_Johnson | Residencia | Estados_Unidos'],['A.T._Charlie_Johnson | Residencia | Estados_Unidos'],The United States is the residence of A T Charlie Johnson.,Estados Unidos es la residencia de A T Charlie Johnson.,Estados Unidos es la residencia de A T Charlie Johnson.,False,train/1triples/WrittenWork_allSolutions.xml,train,1triples,WrittenWork,Id30,False,,,,,,original__es__a77ede2d9a1d,0.9842901229858398,0.9729803800582886,0.911488950252533,0.0,1,True,,0,1,0.7586732506752014,0.7586732506752014,1,,0,False,False,0.5896280944347382,0.5231981992721558,0.16904515624046323,0.2354750514030456,True,True,1,0.748885452747345,0.7488853931427002,,,,,,
original__es__47c60972a10a,train/3triples/Politician.xml::Id226::Id3,train/3triples/Politician.xml::Id226,es,Spanish,CLEAN,clean,clean,3,Id3,Id3,"['Austria | leader | Doris_Bures', 'Alfons_Gorbach | deathPlace | Styria', 'Alfons_Gorbach | birthPlace | Austria']","['Austria | Líder | Doris_Bures', 'Alfons_Gorbach | LugarDeLaMuerte | Estiria', 'Alfons_Gorbach | LugarDeNacimiento | Austria']","['Austria | Líder | Doris_Bures', 'Alfons_Gorbach | LugarDeLaMuerte | Estiria', 'Alfons_Gorbach | LugarDeNacimiento | Austria']","Alfons Gorbach, who was born in Austria where the leader is Doris Bures, later died in Styria.","Alfons Gorbach, que nació en Austria, donde la líder es Doris Bures, murió más tarde en Estiria.","Alfons Gorbach, que nació en Austria, donde la líder es Doris Bures, murió más tarde en Estiria.",False,train/3triples/Politician.xml,train,3triples,Politician,Id226,False,,,,,,original__es__47c60972a10a,0.941119909286499,0.9564753770828247,0.710912803808848,0.0,3,True,,0,3,0.47759437561035156,0.5693050622940063,1,,0,False,False,0.33754532784223557,0.4270522966980934,0.140049047768116,0.14225276559591293,True,True,3,0.47494247555732727,0.598174512386322,,,,,,
original__es__719f8df973c2,test/rdf-to-text-generation-test-data-with-refs-en.xml::Id95::Id2,test/rdf-to-text-generation-test-data-with-refs-en.xml::Id95,es,Spanish,CLEAN,clean,clean,5,Id2,Id2,"['Mermaid_(Train_song) | releaseDate | 2012-12-27', ""Mermaid_(Train_song) | precededBy | This'll_Be_My_Year"", 'Mermaid_(Train_song) | writer | Espen_Lind', 'Mermaid_(Train_song) | runtime | 3.16', 'Mermaid_(Train_song) | writer | Amund_Bjørklund']","['Mermaid_(canción_de_Train) | FechaDePublicación | 27-12-2012', 'Mermaid_(canción_de_Train) | PrecedidoPor | Este_será_mi_año', 'Mermaid_(canción_de_Train) | Escritor | Espen_Lind', 'Mermaid_(canción_de_Train) | TiempoDeEjecución | 3.16', 'Mermaid_(canción_de_Train) | Escritor | Amund_Bjørklund']","['Mermaid_(canción_de_Train) | FechaDePublicación | 27-12-2012', 'Mermaid_(canción_de_Train) | PrecedidoPor | Este_será_mi_año', 'Mermaid_(canción_de_Train) | Escritor | Espen_Lind', 'Mermaid_(canción_de_Train) | TiempoDeEjecución | 3.16', 'Mermaid_(canción_de_Train) | Escritor | Amund_Bjørklund']","Train released their song Mermaid on December 27th, 2012. The song was written by Amund Bjorklund and Espen Lind, and runs three minutes and sixteen seconds long. Train's most recent song before Mermaid was This'll Be My Year.","Train lanzó su canción Mermaid el 27-12-2012. La canción fue escrita por Amund Bjorklund y Espen Lind, y dura tres minutos y dieciséis segundos. La canción más reciente de Train antes de Mermaid era This'll Be My Year.","Train lanzó su canción Mermaid el 27-12-2012. La canción fue escrita por Amund Bjorklund y Espen Lind, y dura tres minutos y dieciséis segundos. La canción más reciente de Train antes de Mermaid era This'll Be My Year.",False,test/rdf-to-text-generation-test-data-with-refs-en.xml,test,rdf-to-text-generation-test-data-with-refs-en.xml,MusicalWork,Id95,False,,,,,,original__es__719f8df973c2,0.9734013676643372,0.8879866003990173,0.7302359223365784,0.0,5,True,1.0,4,5,0.5569345951080322,0.2793639600276947,3,0.75,4,False,False,0.25082006603479384,0.3705099388957024,0.3061145290732384,-0.09114597886800768,True,False,5,0.6933069229125977,0.38190269470214844,,,,,,
original__es__f00b6edf54b0,train/3triples/Food.xml::Id122::Id2,train/3triples/Food.xml::Id122,es,Spanish,CLEAN,clean,clean,3,Id2,Id2,"['Bacon_sandwich | dishVariation | BLT', 'Bacon_sandwich | country | United_Kingdom', 'Bacon_sandwich | ingredient | Brown_sauce']","['Sándwich_de_tocino | VariaciónDePlato | Sándwich_BLT', 'Sándwich_de_tocino | País | Reino_Unido', 'Sándwich_de_tocino | Ingrediente | Salsa_marrón']","['Sándwich_de_tocino | VariaciónDePlato | Sándwich_BLT', 'Sándwich_de_tocino | País | Reino_Unido', 'Sándwich_de_tocino | Ingrediente | Salsa_marrón']","A variation of the BLT, the bacon sandwich is from the United Kingdom and can contain brown sauce.","Variante del BLT, el sándwich de beicon procede del Reino Unido y puede contener salsa marrón.","Variante del BLT, el sándwich de beicon procede del Reino Unido y puede contener salsa marrón.",False,train/3triples/Food.xml,train,3triples,Food,Id122,False,,,,,,original__es__f00b6edf54b0,0.887617826461792,0.7947725057601929,0.7937739292780558,0.0,3,True,,0,3,0.27513954043388367,0.4814273416996002,1,,0,False,False,0.33754532784223557,0.4270522966980934,-0.0624057874083519,0.054375045001506805,False,True,3,0.7054049968719482,0.7342008352279663,,,,,,
original__es__b4057a22ac9b,test/rdf-to-text-generation-test-data-with-refs-en.xml::Id874::Id3,test/rdf-to-text-generation-test-data-with-refs-en.xml::Id874,es,Spanish,CLEAN,clean,clean,3,Id3,Id3,"['Lady_Anne_Monson | deathDate | 1776-02-18', 'Lady_Anne_Monson | birthPlace | Kingdom_of_England', 'Lady_Anne_Monson | nationality | Kingdom_of_England']","['Anne_Monson | FechaDeDefunción | 18-02-1776', 'Anne_Monson | LugarDeNacimiento | Reino_de_Inglaterra', 'Anne_Monson | Nacionalidad | Reino_de_Inglaterra']","['Anne_Monson | FechaDeDefunción | 18-02-1776', 'Anne_Monson | LugarDeNacimiento | Reino_de_Inglaterra', 'Anne_Monson | Nacionalidad | Reino_de_Inglaterra']","Lady Anne Monson was born in the Kingdom of England and has an English Nationality, she died on 1776-02-18.","Lady Anne Monson nació en el Reino de Inglaterra y tiene nacionalidad inglesa, murió el 18 de febrero de 1776.","Lady Anne Monson nació en el Reino de Inglaterra y tiene nacionalidad inglesa, murió el 18 de febrero de 1776.",False,test/rdf-to-text-generation-test-data-with-refs-en.xml,test,rdf-to-text-generation-test-data-with-refs-en.xml,Scientist,Id874,False,,,,,,original__es__b4057a22ac9b,0.9693509340286255,0.8997384309768677,0.7446818749109904,0.0,3,True,1.0,3,3,0.4284769594669342,0.5697968602180481,1,1.0,3,True,True,0.33754532784223557,0.4270522966980934,0.09093163162469864,0.14274456351995468,True,True,3,0.6020658016204834,0.6813400983810425,,,,,,
original__es__461ed148d387,train/2triples/Politician.xml::Id132::Id2,train/2triples/Politician.xml::Id132,es,Spanish,CLEAN,clean,clean,2,Id2,Id2,"['Airey_Neave | battle | World_War_II', 'World_War_II | commander | Benito_Mussolini']","['Airey_Neave | Batalla | Segunda_Guerra_Mundial', 'Segunda_Guerra_Mundial | Comandante | Benito_Mussolini']","['Airey_Neave | Batalla | Segunda_Guerra_Mundial', 'Segunda_Guerra_Mundial | Comandante | Benito_Mussolini']",Airey Neave was in World War II and a commander there was Benito Mussolini.,Airey Neave estuvo en la Segunda Guerra Mundial y un comandante allí era Benito Mussolini.,Airey Neave estuvo en la Segunda Guerra Mundial y un comandante allí era Benito Mussolini.,False,train/2triples/Politician.xml,train,2triples,Politician,Id132,False,,,,,,original__es__461ed148d387,0.9701813459396362,0.9743378758430481,0.9867242276668549,0.0,2,True,,0,2,0.560863733291626,0.6984317302703857,1,,0,False,False,0.4160341203212738,0.4842067241668701,0.14482961297035218,0.21422500610351564,True,True,2,0.6011399626731873,0.7036547064781189,,,,,,
original__es__37969b5349fb,test/rdf-to-text-generation-test-data-with-refs-en.xml::Id771::Id1,test/rdf-to-text-generation-test-data-with-refs-en.xml::Id771,es,Spanish,CLEAN,clean,clean,2,Id1,Id1,"['Brandon_Carter | doctoralAdvisor | Dennis_William_Sciama', 'Brandon_Carter | birthPlace | England']","['Brandon_Carter | AsesorDoctoral | Dennis_William_Sciama', 'Brandon_Carter | LugarDeNacimiento | Inglaterra']","['Brandon_Carter | AsesorDoctoral | Dennis_William_Sciama', 'Brandon_Carter | LugarDeNacimiento | Inglaterra']","Brandon Carter, born in England, had Dennis William Sciama as his doctoral advisor.","Brandon Carter, nacido en Inglaterra, tuvo como asesor doctoral a Dennis William Sciama.","Brandon Carter, nacido en Inglaterra, tuvo como asesor doctoral a Dennis William Sciama.",False,test/rdf-to-text-generation-test-data-with-refs-en.xml,test,rdf-to-text-generation-test-data-with-refs-en.xml,Scientist,Id771,False,,,,,,original__es__37969b5349fb,0.9845709204673767,0.9265055060386658,0.6824871897697449,0.0,2,True,,0,2,0.4527449309825897,0.6240444183349609,1,,0,False,False,0.4160341203212738,0.4842067241668701,0.03671081066131593,0.13983769416809083,True,True,2,0.4459702670574188,0.69289231300354,,,,,,
original__es__07c97b058e5e,train/2triples/CelestialBody.xml::Id63::Id2,train/2triples/CelestialBody.xml::Id63,es,Spanish,CLEAN,clean,clean,2,Id2,Id2,"['1036_Ganymed | rotationPeriod | 37116.0', '1036_Ganymed | apoapsis | 611961000.0 (kilometres)']","['(1036)_Ganymed | PeríodoDeRotación | 37116.0', '(1036)_Ganymed | Apoapsis | 611961000.0_(kilómetros)']","['(1036)_Ganymed | PeríodoDeRotación | 37116.0', '(1036)_Ganymed | Apoapsis | 611961000.0_(kilómetros)']","1036 Ganymed has a rotational period of 37116.0, and an apoapsis of 611961000.0 kilometres.","1036 Ganymed tiene un período de rotación de 37116,0, y un apoapsis de 611961000,0 kilómetros.","1036 Ganymed tiene un período de rotación de 37116,0, y un apoapsis de 611961000,0 kilómetros.",False,train/2triples/CelestialBody.xml,train,2triples,CelestialBody,Id63,False,,,,,,original__es__07c97b058e5e,0.9531301259994507,0.890291154384613,0.7669382095336914,0.0,2,True,1.0,3,2,0.42613857984542847,0.589837372303009,1,1.0,3,True,True,0.4160341203212738,0.4842067241668701,0.010104459524154674,0.10563064813613893,True,True,2,0.6466881632804871,0.6716391444206238,,,,,,
original__es__cb5dacbbec1b,train/1triples/Food_allSolutions.xml::Id142::Id1,train/1triples/Food_allSolutions.xml::Id142,es,Spanish,CLEAN,clean,clean,1,Id1,Id1,['Beef_kway_teow | ingredient | Sesame_oil'],['Carne_kway_teow | Ingrediente | aceite_de_sésamo'],['Carne_kway_teow | Ingrediente | aceite_de_sésamo'],Sesame oil is an ingredient in beef kway teow.,El aceite de sésamo es un ingrediente del beef kway teow.,El aceite de sésamo es un ingrediente del beef kway teow.,False,train/1triples/Food_allSolutions.xml,train,1triples,Food,Id142,False,,,,,,original__es__cb5dacbbec1b,0.8923617601394653,0.8795623779296875,0.977979302406311,0.0,1,True,,0,1,0.7835001349449158,0.7835001945495605,1,,0,False,False,0.5896280944347382,0.5231981992721558,0.1938720405101776,0.2603019952774047,True,True,1,0.8736445903778076,0.8736446499824524,,,,,,
original__es__01f9461a3684,train/1triples/City_allSolutions.xml::Id136::Id1,train/1triples/City_allSolutions.xml::Id136,es,Spanish,CLEAN,clean,clean,1,Id1,Id1,"['Attica,_Indiana | isPartOf | Logan_Township,_Fountain_County,_Indiana']","['Attica | FormaParteDe | Municipio_de_Logan_(condado_de_Fountain,_Indiana)']","['Attica | FormaParteDe | Municipio_de_Logan_(condado_de_Fountain,_Indiana)']","Attica, Indiana is part of Logan Township, Fountain County, Indiana.","Attica, Indiana es parte de Logan Township, Condado de Fountain, Indiana.","Attica, Indiana es parte de Logan Township, Condado de Fountain, Indiana.",False,train/1triples/City_allSolutions.xml,train,1triples,City,Id136,False,,,,,,original__es__01f9461a3684,0.9810869097709656,0.8664712905883789,0.5240179896354675,0.0,1,True,,0,1,0.7529625296592712,0.7529624700546265,1,,0,False,False,0.5896280944347382,0.5231981992721558,0.16333443522453306,0.22976427078247064,True,True,1,0.8901597261428833,0.8901597261428833,,,,,,
original__es__a80e3dce05cc,train/3triples/SportsTeam.xml::Id72::Id3,train/3triples/SportsTeam.xml::Id72,es,Spanish,CLEAN,clean,clean,3,Id3,Id3,"['A.F.C._Blackpool | manager | Stuart_Parker_(footballer)', 'Stuart_Parker_(footballer) | club | KV_Mechelen', 'Stuart_Parker_(footballer) | club | Stockport_County_F.C.']","['A.F.C._Blackpool | Director | Stuart_Parker_(futbolista)', 'Stuart_Parker_(futbolista) | Club | KV_Malinas', 'Stuart_Parker_(futbolista) | Club | Stockport_County_Football_Club']","['A.F.C._Blackpool | Director | Stuart_Parker_(futbolista)', 'Stuart_Parker_(futbolista) | Club | KV_Malinas', 'Stuart_Parker_(futbolista) | Club | Stockport_County_Football_Club']",AFC Blackpool have had Stuart Parker as their manager. He has also represented the club KV Mechelen and once played for Stockport County FC.,El AFC Blackpool ha tenido como entrenador a Stuart Parker. También ha representado al club KV Mechelen y una vez jugó en el Stockport County FC.,El AFC Blackpool ha tenido como entrenador a Stuart Parker. También ha representado al club KV Mechelen y una vez jugó en el Stockport County FC.,False,train/3triples/SportsTeam.xml,train,3triples,SportsTeam,Id72,False,,,,,,original__es__a80e3dce05cc,0.9796807169914246,0.9620537757873535,0.9248379866282145,0.0,3,True,,0,3,0.4552616775035858,0.40437376499176025,2,,0,False,False,0.33754532784223557,0.4270522966980934,0.11771634966135025,-0.02267853170633316,True,False,3,0.5912639498710632,0.5187677145004272,,,,,,
original__es__05b29058ede3,train/4triples/Company.xml::Id23::Id1,train/4triples/Company.xml::Id23,es,Spanish,CLEAN,clean,clean,4,Id1,Id1,"['GMA_New_Media | foundingDate | 2000-01-01', 'GMA_New_Media | product | Mobile_Applications', 'GMA_New_Media | industry | Mass_Media', 'GMA_New_Media | keyPerson | Felipe_Gozon']","['GMA_Nuevos_Medios | FechaDeFundación | 01-01-2000', 'GMA_Nuevos_Medios | Producto | Aplicaciones_móviles', 'GMA_Nuevos_Medios | Industria | Medios_de_comunicación', 'GMA_Nuevos_Medios | PersonaClave | Felipe_Gozon']","['GMA_Nuevos_Medios | FechaDeFundación | 01-01-2000', 'GMA_Nuevos_Medios | Producto | Aplicaciones_móviles', 'GMA_Nuevos_Medios | Industria | Medios_de_comunicación', 'GMA_Nuevos_Medios | PersonaClave | Felipe_Gozon']","GMA New Media, a mass media company offering products such as mobile applications, was founded on January 1, 2000. Felipe Gozon is a key person at the company.","GMA New Media, empresa de medios de comunicación que ofrece productos como aplicaciones para móviles, se fundó el 1 de enero de 2000. Felipe Gozón es una persona clave en la empresa.","GMA New Media, empresa de medios de comunicación que ofrece productos como aplicaciones para móviles, se fundó el 1 de enero de 2000. Felipe Gozón es una persona clave en la empresa.",False,train/4triples/Company.xml,train,4triples,Company,Id23,False,,,,,,original__es__05b29058ede3,0.9812178611755371,0.914037823677063,0.7997250109910965,0.0,4,True,1.0,2,4,0.5102493762969971,0.5816848874092102,2,1.0,2,True,True,0.28582777082920074,0.3673718720674515,0.22442160546779633,0.21431301534175873,True,True,4,0.5828812122344971,0.5834164619445801,,,,,,
original__es__f920bb5e1437,train/3triples/Athlete.xml::Id54::Id2,train/3triples/Athlete.xml::Id54,es,Spanish,CLEAN,clean,clean,3,Id2,Id2,"['Akeem_Adams | club | Ferencvárosi_TC', 'Akeem_Adams | club | United_Petrotrin_F.C.', 'United_Petrotrin_F.C. | ground | Palo_Seco']","['Akeem_Adams | Club | Ferencváros_T.C.', 'Akeem_Adams | Club | United_Petrotrin', 'United_Petrotrin | Suelo | Palo_Seco']","['Akeem_Adams | Club | Ferencváros_T.C.', 'Akeem_Adams | Club | United_Petrotrin', 'United_Petrotrin | Suelo | Palo_Seco']",Akeem Adams plays for Ferencvarosi TC and is a member of the United Petrotrin F.C. club who play in Palo Seco.,Akeem Adams juega en el Ferencvarosi TC y es miembro del club United Petrotrin F.C. que juega en Palo Seco.,Akeem Adams juega en el Ferencvarosi TC y es miembro del club United Petrotrin F.C. que juega en Palo Seco.,False,train/3triples/Athlete.xml,train,3triples,Athlete,Id54,False,,,,,,original__es__f920bb5e1437,0.9861413836479187,0.950734555721283,0.9282713532447815,0.0,3,True,,0,3,0.4163320064544678,0.4944946765899658,2,,0,False,False,0.33754532784223557,0.4270522966980934,0.07878667861223221,0.0674423798918724,True,True,3,0.33352726697921753,0.44738155603408813,,,,,,
original__es__89c204d306fe,dev/4triples/Building.xml::Id12::Id3,dev/4triples/Building.xml::Id12,es,Spanish,CLEAN,clean,clean,4,Id3,Id3,"['Adisham_Hall | location | Sri_Lanka', 'Adisham_Hall | architecturalStyle | Tudor_Revival_architecture', 'Adisham_Hall | completionDate | 1931', 'Adisham_Hall | buildingStartDate | ""1927""']","['Sala_Adisham | Ubicación | Sri_Lanka', 'Sala_Adisham | EstiloArquitectónico | Arquitectura_Neo-tudor', 'Sala_Adisham | FechaDeFinalización | 1931', 'Sala_Adisham | FechaDeInicioDeLaConstrucción | 1927']","['Sala_Adisham | Ubicación | Sri_Lanka', 'Sala_Adisham | EstiloArquitectónico | Arquitectura_Neo-tudor', 'Sala_Adisham | FechaDeFinalización | 1931', 'Sala_Adisham | FechaDeInicioDeLaConstrucción | 1927']","Designed in the Tudor Revival architectural style, Adisham Hall is located in Sri Lanka and was built in 1927 and completed in 1931.","Diseñado en estilo arquitectónico Tudor Revival, el Adisham Hall se encuentra en Sri Lanka y fue construido en 1927 y terminado en 1931.","Diseñado en estilo arquitectónico Tudor Revival, el Adisham Hall se encuentra en Sri Lanka y fue construido en 1927 y terminado en 1931.",False,dev/4triples/Building.xml,dev,4triples,Building,Id12,False,,,,,,original__es__89c204d306fe,0.9934226274490356,0.8774760365486145,0.7510725557804108,0.0,4,True,1.0,2,4,0.32189592719078064,0.428867906332016,1,1.0,2,True,True,0.28582777082920074,0.3673718720674515,0.036068156361579895,0.061496034264564514,True,True,4,0.4778227210044861,0.5854326486587524,,,,,,
original__es__d545110b74f7,train/5triples/Astronaut.xml::Id65::Id2,train/5triples/Astronaut.xml::Id65,es,Spanish,CLEAN,clean,clean,5,Id2,Id2,"['Elliot_See | almaMater | University_of_Texas_at_Austin', 'University_of_Texas_at_Austin | affiliation | University_of_Texas_System', 'University_of_Texas_at_Austin | competeIn | Big_12_Conference', 'Elliot_See | deathPlace | St._Louis', 'Elliot_See | deathDate | ""1966-02-28""']","['Elliot_See | AlmaMáter | Universidad_de_Texas_en_Austin', 'Universidad_de_Texas_en_Austin | Afiliación | Sistema_Universitario_de_Texas', 'Universidad_de_Texas_en_Austin | CompetirEn | Big_12_Conference', 'Elliot_See | LugarDeLaMuerte | San_Luis', 'Elliot_See | FechaDeDefunción | 28-02-1966']","['Elliot_See | AlmaMáter | Universidad_de_Texas_en_Austin', 'Universidad_de_Texas_en_Austin | Afiliación | Sistema_Universitario_de_Texas', 'Universidad_de_Texas_en_Austin | CompetirEn | Big_12_Conference', 'Elliot_See | LugarDeLaMuerte | San_Luis', 'Elliot_See | FechaDeDefunción | 28-02-1966']","Elliot See attended the University of Texas at Austin (part of the University of Texas System) who are competing in the Big 12 Conference. Elliot See died on February 28, 1966 in St. Louis.","Elliot See estudió en la Universidad de Texas en Austin (parte del sistema de la Universidad de Texas), que compite en la Big 12 Conference. Elliot See falleció el 28 de febrero de 1966 en St.","Elliot See estudió en la Universidad de Texas en Austin (parte del sistema de la Universidad de Texas), que compite en la Big 12 Conference. Elliot See falleció el 28 de febrero de 1966 en St.",False,train/5triples/Astronaut.xml,train,5triples,Astronaut,Id65,False,,,,,,original__es__d545110b74f7,0.9682462215423584,0.8638812303543091,0.7745756030082702,0.0,5,True,1.0,4,5,0.3811534643173218,0.4334140419960022,2,1.0,4,True,True,0.25082006603479384,0.3705099388957024,0.13033339828252793,0.06290410310029981,True,True,5,0.3783523440361023,0.48031485080718994,,,,,,
original__es__a393cb6cb53c,train/5triples/Astronaut.xml::Id17::Id3,train/5triples/Astronaut.xml::Id17,es,Spanish,CLEAN,clean,clean,5,Id3,Id3,"['Alan_Shepard | almaMater | ""NWC, M.A. 1957""', 'Alan_Shepard | deathPlace | California', 'Alan_Shepard | birthPlace | New_Hampshire', 'Alan_Shepard | selectedByNasa | 1959', 'Alan_Shepard | nationality | United_States']","['Alan_Bartlett_Shepard | AlmaMáter | NWC,_M.A._1957', 'Alan_Bartlett_Shepard | LugarDeLaMuerte | California', 'Alan_Bartlett_Shepard | LugarDeNacimiento | Nuevo_Hampshire', 'Alan_Bartlett_Shepard | SeleccionadoPorLaNasa | 1959', 'Alan_Bartlett_Shepard | Nacionalidad | Estados_Unidos']","['Alan_Bartlett_Shepard | AlmaMáter | NWC,_M.A._1957', 'Alan_Bartlett_Shepard | LugarDeLaMuerte | California', 'Alan_Bartlett_Shepard | LugarDeNacimiento | Nuevo_Hampshire', 'Alan_Bartlett_Shepard | SeleccionadoPorLaNasa | 1959', 'Alan_Bartlett_Shepard | Nacionalidad | Estados_Unidos']",Alan Shepard was an American born in New Hampshire. He graduated from NWC MA in 1957 and was selected by NASA in 1950. He died in California.,Alan Shepard fue un estadounidense nacido en New Hampshire. Se graduó en la NWC MA en 1957 y fue seleccionado por la NASA en 1950. Murió en California.,Alan Shepard fue un estadounidense nacido en New Hampshire. Se graduó en la NWC MA en 1957 y fue seleccionado por la NASA en 1950. Murió en California.,False,train/5triples/Astronaut.xml,train,5triples,Astronaut,Id17,False,,,,,,original__es__a393cb6cb53c,0.9615147113800049,0.8558450937271118,0.7740728259086609,0.0,5,True,1.0,2,5,0.3281811475753784,0.19690993428230286,3,0.5,2,False,False,0.25082006603479384,0.3705099388957024,0.07736108154058458,-0.17360000461339953,True,False,5,0.5373395681381226,0.23959165811538696,,,,,,
original__es__57898022eb0c,train/2triples/Artist.xml::Id73::Id1,train/2triples/Artist.xml::Id73,es,Spanish,CLEAN,clean,clean,2,Id1,Id1,"['Ahmet_Ertegun | genre | Rhythm_and_blues', 'Rhythm_and_blues | stylisticOrigin | Blues']","['Ahmet_Ertegün | Género | rhythm_and_blues', 'rhythm_and_blues | OrigenEstilístico | Blues']","['Ahmet_Ertegün | Género | rhythm_and_blues', 'rhythm_and_blues | OrigenEstilístico | Blues']",Ahmet Ertegun music genre are Rhythm and Blues which originated from blues music.,"El género musical de Ahmet Ertegun es el Rhythm and Blues, que tiene su origen en la música Blues.","El género musical de Ahmet Ertegun es el Rhythm and Blues, que tiene su origen en la música Blues.",False,train/2triples/Artist.xml,train,2triples,Artist,Id73,False,,,,,,original__es__57898022eb0c,0.9693912863731384,0.9392373561859131,0.641625702381134,0.0,2,True,,0,2,0.6365749835968018,0.6982215642929077,1,,0,False,False,0.4160341203212738,0.4842067241668701,0.22054086327552797,0.2140148401260376,True,True,2,0.6414751410484314,0.7330033183097839,,,,,,
original__es__153ea984615d,train/5triples/SportsTeam.xml::Id25::Id3,train/5triples/SportsTeam.xml::Id25,es,Spanish,CLEAN,clean,clean,5,Id3,Id3,"['Agremiação_Sportiva_Arapiraquense | league | Campeonato_Brasileiro_Série_C', 'Campeonato_Brasileiro_Série_C | country | Brazil', 'Agremiação_Sportiva_Arapiraquense | numberOfMembers | 17000', 'Agremiação_Sportiva_Arapiraquense | ground | Estádio_Municipal_Coaracy_da_Mata_Fonseca', 'Campeonato_Brasileiro_Série_C | champions | Vila_Nova_Futebol_Clube']","['Agremiação_Sportiva_Arapiraquense | Liga | Campeonato_Brasileño_de_Serie_C', 'Campeonato_Brasileño_de_Serie_C | País | Brasil', 'Agremiação_Sportiva_Arapiraquense | NúmeroDeMiembros | 17000', 'Agremiação_Sportiva_Arapiraquense | Suelo | Estádio_Municipal_Coaracy_da_Mata_Fonseca', 'Campeonato_Brasileño_de_Serie_C | Campeones | Vila_Nova_Futebol_Clube']","['Agremiação_Sportiva_Arapiraquense | Liga | Campeonato_Brasileño_de_Serie_C', 'Campeonato_Brasileño_de_Serie_C | País | Brasil', 'Agremiação_Sportiva_Arapiraquense | NúmeroDeMiembros | 17000', 'Agremiação_Sportiva_Arapiraquense | Suelo | Estádio_Municipal_Coaracy_da_Mata_Fonseca', 'Campeonato_Brasileño_de_Serie_C | Campeones | Vila_Nova_Futebol_Clube']","Vila Nova Futebol Clube have been champions of Campeonato Brasileiro Série C. league in Brazil. Agremiação Sportiva Arapiraquense, who have 17000 members, also play in the league and have their home ground at Estádio Municipal Coaracy da Mata Fonseca.","El Vila Nova Futebol Clube ha sido campeón de la liga Campeonato Brasileiro Série C. de Brasil. La Agremiação Sportiva Arapiraquense, que cuenta con 17.000 socios, también juega en la liga y tiene su estadio en el Estádio Municipal Coaracy da Mata Fonseca.","El Vila Nova Futebol Clube ha sido campeón de la liga Campeonato Brasileiro Série C. de Brasil. La Agremiação Sportiva Arapiraquense, que cuenta con 17.000 socios, también juega en la liga y tiene su estadio en el Estádio Municipal Coaracy da Mata Fonseca.",False,train/5triples/SportsTeam.xml,train,5triples,SportsTeam,Id25,False,,,,,,original__es__153ea984615d,0.9566957950592041,0.9611127376556396,0.7804920077323914,0.0,5,True,1.0,1,5,0.42201799154281616,0.656546413898468,3,1.0,1,True,True,0.25082006603479384,0.3705099388957024,0.17119792550802232,0.28603647500276563,True,True,5,0.49040356278419495,0.6340043544769287,,,,,,
original__es__12c6ea4de883,dev/5triples/Artist.xml::Id29::Id3,dev/5triples/Artist.xml::Id29,es,Spanish,CLEAN,clean,clean,5,Id3,Id3,"['Uruguay | leader | Raúl_Fernando_Sendic_Rodríguez', 'Alfredo_Zitarrosa | deathPlace | Montevideo', 'Montevideo | country | Uruguay', 'Montevideo | leader | Daniel_Martínez_(politician)', 'Uruguay | language | Spanish_language']","['Uruguay | Líder | Raúl_Sendic_Rodríguez', 'Alfredo_Zitarrosa | LugarDeLaMuerte | Montevideo', 'Montevideo | País | Uruguay', 'Montevideo | Líder | Daniel_Martínez_(político)', 'Uruguay | Idioma | español']","['Uruguay | Líder | Raúl_Sendic_Rodríguez', 'Alfredo_Zitarrosa | LugarDeLaMuerte | Montevideo', 'Montevideo | País | Uruguay', 'Montevideo | Líder | Daniel_Martínez_(político)', 'Uruguay | Idioma | español']","Raúl Fernando Sendic Rodríguez is the leader of Spanish speaking, Uruguay. Daniel Martinez is the leader of Montevideo, the final resting place of Alfredo Zitarrosa.","Raúl Fernando Sendic Rodríguez es el líder de Uruguay de habla hispana. Daniel Martínez es el líder de Montevideo, última morada de Alfredo Zitarrosa.","Raúl Fernando Sendic Rodríguez es el líder de Uruguay de habla hispana. Daniel Martínez es el líder de Montevideo, última morada de Alfredo Zitarrosa.",False,dev/5triples/Artist.xml,dev,5triples,Artist,Id29,False,,,,,,original__es__12c6ea4de883,0.9646733999252319,0.9358053803443909,0.891561770439148,0.0,5,True,,0,5,0.5449953675270081,0.7018252611160278,2,,0,False,False,0.25082006603479384,0.3705099388957024,0.2941753014922142,0.33131532222032545,True,True,5,0.559157133102417,0.6736506819725037,,,,,,
original__es__9f5f225f29d1,train/5triples/Artist.xml::Id132::Id3,train/5triples/Artist.xml::Id132,es,Spanish,CLEAN,clean,clean,5,Id3,Id3,"[""Alison_O'Donnell | genre | Jazz"", 'Jazz | stylisticOrigin | Blues', 'Jazz | derivative | Funk', 'Jazz | musicFusionGenre | Afrobeat', ""Alison_O'Donnell | instrument | Autoharp""]","[""Alison_O'Donnell | Género | jazz"", 'jazz | OrigenEstilístico | Blues', 'jazz | Derivado | funk', 'jazz | GéneroMusicalFusión | afrobeat', ""Alison_O'Donnell | Instrumento | autoarpa""]","[""Alison_O'Donnell | Género | jazz"", 'jazz | OrigenEstilístico | Blues', 'jazz | Derivado | funk', 'jazz | GéneroMusicalFusión | afrobeat', ""Alison_O'Donnell | Instrumento | autoarpa""]",Jazz music originates from the Blues and is the basis for Afrobeat fusion and funk. Jazz musician Alison O'Donnell plays the autoharp.,La música jazz tiene su origen en el Blues y es la base de la fusión del afrobeat y el funk. La músico de jazz Alison O'Donnell toca el autoarpa.,La música jazz tiene su origen en el Blues y es la base de la fusión del afrobeat y el funk. La músico de jazz Alison O'Donnell toca el autoarpa.,False,train/5triples/Artist.xml,train,5triples,Artist,Id132,False,,,,,,original__es__9f5f225f29d1,0.9392816424369812,0.9508630037307739,0.8100037813186646,0.0,5,True,,0,5,0.27137285470962524,0.668278694152832,2,,0,False,False,0.25082006603479384,0.3705099388957024,0.0205527886748314,0.29776875525712965,True,True,5,0.35336899757385254,0.6608848571777344,,,,,,
original__es__e4d97d5bc7eb,train/4triples/City.xml::Id183::Id1,train/4triples/City.xml::Id183,es,Spanish,CLEAN,clean,clean,4,Id1,Id1,"['United_States | demonym | Americans', 'Angola,_Indiana | isPartOf | Pleasant_Township,_Steuben_County,_Indiana', 'Angola,_Indiana | country | United_States', 'United_States | ethnicGroup | Asian_Americans']","['Estados_Unidos | Gentilicio | Estadounidense', 'Angola | FormaParteDe | Municipio_de_Pleasant_(condado_de_Steuben,_Indiana)', 'Angola | País | Estados_Unidos', 'Estados_Unidos | GrupoÉtnico | estadounidense_asiático']","['Estados_Unidos | Gentilicio | Estadounidense', 'Angola | FormaParteDe | Municipio_de_Pleasant_(condado_de_Steuben,_Indiana)', 'Angola | País | Estados_Unidos', 'Estados_Unidos | GrupoÉtnico | estadounidense_asiático']","People who live in the US are called Americans and these include the ethnic group of Asian Americans. The United States is where you will find Angola, part of Pleasant Township in Steuben County, Indiana.","Las personas que viven en EE.UU. se denominan Estadounidenses y entre ellos se incluye el grupo étnico de los asiático-Estadounidense. Estados Unidos es donde se encuentra Angola, parte de Pleasant Township en Steuben County, Indiana.","Las personas que viven en EE.UU. se denominan Estadounidenses y entre ellos se incluye el grupo étnico de los asiático-Estadounidense. Estados Unidos es donde se encuentra Angola, parte de Pleasant Township en Steuben County, Indiana.",False,train/4triples/City.xml,train,4triples,City,Id183,False,,,,,,original__es__e4d97d5bc7eb,0.9773870706558228,0.8386573791503906,0.7737282365560532,0.0,4,True,,0,4,0.4005011320114136,0.6779457926750183,3,,0,False,False,0.28582777082920074,0.3673718720674515,0.11467336118221283,0.31057392060756683,True,True,4,0.4826194941997528,0.7823455333709717,,,,,,
original__es__8d46c32a360c,train/2triples/CelestialBody.xml::Id31::Id1,train/2triples/CelestialBody.xml::Id31,es,Spanish,CLEAN,clean,clean,2,Id1,Id1,"['(66391)_1999_KW4 | epoch | 2004-07-14', '(66391)_1999_KW4 | apoapsis | 162164091.8388 (kilometres)']","['(66391)_1999_KW4 | Época | 14-07-2004', '(66391)_1999_KW4 | Apoapsis | 162164091.8388_(kilómetros)']","['(66391)_1999_KW4 | Época | 14-07-2004', '(66391)_1999_KW4 | Apoapsis | 162164091.8388_(kilómetros)']","The celestial body, (66391) 1999 KW4, has an apoapsis of 162164091.8388 km and its epoch date is 14 July 2004.","El cuerpo celeste, (66391) 1999 KW4, tiene un apoapsis de 162164091,8388 km y su fecha de época es el 14 de julio de 2004.","El cuerpo celeste, (66391) 1999 KW4, tiene un apoapsis de 162164091,8388 km y su fecha de época es el 14 de julio de 2004.",False,train/2triples/CelestialBody.xml,train,2triples,CelestialBody,Id31,False,,,,,,original__es__8d46c32a360c,0.9650694727897644,0.9090206623077393,0.8506371378898621,0.0,2,True,1.0,6,2,0.49890801310539246,0.5883381366729736,1,1.0,6,True,True,0.4160341203212738,0.4842067241668701,0.08287389278411866,0.10413141250610353,True,True,2,0.5815081000328064,0.610161542892456,,,,,,
original__es__950101c0cfbd,train/3triples/Airport.xml::Id168::Id3,train/3triples/Airport.xml::Id168,es,Spanish,CLEAN,clean,clean,3,Id3,Id3,"['Iraq | language | Kurdish_languages', 'Al-Taqaddum_Air_Base | cityServed | Fallujah', 'Fallujah | country | Iraq']","['Irak | Idioma | Lenguas_kurdas', 'Base_aérea_de_Al-Taqaddum | CiudadServida | Faluya', 'Faluya | País | Irak']","['Irak | Idioma | Lenguas_kurdas', 'Base_aérea_de_Al-Taqaddum | CiudadServida | Faluya', 'Faluya | País | Irak']","The Al Taqaddum Air Base serves the city of Fallujah in Iraq, a country where the Kurdish languages are spoken.","La base aérea de Al Taqaddum sirve a la ciudad de Faluya, en Irak, un país donde se habla la lengua kurda.","La base aérea de Al Taqaddum sirve a la ciudad de Faluya, en Irak, un país donde se habla la lengua kurda.",False,train/3triples/Airport.xml,train,3triples,Airport,Id168,False,,,,,,original__es__950101c0cfbd,0.7713445425033569,0.8764991760253906,0.9489634037017822,0.0,3,True,,0,3,0.4519163966178894,0.5769709944725037,1,,0,False,False,0.33754532784223557,0.4270522966980934,0.11437106877565384,0.14991869777441025,True,True,3,0.5530637502670288,0.6122235059738159,,,,,,
original__es__1b3baf8751c6,test/rdf-to-text-generation-test-data-with-refs-en.xml::Id1626::Id2,test/rdf-to-text-generation-test-data-with-refs-en.xml::Id1626,es,Spanish,CLEAN,clean,clean,2,Id2,Id2,"['Nurhan_Atasoy | birthPlace | Turkey', 'Turkey | governmentType | Unitary_state']","['Nurhan_Atasoy | LugarDeNacimiento | Turquía', 'Turquía | TipoDeGobierno | Estado_unitario']","['Nurhan_Atasoy | LugarDeNacimiento | Turquía', 'Turquía | TipoDeGobierno | Estado_unitario']",Nurhan Atasoy was born in the unitary state of Turkey.,Nurhan Atasoy nació en el Estado unitario de Turquía.,Nurhan Atasoy nació en el Estado unitario de Turquía.,False,test/rdf-to-text-generation-test-data-with-refs-en.xml,test,rdf-to-text-generation-test-data-with-refs-en.xml,Scientist,Id1626,False,,,,,,original__es__1b3baf8751c6,0.9188344478607178,0.8913772702217102,0.5890797972679138,0.0,2,True,,0,2,0.4999743103981018,0.5988982915878296,1,,0,False,False,0.4160341203212738,0.4842067241668701,0.08394019007682801,0.11469156742095948,True,True,2,0.4862537384033203,0.6256459951400757,,,,,,
original__es__e4ba7fa7ea38,train/1triples/CelestialBody_allSolutions.xml::Id140::Id1,train/1triples/CelestialBody_allSolutions.xml::Id140,es,Spanish,CLEAN,clean,clean,1,Id1,Id1,['1101_Clematis | orbitalPeriod | 183309000.0'],['1101_Clematis | PeríodoOrbital | 183309000.0'],['1101_Clematis | PeríodoOrbital | 183309000.0'],1101 Clematis has an orbital period of 183309000.0.,1101 Clematis tiene un período orbital de 183309000.0.,1101 Clematis tiene un período orbital de 183309000.0.,False,train/1triples/CelestialBody_allSolutions.xml,train,1triples,CelestialBody,Id140,False,,,,,,original__es__e4ba7fa7ea38,0.9969882369041443,0.8557248115539551,0.6974803805351257,0.0,1,True,1.0,2,1,0.6829719543457031,0.6829720735549927,1,1.0,2,True,True,0.5896280944347382,0.5231981992721558,0.09334385991096494,0.15977387428283685,True,True,1,0.7983778715133667,0.7983778715133667,,,,,,
original__es__88fff2baa703,dev/1triples/SportsTeam_allSolutions.xml::Id16::Id1,dev/1triples/SportsTeam_allSolutions.xml::Id16,es,Spanish,CLEAN,clean,clean,1,Id1,Id1,"['AZAL_PFK | location | ""Shuvalan, Baku, Azerbaijan""']","['AZAL_PFK | Ubicación | Shuvalan,_Bakú,_Azerbaiyán']","['AZAL_PFK | Ubicación | Shuvalan,_Bakú,_Azerbaiyán']","AZAL PFK is located at Shuvalan, Baku, Azerbaijan.","AZAL PFK tiene su sede en Shuvalan, Bakú, Azerbaiyán.","AZAL PFK tiene su sede en Shuvalan, Bakú, Azerbaiyán.",False,dev/1triples/SportsTeam_allSolutions.xml,dev,1triples,SportsTeam,Id16,False,,,,,,original__es__88fff2baa703,0.9784831404685974,0.9616125822067261,0.9400559067726135,0.0,1,True,,0,1,0.7495896816253662,0.7495896816253662,1,,0,False,False,0.5896280944347382,0.5231981992721558,0.15996158719062803,0.22639148235321038,True,True,1,0.7771596312522888,0.777159571647644,,,,,,
original__es__ba97c21dcdb6,train/3triples/City.xml::Id99::Id2,train/3triples/City.xml::Id99,es,Spanish,CLEAN,clean,clean,3,Id2,Id2,"['Ann_Arbor,_Michigan | leaderTitle | Mayor', 'Ann_Arbor,_Michigan | populationDensity | 1580.7 (inhabitants per square kilometre)', 'Ann_Arbor,_Michigan | areaTotal | 74.33 (square kilometres)']","['Ann_Arbor,_Michigan | TítuloDeLíder | alcalde', 'Ann_Arbor,_Michigan | DensidadDePoblación | 1580,7_(habitantes_por_kilómetro_cuadrado)', 'Ann_Arbor,_Michigan | ÁreaTotal | 74,33_(kilómetros_cuadrados)']","['Ann_Arbor,_Michigan | TítuloDeLíder | alcalde', 'Ann_Arbor,_Michigan | DensidadDePoblación | 1580,7_(habitantes_por_kilómetro_cuadrado)', 'Ann_Arbor,_Michigan | ÁreaTotal | 74,33_(kilómetros_cuadrados)']","The city of Ann Arbor, Michigan, where the leader has the title of Mayor, has a population density of 1580.7 people for each of its 74.33 square kilometres.","La ciudad de Ann Arbor (Michigan), cuyo líder ostenta el título de alcalde, tiene una densidad de población de 1.580,7 personas por cada uno de sus 74,33 kilómetros cuadrados.","La ciudad de Ann Arbor (Michigan), cuyo líder ostenta el título de alcalde, tiene una densidad de población de 1.580,7 personas por cada uno de sus 74,33 kilómetros cuadrados.",False,train/3triples/City.xml,train,3triples,City,Id99,False,,,,,,original__es__ba97c21dcdb6,0.8208168745040894,0.9239572882652283,0.6215911308924357,0.0,3,True,1.0,2,3,0.5261804461479187,0.5720165967941284,1,1.0,2,True,True,0.33754532784223557,0.4270522966980934,0.18863511830568314,0.144964300096035,True,True,3,0.610611081123352,0.7934941053390503,,,,,,
original__es__5bcefee38836,train/4triples/SportsTeam.xml::Id107::Id1,train/4triples/SportsTeam.xml::Id107,es,Spanish,CLEAN,clean,clean,4,Id1,Id1,"['Agremiação_Sportiva_Arapiraquense | league | Campeonato_Brasileiro_Série_C', 'Campeonato_Brasileiro_Série_C | country | Brazil', 'Agremiação_Sportiva_Arapiraquense | numberOfMembers | 17000', 'Campeonato_Brasileiro_Série_C | champions | Vila_Nova_Futebol_Clube']","['Agremiação_Sportiva_Arapiraquense | Liga | Campeonato_Brasileño_de_Serie_C', 'Campeonato_Brasileño_de_Serie_C | País | Brasil', 'Agremiação_Sportiva_Arapiraquense | NúmeroDeMiembros | 17000', 'Campeonato_Brasileño_de_Serie_C | Campeones | Vila_Nova_Futebol_Clube']","['Agremiação_Sportiva_Arapiraquense | Liga | Campeonato_Brasileño_de_Serie_C', 'Campeonato_Brasileño_de_Serie_C | País | Brasil', 'Agremiação_Sportiva_Arapiraquense | NúmeroDeMiembros | 17000', 'Campeonato_Brasileño_de_Serie_C | Campeones | Vila_Nova_Futebol_Clube']",The ground of Agremiação Sportiva Arapiraquense has a capacity of 17000 and is located in Brazil. They play in the Campeonato Brasileiro Série C league which was won by Vila Nova Futebol Clube.,El campo del Agremiação Sportiva Arapiraquense tiene capacidad para 17000 espectadores y está situado en Brasil. Juega en la liga Campeonato Brasileiro Série C que ganó el Vila Nova Futebol Clube.,El campo del Agremiação Sportiva Arapiraquense tiene capacidad para 17000 espectadores y está situado en Brasil. Juega en la liga Campeonato Brasileiro Série C que ganó el Vila Nova Futebol Clube.,False,train/4triples/SportsTeam.xml,train,4triples,SportsTeam,Id107,False,,,,,,original__es__5bcefee38836,0.9159963130950928,0.957368791103363,0.7794114947319031,0.0,4,True,1.0,1,4,0.4327777028083801,0.533886194229126,2,1.0,1,True,True,0.28582777082920074,0.3673718720674515,0.14694993197917938,0.1665143221616745,True,True,4,0.4966934621334076,0.5530209541320801,,,,,,
original__es__6bad9cfbc2ea,train/1triples/Politician_allSolutions.xml::Id97::Id1,train/1triples/Politician_allSolutions.xml::Id97,es,Spanish,CLEAN,clean,clean,1,Id1,Id1,['Adam_Koc | award | Virtuti_Militari'],['Adam_Koc | Premio | Orden_Virtuti_Militari'],['Adam_Koc | Premio | Orden_Virtuti_Militari'],Adam Koc was awarded the Virtuti Militari.,Adam Koc recibió la Virtuti Militari.,Adam Koc recibió la Virtuti Militari.,False,train/1triples/Politician_allSolutions.xml,train,1triples,Politician,Id97,False,,,,,,original__es__6bad9cfbc2ea,0.9486369490623474,0.9651610851287842,0.867001473903656,0.0,1,True,,0,1,0.7237845659255981,0.7237845659255981,1,,0,False,False,0.5896280944347382,0.5231981992721558,0.13415647149085996,0.20058636665344232,True,True,1,0.7656757831573486,0.7656756639480591,,,,,,
original__es__abbbeaba7686,test/rdf-to-text-generation-test-data-with-refs-en.xml::Id1337::Id2,test/rdf-to-text-generation-test-data-with-refs-en.xml::Id1337,es,Spanish,CLEAN,clean,clean,4,Id2,Id2,"['Adolfo_Suárez_Madrid–Barajas_Airport | operatingOrganisation | ENAIRE', 'ENAIRE | city | Madrid', 'Adolfo_Suárez_Madrid–Barajas_Airport | runwayLength | 3500.0', 'Adolfo_Suárez_Madrid–Barajas_Airport | elevationAboveTheSeaLevel | 610.0']","['Aeropuerto_Adolfo_Suárez_Madrid-Barajas | OrganizaciónOperativa | ENAIRE', 'ENAIRE | Ciudad | Madrid', 'Aeropuerto_Adolfo_Suárez_Madrid-Barajas | LongitudDeLaPista | 3500.0', 'Aeropuerto_Adolfo_Suárez_Madrid-Barajas | ElevaciónSobreElNivelDelMar | 610.0']","['Aeropuerto_Adolfo_Suárez_Madrid-Barajas | OrganizaciónOperativa | ENAIRE', 'ENAIRE | Ciudad | Madrid', 'Aeropuerto_Adolfo_Suárez_Madrid-Barajas | LongitudDeLaPista | 3500.0', 'Aeropuerto_Adolfo_Suárez_Madrid-Barajas | ElevaciónSobreElNivelDelMar | 610.0']","The Adolfo Suárez Madrid–Barajas Airport in Madrid operated by ENAIRE has a runway length of 3,500. It has an elevation of 610.0 metres above sea level.","El Aeropuerto Adolfo Suárez Madrid-Barajas de Madrid operado por ENAIRE tiene una longitud de pista de 3.500. Tiene una elevación de 610,0 metros sobre el nivel del mar.","El Aeropuerto Adolfo Suárez Madrid-Barajas de Madrid operado por ENAIRE tiene una longitud de pista de 3.500. Tiene una elevación de 610,0 metros sobre el nivel del mar.",False,test/rdf-to-text-generation-test-data-with-refs-en.xml,test,rdf-to-text-generation-test-data-with-refs-en.xml,Airport,Id1337,False,,,,,,original__es__abbbeaba7686,0.970874547958374,0.965314507484436,0.7577507793903351,0.0,4,True,1.0,2,4,0.40252429246902466,0.19063934683799744,2,1.0,2,True,True,0.28582777082920074,0.3673718720674515,0.11669652163982391,-0.17673252522945404,True,False,4,0.39301204681396484,0.25831615924835205,,,,,,
original__es__65db28af7d28,train/3triples/Athlete.xml::Id98::Id1,train/3triples/Athlete.xml::Id98,es,Spanish,CLEAN,clean,clean,3,Id1,Id1,"['Alaa_Abdul-Zahra | club | Al-Khor_Sports_Club', 'Al_Kharaitiyat_SC | ground | Al_Khor', 'Alaa_Abdul-Zahra | club | Al_Kharaitiyat_SC']","['Alaa_Abdul-Zahra_Khashan | Club | Club_Deportivo_Al-Khor', 'Al-Kharitiyath_SC | Suelo | Jor', 'Alaa_Abdul-Zahra_Khashan | Club | Al-Kharitiyath_SC']","['Alaa_Abdul-Zahra_Khashan | Club | Club_Deportivo_Al-Khor', 'Al-Kharitiyath_SC | Suelo | Jor', 'Alaa_Abdul-Zahra_Khashan | Club | Al-Kharitiyath_SC']","Alaa Abdul Zahra, who plays for Al-Khor Sports Club, also plays for AL Kharaitiyat SC, the home ground of which, is Al Khor.","Alaa Abdul Zahra, que milita en el Al-Khor Sports Club, también juega en el AL Kharaitiyat SC, cuyo estadio es Al Khor.","Alaa Abdul Zahra, que milita en el Al-Khor Sports Club, también juega en el AL Kharaitiyat SC, cuyo estadio es Al Khor.",False,train/3triples/Athlete.xml,train,3triples,Athlete,Id98,False,,,,,,original__es__65db28af7d28,0.9776309728622437,0.95331871509552,0.9282713532447815,0.0,3,True,,0,3,0.43355029821395874,0.6452488899230957,1,,0,False,False,0.33754532784223557,0.4270522966980934,0.09600497037172318,0.2181965932250023,True,True,3,0.5052400827407837,0.6103178262710571,,,,,,
original__es__776fbbdea764,train/1triples/MeanOfTransportation_allSolutions.xml::Id29::Id2,train/1triples/MeanOfTransportation_allSolutions.xml::Id29,es,Spanish,CLEAN,clean,clean,1,Id2,Id2,['AIDAluna | builder | Meyer_Werft'],['AIDAluna | Constructor | Meyer_Werft'],['AIDAluna | Constructor | Meyer_Werft'],The ship AIDAluna was built by Meyer Werft.,El buque AIDAluna fue construido por Meyer Werft.,El buque AIDAluna fue construido por Meyer Werft.,False,train/1triples/MeanOfTransportation_allSolutions.xml,train,1triples,MeanOfTransportation,Id29,False,,,,,,original__es__776fbbdea764,0.9871747493743896,0.9234029650688171,0.54767906665802,0.0,1,True,,0,1,0.3905599117279053,0.3905599117279053,1,,0,False,False,0.5896280944347382,0.5231981992721558,-0.1990681827068329,-0.13263828754425055,False,False,1,0.502483606338501,0.502483606338501,,,,,,
original__es__8867d2100a12,test/rdf-to-text-generation-test-data-with-refs-en.xml::Id371::Id3,test/rdf-to-text-generation-test-data-with-refs-en.xml::Id371,es,Spanish,CLEAN,clean,clean,3,Id3,Id3,"['Alan_B._Miller_Hall | address | ""101 Ukrop Way""', 'Alan_B._Miller_Hall | currentTenants | Mason_School_of_Business', 'Alan_B._Miller_Hall | location | Virginia']","['Sala_Alan_B._Miller | Dirección | 101_Ukrop_Way', 'Sala_Alan_B._Miller | InquilinosActuales | Escuela_de_Negocios_Mason', 'Sala_Alan_B._Miller | Ubicación | Virginia']","['Sala_Alan_B._Miller | Dirección | 101_Ukrop_Way', 'Sala_Alan_B._Miller | InquilinosActuales | Escuela_de_Negocios_Mason', 'Sala_Alan_B._Miller | Ubicación | Virginia']",Alan B. Miller Hall is on 101 Ukrop way (In Virginia) and its current tenants are The Mason School of Business.,Alan B. Miller Hall está en 101 Ukrop way (en Virginia) y sus actuales inquilinos son The Mason School of Business.,Alan B. Miller Hall está en 101 Ukrop way (en Virginia) y sus actuales inquilinos son The Mason School of Business.,False,test/rdf-to-text-generation-test-data-with-refs-en.xml,test,rdf-to-text-generation-test-data-with-refs-en.xml,Building,Id371,False,,,,,,original__es__8867d2100a12,0.9858782291412354,0.9035449624061584,0.777563194433848,0.0,3,True,1.0,1,3,0.4145392179489136,0.6400511264801025,2,1.0,1,True,True,0.33754532784223557,0.4270522966980934,0.07699389010667801,0.21299882978200912,True,True,3,0.6204352378845215,0.5938886404037476,,,,,,
original__es__f67c75f34b34,test/rdf-to-text-generation-test-data-with-refs-en.xml::Id317::Id2,test/rdf-to-text-generation-test-data-with-refs-en.xml::Id317,es,Spanish,CLEAN,clean,clean,1,Id2,Id2,['Mermaid_(Train_song) | recordLabel | Sony_Music_Entertainment'],['Mermaid_(canción_de_Train) | SelloDiscográfico | Sony_Music_Entertainment'],['Mermaid_(canción_de_Train) | SelloDiscográfico | Sony_Music_Entertainment'],The Train song Mermaid had been released under the record label Sony Music Entertainment.,La canción Mermaid de Train había sido publicada bajo el sello discográfico Sony Music Entertainment.,La canción Mermaid de Train había sido publicada bajo el sello discográfico Sony Music Entertainment.,False,test/rdf-to-text-generation-test-data-with-refs-en.xml,test,rdf-to-text-generation-test-data-with-refs-en.xml,MusicalWork,Id317,False,,,,,,original__es__f67c75f34b34,0.9599695205688477,0.9281840920448303,0.37932705879211426,0.0,1,True,,0,1,0.6958139538764954,0.6958138942718506,1,,0,False,False,0.5896280944347382,0.5231981992721558,0.10618585944175718,0.17261569499969476,True,True,1,0.7771579027175903,0.7771579027175903,,,,,,
original__es__8ea955e1186e,train/1triples/SportsTeam_allSolutions.xml::Id78::Id2,train/1triples/SportsTeam_allSolutions.xml::Id78,es,Spanish,CLEAN,clean,clean,1,Id2,Id2,['A.S._Roma | numberOfMembers | 70634'],['A.S._Roma | NúmeroDeMiembros | 70634'],['A.S._Roma | NúmeroDeMiembros | 70634'],A.S. Roma has 70634 members.,A.S. Roma tiene 70634 miembros.,A.S. Roma tiene 70634 miembros.,False,train/1triples/SportsTeam_allSolutions.xml,train,1triples,SportsTeam,Id78,False,,,,,,original__es__8ea955e1186e,0.7969299554824829,0.779180645942688,0.7756388187408447,0.0,1,True,1.0,1,1,0.5620121955871582,0.4846497178077698,2,1.0,1,True,True,0.5896280944347382,0.5231981992721558,-0.027615898847579978,-0.03854848146438605,False,False,1,0.6839533448219299,0.48761245608329773,,,,,,
original__es__28e34f427ab6,train/2triples/Athlete.xml::Id144::Id1,train/2triples/Athlete.xml::Id144,es,Spanish,CLEAN,clean,clean,2,Id1,Id1,"['Alex_Plante | birthPlace | Brandon,_Manitoba', 'Brandon,_Manitoba | leader | Larry_Maguire']","['Alex_Plante | LugarDeNacimiento | Brandon,_Manitoba', 'Brandon,_Manitoba | Líder | Larry_Maguire']","['Alex_Plante | LugarDeNacimiento | Brandon,_Manitoba', 'Brandon,_Manitoba | Líder | Larry_Maguire']","Larry Maguire is the leader of Brandon, Manitoba, the birthplace of Alex Plante.","Larry Maguire es el líder de Brandon, Manitoba, el lugar de nacimiento de Alex Plante.","Larry Maguire es el líder de Brandon, Manitoba, el lugar de nacimiento de Alex Plante.",False,train/2triples/Athlete.xml,train,2triples,Athlete,Id144,False,,,,,,original__es__28e34f427ab6,0.9808471202850342,0.9653135538101196,0.8068427443504333,0.0,2,True,,0,2,0.5560043454170227,0.682563304901123,1,,0,False,False,0.4160341203212738,0.4842067241668701,0.1399702250957489,0.19835658073425294,True,True,2,0.5418684482574463,0.6582963466644287,,,,,,
original__es__473eb414bb37,train/2triples/Food.xml::Id53::Id2,train/2triples/Food.xml::Id53,es,Spanish,CLEAN,clean,clean,2,Id2,Id2,"['Arròs_negre | country | Spain', 'Spain | demonym | Spaniards']","['Arroz_negro | País | España', 'España | Gentilicio | españoles']","['Arroz_negro | País | España', 'España | Gentilicio | españoles']","Arròs negre is from Spain, where Spaniards live.","Arròs negre es de España, donde viven los españoles.","Arròs negre es de España, donde viven los españoles.",False,train/2triples/Food.xml,train,2triples,Food,Id53,False,,,,,,original__es__473eb414bb37,0.6696083545684814,0.9366370439529419,0.8207542300224304,0.0,2,True,,0,2,0.5140854716300964,0.5578458905220032,1,,0,False,False,0.4160341203212738,0.4842067241668701,0.09805135130882264,0.07363916635513307,True,True,2,0.5554229617118835,0.5638649463653564,,,,,,
original__es__0b770db1d9ba,dev/3triples/Food.xml::Id23::Id2,dev/3triples/Food.xml::Id23,es,Spanish,CLEAN,clean,clean,3,Id2,Id2,"['Barny_Cakes | dishVariation | Apple', 'Barny_Cakes | carbohydrate | 18.0 g', 'Barny_Cakes | protein | 1.8 g']","['Pasteles_Barny | VariaciónDePlato | manzana', 'Pasteles_Barny | HidratosDeCarbono | 18.0_g', 'Pasteles_Barny | Proteína | 1.8_g']","['Pasteles_Barny | VariaciónDePlato | manzana', 'Pasteles_Barny | HidratosDeCarbono | 18.0_g', 'Pasteles_Barny | Proteína | 1.8_g']",Barny cakes can be made with apple and contain 1.8g protein and 18g of carbs.,"Los pasteles Barny se pueden hacer con manzana y contienen 1,8 g de proteínas y 18 g de carbohidratos.","Los pasteles Barny se pueden hacer con manzana y contienen 1,8 g de proteínas y 18 g de carbohidratos.",False,dev/3triples/Food.xml,dev,3triples,Food,Id23,False,,,,,,original__es__0b770db1d9ba,0.9606009721755981,0.7159599661827087,0.7442832390467325,0.0,3,True,1.0,2,3,0.2725954055786133,0.4774385988712311,1,1.0,2,False,True,0.33754532784223557,0.4270522966980934,-0.06494992226362228,0.050386302173137665,False,True,3,0.6627703905105591,0.6905199289321899,,,,,,
original__es__4613250dbd9a,train/1triples/Artist_allSolutions.xml::Id79::Id1,train/1triples/Artist_allSolutions.xml::Id79,es,Spanish,CLEAN,clean,clean,1,Id1,Id1,['Al_Anderson_(NRBQ band) | instrument | Singing'],['Al_Anderson_(banda_NRBQ) | Instrumento | canto'],['Al_Anderson_(banda_NRBQ) | Instrumento | canto'],Al Anderson is a singer for the band NRBQ.,Al Anderson es cantante del grupo NRBQ.,Al Anderson es cantante del grupo NRBQ.,False,train/1triples/Artist_allSolutions.xml,train,1triples,Artist,Id79,False,,,,,,original__es__4613250dbd9a,0.98894202709198,0.9714162349700928,0.9791485667228699,0.0,1,True,,0,1,0.7396407127380371,0.7396407127380371,1,,0,False,False,0.5896280944347382,0.5231981992721558,0.15001261830329893,0.21644251346588128,True,True,1,0.7073052525520325,0.7073052525520325,,,,,,
original__es__b5d725134aa2,train/4triples/City.xml::Id144::Id2,train/4triples/City.xml::Id144,es,Spanish,CLEAN,clean,clean,4,Id2,Id2,"['Indiana | capital | Indianapolis', 'Anderson,_Indiana | isPartOf | Adams_Township,_Madison_County,_Indiana', 'Adams_Township,_Madison_County,_Indiana | country | United_States', 'Anderson,_Indiana | isPartOf | Indiana']","['Indiana | Capital | Indianápolis', 'Anderson | FormaParteDe | Municipio_de_Adams_(Indiana)', 'Municipio_de_Adams_(Indiana) | País | Estados_Unidos', 'Anderson | FormaParteDe | Indiana']","['Indiana | Capital | Indianápolis', 'Anderson | FormaParteDe | Municipio_de_Adams_(Indiana)', 'Municipio_de_Adams_(Indiana) | País | Estados_Unidos', 'Anderson | FormaParteDe | Indiana']","Anderson, is located within Adams Township, Madison County, Indiana (capital Indianapolis), in the United States.","Anderson, se encuentra dentro del municipio de Adams, Condado de Madison, Indiana (capital Indianápolis), en los Estados Unidos.","Anderson, se encuentra dentro del municipio de Adams, Condado de Madison, Indiana (capital Indianápolis), en los Estados Unidos.",False,train/4triples/City.xml,train,4triples,City,Id144,False,,,,,,original__es__b5d725134aa2,0.9623980522155762,0.86686110496521,0.754050612449646,0.0,4,True,,0,4,0.33478686213493347,0.6437036991119385,1,,0,False,False,0.28582777082920074,0.3673718720674515,0.04895909130573273,0.276331827044487,True,True,4,0.4392651319503784,0.8662113547325134,,,,,,
