variant_id,base_pair_key,record_key,language,language_label,qa_track,corruption_type,severity,declared_size,source_lid,variant_lid,source_triples,clean_target_triples,variant_target_triples,source_text,clean_target_text,variant_target_text,xml_duplicate_target_lex,xml_path,split,triple_bucket,category,eid,is_benign,consistency_group_id,perturbation_pair_id,removed_token_fraction,alternative_reference_lid,alternative_source_text,predicted_language,language_confidence,target_language_probability,valid_target_language,wrong_language_detected,full_english_copy_detected,code_switch_eligible_window_count,code_switch_english_window_count,code_switch_english_window_fraction,code_switch_detected,hard_language_flag,comparison_source_lid,comparison_source_text,english_token_count,target_token_count,expansion_ratio,aligned_reference_eligible,aligned_reference_similarity,comparison_reference_similarity,aligned_reference_advantage,manual_target_language_acceptable,manual_actual_code_switch,manual_grammar_naturalness_1_5,manual_legitimate_variation,manual_aligned_reference_interpretation,manual_notes
original__ca__754df9c5d9b2,train/3triples/Politician.xml::Id154::Id2,train/3triples/Politician.xml::Id154,ca,Catalan,CLEAN,clean,clean,3,Id2,Id2,"['Albert_Jennings_Fountain | birthPlace | New_York', 'American_Civil_War | commander | Abraham_Lincoln', 'Albert_Jennings_Fountain | battle | American_Civil_War']","['Albert_Jennings_Fountain | LlocDeNaixement | Nova_York', 'Guerra_Civil_dels_Estats_Units | Comandant | Abraham_Lincoln', 'Albert_Jennings_Fountain | Batalla | Guerra_Civil_dels_Estats_Units']","['Albert_Jennings_Fountain | LlocDeNaixement | Nova_York', 'Guerra_Civil_dels_Estats_Units | Comandant | Abraham_Lincoln', 'Albert_Jennings_Fountain | Batalla | Guerra_Civil_dels_Estats_Units']",Albert Jennings Fountain was born in New York and fought in the American Civil War when Abraham Lincoln was a commander.,Albert Jennings Fountain va néixer a Nova York i va lluitar a la Guerra Civil Americana quan Abraham Lincoln era un comandant.,Albert Jennings Fountain va néixer a Nova York i va lluitar a la Guerra Civil Americana quan Abraham Lincoln era un comandant.,False,train/3triples/Politician.xml,train,3triples,Politician,Id154,False,,,,,,ca,0.9236124157905579,0.9236124157905579,True,False,False,3,0,0.0,False,False,Id1,New York-born Albert Jennings Fountain fought in the American Civil War which saw Abraham Lincoln as one of its commanders.,21,22,1.0476190476190477,True,0.9951336979866028,0.9501730799674988,0.044960618019104004,,,,,,
original__ca__0b19b02f4588,train/4triples/Food.xml::Id22::Id1,train/4triples/Food.xml::Id22,ca,Catalan,CLEAN,clean,clean,4,Id1,Id1,"['Arem-arem | country | Indonesia', 'Arem-arem | region | ""Nationwide in Indonesia, but more specific to Java""', 'Indonesia | leader | Joko_Widodo', 'Indonesia | language | Indonesian_language']","['Arem-arem | País | Indonèsia', 'Arem-arem | Regió | Nacional_a_Indonèsia,_però_més_específic_a_Java', 'Indonèsia | Líder | Joko_Widodo', 'Indonèsia | Llengua | Llengua_indonesiana']","['Arem-arem | País | Indonèsia', 'Arem-arem | Regió | Nacional_a_Indonèsia,_però_més_específic_a_Java', 'Indonèsia | Líder | Joko_Widodo', 'Indonèsia | Llengua | Llengua_indonesiana']","Joko Widodo is the leader in Indonesia, where the language is Indonesian. It is also where Arem-arem is served, nationwide but more specific to Java.","Joko Widodo és el líder a Indonèsia, on la llengua és l'indonesi. També és on se serveix Arem-Arem, a tot el país, però més específicament a Java.","Joko Widodo és el líder a Indonèsia, on la llengua és l'indonesi. També és on se serveix Arem-Arem, a tot el país, però més específicament a Java.",False,train/4triples/Food.xml,train,4triples,Food,Id22,False,,,,,,ca,0.920108437538147,0.920108437538147,True,False,False,3,0,0.0,False,False,Id2,"Arem-arem is a dish of Indonesia, but more specific to Java. Joko Widodo is the leader of Indonesia and they speak Indonesian.",25,27,1.08,True,0.9902629852294922,0.9072076678276062,0.08305531740188599,,,,,,
original__ca__00a710852bc3,train/2triples/Artist.xml::Id120::Id1,train/2triples/Artist.xml::Id120,ca,Catalan,CLEAN,clean,clean,2,Id1,Id1,"['Alex_Day | genre | Synthpop', 'Synthpop | stylisticOrigin | Pop_music']","['Alex_Day | Gènere | Synthpop', 'Synthpop | OrigenEstilístic | pop']","['Alex_Day | Gènere | Synthpop', 'Synthpop | OrigenEstilístic | pop']",Alex Day performs Synthpop music which is a form of pop music.,Alex Day interpreta música Synthpop que és una forma de música pop.,Alex Day interpreta música Synthpop que és una forma de música pop.,False,train/2triples/Artist.xml,train,2triples,Artist,Id120,False,,,,,,ca,0.5996706485748291,0.5996706485748291,False,False,False,1,0,0.0,False,False,Id2,"Alex Day uses the Synthpop genre, the stylistic origin ofwhich is pop music.",12,12,1.0,True,0.9817218780517578,0.9343265295028687,0.04739534854888916,,,,,,
original__ca__04e1414ec01e,train/2triples/SportsTeam.xml::Id127::Id1,train/2triples/SportsTeam.xml::Id127,ca,Catalan,CLEAN,clean,clean,2,Id1,Id1,"['AZAL_PFK | league | Azerbaijan_Premier_League', 'Azerbaijan_Premier_League | champions | Qarabağ_FK']","['AZAL_PFK | Lliga | lliga_azerbaidjanesa_de_futbol', 'lliga_azerbaidjanesa_de_futbol | Campions | FK_Karabakh_Agdam']","['AZAL_PFK | Lliga | lliga_azerbaidjanesa_de_futbol', 'lliga_azerbaidjanesa_de_futbol | Campions | FK_Karabakh_Agdam']",The AZAL PFK competes in The Azerbaijan Premier League where the championship is held by Qarabag FK.,"L'AZAL PFK competeix a la Premier League de l'Azerbaidjan, on el campionat l'organitza el Qarabag FK.","L'AZAL PFK competeix a la Premier League de l'Azerbaidjan, on el campionat l'organitza el Qarabag FK.",False,train/2triples/SportsTeam.xml,train,2triples,SportsTeam,Id127,False,,,,,,ca,0.8047505617141724,0.8047505617141724,True,False,False,2,0,0.0,False,False,Id2,AZAL PFK play in the Azerbaijan Premier League where the champions are Qarabag FK.,17,16,0.9411764705882353,True,0.9671570658683777,0.9710804224014282,-0.003923356533050537,,,,,,
original__ca__b298ce7bde4a,train/2triples/Athlete.xml::Id168::Id1,train/2triples/Athlete.xml::Id168,ca,Catalan,CLEAN,clean,clean,2,Id1,Id1,"['Canada | leader | Elizabeth_II', 'Aaron_Boogaard | birthPlace | Canada']","['Canadà | Líder | Elisabet_II_del_Regne_Unit', 'Aaron_Boogaard | LlocDeNaixement | Canadà']","['Canadà | Líder | Elisabet_II_del_Regne_Unit', 'Aaron_Boogaard | LlocDeNaixement | Canadà']",Canada is led by Elizabeth II and is the birthplace of Aaron Boogaard.,El Canadà està dirigit per Elisabet II i és el lloc de naixement d'Aaron Boogaard.,El Canadà està dirigit per Elisabet II i és el lloc de naixement d'Aaron Boogaard.,False,train/2triples/Athlete.xml,train,2triples,Athlete,Id168,False,,,,,,ca,0.9433495998382568,0.9433495998382568,True,False,False,2,0,0.0,False,False,Id2,Aaron Boogaard was born in Canada where the leader is Elizabeth II.,13,15,1.1538461538461537,True,0.9482520818710327,0.9064095616340637,0.041842520236968994,,,,,,
original__ca__5d1de685a3d0,train/1triples/Athlete_allSolutions.xml::Id105::Id3,train/1triples/Athlete_allSolutions.xml::Id105,ca,Catalan,CLEAN,clean,clean,1,Id3,Id3,['Al-Wakrah_Sport_Club | position | Qatar_Stars_League'],['Club_Esportiu_Al-Wakrah | Posició | Lliga_qatariana_de_futbol'],['Club_Esportiu_Al-Wakrah | Posició | Lliga_qatariana_de_futbol'],Al Wakrah Sport Club play in the Qatar Stars league.,L'Al Wakrah Sport Club juga a la lliga Qatar Stars.,L'Al Wakrah Sport Club juga a la lliga Qatar Stars.,False,train/1triples/Athlete_allSolutions.xml,train,1triples,Athlete,Id105,False,,,,,,ca,0.8545655012130737,0.8545655012130737,True,False,False,1,0,0.0,False,False,Id1,Al-Wakrah Sport Club position is in the Qatar Stars League.,10,10,1.0,True,0.9747390747070312,0.9592158198356628,0.015523254871368408,,,,,,
original__ca__d6c6bcc6558d,train/3triples/Artist.xml::Id138::Id2,train/3triples/Artist.xml::Id138,ca,Catalan,CLEAN,clean,clean,3,Id2,Id2,"['Alfredo_Zitarrosa | genre | Candombe', 'Alfredo_Zitarrosa | recordLabel | Orfeo_(Uruguayan_record_label)', 'Alfredo_Zitarrosa | background | ""solo_singer""']","['Alfredo_Zitarrosa | Gènere | candombe', 'Alfredo_Zitarrosa | EtiquetaDelRegistre | Orfeo_(empresa_discogràfica_uruguaiana)', 'Alfredo_Zitarrosa | Antecedents | cantant_en_solitari']","['Alfredo_Zitarrosa | Gènere | candombe', 'Alfredo_Zitarrosa | EtiquetaDelRegistre | Orfeo_(empresa_discogràfica_uruguaiana)', 'Alfredo_Zitarrosa | Antecedents | cantant_en_solitari']","Alfredo Zitarrosa, who started out as a solo singer, is with the Orfeo record label. Alfredo Zitarrosa's musical genre is Candombe.","Alfredo Zitarrosa, que va començar com a cantant en solitari, està amb el segell discogràfic Orfeo.El gènere musical d'Alfredo Zitarrosa és el candombe.","Alfredo Zitarrosa, que va començar com a cantant en solitari, està amb el segell discogràfic Orfeo.El gènere musical d'Alfredo Zitarrosa és el candombe.",False,train/3triples/Artist.xml,train,3triples,Artist,Id138,False,,,,,,ca,0.9372894167900085,0.9372894167900085,True,False,False,3,0,0.0,False,False,Id1,Alfredo Zitarrosa started out as a solo singer and belongs to the Orfeo record label. The musical genre of Alfredo Zitarrosa is Candombe.,21,23,1.0952380952380953,True,0.9616259336471558,0.9626601934432983,-0.0010342597961425781,,,,,,
original__ca__6d06c4a6f703,test/rdf-to-text-generation-test-data-with-refs-en.xml::Id968::Id2,test/rdf-to-text-generation-test-data-with-refs-en.xml::Id968,ca,Catalan,CLEAN,clean,clean,1,Id2,Id2,['1147_Stavropolis | discovered | 1929-06-11'],['(1147)_Stavropolis | Descobert | 1929-06-11'],['(1147)_Stavropolis | Descobert | 1929-06-11'],"1147 Stavropolis is an asteroid, discovered on 11 June 1929.","1147 Stavropolis és un asteroide, descobert l'11 de juny de 1929.","1147 Stavropolis és un asteroide, descobert l'11 de juny de 1929.",False,test/rdf-to-text-generation-test-data-with-refs-en.xml,test,rdf-to-text-generation-test-data-with-refs-en.xml,CelestialBody,Id968,False,,,,,,ca,0.8054512739181519,0.8054512739181519,True,False,False,1,0,0.0,False,False,Id1,The asteroid 1147 Stavropolis was discovered on the 11th of June 1929.,10,11,1.1,True,0.9950140118598938,0.9673949480056763,0.02761906385421753,,,,,,
original__ca__9b3f355f00e3,train/3triples/Politician.xml::Id252::Id3,train/3triples/Politician.xml::Id252,ca,Catalan,CLEAN,clean,clean,3,Id3,Id3,"['United_States | ethnicGroup | Native_Americans_in_the_United_States', 'Abraham_A._Ribicoff | birthPlace | Connecticut', 'Abraham_A._Ribicoff | nationality | United_States']","[""Estats_Units_d'Amèrica | GrupÈtnic | amerindis_dels_Estats_Units"", 'Abraham_A._Ribicoff | LlocDeNaixement | Connecticut', ""Abraham_A._Ribicoff | Nacionalitat | Estats_Units_d'Amèrica""]","[""Estats_Units_d'Amèrica | GrupÈtnic | amerindis_dels_Estats_Units"", 'Abraham_A._Ribicoff | LlocDeNaixement | Connecticut', ""Abraham_A._Ribicoff | Nacionalitat | Estats_Units_d'Amèrica""]",Abraham A Ribicoff is from Connecticut which is in the United States where one of the ethnic groups are the Native Americans.,"Abraham A Ribicoff és de Connecticut, que és als Estats Units on un dels grups ètnics són els nadius americans.","Abraham A Ribicoff és de Connecticut, que és als Estats Units on un dels grups ètnics són els nadius americans.",False,train/3triples/Politician.xml,train,3triples,Politician,Id252,False,,,,,,ca,0.9754656553268433,0.9754656553268433,True,False,False,2,0,0.0,False,False,Id1,"Native Americans are an ethnic group in the U.S, the birthplace (Connecticut) of Abraham A Ribicoff.",22,20,0.9090909090909091,True,0.9649513959884644,0.8397919535636902,0.12515944242477417,,,,,,
original__ca__0b435c51141a,train/5triples/Food.xml::Id134::Id3,train/5triples/Food.xml::Id134,ca,Catalan,CLEAN,clean,clean,5,Id3,Id3,"['Bhajji | country | India', 'Bhajji | region | Karnataka', 'Bhajji | mainIngredient | ""Gram flour, vegetables""', 'Bhajji | alternativeName | ""Bhaji, bajji""', 'Bhajji | ingredient | Vegetable']","['Bhajji | País | Índia', 'Bhajji | Regió | Karnataka', 'Bhajji | PrincipalIngredient | Farina_de_gram,_verdures', 'Bhajji | NomAlternatiu | Bhaji,_bajji', 'Bhajji | Ingredient | verdura']","['Bhajji | País | Índia', 'Bhajji | Regió | Karnataka', 'Bhajji | PrincipalIngredient | Farina_de_gram,_verdures', 'Bhajji | NomAlternatiu | Bhaji,_bajji', 'Bhajji | Ingredient | verdura']","Bhajji (Bhaji), or bajji, contains vegetables and gram flour; it originates from the Karnataka region of India.","Bhajji (Bhaji), o bajji, conté verdures i farina de gram; s'origina a la regió de Karnataka de l'Índia.","Bhajji (Bhaji), o bajji, conté verdures i farina de gram; s'origina a la regió de Karnataka de l'Índia.",False,train/5triples/Food.xml,train,5triples,Food,Id134,False,,,,,,ca,0.7442417740821838,0.7442417740821838,True,False,False,2,0,0.0,False,False,Id1,"Bhajji is also known as Bhaji or bajji, originates from the Karnataka region of India. It is usually made up of vegetables and gram flour.",17,18,1.0588235294117647,True,0.986143171787262,0.957709550857544,0.028433620929718018,,,,,,
original__ca__e94165ee24f6,train/2triples/WrittenWork.xml::Id130::Id1,train/2triples/WrittenWork.xml::Id130,ca,Catalan,CLEAN,clean,clean,2,Id1,Id1,"['Acta_Mathematica_Hungarica | abbreviation | ""Acta Math. Hungar.""', 'Acta_Mathematica_Hungarica | academicDiscipline | Mathematics']","['Acta_Mathematica_Hungarica | Abreviació | Acta_Math._Hungar.', 'Acta_Mathematica_Hungarica | DisciplinaAcadèmica | matemàtiques']","['Acta_Mathematica_Hungarica | Abreviació | Acta_Math._Hungar.', 'Acta_Mathematica_Hungarica | DisciplinaAcadèmica | matemàtiques']","Acta Mathematica Hungarica has the abbreviation of ""Acta Math. Hungar."" and comes under the discipline of Math.","Acta Mathematica Hungarica té l'abreviatura de ""Acta Math. Hungar."" i ve sota la disciplina de Matemàtiques.","Acta Mathematica Hungarica té l'abreviatura de ""Acta Math. Hungar."" i ve sota la disciplina de Matemàtiques.",False,train/2triples/WrittenWork.xml,train,2triples,WrittenWork,Id130,False,,,,,,ca,0.6972115635871887,0.6972115635871887,False,False,False,2,0,0.0,False,False,Id2,The abbreviation of Acta Mathematica Hungarica is Acta Math. Hungar and covers the academic discipline of Mathematics.,17,16,0.9411764705882353,True,0.9269068241119385,0.825088381767273,0.10181844234466553,,,,,,
original__ca__7312edc71dc8,train/2triples/ComicsCharacter.xml::Id12::Id1,train/2triples/ComicsCharacter.xml::Id12,ca,Catalan,CLEAN,clean,clean,2,Id1,Id1,"['Asterix_(comicsCharacter) | creator | René_Goscinny', 'René_Goscinny | nationality | French_people']","['Asterix_(personatge_de_còmics) | Creador | René_Goscinny', 'René_Goscinny | Nacionalitat | Persones_franceses']","['Asterix_(personatge_de_còmics) | Creador | René_Goscinny', 'René_Goscinny | Nacionalitat | Persones_franceses']","The creator of Asterix, a comics character, is René Goscinny, who is French.","El creador d'Astèrix, un personatge de còmics, és René Goscinny, que és francès.","El creador d'Astèrix, un personatge de còmics, és René Goscinny, que és francès.",False,train/2triples/ComicsCharacter.xml,train,2triples,ComicsCharacter,Id12,False,,,,,,ca,0.857448399066925,0.857448399066925,True,False,False,1,0,0.0,False,False,Id2,"Asterix was created by Rene Goscinny, who is a frenchman.",13,13,1.0,True,0.9659708738327026,0.8821278810501099,0.08384299278259277,,,,,,
original__ca__9fae396347d9,train/2triples/Airport.xml::Id49::Id1,train/2triples/Airport.xml::Id49,ca,Catalan,CLEAN,clean,clean,2,Id1,Id1,"['Agra_Airport | location | Uttar_Pradesh', 'Uttar_Pradesh | isPartOf | Bundelkhand']","[""Aeroport_d'_Agra | Ubicació | Uttar_Pradesh"", 'Uttar_Pradesh | ÉsPartDe | Bundelkhand']","[""Aeroport_d'_Agra | Ubicació | Uttar_Pradesh"", 'Uttar_Pradesh | ÉsPartDe | Bundelkhand']",Agra Airport is in Uttar Pradesh which is part of Bundelkhand.,"L'aeroport d'Agra es troba a Uttar Pradesh, que forma part de Bundelkhand.","L'aeroport d'Agra es troba a Uttar Pradesh, que forma part de Bundelkhand.",False,train/2triples/Airport.xml,train,2triples,Airport,Id49,False,,,,,,ca,0.9135516881942749,0.9135516881942749,True,False,False,1,0,0.0,False,False,Id2,Agra Airport is located in Uttar Pradesh which is part of Bundelkhand.,11,12,1.0909090909090908,True,0.9081643223762512,0.898544192314148,0.009620130062103271,,,,,,
original__ca__17d7d6049375,train/3triples/Athlete.xml::Id164::Id1,train/3triples/Athlete.xml::Id164,ca,Catalan,CLEAN,clean,clean,3,Id1,Id1,"['Alessio_Romagnoli | club | Italy_national_under-17_football_team', 'Italy_national_under-17_football_team | coach | Alessandro_Dal_Canto', 'Alessio_Romagnoli | club | Italy_national_under-19_football_team']","['Alessio_Romagnoli | Trèvols | Itàlia_sub-17', 'Itàlia_sub-17 | Entrenador | Alessandro_Dal_Canto', 'Alessio_Romagnoli | Trèvols | Itàlia_sub-19']","['Alessio_Romagnoli | Trèvols | Itàlia_sub-17', 'Itàlia_sub-17 | Entrenador | Alessandro_Dal_Canto', 'Alessio_Romagnoli | Trèvols | Itàlia_sub-19']","Alessio Romagnoli plays for the Italy national under-17 football team, which is coached by, Alessandro Dal Canto. Alessio Romagnoli's club is the Italy national under 19 football team.","Alessio Romagnoli juga amb l'equip nacional italià de futbol sub-17, entrenat per Alessandro Dal Canto. El club d'Alessio Romagnoli és l'equip nacional italià de futbol sub-19.","Alessio Romagnoli juga amb l'equip nacional italià de futbol sub-17, entrenat per Alessandro Dal Canto. El club d'Alessio Romagnoli és l'equip nacional italià de futbol sub-19.",False,train/3triples/Athlete.xml,train,3triples,Athlete,Id164,False,,,,,,ca,0.8462604880332947,0.8462604880332947,True,False,False,3,0,0.0,False,False,Id2,"Alessio Romagnoli is in the club Italy national under 17's coached by Alessandro Dal Canto, and has also played for the Italian national under-19 football team.",28,26,0.9285714285714286,True,0.9646536111831665,0.9362016916275024,0.028451919555664062,,,,,,
original__ca__f1adf66d6e46,train/3triples/Food.xml::Id301::Id1,train/3triples/Food.xml::Id301,ca,Catalan,CLEAN,clean,clean,3,Id1,Id1,"['Singapore | leader | Tony_Tan', 'Beef_kway_teow | country | Singapore', 'Singapore | leader | Halimah_Yacob']","['Singapur | Líder | Tony_Tan', 'Vedella_kway_teow | País | Singapur', 'Singapur | Líder | Halimah_Yacob']","['Singapur | Líder | Tony_Tan', 'Vedella_kway_teow | País | Singapur', 'Singapur | Líder | Halimah_Yacob']","Beef kway teow is a popular dish in Singapore, where Tony Tan and Halimah Yacob are leaders.","El kway teow de vedella és un plat popular a Singapur, on Tony Tan i Halimah Yacob són els líders.","El kway teow de vedella és un plat popular a Singapur, on Tony Tan i Halimah Yacob són els líders.",False,train/3triples/Food.xml,train,3triples,Food,Id301,False,,,,,,ca,0.8675139546394348,0.8675139546394348,True,False,False,2,0,0.0,False,False,Id2,Tony Tan and Halimah Yacob are leaders in Singapore where beef kway teow is a popular dish.,17,20,1.1764705882352942,True,0.88124018907547,0.8916902542114258,-0.01045006513595581,,,,,,
original__ca__055ad1da4472,train/5triples/Food.xml::Id14::Id3,train/5triples/Food.xml::Id14,ca,Catalan,CLEAN,clean,clean,5,Id3,Id3,"['Arem-arem | country | Indonesia', 'Arem-arem | region | ""Nationwide in Indonesia, but more specific to Java""', 'Indonesia | leader | Joko_Widodo', 'Indonesia | currency | Indonesian_rupiah', 'Indonesia | language | Indonesian_language']","['Arem-arem | País | Indonèsia', 'Arem-arem | Regió | Nacional_a_Indonèsia,_però_més_específic_a_Java', 'Indonèsia | Líder | Joko_Widodo', 'Indonèsia | Moneda | Rupia_indonesiana', 'Indonèsia | Llengua | Llengua_indonesiana']","['Arem-arem | País | Indonèsia', 'Arem-arem | Regió | Nacional_a_Indonèsia,_però_més_específic_a_Java', 'Indonèsia | Líder | Joko_Widodo', 'Indonèsia | Moneda | Rupia_indonesiana', 'Indonèsia | Llengua | Llengua_indonesiana']","Arem-arem, is predominant in Indonesia's Java. Indonesia is led by Joko Widodo, hails the currency rupiah and the Indonesian language is spoken.","Arem-arem, és predominant a Java, Indonèsia. Indonèsia està dirigida per Joko Widodo, té com a moneda la rupia i es parla l'idioma indonesi.","Arem-arem, és predominant a Java, Indonèsia. Indonèsia està dirigida per Joko Widodo, té com a moneda la rupia i es parla l'idioma indonesi.",False,train/5triples/Food.xml,train,5triples,Food,Id14,False,,,,,,ca,0.8801245093345642,0.8801245093345642,True,False,False,3,0,0.0,False,False,Id1,"The dish Arem arem originates from Indonesia, more specifically Java. Indonesia's leader's name is Joko Widodo. and the currency is the rupiah. The language is Indonesian.",22,23,1.0454545454545454,True,0.971351146697998,0.8578193187713623,0.11353182792663574,,,,,,
original__ca__979f8594a592,train/2triples/City.xml::Id150::Id3,train/2triples/City.xml::Id150,ca,Catalan,CLEAN,clean,clean,2,Id3,Id3,"['Texas | capital | Austin,_Texas', 'Arlington,_Texas | isPartOf | Texas']","['Texas | Capital | Austin,_Texas', 'Arlington,_Texas | ÉsPartDe | Texas']","['Texas | Capital | Austin,_Texas', 'Arlington,_Texas | ÉsPartDe | Texas']",Austin is the capital city of Texas and Arlington is part of the state too.,Austin és la capital de Texas i Arlington també forma part de l'estat.,Austin és la capital de Texas i Arlington també forma part de l'estat.,False,train/2triples/City.xml,train,2triples,City,Id150,False,,,,,,ca,0.9181197285652161,0.9181197285652161,True,False,False,1,0,0.0,False,False,Id1,"Arlington is part of Texas, the capital of which is Austin.",15,13,0.8666666666666667,True,0.9922627806663513,0.9759199023246765,0.016342878341674805,,,,,,
original__ca__0bd0d6ea0771,train/2triples/SportsTeam.xml::Id65::Id3,train/2triples/SportsTeam.xml::Id65,ca,Catalan,CLEAN,clean,clean,2,Id3,Id3,"['A.F.C._Blackpool | manager | Stuart_Parker_(footballer)', 'Stuart_Parker_(footballer) | club | Chesterfield_F.C.']","['A.F.C._Blackpool | Gerent | Stuart_Parker_(futbolista)', 'Stuart_Parker_(futbolista) | Trèvols | Chesterfield_FC']","['A.F.C._Blackpool | Gerent | Stuart_Parker_(futbolista)', 'Stuart_Parker_(futbolista) | Trèvols | Chesterfield_FC']","The manager of A.F.C. Blackpool is Stuart Parker, who is a member of the Chesterfield F.C.","El director de l'A.F.C. Blackpool és Stuart Parker, que és membre del Chesterfield F.C.","El director de l'A.F.C. Blackpool és Stuart Parker, que és membre del Chesterfield F.C.",False,train/2triples/SportsTeam.xml,train,2triples,SportsTeam,Id65,False,,,,,,ca,0.8230594992637634,0.8230594992637634,True,False,False,2,0,0.0,False,False,Id1,The footballer Stuart Parker is attached to Chesterfield football club and has been manager at AFC Blackpool.,16,14,0.875,True,0.9748637676239014,0.7606561779975891,0.21420758962631226,,,,,,
original__ca__71b304e88c20,test/rdf-to-text-generation-test-data-with-refs-en.xml::Id417::Id1,test/rdf-to-text-generation-test-data-with-refs-en.xml::Id417,ca,Catalan,CLEAN,clean,clean,2,Id1,Id1,"['Expect_a_Miracle | genre | Instrumental_music', 'Expect_a_Miracle | genre | Easy_listening']","['Espera_un_miracle | Gènere | música_instrumental', 'Espera_un_miracle | Gènere | música_lleugera']","['Espera_un_miracle | Gènere | música_instrumental', 'Espera_un_miracle | Gènere | música_lleugera']",The album Expect a miracle is of the easy instrumental Listening music genre.,L'àlbum Expect a miracle és del gènere de música Listening instrumental fàcil.,L'àlbum Expect a miracle és del gènere de música Listening instrumental fàcil.,False,test/rdf-to-text-generation-test-data-with-refs-en.xml,test,rdf-to-text-generation-test-data-with-refs-en.xml,MusicalWork,Id417,False,,,,,,ca,0.7841962575912476,0.7841962575912476,True,False,False,1,0,0.0,False,False,Id2,The album Expect a Miracle fits into the genres of instrumental as well as easy listening music.,13,12,0.9230769230769231,True,0.9738035202026367,0.9386389851570129,0.03516453504562378,,,,,,
original__ca__575b8b301b3a,train/4triples/WrittenWork.xml::Id6::Id3,train/4triples/WrittenWork.xml::Id6,ca,Catalan,CLEAN,clean,clean,4,Id3,Id3,"['1634:_The_Bavarian_Crisis | author | Eric_Flint', '1634:_The_Bavarian_Crisis | precededBy | 1634:_The_Baltic_War', 'Eric_Flint | birthPlace | Burbank,_California', '1634:_The_Bavarian_Crisis | precededBy | ""DeMarce short stories in the The Grantville Gazettes""']","['1634:_La_crisi_de_Baviera | Autor | Eric_Flint', '1634:_La_crisi_de_Baviera | PreceditPer | 1634:_La_guerra_del_Bàltic', 'Eric_Flint | LlocDeNaixement | Burbank,_Califòrnia', '1634:_La_crisi_de_Baviera | PreceditPer | Històries_curtes_de_DeMarce_a_The_Grantville_Gazettes']","['1634:_La_crisi_de_Baviera | Autor | Eric_Flint', '1634:_La_crisi_de_Baviera | PreceditPer | 1634:_La_guerra_del_Bàltic', 'Eric_Flint | LlocDeNaixement | Burbank,_Califòrnia', '1634:_La_crisi_de_Baviera | PreceditPer | Històries_curtes_de_DeMarce_a_The_Grantville_Gazettes']","Eric Flint was born in Burbank, California and is the author of 1634: The Bavarian Crisis which was preceded by 1634: The Baltic War and the DeMarce short stories in the Grantville Gazettes.","Eric Flint va néixer a Burbank, Califòrnia i és l'autor de 1634: The Bavarian Crisis que va ser precedit per 1634: The Baltic War i les històries curtes de DeMarce a les Grantville Gazettes.","Eric Flint va néixer a Burbank, Califòrnia i és l'autor de 1634: The Bavarian Crisis que va ser precedit per 1634: The Baltic War i les històries curtes de DeMarce a les Grantville Gazettes.",False,train/4triples/WrittenWork.xml,train,4triples,WrittenWork,Id6,False,,,,,,ca,0.9146405458450317,0.9146405458450317,True,False,False,4,0,0.0,False,False,Id1,"1634: The Bavarian Crisis, written by Eric Flint born in Burbank California, was preceded by 1634: The Baltic War and DeMarce short stories in the Grantville Gazettes.",33,34,1.0303030303030303,True,0.9914448857307434,0.9011428356170654,0.09030205011367798,,,,,,
original__ca__e974c74ba388,train/1triples/WrittenWork_allSolutions.xml::Id30::Id2,train/1triples/WrittenWork_allSolutions.xml::Id30,ca,Catalan,CLEAN,clean,clean,1,Id2,Id2,['A.T._Charlie_Johnson | residence | United_States'],"[""A.T._Charlie_Johnson | Residència | Estats_Units_d'Amèrica""]","[""A.T._Charlie_Johnson | Residència | Estats_Units_d'Amèrica""]",The United States is the residence of A T Charlie Johnson.,Els Estats Units són la residència d'A T Charlie Johnson.,Els Estats Units són la residència d'A T Charlie Johnson.,False,train/1triples/WrittenWork_allSolutions.xml,train,1triples,WrittenWork,Id30,False,,,,,,ca,0.9046879410743713,0.9046879410743713,True,False,False,1,0,0.0,False,False,Id1,A.T. Charlie Johnson resides in the United States.,11,10,0.9090909090909091,True,0.9731008410453796,0.9255058169364929,0.04759502410888672,,,,,,
original__ca__dc27f456ba6f,train/3triples/Politician.xml::Id226::Id3,train/3triples/Politician.xml::Id226,ca,Catalan,CLEAN,clean,clean,3,Id3,Id3,"['Austria | leader | Doris_Bures', 'Alfons_Gorbach | deathPlace | Styria', 'Alfons_Gorbach | birthPlace | Austria']","['Àustria | Líder | Doris_Bures', 'Alfons_Gorbach | LlocDeLaMort | Estíria', 'Alfons_Gorbach | LlocDeNaixement | Àustria']","['Àustria | Líder | Doris_Bures', 'Alfons_Gorbach | LlocDeLaMort | Estíria', 'Alfons_Gorbach | LlocDeNaixement | Àustria']","Alfons Gorbach, who was born in Austria where the leader is Doris Bures, later died in Styria.","Alfons Gorbach, que va néixer a Àustria on el líder és Doris Bures, va morir més tard a Estíria.","Alfons Gorbach, que va néixer a Àustria on el líder és Doris Bures, va morir més tard a Estíria.",False,train/3triples/Politician.xml,train,3triples,Politician,Id226,False,,,,,,ca,0.9571788311004639,0.9571788311004639,True,False,False,2,0,0.0,False,False,Id1,"Alfons Gorbach was born in Austria which is led by Doris Bures, and later died in Styria.",17,19,1.1176470588235294,True,0.928535521030426,0.9148862361907959,0.013649284839630127,,,,,,
original__ca__f11f2d945835,test/rdf-to-text-generation-test-data-with-refs-en.xml::Id95::Id2,test/rdf-to-text-generation-test-data-with-refs-en.xml::Id95,ca,Catalan,CLEAN,clean,clean,5,Id2,Id2,"['Mermaid_(Train_song) | releaseDate | 2012-12-27', ""Mermaid_(Train_song) | precededBy | This'll_Be_My_Year"", 'Mermaid_(Train_song) | writer | Espen_Lind', 'Mermaid_(Train_song) | runtime | 3.16', 'Mermaid_(Train_song) | writer | Amund_Bjørklund']","['Sirena_(cançó_de_tren) | DataDeLlançament | 2012-12-27', 'Sirena_(cançó_de_tren) | PreceditPer | Aquest_serà_el_meu_any', 'Sirena_(cançó_de_tren) | Escriptor | Espen_Lind', ""Sirena_(cançó_de_tren) | TempsD'execució | 3.16"", 'Sirena_(cançó_de_tren) | Escriptor | Amund_Bjørklund']","['Sirena_(cançó_de_tren) | DataDeLlançament | 2012-12-27', 'Sirena_(cançó_de_tren) | PreceditPer | Aquest_serà_el_meu_any', 'Sirena_(cançó_de_tren) | Escriptor | Espen_Lind', ""Sirena_(cançó_de_tren) | TempsD'execució | 3.16"", 'Sirena_(cançó_de_tren) | Escriptor | Amund_Bjørklund']","Train released their song Mermaid on December 27th, 2012. The song was written by Amund Bjorklund and Espen Lind, and runs three minutes and sixteen seconds long. Train's most recent song before Mermaid was This'll Be My Year.","Train va llançar la seva cançó Mermaid el 27 de desembre de 2012. La cançó va ser escrita per Amund Bjorklund i Espen Lind, i té una durada de tres minuts i setze segons. La cançó més recent de Train abans de Mermaid va ser This'll Be My Year.","Train va llançar la seva cançó Mermaid el 27 de desembre de 2012. La cançó va ser escrita per Amund Bjorklund i Espen Lind, i té una durada de tres minuts i setze segons. La cançó més recent de Train abans de Mermaid va ser This'll Be My Year.",False,test/rdf-to-text-generation-test-data-with-refs-en.xml,test,rdf-to-text-generation-test-data-with-refs-en.xml,MusicalWork,Id95,False,,,,,,ca,0.9394308924674988,0.9394308924674988,True,False,False,6,0,0.0,False,False,Id1,"The train song Mermaid, released on Dec. 27th, 2012 and written by Amund Bjorklund and Espen Lind, was preceded by the song This'll Be My Year. Mermaid lasts 3.16 minutes.",38,49,1.2894736842105263,True,0.9637352228164673,0.9320003390312195,0.0317348837852478,,,,,,
original__ca__1068a3ec3fdd,train/3triples/Food.xml::Id122::Id2,train/3triples/Food.xml::Id122,ca,Catalan,CLEAN,clean,clean,3,Id2,Id2,"['Bacon_sandwich | dishVariation | BLT', 'Bacon_sandwich | country | United_Kingdom', 'Bacon_sandwich | ingredient | Brown_sauce']","['Sandwich_de_pastís | VariacióDelPlat | BLT', 'Sandwich_de_pastís | País | Regne_Unit', 'Sandwich_de_pastís | Ingredient | Salsa_marró']","['Sandwich_de_pastís | VariacióDelPlat | BLT', 'Sandwich_de_pastís | País | Regne_Unit', 'Sandwich_de_pastís | Ingredient | Salsa_marró']","A variation of the BLT, the bacon sandwich is from the United Kingdom and can contain brown sauce.","Una variació del BLT, el sandvitx de bacó és del Regne Unit i pot contenir salsa marró.","Una variació del BLT, el sandvitx de bacó és del Regne Unit i pot contenir salsa marró.",False,train/3triples/Food.xml,train,3triples,Food,Id122,False,,,,,,ca,0.8257683515548706,0.8257683515548706,True,False,False,2,0,0.0,False,False,Id1,"Brown sauce is an ingredient of a Bacon Sandwich, a dish from the United Kingdom. Another variation for a bacon sandwich is a BLT.",18,17,0.9444444444444444,True,0.8709673881530762,0.7953890562057495,0.07557833194732666,,,,,,
original__ca__2274934dd0e3,test/rdf-to-text-generation-test-data-with-refs-en.xml::Id874::Id3,test/rdf-to-text-generation-test-data-with-refs-en.xml::Id874,ca,Catalan,CLEAN,clean,clean,3,Id3,Id3,"['Lady_Anne_Monson | deathDate | 1776-02-18', 'Lady_Anne_Monson | birthPlace | Kingdom_of_England', 'Lady_Anne_Monson | nationality | Kingdom_of_England']","['Lady_Anne_Monson | DataDeMort | 1776-02-18', ""Lady_Anne_Monson | LlocDeNaixement | Regne_d'Anglaterra"", ""Lady_Anne_Monson | Nacionalitat | Regne_d'Anglaterra""]","['Lady_Anne_Monson | DataDeMort | 1776-02-18', ""Lady_Anne_Monson | LlocDeNaixement | Regne_d'Anglaterra"", ""Lady_Anne_Monson | Nacionalitat | Regne_d'Anglaterra""]","Lady Anne Monson was born in the Kingdom of England and has an English Nationality, she died on 1776-02-18.","Lady Anne Monson va néixer al Regne d'Anglaterra i té una nacionalitat anglesa, va morir el 1776-02-18.","Lady Anne Monson va néixer al Regne d'Anglaterra i té una nacionalitat anglesa, va morir el 1776-02-18.",False,test/rdf-to-text-generation-test-data-with-refs-en.xml,test,rdf-to-text-generation-test-data-with-refs-en.xml,Scientist,Id874,False,,,,,,ca,0.9502183198928833,0.9502183198928833,True,False,False,2,0,0.0,False,False,Id1,"Lady Anne Monson, who was born in the Kingdom of England, lived there, and held British nationality, died on February 18th, 1776.",19,17,0.8947368421052632,True,0.993595540523529,0.9481719136238098,0.04542362689971924,,,,,,
original__ca__232d8caae797,train/2triples/Politician.xml::Id132::Id2,train/2triples/Politician.xml::Id132,ca,Catalan,CLEAN,clean,clean,2,Id2,Id2,"['Airey_Neave | battle | World_War_II', 'World_War_II | commander | Benito_Mussolini']","['Airey_Neave | Batalla | Segona_Guerra_Mundial', 'Segona_Guerra_Mundial | Comandant | Benito_Mussolini']","['Airey_Neave | Batalla | Segona_Guerra_Mundial', 'Segona_Guerra_Mundial | Comandant | Benito_Mussolini']",Airey Neave was in World War II and a commander there was Benito Mussolini.,Airey Neave estava a la Segona Guerra Mundial i un comandant allà era Benito Mussolini.,Airey Neave estava a la Segona Guerra Mundial i un comandant allà era Benito Mussolini.,False,train/2triples/Politician.xml,train,2triples,Politician,Id132,False,,,,,,ca,0.7075513005256653,0.7075513005256653,True,False,False,2,0,0.0,False,False,Id1,Both Airey Neave and Benito Mussolini (commander) participated in World War II.,14,15,1.0714285714285714,True,0.9740598201751709,0.9227464199066162,0.05131340026855469,,,,,,
original__ca__dd0a7d581418,test/rdf-to-text-generation-test-data-with-refs-en.xml::Id771::Id1,test/rdf-to-text-generation-test-data-with-refs-en.xml::Id771,ca,Catalan,CLEAN,clean,clean,2,Id1,Id1,"['Brandon_Carter | doctoralAdvisor | Dennis_William_Sciama', 'Brandon_Carter | birthPlace | England']","['Brandon_Carter | AssessorDoctoral | Dennis_William_Sciama', 'Brandon_Carter | LlocDeNaixement | Anglaterra']","['Brandon_Carter | AssessorDoctoral | Dennis_William_Sciama', 'Brandon_Carter | LlocDeNaixement | Anglaterra']","Brandon Carter, born in England, had Dennis William Sciama as his doctoral advisor.","Brandon Carter, nascut a Anglaterra, tenia Dennis William Sciama com el seu conseller de doctorat.","Brandon Carter, nascut a Anglaterra, tenia Dennis William Sciama com el seu conseller de doctorat.",False,test/rdf-to-text-generation-test-data-with-refs-en.xml,test,rdf-to-text-generation-test-data-with-refs-en.xml,Scientist,Id771,False,,,,,,ca,0.7455848455429077,0.7455848455429077,True,False,False,2,0,0.0,False,False,Id2,Dennis William Sciama is the doctoral advisor for Brandon Carter who was born in England.,13,15,1.1538461538461537,True,0.9740619659423828,0.9645474553108215,0.00951451063156128,,,,,,
original__ca__8634d12ea925,train/2triples/CelestialBody.xml::Id63::Id2,train/2triples/CelestialBody.xml::Id63,ca,Catalan,CLEAN,clean,clean,2,Id2,Id2,"['1036_Ganymed | rotationPeriod | 37116.0', '1036_Ganymed | apoapsis | 611961000.0 (kilometres)']","['(1036)_Ganymed | PeríodeDeRotació | 37116.0', '(1036)_Ganymed | Apoapsis | 611961000.0_(kilòmetres)']","['(1036)_Ganymed | PeríodeDeRotació | 37116.0', '(1036)_Ganymed | Apoapsis | 611961000.0_(kilòmetres)']","1036 Ganymed has a rotational period of 37116.0, and an apoapsis of 611961000.0 kilometres.","1036 Ganimedes té un període de rotació de 37116,0, i una apoapsis de 611961000,0 quilòmetres.","1036 Ganimedes té un període de rotació de 37116,0, i una apoapsis de 611961000,0 quilòmetres.",False,train/2triples/CelestialBody.xml,train,2triples,CelestialBody,Id63,False,,,,,,ca,0.7733237147331238,0.7733237147331238,True,False,False,2,0,0.0,False,False,Id1,1036 Ganymed has a rotational period of 37116.0 and an apoapsis measurement of 611961000.0 km.,14,15,1.0714285714285714,True,0.9547567367553711,0.9176862239837646,0.037070512771606445,,,,,,
original__ca__522abbefb0c4,train/1triples/Food_allSolutions.xml::Id142::Id1,train/1triples/Food_allSolutions.xml::Id142,ca,Catalan,CLEAN,clean,clean,1,Id1,Id1,['Beef_kway_teow | ingredient | Sesame_oil'],['Vedella_kway_teow | Ingredient | oli_de_sèsam'],['Vedella_kway_teow | Ingredient | oli_de_sèsam'],Sesame oil is an ingredient in beef kway teow.,L'oli de sèsam és un ingredient de la carn de vedella kway teow.,L'oli de sèsam és un ingredient de la carn de vedella kway teow.,False,train/1triples/Food_allSolutions.xml,train,1triples,Food,Id142,False,,,,,,ca,0.7831430435180664,0.7831430435180664,True,False,False,1,0,0.0,False,False,,,9,13,1.4444444444444444,False,,,,,,,,,
original__ca__d9e6fa3d9187,train/1triples/City_allSolutions.xml::Id136::Id1,train/1triples/City_allSolutions.xml::Id136,ca,Catalan,CLEAN,clean,clean,1,Id1,Id1,"['Attica,_Indiana | isPartOf | Logan_Township,_Fountain_County,_Indiana']","['Atticausa._kgm | ÉsPartDe | Logan_Township,_comtat_de_Fountain,_Indiana']","['Atticausa._kgm | ÉsPartDe | Logan_Township,_comtat_de_Fountain,_Indiana']","Attica, Indiana is part of Logan Township, Fountain County, Indiana.","Attica, Indiana és part del municipi de Logan, comtat de Fountain, Indiana.","Attica, Indiana és part del municipi de Logan, comtat de Fountain, Indiana.",False,train/1triples/City_allSolutions.xml,train,1triples,City,Id136,False,,,,,,ca,0.8162404298782349,0.8162404298782349,True,False,False,1,0,0.0,False,False,Id2,Attica is a city in Logan Township which is a part of Fountain County in Indiana.,10,12,1.2,True,0.9684965014457703,0.9530858993530273,0.01541060209274292,,,,,,
original__ca__5b41c011920d,train/3triples/SportsTeam.xml::Id72::Id3,train/3triples/SportsTeam.xml::Id72,ca,Catalan,CLEAN,clean,clean,3,Id3,Id3,"['A.F.C._Blackpool | manager | Stuart_Parker_(footballer)', 'Stuart_Parker_(footballer) | club | KV_Mechelen', 'Stuart_Parker_(footballer) | club | Stockport_County_F.C.']","['A.F.C._Blackpool | Gerent | Stuart_Parker_(futbolista)', 'Stuart_Parker_(futbolista) | Trèvols | RYKV_Mechelen', 'Stuart_Parker_(futbolista) | Trèvols | Stockport_County']","['A.F.C._Blackpool | Gerent | Stuart_Parker_(futbolista)', 'Stuart_Parker_(futbolista) | Trèvols | RYKV_Mechelen', 'Stuart_Parker_(futbolista) | Trèvols | Stockport_County']",AFC Blackpool have had Stuart Parker as their manager. He has also represented the club KV Mechelen and once played for Stockport County FC.,L'AFC Blackpool ha tingut Stuart Parker com a entrenador. També ha representat el club KV Mechelen i una vegada va jugar per l'Stockport County FC.,L'AFC Blackpool ha tingut Stuart Parker com a entrenador. També ha representat el club KV Mechelen i una vegada va jugar per l'Stockport County FC.,False,train/3triples/SportsTeam.xml,train,3triples,SportsTeam,Id72,False,,,,,,ca,0.9108301997184753,0.9108301997184753,True,False,False,3,0,0.0,False,False,Id1,The manager of A.F.C. Blackpool is Stuart Parker who once played for Stockport County FC and currently plays for KV Mechelen.,24,25,1.0416666666666667,True,0.9672191739082336,0.9165777564048767,0.050641417503356934,,,,,,
original__ca__6e11d2181682,train/4triples/Company.xml::Id23::Id1,train/4triples/Company.xml::Id23,ca,Catalan,CLEAN,clean,clean,4,Id1,Id1,"['GMA_New_Media | foundingDate | 2000-01-01', 'GMA_New_Media | product | Mobile_Applications', 'GMA_New_Media | industry | Mass_Media', 'GMA_New_Media | keyPerson | Felipe_Gozon']","['GMA_New_Media | DataDeFundació | 2000-01-01', 'GMA_New_Media | Producte | Aplicacions_mòbils', 'GMA_New_Media | Indústria | mitjà_de_comunicació_de_massa', 'GMA_New_Media | PersonaClau | Felipe_Gozon']","['GMA_New_Media | DataDeFundació | 2000-01-01', 'GMA_New_Media | Producte | Aplicacions_mòbils', 'GMA_New_Media | Indústria | mitjà_de_comunicació_de_massa', 'GMA_New_Media | PersonaClau | Felipe_Gozon']","GMA New Media, a mass media company offering products such as mobile applications, was founded on January 1, 2000. Felipe Gozon is a key person at the company.","GMA New Media, una empresa de mitjans de comunicació que ofereix productes com ara aplicacions mòbils, va ser fundada l'1 de gener del 2000 i Felipe Gozon és una persona clau en l'empresa.","GMA New Media, una empresa de mitjans de comunicació que ofereix productes com ara aplicacions mòbils, va ser fundada l'1 de gener del 2000 i Felipe Gozon és una persona clau en l'empresa.",False,train/4triples/Company.xml,train,4triples,Company,Id23,False,,,,,,ca,0.8911763429641724,0.8911763429641724,True,False,False,4,0,0.0,False,False,Id2,"Felipe Gozon is a key person at GMA New Media (founded 01-01-2000), a mass media company that makes mobile applications.",28,33,1.1785714285714286,True,0.9867951273918152,0.8636078834533691,0.12318724393844604,,,,,,
original__ca__715a4639faab,train/3triples/Athlete.xml::Id54::Id2,train/3triples/Athlete.xml::Id54,ca,Catalan,CLEAN,clean,clean,3,Id2,Id2,"['Akeem_Adams | club | Ferencvárosi_TC', 'Akeem_Adams | club | United_Petrotrin_F.C.', 'United_Petrotrin_F.C. | ground | Palo_Seco']","['Akeem_Adams | Trèvols | Ferencvárosi_TC', 'Akeem_Adams | Trèvols | United_Petrotrin', 'United_Petrotrin | Terra | Palo_Seco']","['Akeem_Adams | Trèvols | Ferencvárosi_TC', 'Akeem_Adams | Trèvols | United_Petrotrin', 'United_Petrotrin | Terra | Palo_Seco']",Akeem Adams plays for Ferencvarosi TC and is a member of the United Petrotrin F.C. club who play in Palo Seco.,Akeem Adams juga pel Ferencvarosi TC i és membre del club United Petrotrin F.C. que juga a Palo Seco.,Akeem Adams juga pel Ferencvarosi TC i és membre del club United Petrotrin F.C. que juga a Palo Seco.,False,train/3triples/Athlete.xml,train,3triples,Athlete,Id54,False,,,,,,ca,0.8901249170303345,0.8901249170303345,True,False,False,2,0,0.0,False,False,Id1,Akeem Adams played for United Petrotrin F.C. whose home is Palo Seco grounds. He now plays with Ferencvarosi TC.,21,19,0.9047619047619048,True,0.9812102317810059,0.9278150796890259,0.05339515209197998,,,,,,
original__ca__899b006fc372,dev/4triples/Building.xml::Id12::Id3,dev/4triples/Building.xml::Id12,ca,Catalan,CLEAN,clean,clean,4,Id3,Id3,"['Adisham_Hall | location | Sri_Lanka', 'Adisham_Hall | architecturalStyle | Tudor_Revival_architecture', 'Adisham_Hall | completionDate | 1931', 'Adisham_Hall | buildingStartDate | ""1927""']","['Adisham_Hall | Ubicació | Sri_Lanka', 'Adisham_Hall | EstilArquitectònic | Arquitectura_Tudor_Revival', 'Adisham_Hall | DataDeFinalització | 1931', ""Adisham_Hall | DataD'IniciDeLaConstrucció | 1927""]","['Adisham_Hall | Ubicació | Sri_Lanka', 'Adisham_Hall | EstilArquitectònic | Arquitectura_Tudor_Revival', 'Adisham_Hall | DataDeFinalització | 1931', ""Adisham_Hall | DataD'IniciDeLaConstrucció | 1927""]","Designed in the Tudor Revival architectural style, Adisham Hall is located in Sri Lanka and was built in 1927 and completed in 1931.","Dissenyat en l'estil arquitectònic del Renaixement Tudor, Adisham Hall es troba a Sri Lanka i va ser construït el 1927 i completat el 1931.","Dissenyat en l'estil arquitectònic del Renaixement Tudor, Adisham Hall es troba a Sri Lanka i va ser construït el 1927 i completat el 1931.",False,dev/4triples/Building.xml,dev,4triples,Building,Id12,False,,,,,,ca,0.9340944886207581,0.9340944886207581,True,False,False,3,0,0.0,False,False,Id1,Construction of Adisham Hall in Sri Lanka began in 1927 and ended in 1931. It was built in the Tudor Revival architectural style.,23,24,1.0434782608695652,True,0.9868082404136658,0.9606465101242065,0.02616173028945923,,,,,,
original__ca__ff2254f965bb,train/5triples/Astronaut.xml::Id65::Id2,train/5triples/Astronaut.xml::Id65,ca,Catalan,CLEAN,clean,clean,5,Id2,Id2,"['Elliot_See | almaMater | University_of_Texas_at_Austin', 'University_of_Texas_at_Austin | affiliation | University_of_Texas_System', 'University_of_Texas_at_Austin | competeIn | Big_12_Conference', 'Elliot_See | deathPlace | St._Louis', 'Elliot_See | deathDate | ""1966-02-28""']","['Elliot_See | AlmaMater | Universitat_de_Texas_a_Austin', 'Universitat_de_Texas_a_Austin | Afiliació | Sistema_Universitari_de_Texas', 'Universitat_de_Texas_a_Austin | CompetirIn | Big_12_Conference', 'Elliot_See | LlocDeLaMort | Saint_Louis', 'Elliot_See | DataDeMort | 1966-02-28']","['Elliot_See | AlmaMater | Universitat_de_Texas_a_Austin', 'Universitat_de_Texas_a_Austin | Afiliació | Sistema_Universitari_de_Texas', 'Universitat_de_Texas_a_Austin | CompetirIn | Big_12_Conference', 'Elliot_See | LlocDeLaMort | Saint_Louis', 'Elliot_See | DataDeMort | 1966-02-28']","Elliot See attended the University of Texas at Austin (part of the University of Texas System) who are competing in the Big 12 Conference. Elliot See died on February 28, 1966 in St. Louis.",Elliot See va assistir a la Universitat de Texas a Austin (part del sistema de la Universitat de Texas) que competeixen en la Conferència Big 12. Elliot See va morir el 28 de febrer de 1966 a St. Louis.,Elliot See va assistir a la Universitat de Texas a Austin (part del sistema de la Universitat de Texas) que competeixen en la Conferència Big 12. Elliot See va morir el 28 de febrer de 1966 a St. Louis.,False,train/5triples/Astronaut.xml,train,5triples,Astronaut,Id65,False,,,,,,ca,0.8801586031913757,0.8801586031913757,True,False,False,5,0,0.0,False,False,Id1,"Elliot See attended the University of Texas at Austin, which is affiliated to the University of Texas System and will compete in the Big 12 Conference. Elliot See died in St. Louis on February 28, 1966.",34,39,1.1470588235294117,True,0.9774478673934937,0.9725682735443115,0.004879593849182129,,,,,,
original__ca__c79a01dfb3d2,train/5triples/Astronaut.xml::Id17::Id3,train/5triples/Astronaut.xml::Id17,ca,Catalan,CLEAN,clean,clean,5,Id3,Id3,"['Alan_Shepard | almaMater | ""NWC, M.A. 1957""', 'Alan_Shepard | deathPlace | California', 'Alan_Shepard | birthPlace | New_Hampshire', 'Alan_Shepard | selectedByNasa | 1959', 'Alan_Shepard | nationality | United_States']","['Alan_Shepard | AlmaMater | NWC,_M.A._1957', 'Alan_Shepard | LlocDeLaMort | Califòrnia', 'Alan_Shepard | LlocDeNaixement | Nou_Hampshire', 'Alan_Shepard | SeleccionatPerLaNasa | 1959', ""Alan_Shepard | Nacionalitat | Estats_Units_d'Amèrica""]","['Alan_Shepard | AlmaMater | NWC,_M.A._1957', 'Alan_Shepard | LlocDeLaMort | Califòrnia', 'Alan_Shepard | LlocDeNaixement | Nou_Hampshire', 'Alan_Shepard | SeleccionatPerLaNasa | 1959', ""Alan_Shepard | Nacionalitat | Estats_Units_d'Amèrica""]",Alan Shepard was an American born in New Hampshire. He graduated from NWC MA in 1957 and was selected by NASA in 1950. He died in California.,Alan Shepard va ser un americà nascut a New Hampshire. Es va graduar de NWC MA el 1957 i va ser seleccionat per la NASA el 1950. Va morir a Califòrnia.,Alan Shepard va ser un americà nascut a New Hampshire. Es va graduar de NWC MA el 1957 i va ser seleccionat per la NASA el 1950. Va morir a Califòrnia.,False,train/5triples/Astronaut.xml,train,5triples,Astronaut,Id17,False,,,,,,ca,0.9631178379058838,0.9631178379058838,True,False,False,4,0,0.0,False,False,Id1,Alan Shepard was a US astronaut. born in New Hampshire in 1959. He graduated from NWC with an M.A. in 1957. In 1959 he was selected by NASA. Alan Shepard died in California.,27,31,1.1481481481481481,True,0.9656922221183777,0.8331909775733948,0.1325012445449829,,,,,,
original__ca__bb619b4827fd,train/2triples/Artist.xml::Id73::Id1,train/2triples/Artist.xml::Id73,ca,Catalan,CLEAN,clean,clean,2,Id1,Id1,"['Ahmet_Ertegun | genre | Rhythm_and_blues', 'Rhythm_and_blues | stylisticOrigin | Blues']","['Ahmet_Ertegun | Gènere | rhythm_and_blues', 'rhythm_and_blues | OrigenEstilístic | blues']","['Ahmet_Ertegun | Gènere | rhythm_and_blues', 'rhythm_and_blues | OrigenEstilístic | blues']",Ahmet Ertegun music genre are Rhythm and Blues which originated from blues music.,El gènere musical d'Ahmet Ertegun és el Rhythm and Blues que s'originà de la música blues.,El gènere musical d'Ahmet Ertegun és el Rhythm and Blues que s'originà de la música blues.,False,train/2triples/Artist.xml,train,2triples,Artist,Id73,False,,,,,,ca,0.84294593334198,0.84294593334198,True,False,False,2,0,0.0,False,False,Id2,"Ahmet Ertegun performs rhythm and blues music, a genre that originated from blues.",13,16,1.2307692307692308,True,0.9259134531021118,0.9158809185028076,0.0100325345993042,,,,,,
original__ca__fc5ef76be205,train/5triples/SportsTeam.xml::Id25::Id3,train/5triples/SportsTeam.xml::Id25,ca,Catalan,CLEAN,clean,clean,5,Id3,Id3,"['Agremiação_Sportiva_Arapiraquense | league | Campeonato_Brasileiro_Série_C', 'Campeonato_Brasileiro_Série_C | country | Brazil', 'Agremiação_Sportiva_Arapiraquense | numberOfMembers | 17000', 'Agremiação_Sportiva_Arapiraquense | ground | Estádio_Municipal_Coaracy_da_Mata_Fonseca', 'Campeonato_Brasileiro_Série_C | champions | Vila_Nova_Futebol_Clube']","['AS_Arapiraquense | Lliga | Campionat_Brasiler_Sèrie_C', 'Campionat_Brasiler_Sèrie_C | País | Brasil', 'AS_Arapiraquense | NombreDeMembres | 17000', 'AS_Arapiraquense | Terra | Estádio_Municipal_Coaracy_da_Mata_Fonseca', 'Campionat_Brasiler_Sèrie_C | Campions | Vila_Nova_FC']","['AS_Arapiraquense | Lliga | Campionat_Brasiler_Sèrie_C', 'Campionat_Brasiler_Sèrie_C | País | Brasil', 'AS_Arapiraquense | NombreDeMembres | 17000', 'AS_Arapiraquense | Terra | Estádio_Municipal_Coaracy_da_Mata_Fonseca', 'Campionat_Brasiler_Sèrie_C | Campions | Vila_Nova_FC']","Vila Nova Futebol Clube have been champions of Campeonato Brasileiro Série C. league in Brazil. Agremiação Sportiva Arapiraquense, who have 17000 members, also play in the league and have their home ground at Estádio Municipal Coaracy da Mata Fonseca.","El Vila Nova Futebol Clube ha estat campió de la lliga brasilera Campeonato Brasileiro Série C. L'Agremiação Sportiva Arapiraquense, que té 17.000 membres, també juga a la lliga i té el seu estadi a l'Estádio Municipal Coaracy da Mata Fonseca.","El Vila Nova Futebol Clube ha estat campió de la lliga brasilera Campeonato Brasileiro Série C. L'Agremiação Sportiva Arapiraquense, que té 17.000 membres, també juga a la lliga i té el seu estadi a l'Estádio Municipal Coaracy da Mata Fonseca.",False,train/5triples/SportsTeam.xml,train,5triples,SportsTeam,Id25,False,,,,,,ca,0.887082040309906,0.887082040309906,True,False,False,5,0,0.0,False,False,Id1,"Agremiação Sportiva Arapiraquense, whose ground is Estádio Municipal Coaracy da Mata Fonseca, play in the Campeonato Brasileiro Série C league in Brazil. Agremiacao Sportiva Arapiraquense has 17000 members and Vila Nova Futebol Clube have been champions of Campeonato Brasileiro Série C.",39,40,1.0256410256410255,True,0.9482399821281433,0.8725110292434692,0.07572895288467407,,,,,,
original__ca__bee15756e9a6,dev/5triples/Artist.xml::Id29::Id3,dev/5triples/Artist.xml::Id29,ca,Catalan,CLEAN,clean,clean,5,Id3,Id3,"['Uruguay | leader | Raúl_Fernando_Sendic_Rodríguez', 'Alfredo_Zitarrosa | deathPlace | Montevideo', 'Montevideo | country | Uruguay', 'Montevideo | leader | Daniel_Martínez_(politician)', 'Uruguay | language | Spanish_language']","['Uruguai | Líder | Raúl_Fernando_Sendic', 'Alfredo_Zitarrosa | LlocDeLaMort | Montevideo', 'Montevideo | País | Uruguai', 'Montevideo | Líder | Daniel_Martínez_(polític)', 'Uruguai | Llengua | Llengua_espanyola']","['Uruguai | Líder | Raúl_Fernando_Sendic', 'Alfredo_Zitarrosa | LlocDeLaMort | Montevideo', 'Montevideo | País | Uruguai', 'Montevideo | Líder | Daniel_Martínez_(polític)', 'Uruguai | Llengua | Llengua_espanyola']","Raúl Fernando Sendic Rodríguez is the leader of Spanish speaking, Uruguay. Daniel Martinez is the leader of Montevideo, the final resting place of Alfredo Zitarrosa.","Raúl Fernando Sendic Rodríguez és el líder de l'Uruguay parlant castellà. Daniel Martínez és el líder de Montevideo, el lloc de descans final d'Alfredo Zitarrosa.","Raúl Fernando Sendic Rodríguez és el líder de l'Uruguay parlant castellà. Daniel Martínez és el líder de Montevideo, el lloc de descans final d'Alfredo Zitarrosa.",False,dev/5triples/Artist.xml,dev,5triples,Artist,Id29,False,,,,,,ca,0.8139309287071228,0.8139309287071228,True,False,False,3,0,0.0,False,False,Id1,"Alfredo Zitarrosa died in Montevideo, Uruguay. Daniel Martinez is a political leader in Montevideo, and Raul Fernando Sendic Rodriguez is a leader in Uruguay, where Spanish is spoken.",25,25,1.0,True,0.9723129272460938,0.8844132423400879,0.08789968490600586,,,,,,
original__ca__9245bc5ebe8e,train/5triples/Artist.xml::Id132::Id3,train/5triples/Artist.xml::Id132,ca,Catalan,CLEAN,clean,clean,5,Id3,Id3,"[""Alison_O'Donnell | genre | Jazz"", 'Jazz | stylisticOrigin | Blues', 'Jazz | derivative | Funk', 'Jazz | musicFusionGenre | Afrobeat', ""Alison_O'Donnell | instrument | Autoharp""]","[""Alison_O'Donnell | Gènere | jazz"", 'jazz | OrigenEstilístic | blues', 'jazz | Derivada | Funk', 'jazz | MúsicaGenreFusion | afrobeat', ""Alison_O'Donnell | Instrument | cítara_d'acords""]","[""Alison_O'Donnell | Gènere | jazz"", 'jazz | OrigenEstilístic | blues', 'jazz | Derivada | Funk', 'jazz | MúsicaGenreFusion | afrobeat', ""Alison_O'Donnell | Instrument | cítara_d'acords""]",Jazz music originates from the Blues and is the basis for Afrobeat fusion and funk. Jazz musician Alison O'Donnell plays the autoharp.,La música jazz té el seu origen en el blues i és la base de la fusió de l'afrobeat i el funk. La músic de jazz Alison O'Donnell toca l'autoarpa.,La música jazz té el seu origen en el blues i és la base de la fusió de l'afrobeat i el funk. La músic de jazz Alison O'Donnell toca l'autoarpa.,False,train/5triples/Artist.xml,train,5triples,Artist,Id132,False,,,,,,ca,0.7841196656227112,0.7841196656227112,True,False,False,4,0,0.0,False,False,Id1,"Alison O'Donnell plays the autoharp and performs jazz music. Jazz style originates from the Blues, and Funk and Afrobeat are derivatives of Jazz.",22,30,1.3636363636363635,True,0.9040555953979492,0.8875759840011597,0.01647961139678955,,,,,,
original__ca__9e4bfac018cd,train/4triples/City.xml::Id183::Id1,train/4triples/City.xml::Id183,ca,Catalan,CLEAN,clean,clean,4,Id1,Id1,"['United_States | demonym | Americans', 'Angola,_Indiana | isPartOf | Pleasant_Township,_Steuben_County,_Indiana', 'Angola,_Indiana | country | United_States', 'United_States | ethnicGroup | Asian_Americans']","[""Estats_Units_d'Amèrica | Demònim | estatunidenc"", 'Angola,_Indiana | ÉsPartDe | Pleasant_Township,_comtat_de_Steuben,_Indiana', ""Angola,_Indiana | País | Estats_Units_d'Amèrica"", ""Estats_Units_d'Amèrica | GrupÈtnic | estatunidencs_asiàtics""]","[""Estats_Units_d'Amèrica | Demònim | estatunidenc"", 'Angola,_Indiana | ÉsPartDe | Pleasant_Township,_comtat_de_Steuben,_Indiana', ""Angola,_Indiana | País | Estats_Units_d'Amèrica"", ""Estats_Units_d'Amèrica | GrupÈtnic | estatunidencs_asiàtics""]","People who live in the US are called Americans and these include the ethnic group of Asian Americans. The United States is where you will find Angola, part of Pleasant Township in Steuben County, Indiana.","Les persones que viuen als Estats Units s'anomenen americans i aquests inclouen el grup ètnic dels asiàtics americans. Als Estats Units és on trobareu Angola, part de Pleasant Township al comtat de Steuben, Indiana.","Les persones que viuen als Estats Units s'anomenen americans i aquests inclouen el grup ètnic dels asiàtics americans. Als Estats Units és on trobareu Angola, part de Pleasant Township al comtat de Steuben, Indiana.",False,train/4triples/City.xml,train,4triples,City,Id183,False,,,,,,ca,0.978358805179596,0.978358805179596,True,False,False,4,0,0.0,False,False,Id2,"The Americans are the inhabitants of the United States and include the ethnic group of Asian Americans. The country is the location of Angola in Pleasant Township, part of Steuben County in Indiana.",35,34,0.9714285714285714,True,0.9748936891555786,0.9222316741943359,0.052662014961242676,,,,,,
original__ca__cd17948ce08d,train/2triples/CelestialBody.xml::Id31::Id1,train/2triples/CelestialBody.xml::Id31,ca,Catalan,CLEAN,clean,clean,2,Id1,Id1,"['(66391)_1999_KW4 | epoch | 2004-07-14', '(66391)_1999_KW4 | apoapsis | 162164091.8388 (kilometres)']","['(66391)_1999_KW4 | Època | 2004-07-14', '(66391)_1999_KW4 | Apoapsis | 162164091.8388_(kilòmetres)']","['(66391)_1999_KW4 | Època | 2004-07-14', '(66391)_1999_KW4 | Apoapsis | 162164091.8388_(kilòmetres)']","The celestial body, (66391) 1999 KW4, has an apoapsis of 162164091.8388 km and its epoch date is 14 July 2004.","El cos celeste, (66391) 1999 KW4, té una apoapsis de 162164091.8388 km i la seva data d'època és el 14 de juliol de 2004.","El cos celeste, (66391) 1999 KW4, té una apoapsis de 162164091.8388 km i la seva data d'època és el 14 de juliol de 2004.",False,train/2triples/CelestialBody.xml,train,2triples,CelestialBody,Id31,False,,,,,,ca,0.8391158580780029,0.8391158580780029,True,False,False,3,0,0.0,False,False,Id2,66391 1999 KW4 epoch was on 2004-07.14. and its apoapsis is 162164091.8388 kilometres.,20,24,1.2,True,0.9709749817848206,0.7985308766365051,0.17244410514831543,,,,,,
original__ca__ac6fb34eb83e,train/3triples/Airport.xml::Id168::Id3,train/3triples/Airport.xml::Id168,ca,Catalan,CLEAN,clean,clean,3,Id3,Id3,"['Iraq | language | Kurdish_languages', 'Al-Taqaddum_Air_Base | cityServed | Fallujah', 'Fallujah | country | Iraq']","['Iraq | Llengua | Llengües_kurdes', 'Base_Aèria_Al-Taqaddum | CiutatServida | Falluja', 'Falluja | País | Iraq']","['Iraq | Llengua | Llengües_kurdes', 'Base_Aèria_Al-Taqaddum | CiutatServida | Falluja', 'Falluja | País | Iraq']","The Al Taqaddum Air Base serves the city of Fallujah in Iraq, a country where the Kurdish languages are spoken.","La base aèria Al Taqaddum serveix a la ciutat de Fallujah a l'Iraq, un país on es parlen les llengües kurdes.","La base aèria Al Taqaddum serveix a la ciutat de Fallujah a l'Iraq, un país on es parlen les llengües kurdes.",False,train/3triples/Airport.xml,train,3triples,Airport,Id168,False,,,,,,ca,0.8751760125160217,0.8751760125160217,True,False,False,2,0,0.0,False,False,Id1,"Al-Taqaddum Air Base serves the city of Fallujah, in the country of Iraq where the Kurdish language is spoken.",20,21,1.05,True,0.9833573698997498,0.9752456545829773,0.008111715316772461,,,,,,
original__ca__ecf4b2ce1fe8,test/rdf-to-text-generation-test-data-with-refs-en.xml::Id1626::Id2,test/rdf-to-text-generation-test-data-with-refs-en.xml::Id1626,ca,Catalan,CLEAN,clean,clean,2,Id2,Id2,"['Nurhan_Atasoy | birthPlace | Turkey', 'Turkey | governmentType | Unitary_state']","['Nurhan_Atasoy | LlocDeNaixement | Turquia', 'Turquia | TipusDeGovern | estat_unitari']","['Nurhan_Atasoy | LlocDeNaixement | Turquia', 'Turquia | TipusDeGovern | estat_unitari']",Nurhan Atasoy was born in the unitary state of Turkey.,Nurhan Atasoy va néixer a l'estat unitari de Turquia.,Nurhan Atasoy va néixer a l'estat unitari de Turquia.,False,test/rdf-to-text-generation-test-data-with-refs-en.xml,test,rdf-to-text-generation-test-data-with-refs-en.xml,Scientist,Id1626,False,,,,,,ca,0.951755166053772,0.951755166053772,True,False,False,1,0,0.0,False,False,Id1,"Turkey, the birthplace of Nurhan Atasoy, has a unitary government.",10,9,0.9,True,0.9359678030014038,0.7531945705413818,0.18277323246002197,,,,,,
original__ca__eb7f698523e6,train/1triples/CelestialBody_allSolutions.xml::Id140::Id1,train/1triples/CelestialBody_allSolutions.xml::Id140,ca,Catalan,CLEAN,clean,clean,1,Id1,Id1,['1101_Clematis | orbitalPeriod | 183309000.0'],['(1101)_Clematis | PeríodeOrbital | 183309000.0'],['(1101)_Clematis | PeríodeOrbital | 183309000.0'],1101 Clematis has an orbital period of 183309000.0.,1101 Clematis té un període orbital de 183309000.0.,1101 Clematis té un període orbital de 183309000.0.,False,train/1triples/CelestialBody_allSolutions.xml,train,1triples,CelestialBody,Id140,False,,,,,,ca,0.7027466893196106,0.7027466893196106,True,False,False,1,0,0.0,False,False,Id2,The orbital period for 1101 Clematis is 183309000.0.,8,8,1.0,True,0.9946290254592896,0.9860962629318237,0.00853276252746582,,,,,,
original__ca__d9a43eb2edb2,dev/1triples/SportsTeam_allSolutions.xml::Id16::Id1,dev/1triples/SportsTeam_allSolutions.xml::Id16,ca,Catalan,CLEAN,clean,clean,1,Id1,Id1,"['AZAL_PFK | location | ""Shuvalan, Baku, Azerbaijan""']","['AZAL_PFK | Ubicació | Shuvalan,_Baku,_Azerbaidjan']","['AZAL_PFK | Ubicació | Shuvalan,_Baku,_Azerbaidjan']","AZAL PFK is located at Shuvalan, Baku, Azerbaijan.","AZAL PFK es troba a Shuvalan, Bakú, Azerbaidjan.","AZAL PFK es troba a Shuvalan, Bakú, Azerbaidjan.",False,dev/1triples/SportsTeam_allSolutions.xml,dev,1triples,SportsTeam,Id16,False,,,,,,ca,0.6685850024223328,0.6685850024223328,False,False,False,1,0,0.0,False,False,Id2,"AZAL PFK is located in Shuvalan, Baku, Azerbaijan.",8,8,1.0,True,0.9824281930923462,0.9857447147369385,-0.003316521644592285,,,,,,
original__ca__0f612940a9bc,train/3triples/City.xml::Id99::Id2,train/3triples/City.xml::Id99,ca,Catalan,CLEAN,clean,clean,3,Id2,Id2,"['Ann_Arbor,_Michigan | leaderTitle | Mayor', 'Ann_Arbor,_Michigan | populationDensity | 1580.7 (inhabitants per square kilometre)', 'Ann_Arbor,_Michigan | areaTotal | 74.33 (square kilometres)']","['Ann_Arbor,_Michigan | LíderTítol | alcalde', 'Ann_Arbor,_Michigan | DensitatDePoblació | 1580.7_(habitants_per_quilòmetre_quadrat)', ""Ann_Arbor,_Michigan | TotalDeL'Àrea | 74,33_(kilòmetres_quadrats)""]","['Ann_Arbor,_Michigan | LíderTítol | alcalde', 'Ann_Arbor,_Michigan | DensitatDePoblació | 1580.7_(habitants_per_quilòmetre_quadrat)', ""Ann_Arbor,_Michigan | TotalDeL'Àrea | 74,33_(kilòmetres_quadrats)""]","The city of Ann Arbor, Michigan, where the leader has the title of Mayor, has a population density of 1580.7 people for each of its 74.33 square kilometres.","La ciutat d'Ann Arbor, Michigan, on el líder té el títol d'alcalde, té una densitat de població de 1580,7 persones per cada un dels seus 74,33 quilòmetres quadrats.","La ciutat d'Ann Arbor, Michigan, on el líder té el títol d'alcalde, té una densitat de població de 1580,7 persones per cada un dels seus 74,33 quilòmetres quadrats.",False,train/3triples/City.xml,train,3triples,City,Id99,False,,,,,,ca,0.9655957221984863,0.9655957221984863,True,False,False,3,0,0.0,False,False,Id1,"Mayor is the title of the leader of Ann Arbor, Michigan, which has a population density of 1580.7 people for each of the 74.33 square kilometres it covers.",28,28,1.0,True,0.9290204644203186,0.9212091565132141,0.007811307907104492,,,,,,
original__ca__ab9f10b08cd7,train/4triples/SportsTeam.xml::Id107::Id1,train/4triples/SportsTeam.xml::Id107,ca,Catalan,CLEAN,clean,clean,4,Id1,Id1,"['Agremiação_Sportiva_Arapiraquense | league | Campeonato_Brasileiro_Série_C', 'Campeonato_Brasileiro_Série_C | country | Brazil', 'Agremiação_Sportiva_Arapiraquense | numberOfMembers | 17000', 'Campeonato_Brasileiro_Série_C | champions | Vila_Nova_Futebol_Clube']","['AS_Arapiraquense | Lliga | Campionat_Brasiler_Sèrie_C', 'Campionat_Brasiler_Sèrie_C | País | Brasil', 'AS_Arapiraquense | NombreDeMembres | 17000', 'Campionat_Brasiler_Sèrie_C | Campions | Vila_Nova_FC']","['AS_Arapiraquense | Lliga | Campionat_Brasiler_Sèrie_C', 'Campionat_Brasiler_Sèrie_C | País | Brasil', 'AS_Arapiraquense | NombreDeMembres | 17000', 'Campionat_Brasiler_Sèrie_C | Campions | Vila_Nova_FC']",The ground of Agremiação Sportiva Arapiraquense has a capacity of 17000 and is located in Brazil. They play in the Campeonato Brasileiro Série C league which was won by Vila Nova Futebol Clube.,"El camp de l'Agremiação Sportiva Arapiraquense té capacitat per a 17.000 persones i es troba al Brasil. Juga al Campionat Brasileiro Série C, que va guanyar el Vila Nova Futebol Clube.","El camp de l'Agremiação Sportiva Arapiraquense té capacitat per a 17.000 persones i es troba al Brasil. Juga al Campionat Brasileiro Série C, que va guanyar el Vila Nova Futebol Clube.",False,train/4triples/SportsTeam.xml,train,4triples,SportsTeam,Id107,False,,,,,,ca,0.9415275454521179,0.9415275454521179,True,False,False,4,0,0.0,False,False,Id2,"Agremiacao Sportiva Arapiraquense has 17000 members and play in the Campeonato Brasileiro Serie C League which is based in Brazil. Previously, Vila Nova Futebol Clube have been champions of this league.",33,31,0.9393939393939394,True,0.9282247424125671,0.8935444355010986,0.034680306911468506,,,,,,
original__ca__7d845403c761,train/1triples/Politician_allSolutions.xml::Id97::Id1,train/1triples/Politician_allSolutions.xml::Id97,ca,Catalan,CLEAN,clean,clean,1,Id1,Id1,['Adam_Koc | award | Virtuti_Militari'],['Adam_Koc | Premi | Orde_Virtuti_Militari'],['Adam_Koc | Premi | Orde_Virtuti_Militari'],Adam Koc was awarded the Virtuti Militari.,Adam Koc va ser guardonat amb la Virtuti Militari.,Adam Koc va ser guardonat amb la Virtuti Militari.,False,train/1triples/Politician_allSolutions.xml,train,1triples,Politician,Id97,False,,,,,,ca,0.8658851981163025,0.8658851981163025,True,False,False,1,0,0.0,False,False,Id2,Adam Koc has won the Virtuti Militari award.,7,9,1.2857142857142858,True,0.849760890007019,0.790737509727478,0.059023380279541016,,,,,,
original__ca__24635a7095bb,test/rdf-to-text-generation-test-data-with-refs-en.xml::Id1337::Id2,test/rdf-to-text-generation-test-data-with-refs-en.xml::Id1337,ca,Catalan,CLEAN,clean,clean,4,Id2,Id2,"['Adolfo_Suárez_Madrid–Barajas_Airport | operatingOrganisation | ENAIRE', 'ENAIRE | city | Madrid', 'Adolfo_Suárez_Madrid–Barajas_Airport | runwayLength | 3500.0', 'Adolfo_Suárez_Madrid–Barajas_Airport | elevationAboveTheSeaLevel | 610.0']","['Aeroport_Adolfo_Suárez_de_Madrid-Barajas | OrganitzacióOperativa | ENAIRE', 'ENAIRE | Ciutat | Madrid', 'Aeroport_Adolfo_Suárez_de_Madrid-Barajas | LongitudDeLaPista | 3500.0', 'Aeroport_Adolfo_Suárez_de_Madrid-Barajas | ElevacióPerSobreDelNivellDelMar | 610.0']","['Aeroport_Adolfo_Suárez_de_Madrid-Barajas | OrganitzacióOperativa | ENAIRE', 'ENAIRE | Ciutat | Madrid', 'Aeroport_Adolfo_Suárez_de_Madrid-Barajas | LongitudDeLaPista | 3500.0', 'Aeroport_Adolfo_Suárez_de_Madrid-Barajas | ElevacióPerSobreDelNivellDelMar | 610.0']","The Adolfo Suárez Madrid–Barajas Airport in Madrid operated by ENAIRE has a runway length of 3,500. It has an elevation of 610.0 metres above sea level.","L'aeroport d'Adolfo Suárez Madrid-Barajas a Madrid, operat per ENAIRE, té una pista de 3.500 metres de llarg. Té una elevació de 610,0 metres sobre el nivell del mar.","L'aeroport d'Adolfo Suárez Madrid-Barajas a Madrid, operat per ENAIRE, té una pista de 3.500 metres de llarg. Té una elevació de 610,0 metres sobre el nivell del mar.",False,test/rdf-to-text-generation-test-data-with-refs-en.xml,test,rdf-to-text-generation-test-data-with-refs-en.xml,Airport,Id1337,False,,,,,,ca,0.9335063099861145,0.9335063099861145,True,False,False,3,0,0.0,False,False,Id1,"Adolfo Suarez Madrid-Barajas Airport is operated by ENAIRE in Madrid, has a runway length of 3500 and is 610.0 metres above sea level.",26,28,1.0769230769230769,True,0.9566085934638977,0.9001573324203491,0.056451261043548584,,,,,,
original__ca__74e6fd2e8241,train/3triples/Athlete.xml::Id98::Id1,train/3triples/Athlete.xml::Id98,ca,Catalan,CLEAN,clean,clean,3,Id1,Id1,"['Alaa_Abdul-Zahra | club | Al-Khor_Sports_Club', 'Al_Kharaitiyat_SC | ground | Al_Khor', 'Alaa_Abdul-Zahra | club | Al_Kharaitiyat_SC']","['Alaa_Abdul-Zahra | Trèvols | Al-Khor_SC', 'Al_Kharaitiyat_SC | Terra | Al_Khor_(municipi)', 'Alaa_Abdul-Zahra | Trèvols | Al_Kharaitiyat_SC']","['Alaa_Abdul-Zahra | Trèvols | Al-Khor_SC', 'Al_Kharaitiyat_SC | Terra | Al_Khor_(municipi)', 'Alaa_Abdul-Zahra | Trèvols | Al_Kharaitiyat_SC']","Alaa Abdul Zahra, who plays for Al-Khor Sports Club, also plays for AL Kharaitiyat SC, the home ground of which, is Al Khor.","Alaa Abdul Zahra, que juga per l'Al-Khor Sports Club, també juga per l'AL Kharaitiyat SC, el camp del qual és Al Khor.","Alaa Abdul Zahra, que juga per l'Al-Khor Sports Club, també juga per l'AL Kharaitiyat SC, el camp del qual és Al Khor.",False,train/3triples/Athlete.xml,train,3triples,Athlete,Id98,False,,,,,,ca,0.9484209418296814,0.9484209418296814,True,False,False,3,0,0.0,False,False,Id2,Alaa Abdul Zahra plays for both the Al-Khor Sports Club and AL Kharaitiyat SC. Al Kharaitiyat SC's ground is Al Khor.,23,22,0.9565217391304348,True,0.9864850044250488,0.9603097438812256,0.026175260543823242,,,,,,
original__ca__ee23e3bf1b57,train/1triples/MeanOfTransportation_allSolutions.xml::Id29::Id2,train/1triples/MeanOfTransportation_allSolutions.xml::Id29,ca,Catalan,CLEAN,clean,clean,1,Id2,Id2,['AIDAluna | builder | Meyer_Werft'],['AIDAluna | Constructor | Meyer_Werft'],['AIDAluna | Constructor | Meyer_Werft'],The ship AIDAluna was built by Meyer Werft.,El vaixell AIDAluna va ser construït per Meyer Werft.,El vaixell AIDAluna va ser construït per Meyer Werft.,False,train/1triples/MeanOfTransportation_allSolutions.xml,train,1triples,MeanOfTransportation,Id29,False,,,,,,ca,0.8826771974563599,0.8826771974563599,True,False,False,1,0,0.0,False,False,Id1,Meyer Werft was the builder of the AIDAluna.,8,9,1.125,True,0.9908210635185242,0.8553323745727539,0.13548868894577026,,,,,,
original__ca__43ebed92f4df,test/rdf-to-text-generation-test-data-with-refs-en.xml::Id371::Id3,test/rdf-to-text-generation-test-data-with-refs-en.xml::Id371,ca,Catalan,CLEAN,clean,clean,3,Id3,Id3,"['Alan_B._Miller_Hall | address | ""101 Ukrop Way""', 'Alan_B._Miller_Hall | currentTenants | Mason_School_of_Business', 'Alan_B._Miller_Hall | location | Virginia']","['Alan_B._Miller_Hall | Adreça | 101_Ukrop_Way', 'Alan_B._Miller_Hall | LlogatersActuals | Escola_Mason_de_Negocis', 'Alan_B._Miller_Hall | Ubicació | Virgínia']","['Alan_B._Miller_Hall | Adreça | 101_Ukrop_Way', 'Alan_B._Miller_Hall | LlogatersActuals | Escola_Mason_de_Negocis', 'Alan_B._Miller_Hall | Ubicació | Virgínia']",Alan B. Miller Hall is on 101 Ukrop way (In Virginia) and its current tenants are The Mason School of Business.,Alan B. Miller Hall es troba al 101 Ukrop Way (a Virgínia) i els seus actuals llogaters són The Mason School of Business.,Alan B. Miller Hall es troba al 101 Ukrop Way (a Virgínia) i els seus actuals llogaters són The Mason School of Business.,False,test/rdf-to-text-generation-test-data-with-refs-en.xml,test,rdf-to-text-generation-test-data-with-refs-en.xml,Building,Id371,False,,,,,,ca,0.7446956038475037,0.7446956038475037,True,False,False,3,0,0.0,False,False,Id1,"The Mason Schools of Business are the current tenants of,Alan B Miller Hall (address: 101, Ukrop way) is situated in Virginia.",21,23,1.0952380952380953,True,0.964059591293335,0.8997937440872192,0.06426584720611572,,,,,,
original__ca__e977c85d5e66,test/rdf-to-text-generation-test-data-with-refs-en.xml::Id317::Id2,test/rdf-to-text-generation-test-data-with-refs-en.xml::Id317,ca,Catalan,CLEAN,clean,clean,1,Id2,Id2,['Mermaid_(Train_song) | recordLabel | Sony_Music_Entertainment'],['Sirena_(cançó_de_tren) | EtiquetaDelRegistre | Sony_Music_Entertainment_(anglès)'],['Sirena_(cançó_de_tren) | EtiquetaDelRegistre | Sony_Music_Entertainment_(anglès)'],The Train song Mermaid had been released under the record label Sony Music Entertainment.,La cançó Train Mermaid havia estat llançada sota el segell discogràfic Sony Music Entertainment.,La cançó Train Mermaid havia estat llançada sota el segell discogràfic Sony Music Entertainment.,False,test/rdf-to-text-generation-test-data-with-refs-en.xml,test,rdf-to-text-generation-test-data-with-refs-en.xml,MusicalWork,Id317,False,,,,,,ca,0.7631021738052368,0.7631021738052368,True,False,False,2,0,0.0,False,False,Id1,The song by Train called Mermaid is on the Sony Music Entertainment record label.,14,14,1.0,True,0.9781633615493774,0.9433168172836304,0.03484654426574707,,,,,,
original__ca__c919ccdcb5df,train/1triples/SportsTeam_allSolutions.xml::Id78::Id2,train/1triples/SportsTeam_allSolutions.xml::Id78,ca,Catalan,CLEAN,clean,clean,1,Id2,Id2,['A.S._Roma | numberOfMembers | 70634'],['A.S._Roma | NombreDeMembres | 70634'],['A.S._Roma | NombreDeMembres | 70634'],A.S. Roma has 70634 members.,A.S. Roma té 70.634 membres.,A.S. Roma té 70.634 membres.,False,train/1triples/SportsTeam_allSolutions.xml,train,1triples,SportsTeam,Id78,False,,,,,,ca,0.707915723323822,0.707915723323822,True,False,False,0,0,,False,False,Id1,AS Roma has 70634 members.,5,5,1.0,True,0.8392876386642456,0.804324746131897,0.03496289253234863,,,,,,
original__ca__8b97482dc3ea,train/2triples/Athlete.xml::Id144::Id1,train/2triples/Athlete.xml::Id144,ca,Catalan,CLEAN,clean,clean,2,Id1,Id1,"['Alex_Plante | birthPlace | Brandon,_Manitoba', 'Brandon,_Manitoba | leader | Larry_Maguire']","['Alex_Plante | LlocDeNaixement | Brandoncanada._kgm', 'Brandoncanada._kgm | Líder | Larry_Maguire']","['Alex_Plante | LlocDeNaixement | Brandoncanada._kgm', 'Brandoncanada._kgm | Líder | Larry_Maguire']","Larry Maguire is the leader of Brandon, Manitoba, the birthplace of Alex Plante.","Larry Maguire és el líder de Brandon, Manitoba, el lloc de naixement d'Alex Plante.","Larry Maguire és el líder de Brandon, Manitoba, el lloc de naixement d'Alex Plante.",False,train/2triples/Athlete.xml,train,2triples,Athlete,Id144,False,,,,,,ca,0.8473047614097595,0.8473047614097595,True,False,False,2,0,0.0,False,False,Id2,"Alex Plante was born in Brandon, Manitoba where the leader is Larry Maguire.",13,14,1.0769230769230769,True,0.9641438722610474,0.918563961982727,0.04557991027832031,,,,,,
original__ca__174d97ac59fd,train/2triples/Food.xml::Id53::Id2,train/2triples/Food.xml::Id53,ca,Catalan,CLEAN,clean,clean,2,Id2,Id2,"['Arròs_negre | country | Spain', 'Spain | demonym | Spaniards']","['arròs_negre | País | Espanya', 'Espanya | Demònim | espanyols']","['arròs_negre | País | Espanya', 'Espanya | Demònim | espanyols']","Arròs negre is from Spain, where Spaniards live.","L'arròs negre és d'Espanya, on viuen els espanyols.","L'arròs negre és d'Espanya, on viuen els espanyols.",False,train/2triples/Food.xml,train,2triples,Food,Id53,False,,,,,,ca,0.9213268160820007,0.9213268160820007,True,False,False,1,0,0.0,False,False,Id1,Spaniards and Arros negre come from Spain.,8,8,1.0,True,0.5667693614959717,0.5943572521209717,-0.027587890625,,,,,,
original__ca__098c1e86986c,dev/3triples/Food.xml::Id23::Id2,dev/3triples/Food.xml::Id23,ca,Catalan,CLEAN,clean,clean,3,Id2,Id2,"['Barny_Cakes | dishVariation | Apple', 'Barny_Cakes | carbohydrate | 18.0 g', 'Barny_Cakes | protein | 1.8 g']","['Pastissos_Barny | VariacióDelPlat | poma', 'Pastissos_Barny | HidratDeCarboni | 18._0_g', 'Pastissos_Barny | Proteïna | 1,8_g']","['Pastissos_Barny | VariacióDelPlat | poma', 'Pastissos_Barny | HidratDeCarboni | 18._0_g', 'Pastissos_Barny | Proteïna | 1,8_g']",Barny cakes can be made with apple and contain 1.8g protein and 18g of carbs.,"Els pastissos barny es poden fer amb poma i contenen 1,8 g de proteïna i 18 g de carbohidrats.","Els pastissos barny es poden fer amb poma i contenen 1,8 g de proteïna i 18 g de carbohidrats.",False,dev/3triples/Food.xml,dev,3triples,Food,Id23,False,,,,,,ca,0.7388151288032532,0.7388151288032532,True,False,False,2,0,0.0,False,False,Id1,Barny cakes can be made with apple and have 18 grams of carbs and 1.8 g of protein.,15,19,1.2666666666666666,True,0.7949385643005371,0.7949192523956299,1.9311904907226562e-05,,,,,,
original__ca__06a9775293e1,train/1triples/Artist_allSolutions.xml::Id79::Id1,train/1triples/Artist_allSolutions.xml::Id79,ca,Catalan,CLEAN,clean,clean,1,Id1,Id1,['Al_Anderson_(NRBQ band) | instrument | Singing'],['Al_Anderson_(banda_NRBQ) | Instrument | cant'],['Al_Anderson_(banda_NRBQ) | Instrument | cant'],Al Anderson is a singer for the band NRBQ.,Al Anderson és cantant de la banda NRBQ.,Al Anderson és cantant de la banda NRBQ.,False,train/1triples/Artist_allSolutions.xml,train,1triples,Artist,Id79,False,,,,,,ca,0.7906157374382019,0.7906157374382019,True,False,False,1,0,0.0,False,False,Id2,Al Anderson is a singer in the band NRBQ.,9,8,0.8888888888888888,True,0.9869023561477661,0.9862275719642639,0.0006747841835021973,,,,,,
original__ca__a6c01f087b1a,train/4triples/City.xml::Id144::Id2,train/4triples/City.xml::Id144,ca,Catalan,CLEAN,clean,clean,4,Id2,Id2,"['Indiana | capital | Indianapolis', 'Anderson,_Indiana | isPartOf | Adams_Township,_Madison_County,_Indiana', 'Adams_Township,_Madison_County,_Indiana | country | United_States', 'Anderson,_Indiana | isPartOf | Indiana']","['Indiana | Capital | Indianàpolis', 'Anderson,_Indiana | ÉsPartDe | Adams_Township,_comtat_de_Madison,_Indiana', ""Adams_Township,_comtat_de_Madison,_Indiana | País | Estats_Units_d'Amèrica"", 'Anderson,_Indiana | ÉsPartDe | Indiana']","['Indiana | Capital | Indianàpolis', 'Anderson,_Indiana | ÉsPartDe | Adams_Township,_comtat_de_Madison,_Indiana', ""Adams_Township,_comtat_de_Madison,_Indiana | País | Estats_Units_d'Amèrica"", 'Anderson,_Indiana | ÉsPartDe | Indiana']","Anderson, is located within Adams Township, Madison County, Indiana (capital Indianapolis), in the United States.","Anderson, es troba dins del municipi d'Adams, comtat de Madison, Indiana (capital d'Indianapolis), als Estats Units.","Anderson, es troba dins del municipi d'Adams, comtat de Madison, Indiana (capital d'Indianapolis), als Estats Units.",False,train/4triples/City.xml,train,4triples,City,Id144,False,,,,,,ca,0.9416523575782776,0.9416523575782776,True,False,False,2,0,0.0,False,False,Id1,"Indianapolis is the state capital of Indiana, USA. Anderson is also located in Indiana, within Adams Township, Madison County.",15,16,1.0666666666666667,True,0.9607380628585815,0.8977967500686646,0.06294131278991699,,,,,,
original__es__d81d54545d1a,train/3triples/Politician.xml::Id154::Id2,train/3triples/Politician.xml::Id154,es,Spanish,CLEAN,clean,clean,3,Id2,Id2,"['Albert_Jennings_Fountain | birthPlace | New_York', 'American_Civil_War | commander | Abraham_Lincoln', 'Albert_Jennings_Fountain | battle | American_Civil_War']","['Albert_Jennings_Fountain | LugarDeNacimiento | New_York', 'guerra_de_Secesión | Comandante | Abraham_Lincoln', 'Albert_Jennings_Fountain | Batalla | guerra_de_Secesión']","['Albert_Jennings_Fountain | LugarDeNacimiento | New_York', 'guerra_de_Secesión | Comandante | Abraham_Lincoln', 'Albert_Jennings_Fountain | Batalla | guerra_de_Secesión']",Albert Jennings Fountain was born in New York and fought in the American Civil War when Abraham Lincoln was a commander.,Albert Jennings Fountain nació en Nueva York y luchó en la Guerra Civil estadounidense cuando Abraham Lincoln era comandante.,Albert Jennings Fountain nació en Nueva York y luchó en la Guerra Civil estadounidense cuando Abraham Lincoln era comandante.,False,train/3triples/Politician.xml,train,3triples,Politician,Id154,False,,,,,,es,0.9236239194869995,0.9236239194869995,True,False,False,2,0,0.0,False,False,Id1,New York-born Albert Jennings Fountain fought in the American Civil War which saw Abraham Lincoln as one of its commanders.,21,19,0.9047619047619048,True,0.9917778372764587,0.9336254596710205,0.05815237760543823,,,,,,
original__es__34ecf8cd5b4d,train/4triples/Food.xml::Id22::Id1,train/4triples/Food.xml::Id22,es,Spanish,CLEAN,clean,clean,4,Id1,Id1,"['Arem-arem | country | Indonesia', 'Arem-arem | region | ""Nationwide in Indonesia, but more specific to Java""', 'Indonesia | leader | Joko_Widodo', 'Indonesia | language | Indonesian_language']","['Arem-arem | País | Indonesia', 'Arem-arem | Región | En_todo_Indonesia,_pero_más_específicamente_en_Java', 'Indonesia | Líder | Joko_Widodo', 'Indonesia | Idioma | indonesio']","['Arem-arem | País | Indonesia', 'Arem-arem | Región | En_todo_Indonesia,_pero_más_específicamente_en_Java', 'Indonesia | Líder | Joko_Widodo', 'Indonesia | Idioma | indonesio']","Joko Widodo is the leader in Indonesia, where the language is Indonesian. It is also where Arem-arem is served, nationwide but more specific to Java.","Joko Widodo es el líder en Indonesia, donde el idioma es el indonesio. También es donde se sirve Arem-arem, a nivel nacional pero más específico de Java.","Joko Widodo es el líder en Indonesia, donde el idioma es el indonesio. También es donde se sirve Arem-arem, a nivel nacional pero más específico de Java.",False,train/4triples/Food.xml,train,4triples,Food,Id22,False,,,,,,es,0.9251124262809753,0.9251124262809753,True,False,False,3,0,0.0,False,False,Id2,"Arem-arem is a dish of Indonesia, but more specific to Java. Joko Widodo is the leader of Indonesia and they speak Indonesian.",25,27,1.08,True,0.9903141260147095,0.8970426321029663,0.09327149391174316,,,,,,
original__es__6837cfa6e69c,train/2triples/Artist.xml::Id120::Id1,train/2triples/Artist.xml::Id120,es,Spanish,CLEAN,clean,clean,2,Id1,Id1,"['Alex_Day | genre | Synthpop', 'Synthpop | stylisticOrigin | Pop_music']","['Alex_Day | Género | Synthpop', 'Synthpop | OrigenEstilístico | pop']","['Alex_Day | Género | Synthpop', 'Synthpop | OrigenEstilístico | pop']",Alex Day performs Synthpop music which is a form of pop music.,"Alex Day interpreta música Synthpop, que es una forma de música pop.","Alex Day interpreta música Synthpop, que es una forma de música pop.",False,train/2triples/Artist.xml,train,2triples,Artist,Id120,False,,,,,,es,0.6344985961914062,0.6344985961914062,False,False,False,1,0,0.0,False,False,Id2,"Alex Day uses the Synthpop genre, the stylistic origin ofwhich is pop music.",12,12,1.0,True,0.9793615937232971,0.9339936375617981,0.04536795616149902,,,,,,
original__es__984b568db1cf,train/2triples/SportsTeam.xml::Id127::Id1,train/2triples/SportsTeam.xml::Id127,es,Spanish,CLEAN,clean,clean,2,Id1,Id1,"['AZAL_PFK | league | Azerbaijan_Premier_League', 'Azerbaijan_Premier_League | champions | Qarabağ_FK']","['AZAL_PFK | Liga | Liga_Premier_de_Azerbaiyán', 'Liga_Premier_de_Azerbaiyán | Campeones | FK_Qarabağ']","['AZAL_PFK | Liga | Liga_Premier_de_Azerbaiyán', 'Liga_Premier_de_Azerbaiyán | Campeones | FK_Qarabağ']",The AZAL PFK competes in The Azerbaijan Premier League where the championship is held by Qarabag FK.,"El AZAL PFK compite en la Premier League de Azerbaiyán, cuyo campeón es el Qarabag FK.","El AZAL PFK compite en la Premier League de Azerbaiyán, cuyo campeón es el Qarabag FK.",False,train/2triples/SportsTeam.xml,train,2triples,SportsTeam,Id127,False,,,,,,es,0.7925284504890442,0.7925284504890442,True,False,False,2,0,0.0,False,False,Id2,AZAL PFK play in the Azerbaijan Premier League where the champions are Qarabag FK.,17,16,0.9411764705882353,True,0.9753014445304871,0.9764376878738403,-0.0011362433433532715,,,,,,
original__es__842315c10429,train/2triples/Athlete.xml::Id168::Id1,train/2triples/Athlete.xml::Id168,es,Spanish,CLEAN,clean,clean,2,Id1,Id1,"['Canada | leader | Elizabeth_II', 'Aaron_Boogaard | birthPlace | Canada']","['Canadá | Líder | Isabel_II_del_Reino_Unido', 'Aaron_Boogaard | LugarDeNacimiento | Canadá']","['Canadá | Líder | Isabel_II_del_Reino_Unido', 'Aaron_Boogaard | LugarDeNacimiento | Canadá']",Canada is led by Elizabeth II and is the birthplace of Aaron Boogaard.,Canadá está presidida por Isabel II y es el país natal de Aaron Boogaard.,Canadá está presidida por Isabel II y es el país natal de Aaron Boogaard.,False,train/2triples/Athlete.xml,train,2triples,Athlete,Id168,False,,,,,,es,0.8729549646377563,0.8729549646377563,True,False,False,2,0,0.0,False,False,Id2,Aaron Boogaard was born in Canada where the leader is Elizabeth II.,13,14,1.0769230769230769,True,0.9258474111557007,0.8348633646965027,0.090984046459198,,,,,,
original__es__0f3accf1bfc9,train/1triples/Athlete_allSolutions.xml::Id105::Id3,train/1triples/Athlete_allSolutions.xml::Id105,es,Spanish,CLEAN,clean,clean,1,Id3,Id3,['Al-Wakrah_Sport_Club | position | Qatar_Stars_League'],['Club_Deportivo_Al-Wakrah | Posición | Liga_de_fútbol_de_Catar'],['Club_Deportivo_Al-Wakrah | Posición | Liga_de_fútbol_de_Catar'],Al Wakrah Sport Club play in the Qatar Stars league.,El Al Wakrah Sport Club juega en la liga Qatar Stars.,El Al Wakrah Sport Club juega en la liga Qatar Stars.,False,train/1triples/Athlete_allSolutions.xml,train,1triples,Athlete,Id105,False,,,,,,es,0.7317485213279724,0.7317485213279724,True,False,False,1,0,0.0,False,False,Id1,Al-Wakrah Sport Club position is in the Qatar Stars League.,10,11,1.1,True,0.9818827509880066,0.9559202194213867,0.025962531566619873,,,,,,
original__es__145e7836105f,train/3triples/Artist.xml::Id138::Id2,train/3triples/Artist.xml::Id138,es,Spanish,CLEAN,clean,clean,3,Id2,Id2,"['Alfredo_Zitarrosa | genre | Candombe', 'Alfredo_Zitarrosa | recordLabel | Orfeo_(Uruguayan_record_label)', 'Alfredo_Zitarrosa | background | ""solo_singer""']","['Alfredo_Zitarrosa | Género | Candombe', 'Alfredo_Zitarrosa | SelloDiscográfico | Orfeo_(sello_discográfico_uruguayo)', 'Alfredo_Zitarrosa | Fondo | cantante_solista']","['Alfredo_Zitarrosa | Género | Candombe', 'Alfredo_Zitarrosa | SelloDiscográfico | Orfeo_(sello_discográfico_uruguayo)', 'Alfredo_Zitarrosa | Fondo | cantante_solista']","Alfredo Zitarrosa, who started out as a solo singer, is with the Orfeo record label. Alfredo Zitarrosa's musical genre is Candombe.","Alfredo Zitarrosa, que empezó como cantante solista, pertenece al sello discográfico Orfeo. El género musical de Alfredo Zitarrosa es Candombe.","Alfredo Zitarrosa, que empezó como cantante solista, pertenece al sello discográfico Orfeo. El género musical de Alfredo Zitarrosa es Candombe.",False,train/3triples/Artist.xml,train,3triples,Artist,Id138,False,,,,,,es,0.9011214375495911,0.9011214375495911,True,False,False,2,0,0.0,False,False,Id1,Alfredo Zitarrosa started out as a solo singer and belongs to the Orfeo record label. The musical genre of Alfredo Zitarrosa is Candombe.,21,20,0.9523809523809523,True,0.9691416025161743,0.9755321741104126,-0.006390571594238281,,,,,,
original__es__55aa6e1b22e9,test/rdf-to-text-generation-test-data-with-refs-en.xml::Id968::Id2,test/rdf-to-text-generation-test-data-with-refs-en.xml::Id968,es,Spanish,CLEAN,clean,clean,1,Id2,Id2,['1147_Stavropolis | discovered | 1929-06-11'],['(1147)_Stavropolis | Descubierto | 11-06-1929'],['(1147)_Stavropolis | Descubierto | 11-06-1929'],"1147 Stavropolis is an asteroid, discovered on 11 June 1929.",1147 Stavropolis es un asteroide descubierto el 11 de junio de 1929.,1147 Stavropolis es un asteroide descubierto el 11 de junio de 1929.,False,test/rdf-to-text-generation-test-data-with-refs-en.xml,test,rdf-to-text-generation-test-data-with-refs-en.xml,CelestialBody,Id968,False,,,,,,es,0.7141466736793518,0.7141466736793518,True,False,False,1,0,0.0,False,False,Id1,The asteroid 1147 Stavropolis was discovered on the 11th of June 1929.,10,12,1.2,True,0.9949891567230225,0.9729260206222534,0.022063136100769043,,,,,,
original__es__a6b60dc412f8,train/3triples/Politician.xml::Id252::Id3,train/3triples/Politician.xml::Id252,es,Spanish,CLEAN,clean,clean,3,Id3,Id3,"['United_States | ethnicGroup | Native_Americans_in_the_United_States', 'Abraham_A._Ribicoff | birthPlace | Connecticut', 'Abraham_A._Ribicoff | nationality | United_States']","['Estados_Unidos | GrupoÉtnico | pueblos_nativos_de_los_Estados_Unidos', 'Abraham_A._Ribicoff | LugarDeNacimiento | Connecticut', 'Abraham_A._Ribicoff | Nacionalidad | Estados_Unidos']","['Estados_Unidos | GrupoÉtnico | pueblos_nativos_de_los_Estados_Unidos', 'Abraham_A._Ribicoff | LugarDeNacimiento | Connecticut', 'Abraham_A._Ribicoff | Nacionalidad | Estados_Unidos']",Abraham A Ribicoff is from Connecticut which is in the United States where one of the ethnic groups are the Native Americans.,"Abraham A Ribicoff es de Connecticut, en Estados Unidos, donde uno de los grupos étnicos son los nativos americanos.","Abraham A Ribicoff es de Connecticut, en Estados Unidos, donde uno de los grupos étnicos son los nativos americanos.",False,train/3triples/Politician.xml,train,3triples,Politician,Id252,False,,,,,,es,0.9727043509483337,0.9727043509483337,True,False,False,2,0,0.0,False,False,Id1,"Native Americans are an ethnic group in the U.S, the birthplace (Connecticut) of Abraham A Ribicoff.",22,19,0.8636363636363636,True,0.9891623854637146,0.9093731045722961,0.07978928089141846,,,,,,
original__es__1505cf511dcd,train/5triples/Food.xml::Id134::Id3,train/5triples/Food.xml::Id134,es,Spanish,CLEAN,clean,clean,5,Id3,Id3,"['Bhajji | country | India', 'Bhajji | region | Karnataka', 'Bhajji | mainIngredient | ""Gram flour, vegetables""', 'Bhajji | alternativeName | ""Bhaji, bajji""', 'Bhajji | ingredient | Vegetable']","['Bhajji | País | India', 'Bhajji | Región | Karnataka', 'Bhajji | IngredientePrincipal | Harina_de_gramo,_verduras', 'Bhajji | NombreAlternativo | Bhaji,_bajji', 'Bhajji | Ingrediente | verdura']","['Bhajji | País | India', 'Bhajji | Región | Karnataka', 'Bhajji | IngredientePrincipal | Harina_de_gramo,_verduras', 'Bhajji | NombreAlternativo | Bhaji,_bajji', 'Bhajji | Ingrediente | verdura']","Bhajji (Bhaji), or bajji, contains vegetables and gram flour; it originates from the Karnataka region of India.","El Bhajji (Bhaji), o bajji, contiene verdura y harina de gramo; es originario de la región India de Karnataka.","El Bhajji (Bhaji), o bajji, contiene verdura y harina de gramo; es originario de la región India de Karnataka.",False,train/5triples/Food.xml,train,5triples,Food,Id134,False,,,,,,es,0.8671653270721436,0.8671653270721436,True,False,False,2,0,0.0,False,False,Id1,"Bhajji is also known as Bhaji or bajji, originates from the Karnataka region of India. It is usually made up of vegetables and gram flour.",17,19,1.1176470588235294,True,0.9699825644493103,0.9295122623443604,0.04047030210494995,,,,,,
original__es__265ef86cfdf2,train/2triples/WrittenWork.xml::Id130::Id1,train/2triples/WrittenWork.xml::Id130,es,Spanish,CLEAN,clean,clean,2,Id1,Id1,"['Acta_Mathematica_Hungarica | abbreviation | ""Acta Math. Hungar.""', 'Acta_Mathematica_Hungarica | academicDiscipline | Mathematics']","['Acta_Mathematica_Hungarica | Abreviatura | Acta_Math._Hungar.', 'Acta_Mathematica_Hungarica | DisciplinaAcadémica | matemáticas']","['Acta_Mathematica_Hungarica | Abreviatura | Acta_Math._Hungar.', 'Acta_Mathematica_Hungarica | DisciplinaAcadémica | matemáticas']","Acta Mathematica Hungarica has the abbreviation of ""Acta Math. Hungar."" and comes under the discipline of Math.","Acta Mathematica Hungarica es la abreviatura de ""Acta Math. Hungar."" y pertenece a la disciplina de Math.","Acta Mathematica Hungarica es la abreviatura de ""Acta Math. Hungar."" y pertenece a la disciplina de Math.",False,train/2triples/WrittenWork.xml,train,2triples,WrittenWork,Id130,False,,,,,,es,0.6845540404319763,0.6845540404319763,False,False,False,2,0,0.0,False,False,Id2,The abbreviation of Acta Mathematica Hungarica is Acta Math. Hungar and covers the academic discipline of Mathematics.,17,17,1.0,True,0.9550209045410156,0.875746488571167,0.07927441596984863,,,,,,
original__es__78f245a2ef58,train/2triples/ComicsCharacter.xml::Id12::Id1,train/2triples/ComicsCharacter.xml::Id12,es,Spanish,CLEAN,clean,clean,2,Id1,Id1,"['Asterix_(comicsCharacter) | creator | René_Goscinny', 'René_Goscinny | nationality | French_people']","['Astérix_(personaje_de_cómic) | Creador | René_Goscinny', 'René_Goscinny | Nacionalidad | franceses']","['Astérix_(personaje_de_cómic) | Creador | René_Goscinny', 'René_Goscinny | Nacionalidad | franceses']","The creator of Asterix, a comics character, is René Goscinny, who is French.","El creador de Astérix, personaje de cómic, es el francés René Goscinny.","El creador de Astérix, personaje de cómic, es el francés René Goscinny.",False,train/2triples/ComicsCharacter.xml,train,2triples,ComicsCharacter,Id12,False,,,,,,es,0.7729525566101074,0.7729525566101074,True,False,False,1,0,0.0,False,False,Id2,"Asterix was created by Rene Goscinny, who is a frenchman.",13,12,0.9230769230769231,True,0.9595738649368286,0.8814862370491028,0.07808762788772583,,,,,,
original__es__3df9023d35a0,train/2triples/Airport.xml::Id49::Id1,train/2triples/Airport.xml::Id49,es,Spanish,CLEAN,clean,clean,2,Id1,Id1,"['Agra_Airport | location | Uttar_Pradesh', 'Uttar_Pradesh | isPartOf | Bundelkhand']","['Aeropuerto_de_Agra | Ubicación | Uttar_Pradesh', 'Uttar_Pradesh | FormaParteDe | Bundelkhand']","['Aeropuerto_de_Agra | Ubicación | Uttar_Pradesh', 'Uttar_Pradesh | FormaParteDe | Bundelkhand']",Agra Airport is in Uttar Pradesh which is part of Bundelkhand.,"El aeropuerto de Agra se encuentra en Uttar Pradesh, que forma parte de Bundelkhand.","El aeropuerto de Agra se encuentra en Uttar Pradesh, que forma parte de Bundelkhand.",False,train/2triples/Airport.xml,train,2triples,Airport,Id49,False,,,,,,es,0.9447769522666931,0.9447769522666931,True,False,False,2,0,0.0,False,False,Id2,Agra Airport is located in Uttar Pradesh which is part of Bundelkhand.,11,14,1.2727272727272727,True,0.9932607412338257,0.9933532476425171,-9.250640869140625e-05,,,,,,
original__es__8aabe07d97f0,train/3triples/Athlete.xml::Id164::Id1,train/3triples/Athlete.xml::Id164,es,Spanish,CLEAN,clean,clean,3,Id1,Id1,"['Alessio_Romagnoli | club | Italy_national_under-17_football_team', 'Italy_national_under-17_football_team | coach | Alessandro_Dal_Canto', 'Alessio_Romagnoli | club | Italy_national_under-19_football_team']","['Alessio_Romagnoli | Club | selección_de_fútbol_sub-17_de_Italia', 'selección_de_fútbol_sub-17_de_Italia | Entrenador | Alessandro_Dal_Canto', 'Alessio_Romagnoli | Club | selección_de_fútbol_sub-19_de_Italia']","['Alessio_Romagnoli | Club | selección_de_fútbol_sub-17_de_Italia', 'selección_de_fútbol_sub-17_de_Italia | Entrenador | Alessandro_Dal_Canto', 'Alessio_Romagnoli | Club | selección_de_fútbol_sub-19_de_Italia']","Alessio Romagnoli plays for the Italy national under-17 football team, which is coached by, Alessandro Dal Canto. Alessio Romagnoli's club is the Italy national under 19 football team.","Alessio Romagnoli juega en la selección italiana de fútbol sub-17, entrenada por Alessandro Dal Canto. El club de Alessio Romagnoli es la selección italiana de fútbol sub-19.","Alessio Romagnoli juega en la selección italiana de fútbol sub-17, entrenada por Alessandro Dal Canto. El club de Alessio Romagnoli es la selección italiana de fútbol sub-19.",False,train/3triples/Athlete.xml,train,3triples,Athlete,Id164,False,,,,,,es,0.9066285490989685,0.9066285490989685,True,False,False,3,0,0.0,False,False,Id2,"Alessio Romagnoli is in the club Italy national under 17's coached by Alessandro Dal Canto, and has also played for the Italian national under-19 football team.",28,27,0.9642857142857143,True,0.9620542526245117,0.9254963397979736,0.036557912826538086,,,,,,
original__es__259bfb343d62,train/3triples/Food.xml::Id301::Id1,train/3triples/Food.xml::Id301,es,Spanish,CLEAN,clean,clean,3,Id1,Id1,"['Singapore | leader | Tony_Tan', 'Beef_kway_teow | country | Singapore', 'Singapore | leader | Halimah_Yacob']","['Singapur | Líder | Tony_Tan_Keng_Yam', 'Carne_kway_teow | País | Singapur', 'Singapur | Líder | Halimah_Yacob']","['Singapur | Líder | Tony_Tan_Keng_Yam', 'Carne_kway_teow | País | Singapur', 'Singapur | Líder | Halimah_Yacob']","Beef kway teow is a popular dish in Singapore, where Tony Tan and Halimah Yacob are leaders.","El Beef kway teow es un plato popular en Singapur, donde Tony Tan y Halimah Yacob son líderes.","El Beef kway teow es un plato popular en Singapur, donde Tony Tan y Halimah Yacob son líderes.",False,train/3triples/Food.xml,train,3triples,Food,Id301,False,,,,,,es,0.8035915493965149,0.8035915493965149,True,False,False,2,0,0.0,False,False,Id2,Tony Tan and Halimah Yacob are leaders in Singapore where beef kway teow is a popular dish.,17,18,1.0588235294117647,True,0.9905023574829102,0.9780408143997192,0.012461543083190918,,,,,,
original__es__0520ff7cf4f7,train/5triples/Food.xml::Id14::Id3,train/5triples/Food.xml::Id14,es,Spanish,CLEAN,clean,clean,5,Id3,Id3,"['Arem-arem | country | Indonesia', 'Arem-arem | region | ""Nationwide in Indonesia, but more specific to Java""', 'Indonesia | leader | Joko_Widodo', 'Indonesia | currency | Indonesian_rupiah', 'Indonesia | language | Indonesian_language']","['Arem-arem | País | Indonesia', 'Arem-arem | Región | En_todo_Indonesia,_pero_más_específicamente_en_Java', 'Indonesia | Líder | Joko_Widodo', 'Indonesia | Divisa | rupia_indonesia', 'Indonesia | Idioma | indonesio']","['Arem-arem | País | Indonesia', 'Arem-arem | Región | En_todo_Indonesia,_pero_más_específicamente_en_Java', 'Indonesia | Líder | Joko_Widodo', 'Indonesia | Divisa | rupia_indonesia', 'Indonesia | Idioma | indonesio']","Arem-arem, is predominant in Indonesia's Java. Indonesia is led by Joko Widodo, hails the currency rupiah and the Indonesian language is spoken.","Arem-arem, predomina en la Indonesia Java. Indonesia está dirigida por Joko Widodo, tiene la rupia como moneda y se habla el indonesio.","Arem-arem, predomina en la Indonesia Java. Indonesia está dirigida por Joko Widodo, tiene la rupia como moneda y se habla el indonesio.",False,train/5triples/Food.xml,train,5triples,Food,Id14,False,,,,,,es,0.9288656711578369,0.9288656711578369,True,False,False,3,0,0.0,False,False,Id1,"The dish Arem arem originates from Indonesia, more specifically Java. Indonesia's leader's name is Joko Widodo. and the currency is the rupiah. The language is Indonesian.",22,22,1.0,True,0.9679043292999268,0.8643794059753418,0.10352492332458496,,,,,,
original__es__f0cf6283c7fd,train/2triples/City.xml::Id150::Id3,train/2triples/City.xml::Id150,es,Spanish,CLEAN,clean,clean,2,Id3,Id3,"['Texas | capital | Austin,_Texas', 'Arlington,_Texas | isPartOf | Texas']","['Texas | Capital | Austin,_Texas', 'Arlington,_Texas | FormaParteDe | Texas']","['Texas | Capital | Austin,_Texas', 'Arlington,_Texas | FormaParteDe | Texas']",Austin is the capital city of Texas and Arlington is part of the state too.,Austin es la capital de Texas y Arlington también forma parte del estado.,Austin es la capital de Texas y Arlington también forma parte del estado.,False,train/2triples/City.xml,train,2triples,City,Id150,False,,,,,,es,0.9407472014427185,0.9407472014427185,True,False,False,1,0,0.0,False,False,Id1,"Arlington is part of Texas, the capital of which is Austin.",15,13,0.8666666666666667,True,0.9911541938781738,0.9746298789978027,0.016524314880371094,,,,,,
original__es__0a78dba68bfe,train/2triples/SportsTeam.xml::Id65::Id3,train/2triples/SportsTeam.xml::Id65,es,Spanish,CLEAN,clean,clean,2,Id3,Id3,"['A.F.C._Blackpool | manager | Stuart_Parker_(footballer)', 'Stuart_Parker_(footballer) | club | Chesterfield_F.C.']","['A.F.C._Blackpool | Director | Stuart_Parker_(futbolista)', 'Stuart_Parker_(futbolista) | Club | Chesterfield_Football_Club']","['A.F.C._Blackpool | Director | Stuart_Parker_(futbolista)', 'Stuart_Parker_(futbolista) | Club | Chesterfield_Football_Club']","The manager of A.F.C. Blackpool is Stuart Parker, who is a member of the Chesterfield F.C.","El entrenador del A.F.C. Blackpool es Stuart Parker, que pertenece al Chesterfield F.C.","El entrenador del A.F.C. Blackpool es Stuart Parker, que pertenece al Chesterfield F.C.",False,train/2triples/SportsTeam.xml,train,2triples,SportsTeam,Id65,False,,,,,,es,0.7315433621406555,0.7315433621406555,True,False,False,1,0,0.0,False,False,Id1,The footballer Stuart Parker is attached to Chesterfield football club and has been manager at AFC Blackpool.,16,13,0.8125,True,0.945794939994812,0.8336843252182007,0.11211061477661133,,,,,,
original__es__51913cd7e941,test/rdf-to-text-generation-test-data-with-refs-en.xml::Id417::Id1,test/rdf-to-text-generation-test-data-with-refs-en.xml::Id417,es,Spanish,CLEAN,clean,clean,2,Id1,Id1,"['Expect_a_Miracle | genre | Instrumental_music', 'Expect_a_Miracle | genre | Easy_listening']","['Espere_un_milagro | Género | Música_instrumental', 'Espere_un_milagro | Género | música_ligera']","['Espere_un_milagro | Género | Música_instrumental', 'Espere_un_milagro | Género | música_ligera']",The album Expect a miracle is of the easy instrumental Listening music genre.,El álbum Expect a miracle pertenece al género de música fácil instrumental Listening.,El álbum Expect a miracle pertenece al género de música fácil instrumental Listening.,False,test/rdf-to-text-generation-test-data-with-refs-en.xml,test,rdf-to-text-generation-test-data-with-refs-en.xml,MusicalWork,Id417,False,,,,,,es,0.7981371879577637,0.7981371879577637,True,False,False,1,0,0.0,False,False,Id2,The album Expect a Miracle fits into the genres of instrumental as well as easy listening music.,13,13,1.0,True,0.9835364818572998,0.9552668333053589,0.028269648551940918,,,,,,
original__es__df898027c949,train/4triples/WrittenWork.xml::Id6::Id3,train/4triples/WrittenWork.xml::Id6,es,Spanish,CLEAN,clean,clean,4,Id3,Id3,"['1634:_The_Bavarian_Crisis | author | Eric_Flint', '1634:_The_Bavarian_Crisis | precededBy | 1634:_The_Baltic_War', 'Eric_Flint | birthPlace | Burbank,_California', '1634:_The_Bavarian_Crisis | precededBy | ""DeMarce short stories in the The Grantville Gazettes""']","['1634:_La_crisis_bávara | Autor | Eric_Flint', '1634:_La_crisis_bávara | PrecedidoPor | 1634:_Guerra_del_Báltico', 'Eric_Flint | LugarDeNacimiento | Burbank', '1634:_La_crisis_bávara | PrecedidoPor | Relatos_cortos_de_DeMarce_en_The_Grantville_Gazettes']","['1634:_La_crisis_bávara | Autor | Eric_Flint', '1634:_La_crisis_bávara | PrecedidoPor | 1634:_Guerra_del_Báltico', 'Eric_Flint | LugarDeNacimiento | Burbank', '1634:_La_crisis_bávara | PrecedidoPor | Relatos_cortos_de_DeMarce_en_The_Grantville_Gazettes']","Eric Flint was born in Burbank, California and is the author of 1634: The Bavarian Crisis which was preceded by 1634: The Baltic War and the DeMarce short stories in the Grantville Gazettes.","Eric Flint nació en Burbank, California, y es autor de 1634: The Bavarian Crisis, que fue precedido por 1634: The Baltic War y los relatos cortos de DeMarce en las Grantville Gazettes.","Eric Flint nació en Burbank, California, y es autor de 1634: The Bavarian Crisis, que fue precedido por 1634: The Baltic War y los relatos cortos de DeMarce en las Grantville Gazettes.",False,train/4triples/WrittenWork.xml,train,4triples,WrittenWork,Id6,False,,,,,,es,0.8837215304374695,0.8837215304374695,True,False,False,4,0,0.0,False,False,Id1,"1634: The Bavarian Crisis, written by Eric Flint born in Burbank California, was preceded by 1634: The Baltic War and DeMarce short stories in the Grantville Gazettes.",33,32,0.9696969696969697,True,0.9908871650695801,0.9157038927078247,0.07518327236175537,,,,,,
original__es__a77ede2d9a1d,train/1triples/WrittenWork_allSolutions.xml::Id30::Id2,train/1triples/WrittenWork_allSolutions.xml::Id30,es,Spanish,CLEAN,clean,clean,1,Id2,Id2,['A.T._Charlie_Johnson | residence | United_States'],['A.T._Charlie_Johnson | Residencia | Estados_Unidos'],['A.T._Charlie_Johnson | Residencia | Estados_Unidos'],The United States is the residence of A T Charlie Johnson.,Estados Unidos es la residencia de A T Charlie Johnson.,Estados Unidos es la residencia de A T Charlie Johnson.,False,train/1triples/WrittenWork_allSolutions.xml,train,1triples,WrittenWork,Id30,False,,,,,,es,0.8958466053009033,0.8958466053009033,True,False,False,1,0,0.0,False,False,Id1,A.T. Charlie Johnson resides in the United States.,11,10,0.9090909090909091,True,0.9842901229858398,0.8953280448913574,0.08896207809448242,,,,,,
original__es__47c60972a10a,train/3triples/Politician.xml::Id226::Id3,train/3triples/Politician.xml::Id226,es,Spanish,CLEAN,clean,clean,3,Id3,Id3,"['Austria | leader | Doris_Bures', 'Alfons_Gorbach | deathPlace | Styria', 'Alfons_Gorbach | birthPlace | Austria']","['Austria | Líder | Doris_Bures', 'Alfons_Gorbach | LugarDeLaMuerte | Estiria', 'Alfons_Gorbach | LugarDeNacimiento | Austria']","['Austria | Líder | Doris_Bures', 'Alfons_Gorbach | LugarDeLaMuerte | Estiria', 'Alfons_Gorbach | LugarDeNacimiento | Austria']","Alfons Gorbach, who was born in Austria where the leader is Doris Bures, later died in Styria.","Alfons Gorbach, que nació en Austria, donde la líder es Doris Bures, murió más tarde en Estiria.","Alfons Gorbach, que nació en Austria, donde la líder es Doris Bures, murió más tarde en Estiria.",False,train/3triples/Politician.xml,train,3triples,Politician,Id226,False,,,,,,es,0.9062910079956055,0.9062910079956055,True,False,False,2,0,0.0,False,False,Id1,"Alfons Gorbach was born in Austria which is led by Doris Bures, and later died in Styria.",17,17,1.0,True,0.941119909286499,0.9272769093513489,0.013842999935150146,,,,,,
original__es__719f8df973c2,test/rdf-to-text-generation-test-data-with-refs-en.xml::Id95::Id2,test/rdf-to-text-generation-test-data-with-refs-en.xml::Id95,es,Spanish,CLEAN,clean,clean,5,Id2,Id2,"['Mermaid_(Train_song) | releaseDate | 2012-12-27', ""Mermaid_(Train_song) | precededBy | This'll_Be_My_Year"", 'Mermaid_(Train_song) | writer | Espen_Lind', 'Mermaid_(Train_song) | runtime | 3.16', 'Mermaid_(Train_song) | writer | Amund_Bjørklund']","['Mermaid_(canción_de_Train) | FechaDePublicación | 27-12-2012', 'Mermaid_(canción_de_Train) | PrecedidoPor | Este_será_mi_año', 'Mermaid_(canción_de_Train) | Escritor | Espen_Lind', 'Mermaid_(canción_de_Train) | TiempoDeEjecución | 3.16', 'Mermaid_(canción_de_Train) | Escritor | Amund_Bjørklund']","['Mermaid_(canción_de_Train) | FechaDePublicación | 27-12-2012', 'Mermaid_(canción_de_Train) | PrecedidoPor | Este_será_mi_año', 'Mermaid_(canción_de_Train) | Escritor | Espen_Lind', 'Mermaid_(canción_de_Train) | TiempoDeEjecución | 3.16', 'Mermaid_(canción_de_Train) | Escritor | Amund_Bjørklund']","Train released their song Mermaid on December 27th, 2012. The song was written by Amund Bjorklund and Espen Lind, and runs three minutes and sixteen seconds long. Train's most recent song before Mermaid was This'll Be My Year.","Train lanzó su canción Mermaid el 27-12-2012. La canción fue escrita por Amund Bjorklund y Espen Lind, y dura tres minutos y dieciséis segundos. La canción más reciente de Train antes de Mermaid era This'll Be My Year.","Train lanzó su canción Mermaid el 27-12-2012. La canción fue escrita por Amund Bjorklund y Espen Lind, y dura tres minutos y dieciséis segundos. La canción más reciente de Train antes de Mermaid era This'll Be My Year.",False,test/rdf-to-text-generation-test-data-with-refs-en.xml,test,rdf-to-text-generation-test-data-with-refs-en.xml,MusicalWork,Id95,False,,,,,,es,0.9011810421943665,0.9011810421943665,True,False,False,5,0,0.0,False,False,Id1,"The train song Mermaid, released on Dec. 27th, 2012 and written by Amund Bjorklund and Espen Lind, was preceded by the song This'll Be My Year. Mermaid lasts 3.16 minutes.",38,38,1.0,True,0.9734013676643372,0.9410116672515869,0.032389700412750244,,,,,,
original__es__f00b6edf54b0,train/3triples/Food.xml::Id122::Id2,train/3triples/Food.xml::Id122,es,Spanish,CLEAN,clean,clean,3,Id2,Id2,"['Bacon_sandwich | dishVariation | BLT', 'Bacon_sandwich | country | United_Kingdom', 'Bacon_sandwich | ingredient | Brown_sauce']","['Sándwich_de_tocino | VariaciónDePlato | Sándwich_BLT', 'Sándwich_de_tocino | País | Reino_Unido', 'Sándwich_de_tocino | Ingrediente | Salsa_marrón']","['Sándwich_de_tocino | VariaciónDePlato | Sándwich_BLT', 'Sándwich_de_tocino | País | Reino_Unido', 'Sándwich_de_tocino | Ingrediente | Salsa_marrón']","A variation of the BLT, the bacon sandwich is from the United Kingdom and can contain brown sauce.","Variante del BLT, el sándwich de beicon procede del Reino Unido y puede contener salsa marrón.","Variante del BLT, el sándwich de beicon procede del Reino Unido y puede contener salsa marrón.",False,train/3triples/Food.xml,train,3triples,Food,Id122,False,,,,,,es,0.8970197439193726,0.8970197439193726,True,False,False,2,0,0.0,False,False,Id1,"Brown sauce is an ingredient of a Bacon Sandwich, a dish from the United Kingdom. Another variation for a bacon sandwich is a BLT.",18,16,0.8888888888888888,True,0.887617826461792,0.8100770711898804,0.07754075527191162,,,,,,
original__es__b4057a22ac9b,test/rdf-to-text-generation-test-data-with-refs-en.xml::Id874::Id3,test/rdf-to-text-generation-test-data-with-refs-en.xml::Id874,es,Spanish,CLEAN,clean,clean,3,Id3,Id3,"['Lady_Anne_Monson | deathDate | 1776-02-18', 'Lady_Anne_Monson | birthPlace | Kingdom_of_England', 'Lady_Anne_Monson | nationality | Kingdom_of_England']","['Anne_Monson | FechaDeDefunción | 18-02-1776', 'Anne_Monson | LugarDeNacimiento | Reino_de_Inglaterra', 'Anne_Monson | Nacionalidad | Reino_de_Inglaterra']","['Anne_Monson | FechaDeDefunción | 18-02-1776', 'Anne_Monson | LugarDeNacimiento | Reino_de_Inglaterra', 'Anne_Monson | Nacionalidad | Reino_de_Inglaterra']","Lady Anne Monson was born in the Kingdom of England and has an English Nationality, she died on 1776-02-18.","Lady Anne Monson nació en el Reino de Inglaterra y tiene nacionalidad inglesa, murió el 18 de febrero de 1776.","Lady Anne Monson nació en el Reino de Inglaterra y tiene nacionalidad inglesa, murió el 18 de febrero de 1776.",False,test/rdf-to-text-generation-test-data-with-refs-en.xml,test,rdf-to-text-generation-test-data-with-refs-en.xml,Scientist,Id874,False,,,,,,es,0.966964840888977,0.966964840888977,True,False,False,2,0,0.0,False,False,Id1,"Lady Anne Monson, who was born in the Kingdom of England, lived there, and held British nationality, died on February 18th, 1776.",19,20,1.0526315789473684,True,0.9693509340286255,0.9785264134407043,-0.009175479412078857,,,,,,
original__es__461ed148d387,train/2triples/Politician.xml::Id132::Id2,train/2triples/Politician.xml::Id132,es,Spanish,CLEAN,clean,clean,2,Id2,Id2,"['Airey_Neave | battle | World_War_II', 'World_War_II | commander | Benito_Mussolini']","['Airey_Neave | Batalla | Segunda_Guerra_Mundial', 'Segunda_Guerra_Mundial | Comandante | Benito_Mussolini']","['Airey_Neave | Batalla | Segunda_Guerra_Mundial', 'Segunda_Guerra_Mundial | Comandante | Benito_Mussolini']",Airey Neave was in World War II and a commander there was Benito Mussolini.,Airey Neave estuvo en la Segunda Guerra Mundial y un comandante allí era Benito Mussolini.,Airey Neave estuvo en la Segunda Guerra Mundial y un comandante allí era Benito Mussolini.,False,train/2triples/Politician.xml,train,2triples,Politician,Id132,False,,,,,,es,0.7504310011863708,0.7504310011863708,True,False,False,2,0,0.0,False,False,Id1,Both Airey Neave and Benito Mussolini (commander) participated in World War II.,14,15,1.0714285714285714,True,0.970181405544281,0.9224726557731628,0.047708749771118164,,,,,,
original__es__37969b5349fb,test/rdf-to-text-generation-test-data-with-refs-en.xml::Id771::Id1,test/rdf-to-text-generation-test-data-with-refs-en.xml::Id771,es,Spanish,CLEAN,clean,clean,2,Id1,Id1,"['Brandon_Carter | doctoralAdvisor | Dennis_William_Sciama', 'Brandon_Carter | birthPlace | England']","['Brandon_Carter | AsesorDoctoral | Dennis_William_Sciama', 'Brandon_Carter | LugarDeNacimiento | Inglaterra']","['Brandon_Carter | AsesorDoctoral | Dennis_William_Sciama', 'Brandon_Carter | LugarDeNacimiento | Inglaterra']","Brandon Carter, born in England, had Dennis William Sciama as his doctoral advisor.","Brandon Carter, nacido en Inglaterra, tuvo como asesor doctoral a Dennis William Sciama.","Brandon Carter, nacido en Inglaterra, tuvo como asesor doctoral a Dennis William Sciama.",False,test/rdf-to-text-generation-test-data-with-refs-en.xml,test,rdf-to-text-generation-test-data-with-refs-en.xml,Scientist,Id771,False,,,,,,es,0.8188302516937256,0.8188302516937256,True,False,False,1,0,0.0,False,False,Id2,Dennis William Sciama is the doctoral advisor for Brandon Carter who was born in England.,13,13,1.0,True,0.9845709204673767,0.9723184704780579,0.012252449989318848,,,,,,
original__es__07c97b058e5e,train/2triples/CelestialBody.xml::Id63::Id2,train/2triples/CelestialBody.xml::Id63,es,Spanish,CLEAN,clean,clean,2,Id2,Id2,"['1036_Ganymed | rotationPeriod | 37116.0', '1036_Ganymed | apoapsis | 611961000.0 (kilometres)']","['(1036)_Ganymed | PeríodoDeRotación | 37116.0', '(1036)_Ganymed | Apoapsis | 611961000.0_(kilómetros)']","['(1036)_Ganymed | PeríodoDeRotación | 37116.0', '(1036)_Ganymed | Apoapsis | 611961000.0_(kilómetros)']","1036 Ganymed has a rotational period of 37116.0, and an apoapsis of 611961000.0 kilometres.","1036 Ganymed tiene un período de rotación de 37116,0, y un apoapsis de 611961000,0 kilómetros.","1036 Ganymed tiene un período de rotación de 37116,0, y un apoapsis de 611961000,0 kilómetros.",False,train/2triples/CelestialBody.xml,train,2triples,CelestialBody,Id63,False,,,,,,es,0.8914933204650879,0.8914933204650879,True,False,False,2,0,0.0,False,False,Id1,1036 Ganymed has a rotational period of 37116.0 and an apoapsis measurement of 611961000.0 km.,14,15,1.0714285714285714,True,0.9531300067901611,0.9150090217590332,0.03812098503112793,,,,,,
original__es__cb5dacbbec1b,train/1triples/Food_allSolutions.xml::Id142::Id1,train/1triples/Food_allSolutions.xml::Id142,es,Spanish,CLEAN,clean,clean,1,Id1,Id1,['Beef_kway_teow | ingredient | Sesame_oil'],['Carne_kway_teow | Ingrediente | aceite_de_sésamo'],['Carne_kway_teow | Ingrediente | aceite_de_sésamo'],Sesame oil is an ingredient in beef kway teow.,El aceite de sésamo es un ingrediente del beef kway teow.,El aceite de sésamo es un ingrediente del beef kway teow.,False,train/1triples/Food_allSolutions.xml,train,1triples,Food,Id142,False,,,,,,es,0.7803583145141602,0.7803583145141602,True,False,False,1,0,0.0,False,False,,,9,11,1.2222222222222223,False,,,,,,,,,
original__es__01f9461a3684,train/1triples/City_allSolutions.xml::Id136::Id1,train/1triples/City_allSolutions.xml::Id136,es,Spanish,CLEAN,clean,clean,1,Id1,Id1,"['Attica,_Indiana | isPartOf | Logan_Township,_Fountain_County,_Indiana']","['Attica | FormaParteDe | Municipio_de_Logan_(condado_de_Fountain,_Indiana)']","['Attica | FormaParteDe | Municipio_de_Logan_(condado_de_Fountain,_Indiana)']","Attica, Indiana is part of Logan Township, Fountain County, Indiana.","Attica, Indiana es parte de Logan Township, Condado de Fountain, Indiana.","Attica, Indiana es parte de Logan Township, Condado de Fountain, Indiana.",False,train/1triples/City_allSolutions.xml,train,1triples,City,Id136,False,,,,,,es,0.8062443733215332,0.8062443733215332,True,False,False,1,0,0.0,False,False,Id2,Attica is a city in Logan Township which is a part of Fountain County in Indiana.,10,11,1.1,True,0.9810869097709656,0.9461373686790466,0.034949541091918945,,,,,,
original__es__a80e3dce05cc,train/3triples/SportsTeam.xml::Id72::Id3,train/3triples/SportsTeam.xml::Id72,es,Spanish,CLEAN,clean,clean,3,Id3,Id3,"['A.F.C._Blackpool | manager | Stuart_Parker_(footballer)', 'Stuart_Parker_(footballer) | club | KV_Mechelen', 'Stuart_Parker_(footballer) | club | Stockport_County_F.C.']","['A.F.C._Blackpool | Director | Stuart_Parker_(futbolista)', 'Stuart_Parker_(futbolista) | Club | KV_Malinas', 'Stuart_Parker_(futbolista) | Club | Stockport_County_Football_Club']","['A.F.C._Blackpool | Director | Stuart_Parker_(futbolista)', 'Stuart_Parker_(futbolista) | Club | KV_Malinas', 'Stuart_Parker_(futbolista) | Club | Stockport_County_Football_Club']",AFC Blackpool have had Stuart Parker as their manager. He has also represented the club KV Mechelen and once played for Stockport County FC.,El AFC Blackpool ha tenido como entrenador a Stuart Parker. También ha representado al club KV Mechelen y una vez jugó en el Stockport County FC.,El AFC Blackpool ha tenido como entrenador a Stuart Parker. También ha representado al club KV Mechelen y una vez jugó en el Stockport County FC.,False,train/3triples/SportsTeam.xml,train,3triples,SportsTeam,Id72,False,,,,,,es,0.8748739361763,0.8748739361763,True,False,False,3,0,0.0,False,False,Id1,The manager of A.F.C. Blackpool is Stuart Parker who once played for Stockport County FC and currently plays for KV Mechelen.,24,26,1.0833333333333333,True,0.9796807169914246,0.9290410280227661,0.05063968896865845,,,,,,
original__es__05b29058ede3,train/4triples/Company.xml::Id23::Id1,train/4triples/Company.xml::Id23,es,Spanish,CLEAN,clean,clean,4,Id1,Id1,"['GMA_New_Media | foundingDate | 2000-01-01', 'GMA_New_Media | product | Mobile_Applications', 'GMA_New_Media | industry | Mass_Media', 'GMA_New_Media | keyPerson | Felipe_Gozon']","['GMA_Nuevos_Medios | FechaDeFundación | 01-01-2000', 'GMA_Nuevos_Medios | Producto | Aplicaciones_móviles', 'GMA_Nuevos_Medios | Industria | Medios_de_comunicación', 'GMA_Nuevos_Medios | PersonaClave | Felipe_Gozon']","['GMA_Nuevos_Medios | FechaDeFundación | 01-01-2000', 'GMA_Nuevos_Medios | Producto | Aplicaciones_móviles', 'GMA_Nuevos_Medios | Industria | Medios_de_comunicación', 'GMA_Nuevos_Medios | PersonaClave | Felipe_Gozon']","GMA New Media, a mass media company offering products such as mobile applications, was founded on January 1, 2000. Felipe Gozon is a key person at the company.","GMA New Media, empresa de medios de comunicación que ofrece productos como aplicaciones para móviles, se fundó el 1 de enero de 2000. Felipe Gozón es una persona clave en la empresa.","GMA New Media, empresa de medios de comunicación que ofrece productos como aplicaciones para móviles, se fundó el 1 de enero de 2000. Felipe Gozón es una persona clave en la empresa.",False,train/4triples/Company.xml,train,4triples,Company,Id23,False,,,,,,es,0.8969690799713135,0.8969690799713135,True,False,False,4,0,0.0,False,False,Id2,"Felipe Gozon is a key person at GMA New Media (founded 01-01-2000), a mass media company that makes mobile applications.",28,32,1.1428571428571428,True,0.9812178611755371,0.9007593393325806,0.08045852184295654,,,,,,
original__es__f920bb5e1437,train/3triples/Athlete.xml::Id54::Id2,train/3triples/Athlete.xml::Id54,es,Spanish,CLEAN,clean,clean,3,Id2,Id2,"['Akeem_Adams | club | Ferencvárosi_TC', 'Akeem_Adams | club | United_Petrotrin_F.C.', 'United_Petrotrin_F.C. | ground | Palo_Seco']","['Akeem_Adams | Club | Ferencváros_T.C.', 'Akeem_Adams | Club | United_Petrotrin', 'United_Petrotrin | Suelo | Palo_Seco']","['Akeem_Adams | Club | Ferencváros_T.C.', 'Akeem_Adams | Club | United_Petrotrin', 'United_Petrotrin | Suelo | Palo_Seco']",Akeem Adams plays for Ferencvarosi TC and is a member of the United Petrotrin F.C. club who play in Palo Seco.,Akeem Adams juega en el Ferencvarosi TC y es miembro del club United Petrotrin F.C. que juega en Palo Seco.,Akeem Adams juega en el Ferencvarosi TC y es miembro del club United Petrotrin F.C. que juega en Palo Seco.,False,train/3triples/Athlete.xml,train,3triples,Athlete,Id54,False,,,,,,es,0.9105319976806641,0.9105319976806641,True,False,False,2,0,0.0,False,False,Id1,Akeem Adams played for United Petrotrin F.C. whose home is Palo Seco grounds. He now plays with Ferencvarosi TC.,21,20,0.9523809523809523,True,0.9861413836479187,0.920291543006897,0.06584984064102173,,,,,,
original__es__89c204d306fe,dev/4triples/Building.xml::Id12::Id3,dev/4triples/Building.xml::Id12,es,Spanish,CLEAN,clean,clean,4,Id3,Id3,"['Adisham_Hall | location | Sri_Lanka', 'Adisham_Hall | architecturalStyle | Tudor_Revival_architecture', 'Adisham_Hall | completionDate | 1931', 'Adisham_Hall | buildingStartDate | ""1927""']","['Sala_Adisham | Ubicación | Sri_Lanka', 'Sala_Adisham | EstiloArquitectónico | Arquitectura_Neo-tudor', 'Sala_Adisham | FechaDeFinalización | 1931', 'Sala_Adisham | FechaDeInicioDeLaConstrucción | 1927']","['Sala_Adisham | Ubicación | Sri_Lanka', 'Sala_Adisham | EstiloArquitectónico | Arquitectura_Neo-tudor', 'Sala_Adisham | FechaDeFinalización | 1931', 'Sala_Adisham | FechaDeInicioDeLaConstrucción | 1927']","Designed in the Tudor Revival architectural style, Adisham Hall is located in Sri Lanka and was built in 1927 and completed in 1931.","Diseñado en estilo arquitectónico Tudor Revival, el Adisham Hall se encuentra en Sri Lanka y fue construido en 1927 y terminado en 1931.","Diseñado en estilo arquitectónico Tudor Revival, el Adisham Hall se encuentra en Sri Lanka y fue construido en 1927 y terminado en 1931.",False,dev/4triples/Building.xml,dev,4triples,Building,Id12,False,,,,,,es,0.9602341055870056,0.9602341055870056,True,False,False,3,0,0.0,False,False,Id1,Construction of Adisham Hall in Sri Lanka began in 1927 and ended in 1931. It was built in the Tudor Revival architectural style.,23,23,1.0,True,0.9934226274490356,0.97125244140625,0.022170186042785645,,,,,,
original__es__d545110b74f7,train/5triples/Astronaut.xml::Id65::Id2,train/5triples/Astronaut.xml::Id65,es,Spanish,CLEAN,clean,clean,5,Id2,Id2,"['Elliot_See | almaMater | University_of_Texas_at_Austin', 'University_of_Texas_at_Austin | affiliation | University_of_Texas_System', 'University_of_Texas_at_Austin | competeIn | Big_12_Conference', 'Elliot_See | deathPlace | St._Louis', 'Elliot_See | deathDate | ""1966-02-28""']","['Elliot_See | AlmaMáter | Universidad_de_Texas_en_Austin', 'Universidad_de_Texas_en_Austin | Afiliación | Sistema_Universitario_de_Texas', 'Universidad_de_Texas_en_Austin | CompetirEn | Big_12_Conference', 'Elliot_See | LugarDeLaMuerte | San_Luis', 'Elliot_See | FechaDeDefunción | 28-02-1966']","['Elliot_See | AlmaMáter | Universidad_de_Texas_en_Austin', 'Universidad_de_Texas_en_Austin | Afiliación | Sistema_Universitario_de_Texas', 'Universidad_de_Texas_en_Austin | CompetirEn | Big_12_Conference', 'Elliot_See | LugarDeLaMuerte | San_Luis', 'Elliot_See | FechaDeDefunción | 28-02-1966']","Elliot See attended the University of Texas at Austin (part of the University of Texas System) who are competing in the Big 12 Conference. Elliot See died on February 28, 1966 in St. Louis.","Elliot See estudió en la Universidad de Texas en Austin (parte del sistema de la Universidad de Texas), que compite en la Big 12 Conference. Elliot See falleció el 28 de febrero de 1966 en St.","Elliot See estudió en la Universidad de Texas en Austin (parte del sistema de la Universidad de Texas), que compite en la Big 12 Conference. Elliot See falleció el 28 de febrero de 1966 en St.",False,train/5triples/Astronaut.xml,train,5triples,Astronaut,Id65,False,,,,,,es,0.8993092775344849,0.8993092775344849,True,False,False,4,0,0.0,False,False,Id1,"Elliot See attended the University of Texas at Austin, which is affiliated to the University of Texas System and will compete in the Big 12 Conference. Elliot See died in St. Louis on February 28, 1966.",34,36,1.0588235294117647,True,0.9682462215423584,0.9613343477249146,0.006911873817443848,,,,,,
original__es__a393cb6cb53c,train/5triples/Astronaut.xml::Id17::Id3,train/5triples/Astronaut.xml::Id17,es,Spanish,CLEAN,clean,clean,5,Id3,Id3,"['Alan_Shepard | almaMater | ""NWC, M.A. 1957""', 'Alan_Shepard | deathPlace | California', 'Alan_Shepard | birthPlace | New_Hampshire', 'Alan_Shepard | selectedByNasa | 1959', 'Alan_Shepard | nationality | United_States']","['Alan_Bartlett_Shepard | AlmaMáter | NWC,_M.A._1957', 'Alan_Bartlett_Shepard | LugarDeLaMuerte | California', 'Alan_Bartlett_Shepard | LugarDeNacimiento | Nuevo_Hampshire', 'Alan_Bartlett_Shepard | SeleccionadoPorLaNasa | 1959', 'Alan_Bartlett_Shepard | Nacionalidad | Estados_Unidos']","['Alan_Bartlett_Shepard | AlmaMáter | NWC,_M.A._1957', 'Alan_Bartlett_Shepard | LugarDeLaMuerte | California', 'Alan_Bartlett_Shepard | LugarDeNacimiento | Nuevo_Hampshire', 'Alan_Bartlett_Shepard | SeleccionadoPorLaNasa | 1959', 'Alan_Bartlett_Shepard | Nacionalidad | Estados_Unidos']",Alan Shepard was an American born in New Hampshire. He graduated from NWC MA in 1957 and was selected by NASA in 1950. He died in California.,Alan Shepard fue un estadounidense nacido en New Hampshire. Se graduó en la NWC MA en 1957 y fue seleccionado por la NASA en 1950. Murió en California.,Alan Shepard fue un estadounidense nacido en New Hampshire. Se graduó en la NWC MA en 1957 y fue seleccionado por la NASA en 1950. Murió en California.,False,train/5triples/Astronaut.xml,train,5triples,Astronaut,Id17,False,,,,,,es,0.9812589883804321,0.9812589883804321,True,False,False,3,0,0.0,False,False,Id1,Alan Shepard was a US astronaut. born in New Hampshire in 1959. He graduated from NWC with an M.A. in 1957. In 1959 he was selected by NASA. Alan Shepard died in California.,27,28,1.037037037037037,True,0.9615147113800049,0.8227677345275879,0.138746976852417,,,,,,
original__es__57898022eb0c,train/2triples/Artist.xml::Id73::Id1,train/2triples/Artist.xml::Id73,es,Spanish,CLEAN,clean,clean,2,Id1,Id1,"['Ahmet_Ertegun | genre | Rhythm_and_blues', 'Rhythm_and_blues | stylisticOrigin | Blues']","['Ahmet_Ertegün | Género | rhythm_and_blues', 'rhythm_and_blues | OrigenEstilístico | Blues']","['Ahmet_Ertegün | Género | rhythm_and_blues', 'rhythm_and_blues | OrigenEstilístico | Blues']",Ahmet Ertegun music genre are Rhythm and Blues which originated from blues music.,"El género musical de Ahmet Ertegun es el Rhythm and Blues, que tiene su origen en la música Blues.","El género musical de Ahmet Ertegun es el Rhythm and Blues, que tiene su origen en la música Blues.",False,train/2triples/Artist.xml,train,2triples,Artist,Id73,False,,,,,,es,0.9384812116622925,0.9384812116622925,True,False,False,2,0,0.0,False,False,Id2,"Ahmet Ertegun performs rhythm and blues music, a genre that originated from blues.",13,19,1.4615384615384615,True,0.9693912267684937,0.9596028327941895,0.0097883939743042,,,,,,
original__es__153ea984615d,train/5triples/SportsTeam.xml::Id25::Id3,train/5triples/SportsTeam.xml::Id25,es,Spanish,CLEAN,clean,clean,5,Id3,Id3,"['Agremiação_Sportiva_Arapiraquense | league | Campeonato_Brasileiro_Série_C', 'Campeonato_Brasileiro_Série_C | country | Brazil', 'Agremiação_Sportiva_Arapiraquense | numberOfMembers | 17000', 'Agremiação_Sportiva_Arapiraquense | ground | Estádio_Municipal_Coaracy_da_Mata_Fonseca', 'Campeonato_Brasileiro_Série_C | champions | Vila_Nova_Futebol_Clube']","['Agremiação_Sportiva_Arapiraquense | Liga | Campeonato_Brasileño_de_Serie_C', 'Campeonato_Brasileño_de_Serie_C | País | Brasil', 'Agremiação_Sportiva_Arapiraquense | NúmeroDeMiembros | 17000', 'Agremiação_Sportiva_Arapiraquense | Suelo | Estádio_Municipal_Coaracy_da_Mata_Fonseca', 'Campeonato_Brasileño_de_Serie_C | Campeones | Vila_Nova_Futebol_Clube']","['Agremiação_Sportiva_Arapiraquense | Liga | Campeonato_Brasileño_de_Serie_C', 'Campeonato_Brasileño_de_Serie_C | País | Brasil', 'Agremiação_Sportiva_Arapiraquense | NúmeroDeMiembros | 17000', 'Agremiação_Sportiva_Arapiraquense | Suelo | Estádio_Municipal_Coaracy_da_Mata_Fonseca', 'Campeonato_Brasileño_de_Serie_C | Campeones | Vila_Nova_Futebol_Clube']","Vila Nova Futebol Clube have been champions of Campeonato Brasileiro Série C. league in Brazil. Agremiação Sportiva Arapiraquense, who have 17000 members, also play in the league and have their home ground at Estádio Municipal Coaracy da Mata Fonseca.","El Vila Nova Futebol Clube ha sido campeón de la liga Campeonato Brasileiro Série C. de Brasil. La Agremiação Sportiva Arapiraquense, que cuenta con 17.000 socios, también juega en la liga y tiene su estadio en el Estádio Municipal Coaracy da Mata Fonseca.","El Vila Nova Futebol Clube ha sido campeón de la liga Campeonato Brasileiro Série C. de Brasil. La Agremiação Sportiva Arapiraquense, que cuenta con 17.000 socios, también juega en la liga y tiene su estadio en el Estádio Municipal Coaracy da Mata Fonseca.",False,train/5triples/SportsTeam.xml,train,5triples,SportsTeam,Id25,False,,,,,,es,0.9497488737106323,0.9497488737106323,True,False,False,5,0,0.0,False,False,Id1,"Agremiação Sportiva Arapiraquense, whose ground is Estádio Municipal Coaracy da Mata Fonseca, play in the Campeonato Brasileiro Série C league in Brazil. Agremiacao Sportiva Arapiraquense has 17000 members and Vila Nova Futebol Clube have been champions of Campeonato Brasileiro Série C.",39,43,1.1025641025641026,True,0.9566957950592041,0.8816505670547485,0.07504522800445557,,,,,,
original__es__12c6ea4de883,dev/5triples/Artist.xml::Id29::Id3,dev/5triples/Artist.xml::Id29,es,Spanish,CLEAN,clean,clean,5,Id3,Id3,"['Uruguay | leader | Raúl_Fernando_Sendic_Rodríguez', 'Alfredo_Zitarrosa | deathPlace | Montevideo', 'Montevideo | country | Uruguay', 'Montevideo | leader | Daniel_Martínez_(politician)', 'Uruguay | language | Spanish_language']","['Uruguay | Líder | Raúl_Sendic_Rodríguez', 'Alfredo_Zitarrosa | LugarDeLaMuerte | Montevideo', 'Montevideo | País | Uruguay', 'Montevideo | Líder | Daniel_Martínez_(político)', 'Uruguay | Idioma | español']","['Uruguay | Líder | Raúl_Sendic_Rodríguez', 'Alfredo_Zitarrosa | LugarDeLaMuerte | Montevideo', 'Montevideo | País | Uruguay', 'Montevideo | Líder | Daniel_Martínez_(político)', 'Uruguay | Idioma | español']","Raúl Fernando Sendic Rodríguez is the leader of Spanish speaking, Uruguay. Daniel Martinez is the leader of Montevideo, the final resting place of Alfredo Zitarrosa.","Raúl Fernando Sendic Rodríguez es el líder de Uruguay de habla hispana. Daniel Martínez es el líder de Montevideo, última morada de Alfredo Zitarrosa.","Raúl Fernando Sendic Rodríguez es el líder de Uruguay de habla hispana. Daniel Martínez es el líder de Montevideo, última morada de Alfredo Zitarrosa.",False,dev/5triples/Artist.xml,dev,5triples,Artist,Id29,False,,,,,,es,0.6524097323417664,0.6524097323417664,False,False,False,3,0,0.0,False,False,Id1,"Alfredo Zitarrosa died in Montevideo, Uruguay. Daniel Martinez is a political leader in Montevideo, and Raul Fernando Sendic Rodriguez is a leader in Uruguay, where Spanish is spoken.",25,24,0.96,True,0.9646733999252319,0.8898879885673523,0.07478541135787964,,,,,,
original__es__9f5f225f29d1,train/5triples/Artist.xml::Id132::Id3,train/5triples/Artist.xml::Id132,es,Spanish,CLEAN,clean,clean,5,Id3,Id3,"[""Alison_O'Donnell | genre | Jazz"", 'Jazz | stylisticOrigin | Blues', 'Jazz | derivative | Funk', 'Jazz | musicFusionGenre | Afrobeat', ""Alison_O'Donnell | instrument | Autoharp""]","[""Alison_O'Donnell | Género | jazz"", 'jazz | OrigenEstilístico | Blues', 'jazz | Derivado | funk', 'jazz | GéneroMusicalFusión | afrobeat', ""Alison_O'Donnell | Instrumento | autoarpa""]","[""Alison_O'Donnell | Género | jazz"", 'jazz | OrigenEstilístico | Blues', 'jazz | Derivado | funk', 'jazz | GéneroMusicalFusión | afrobeat', ""Alison_O'Donnell | Instrumento | autoarpa""]",Jazz music originates from the Blues and is the basis for Afrobeat fusion and funk. Jazz musician Alison O'Donnell plays the autoharp.,La música jazz tiene su origen en el Blues y es la base de la fusión del afrobeat y el funk. La músico de jazz Alison O'Donnell toca el autoarpa.,La música jazz tiene su origen en el Blues y es la base de la fusión del afrobeat y el funk. La músico de jazz Alison O'Donnell toca el autoarpa.,False,train/5triples/Artist.xml,train,5triples,Artist,Id132,False,,,,,,es,0.9149660468101501,0.9149660468101501,True,False,False,4,0,0.0,False,False,Id1,"Alison O'Donnell plays the autoharp and performs jazz music. Jazz style originates from the Blues, and Funk and Afrobeat are derivatives of Jazz.",22,30,1.3636363636363635,True,0.9392816424369812,0.9078279733657837,0.03145366907119751,,,,,,
original__es__e4d97d5bc7eb,train/4triples/City.xml::Id183::Id1,train/4triples/City.xml::Id183,es,Spanish,CLEAN,clean,clean,4,Id1,Id1,"['United_States | demonym | Americans', 'Angola,_Indiana | isPartOf | Pleasant_Township,_Steuben_County,_Indiana', 'Angola,_Indiana | country | United_States', 'United_States | ethnicGroup | Asian_Americans']","['Estados_Unidos | Gentilicio | Estadounidense', 'Angola | FormaParteDe | Municipio_de_Pleasant_(condado_de_Steuben,_Indiana)', 'Angola | País | Estados_Unidos', 'Estados_Unidos | GrupoÉtnico | estadounidense_asiático']","['Estados_Unidos | Gentilicio | Estadounidense', 'Angola | FormaParteDe | Municipio_de_Pleasant_(condado_de_Steuben,_Indiana)', 'Angola | País | Estados_Unidos', 'Estados_Unidos | GrupoÉtnico | estadounidense_asiático']","People who live in the US are called Americans and these include the ethnic group of Asian Americans. The United States is where you will find Angola, part of Pleasant Township in Steuben County, Indiana.","Las personas que viven en EE.UU. se denominan Estadounidenses y entre ellos se incluye el grupo étnico de los asiático-Estadounidense. Estados Unidos es donde se encuentra Angola, parte de Pleasant Township en Steuben County, Indiana.","Las personas que viven en EE.UU. se denominan Estadounidenses y entre ellos se incluye el grupo étnico de los asiático-Estadounidense. Estados Unidos es donde se encuentra Angola, parte de Pleasant Township en Steuben County, Indiana.",False,train/4triples/City.xml,train,4triples,City,Id183,False,,,,,,es,0.9807097911834717,0.9807097911834717,True,False,False,4,0,0.0,False,False,Id2,"The Americans are the inhabitants of the United States and include the ethnic group of Asian Americans. The country is the location of Angola in Pleasant Township, part of Steuben County in Indiana.",35,35,1.0,True,0.9773871302604675,0.9389747977256775,0.03841233253479004,,,,,,
original__es__8d46c32a360c,train/2triples/CelestialBody.xml::Id31::Id1,train/2triples/CelestialBody.xml::Id31,es,Spanish,CLEAN,clean,clean,2,Id1,Id1,"['(66391)_1999_KW4 | epoch | 2004-07-14', '(66391)_1999_KW4 | apoapsis | 162164091.8388 (kilometres)']","['(66391)_1999_KW4 | Época | 14-07-2004', '(66391)_1999_KW4 | Apoapsis | 162164091.8388_(kilómetros)']","['(66391)_1999_KW4 | Época | 14-07-2004', '(66391)_1999_KW4 | Apoapsis | 162164091.8388_(kilómetros)']","The celestial body, (66391) 1999 KW4, has an apoapsis of 162164091.8388 km and its epoch date is 14 July 2004.","El cuerpo celeste, (66391) 1999 KW4, tiene un apoapsis de 162164091,8388 km y su fecha de época es el 14 de julio de 2004.","El cuerpo celeste, (66391) 1999 KW4, tiene un apoapsis de 162164091,8388 km y su fecha de época es el 14 de julio de 2004.",False,train/2triples/CelestialBody.xml,train,2triples,CelestialBody,Id31,False,,,,,,es,0.8705185055732727,0.8705185055732727,True,False,False,3,0,0.0,False,False,Id2,66391 1999 KW4 epoch was on 2004-07.14. and its apoapsis is 162164091.8388 kilometres.,20,24,1.2,True,0.9650694727897644,0.7914717197418213,0.17359775304794312,,,,,,
original__es__950101c0cfbd,train/3triples/Airport.xml::Id168::Id3,train/3triples/Airport.xml::Id168,es,Spanish,CLEAN,clean,clean,3,Id3,Id3,"['Iraq | language | Kurdish_languages', 'Al-Taqaddum_Air_Base | cityServed | Fallujah', 'Fallujah | country | Iraq']","['Irak | Idioma | Lenguas_kurdas', 'Base_aérea_de_Al-Taqaddum | CiudadServida | Faluya', 'Faluya | País | Irak']","['Irak | Idioma | Lenguas_kurdas', 'Base_aérea_de_Al-Taqaddum | CiudadServida | Faluya', 'Faluya | País | Irak']","The Al Taqaddum Air Base serves the city of Fallujah in Iraq, a country where the Kurdish languages are spoken.","La base aérea de Al Taqaddum sirve a la ciudad de Faluya, en Irak, un país donde se habla la lengua kurda.","La base aérea de Al Taqaddum sirve a la ciudad de Faluya, en Irak, un país donde se habla la lengua kurda.",False,train/3triples/Airport.xml,train,3triples,Airport,Id168,False,,,,,,es,0.8503795266151428,0.8503795266151428,True,False,False,3,0,0.0,False,False,Id1,"Al-Taqaddum Air Base serves the city of Fallujah, in the country of Iraq where the Kurdish language is spoken.",20,22,1.1,True,0.7713445425033569,0.7584195137023926,0.012925028800964355,,,,,,
original__es__1b3baf8751c6,test/rdf-to-text-generation-test-data-with-refs-en.xml::Id1626::Id2,test/rdf-to-text-generation-test-data-with-refs-en.xml::Id1626,es,Spanish,CLEAN,clean,clean,2,Id2,Id2,"['Nurhan_Atasoy | birthPlace | Turkey', 'Turkey | governmentType | Unitary_state']","['Nurhan_Atasoy | LugarDeNacimiento | Turquía', 'Turquía | TipoDeGobierno | Estado_unitario']","['Nurhan_Atasoy | LugarDeNacimiento | Turquía', 'Turquía | TipoDeGobierno | Estado_unitario']",Nurhan Atasoy was born in the unitary state of Turkey.,Nurhan Atasoy nació en el Estado unitario de Turquía.,Nurhan Atasoy nació en el Estado unitario de Turquía.,False,test/rdf-to-text-generation-test-data-with-refs-en.xml,test,rdf-to-text-generation-test-data-with-refs-en.xml,Scientist,Id1626,False,,,,,,es,0.9107955694198608,0.9107955694198608,True,False,False,1,0,0.0,False,False,Id1,"Turkey, the birthplace of Nurhan Atasoy, has a unitary government.",10,9,0.9,True,0.9188345074653625,0.7615883350372314,0.1572461724281311,,,,,,
original__es__e4ba7fa7ea38,train/1triples/CelestialBody_allSolutions.xml::Id140::Id1,train/1triples/CelestialBody_allSolutions.xml::Id140,es,Spanish,CLEAN,clean,clean,1,Id1,Id1,['1101_Clematis | orbitalPeriod | 183309000.0'],['1101_Clematis | PeríodoOrbital | 183309000.0'],['1101_Clematis | PeríodoOrbital | 183309000.0'],1101 Clematis has an orbital period of 183309000.0.,1101 Clematis tiene un período orbital de 183309000.0.,1101 Clematis tiene un período orbital de 183309000.0.,False,train/1triples/CelestialBody_allSolutions.xml,train,1triples,CelestialBody,Id140,False,,,,,,es,0.7052167654037476,0.7052167654037476,True,False,False,1,0,0.0,False,False,Id2,The orbital period for 1101 Clematis is 183309000.0.,8,8,1.0,True,0.9969883561134338,0.986371636390686,0.010616719722747803,,,,,,
original__es__88fff2baa703,dev/1triples/SportsTeam_allSolutions.xml::Id16::Id1,dev/1triples/SportsTeam_allSolutions.xml::Id16,es,Spanish,CLEAN,clean,clean,1,Id1,Id1,"['AZAL_PFK | location | ""Shuvalan, Baku, Azerbaijan""']","['AZAL_PFK | Ubicación | Shuvalan,_Bakú,_Azerbaiyán']","['AZAL_PFK | Ubicación | Shuvalan,_Bakú,_Azerbaiyán']","AZAL PFK is located at Shuvalan, Baku, Azerbaijan.","AZAL PFK tiene su sede en Shuvalan, Bakú, Azerbaiyán.","AZAL PFK tiene su sede en Shuvalan, Bakú, Azerbaiyán.",False,dev/1triples/SportsTeam_allSolutions.xml,dev,1triples,SportsTeam,Id16,False,,,,,,es,0.8044820427894592,0.8044820427894592,True,False,False,1,0,0.0,False,False,Id2,"AZAL PFK is located in Shuvalan, Baku, Azerbaijan.",8,9,1.125,True,0.9784830808639526,0.9768457412719727,0.0016373395919799805,,,,,,
original__es__ba97c21dcdb6,train/3triples/City.xml::Id99::Id2,train/3triples/City.xml::Id99,es,Spanish,CLEAN,clean,clean,3,Id2,Id2,"['Ann_Arbor,_Michigan | leaderTitle | Mayor', 'Ann_Arbor,_Michigan | populationDensity | 1580.7 (inhabitants per square kilometre)', 'Ann_Arbor,_Michigan | areaTotal | 74.33 (square kilometres)']","['Ann_Arbor,_Michigan | TítuloDeLíder | alcalde', 'Ann_Arbor,_Michigan | DensidadDePoblación | 1580,7_(habitantes_por_kilómetro_cuadrado)', 'Ann_Arbor,_Michigan | ÁreaTotal | 74,33_(kilómetros_cuadrados)']","['Ann_Arbor,_Michigan | TítuloDeLíder | alcalde', 'Ann_Arbor,_Michigan | DensidadDePoblación | 1580,7_(habitantes_por_kilómetro_cuadrado)', 'Ann_Arbor,_Michigan | ÁreaTotal | 74,33_(kilómetros_cuadrados)']","The city of Ann Arbor, Michigan, where the leader has the title of Mayor, has a population density of 1580.7 people for each of its 74.33 square kilometres.","La ciudad de Ann Arbor (Michigan), cuyo líder ostenta el título de alcalde, tiene una densidad de población de 1.580,7 personas por cada uno de sus 74,33 kilómetros cuadrados.","La ciudad de Ann Arbor (Michigan), cuyo líder ostenta el título de alcalde, tiene una densidad de población de 1.580,7 personas por cada uno de sus 74,33 kilómetros cuadrados.",False,train/3triples/City.xml,train,3triples,City,Id99,False,,,,,,es,0.9660240411758423,0.9660240411758423,True,False,False,3,0,0.0,False,False,Id1,"Mayor is the title of the leader of Ann Arbor, Michigan, which has a population density of 1580.7 people for each of the 74.33 square kilometres it covers.",28,29,1.0357142857142858,True,0.8208168745040894,0.8064161539077759,0.014400720596313477,,,,,,
original__es__5bcefee38836,train/4triples/SportsTeam.xml::Id107::Id1,train/4triples/SportsTeam.xml::Id107,es,Spanish,CLEAN,clean,clean,4,Id1,Id1,"['Agremiação_Sportiva_Arapiraquense | league | Campeonato_Brasileiro_Série_C', 'Campeonato_Brasileiro_Série_C | country | Brazil', 'Agremiação_Sportiva_Arapiraquense | numberOfMembers | 17000', 'Campeonato_Brasileiro_Série_C | champions | Vila_Nova_Futebol_Clube']","['Agremiação_Sportiva_Arapiraquense | Liga | Campeonato_Brasileño_de_Serie_C', 'Campeonato_Brasileño_de_Serie_C | País | Brasil', 'Agremiação_Sportiva_Arapiraquense | NúmeroDeMiembros | 17000', 'Campeonato_Brasileño_de_Serie_C | Campeones | Vila_Nova_Futebol_Clube']","['Agremiação_Sportiva_Arapiraquense | Liga | Campeonato_Brasileño_de_Serie_C', 'Campeonato_Brasileño_de_Serie_C | País | Brasil', 'Agremiação_Sportiva_Arapiraquense | NúmeroDeMiembros | 17000', 'Campeonato_Brasileño_de_Serie_C | Campeones | Vila_Nova_Futebol_Clube']",The ground of Agremiação Sportiva Arapiraquense has a capacity of 17000 and is located in Brazil. They play in the Campeonato Brasileiro Série C league which was won by Vila Nova Futebol Clube.,El campo del Agremiação Sportiva Arapiraquense tiene capacidad para 17000 espectadores y está situado en Brasil. Juega en la liga Campeonato Brasileiro Série C que ganó el Vila Nova Futebol Clube.,El campo del Agremiação Sportiva Arapiraquense tiene capacidad para 17000 espectadores y está situado en Brasil. Juega en la liga Campeonato Brasileiro Série C que ganó el Vila Nova Futebol Clube.,False,train/4triples/SportsTeam.xml,train,4triples,SportsTeam,Id107,False,,,,,,es,0.9500027894973755,0.9500027894973755,True,False,False,4,0,0.0,False,False,Id2,"Agremiacao Sportiva Arapiraquense has 17000 members and play in the Campeonato Brasileiro Serie C League which is based in Brazil. Previously, Vila Nova Futebol Clube have been champions of this league.",33,31,0.9393939393939394,True,0.9159963130950928,0.8535463809967041,0.06244993209838867,,,,,,
original__es__6bad9cfbc2ea,train/1triples/Politician_allSolutions.xml::Id97::Id1,train/1triples/Politician_allSolutions.xml::Id97,es,Spanish,CLEAN,clean,clean,1,Id1,Id1,['Adam_Koc | award | Virtuti_Militari'],['Adam_Koc | Premio | Orden_Virtuti_Militari'],['Adam_Koc | Premio | Orden_Virtuti_Militari'],Adam Koc was awarded the Virtuti Militari.,Adam Koc recibió la Virtuti Militari.,Adam Koc recibió la Virtuti Militari.,False,train/1triples/Politician_allSolutions.xml,train,1triples,Politician,Id97,False,,,,,,es,0.5349291563034058,0.5349291563034058,False,False,False,1,0,0.0,False,False,Id2,Adam Koc has won the Virtuti Militari award.,7,6,0.8571428571428571,True,0.9486369490623474,0.868620753288269,0.08001619577407837,,,,,,
original__es__abbbeaba7686,test/rdf-to-text-generation-test-data-with-refs-en.xml::Id1337::Id2,test/rdf-to-text-generation-test-data-with-refs-en.xml::Id1337,es,Spanish,CLEAN,clean,clean,4,Id2,Id2,"['Adolfo_Suárez_Madrid–Barajas_Airport | operatingOrganisation | ENAIRE', 'ENAIRE | city | Madrid', 'Adolfo_Suárez_Madrid–Barajas_Airport | runwayLength | 3500.0', 'Adolfo_Suárez_Madrid–Barajas_Airport | elevationAboveTheSeaLevel | 610.0']","['Aeropuerto_Adolfo_Suárez_Madrid-Barajas | OrganizaciónOperativa | ENAIRE', 'ENAIRE | Ciudad | Madrid', 'Aeropuerto_Adolfo_Suárez_Madrid-Barajas | LongitudDeLaPista | 3500.0', 'Aeropuerto_Adolfo_Suárez_Madrid-Barajas | ElevaciónSobreElNivelDelMar | 610.0']","['Aeropuerto_Adolfo_Suárez_Madrid-Barajas | OrganizaciónOperativa | ENAIRE', 'ENAIRE | Ciudad | Madrid', 'Aeropuerto_Adolfo_Suárez_Madrid-Barajas | LongitudDeLaPista | 3500.0', 'Aeropuerto_Adolfo_Suárez_Madrid-Barajas | ElevaciónSobreElNivelDelMar | 610.0']","The Adolfo Suárez Madrid–Barajas Airport in Madrid operated by ENAIRE has a runway length of 3,500. It has an elevation of 610.0 metres above sea level.","El Aeropuerto Adolfo Suárez Madrid-Barajas de Madrid operado por ENAIRE tiene una longitud de pista de 3.500. Tiene una elevación de 610,0 metros sobre el nivel del mar.","El Aeropuerto Adolfo Suárez Madrid-Barajas de Madrid operado por ENAIRE tiene una longitud de pista de 3.500. Tiene una elevación de 610,0 metros sobre el nivel del mar.",False,test/rdf-to-text-generation-test-data-with-refs-en.xml,test,rdf-to-text-generation-test-data-with-refs-en.xml,Airport,Id1337,False,,,,,,es,0.9554319381713867,0.9554319381713867,True,False,False,3,0,0.0,False,False,Id1,"Adolfo Suarez Madrid-Barajas Airport is operated by ENAIRE in Madrid, has a runway length of 3500 and is 610.0 metres above sea level.",26,28,1.0769230769230769,True,0.970874547958374,0.8896646499633789,0.08120989799499512,,,,,,
original__es__65db28af7d28,train/3triples/Athlete.xml::Id98::Id1,train/3triples/Athlete.xml::Id98,es,Spanish,CLEAN,clean,clean,3,Id1,Id1,"['Alaa_Abdul-Zahra | club | Al-Khor_Sports_Club', 'Al_Kharaitiyat_SC | ground | Al_Khor', 'Alaa_Abdul-Zahra | club | Al_Kharaitiyat_SC']","['Alaa_Abdul-Zahra_Khashan | Club | Club_Deportivo_Al-Khor', 'Al-Kharitiyath_SC | Suelo | Jor', 'Alaa_Abdul-Zahra_Khashan | Club | Al-Kharitiyath_SC']","['Alaa_Abdul-Zahra_Khashan | Club | Club_Deportivo_Al-Khor', 'Al-Kharitiyath_SC | Suelo | Jor', 'Alaa_Abdul-Zahra_Khashan | Club | Al-Kharitiyath_SC']","Alaa Abdul Zahra, who plays for Al-Khor Sports Club, also plays for AL Kharaitiyat SC, the home ground of which, is Al Khor.","Alaa Abdul Zahra, que milita en el Al-Khor Sports Club, también juega en el AL Kharaitiyat SC, cuyo estadio es Al Khor.","Alaa Abdul Zahra, que milita en el Al-Khor Sports Club, también juega en el AL Kharaitiyat SC, cuyo estadio es Al Khor.",False,train/3triples/Athlete.xml,train,3triples,Athlete,Id98,False,,,,,,es,0.9048792123794556,0.9048792123794556,True,False,False,3,0,0.0,False,False,Id2,Alaa Abdul Zahra plays for both the Al-Khor Sports Club and AL Kharaitiyat SC. Al Kharaitiyat SC's ground is Al Khor.,23,22,0.9565217391304348,True,0.9776309728622437,0.9546600580215454,0.022970914840698242,,,,,,
original__es__776fbbdea764,train/1triples/MeanOfTransportation_allSolutions.xml::Id29::Id2,train/1triples/MeanOfTransportation_allSolutions.xml::Id29,es,Spanish,CLEAN,clean,clean,1,Id2,Id2,['AIDAluna | builder | Meyer_Werft'],['AIDAluna | Constructor | Meyer_Werft'],['AIDAluna | Constructor | Meyer_Werft'],The ship AIDAluna was built by Meyer Werft.,El buque AIDAluna fue construido por Meyer Werft.,El buque AIDAluna fue construido por Meyer Werft.,False,train/1triples/MeanOfTransportation_allSolutions.xml,train,1triples,MeanOfTransportation,Id29,False,,,,,,es,0.8587386608123779,0.8587386608123779,True,False,False,1,0,0.0,False,False,Id1,Meyer Werft was the builder of the AIDAluna.,8,8,1.0,True,0.9871748089790344,0.8700063228607178,0.11716848611831665,,,,,,
original__es__8867d2100a12,test/rdf-to-text-generation-test-data-with-refs-en.xml::Id371::Id3,test/rdf-to-text-generation-test-data-with-refs-en.xml::Id371,es,Spanish,CLEAN,clean,clean,3,Id3,Id3,"['Alan_B._Miller_Hall | address | ""101 Ukrop Way""', 'Alan_B._Miller_Hall | currentTenants | Mason_School_of_Business', 'Alan_B._Miller_Hall | location | Virginia']","['Sala_Alan_B._Miller | Dirección | 101_Ukrop_Way', 'Sala_Alan_B._Miller | InquilinosActuales | Escuela_de_Negocios_Mason', 'Sala_Alan_B._Miller | Ubicación | Virginia']","['Sala_Alan_B._Miller | Dirección | 101_Ukrop_Way', 'Sala_Alan_B._Miller | InquilinosActuales | Escuela_de_Negocios_Mason', 'Sala_Alan_B._Miller | Ubicación | Virginia']",Alan B. Miller Hall is on 101 Ukrop way (In Virginia) and its current tenants are The Mason School of Business.,Alan B. Miller Hall está en 101 Ukrop way (en Virginia) y sus actuales inquilinos son The Mason School of Business.,Alan B. Miller Hall está en 101 Ukrop way (en Virginia) y sus actuales inquilinos son The Mason School of Business.,False,test/rdf-to-text-generation-test-data-with-refs-en.xml,test,rdf-to-text-generation-test-data-with-refs-en.xml,Building,Id371,False,,,,,,es,0.6546632051467896,0.6546632051467896,False,False,False,2,0,0.0,False,False,Id1,"The Mason Schools of Business are the current tenants of,Alan B Miller Hall (address: 101, Ukrop way) is situated in Virginia.",21,21,1.0,True,0.9858783483505249,0.919885516166687,0.06599283218383789,,,,,,
original__es__f67c75f34b34,test/rdf-to-text-generation-test-data-with-refs-en.xml::Id317::Id2,test/rdf-to-text-generation-test-data-with-refs-en.xml::Id317,es,Spanish,CLEAN,clean,clean,1,Id2,Id2,['Mermaid_(Train_song) | recordLabel | Sony_Music_Entertainment'],['Mermaid_(canción_de_Train) | SelloDiscográfico | Sony_Music_Entertainment'],['Mermaid_(canción_de_Train) | SelloDiscográfico | Sony_Music_Entertainment'],The Train song Mermaid had been released under the record label Sony Music Entertainment.,La canción Mermaid de Train había sido publicada bajo el sello discográfico Sony Music Entertainment.,La canción Mermaid de Train había sido publicada bajo el sello discográfico Sony Music Entertainment.,False,test/rdf-to-text-generation-test-data-with-refs-en.xml,test,rdf-to-text-generation-test-data-with-refs-en.xml,MusicalWork,Id317,False,,,,,,es,0.8347005248069763,0.8347005248069763,True,False,False,2,0,0.0,False,False,Id1,The song by Train called Mermaid is on the Sony Music Entertainment record label.,14,15,1.0714285714285714,True,0.9599694013595581,0.9229105114936829,0.037058889865875244,,,,,,
original__es__8ea955e1186e,train/1triples/SportsTeam_allSolutions.xml::Id78::Id2,train/1triples/SportsTeam_allSolutions.xml::Id78,es,Spanish,CLEAN,clean,clean,1,Id2,Id2,['A.S._Roma | numberOfMembers | 70634'],['A.S._Roma | NúmeroDeMiembros | 70634'],['A.S._Roma | NúmeroDeMiembros | 70634'],A.S. Roma has 70634 members.,A.S. Roma tiene 70634 miembros.,A.S. Roma tiene 70634 miembros.,False,train/1triples/SportsTeam_allSolutions.xml,train,1triples,SportsTeam,Id78,False,,,,,,es,0.8625853061676025,0.8625853061676025,True,False,False,0,0,,False,False,Id1,AS Roma has 70634 members.,5,5,1.0,True,0.7969298362731934,0.7729606628417969,0.023969173431396484,,,,,,
original__es__28e34f427ab6,train/2triples/Athlete.xml::Id144::Id1,train/2triples/Athlete.xml::Id144,es,Spanish,CLEAN,clean,clean,2,Id1,Id1,"['Alex_Plante | birthPlace | Brandon,_Manitoba', 'Brandon,_Manitoba | leader | Larry_Maguire']","['Alex_Plante | LugarDeNacimiento | Brandon,_Manitoba', 'Brandon,_Manitoba | Líder | Larry_Maguire']","['Alex_Plante | LugarDeNacimiento | Brandon,_Manitoba', 'Brandon,_Manitoba | Líder | Larry_Maguire']","Larry Maguire is the leader of Brandon, Manitoba, the birthplace of Alex Plante.","Larry Maguire es el líder de Brandon, Manitoba, el lugar de nacimiento de Alex Plante.","Larry Maguire es el líder de Brandon, Manitoba, el lugar de nacimiento de Alex Plante.",False,train/2triples/Athlete.xml,train,2triples,Athlete,Id144,False,,,,,,es,0.8294473886489868,0.8294473886489868,True,False,False,2,0,0.0,False,False,Id2,"Alex Plante was born in Brandon, Manitoba where the leader is Larry Maguire.",13,15,1.1538461538461537,True,0.9808471202850342,0.935741662979126,0.0451054573059082,,,,,,
original__es__473eb414bb37,train/2triples/Food.xml::Id53::Id2,train/2triples/Food.xml::Id53,es,Spanish,CLEAN,clean,clean,2,Id2,Id2,"['Arròs_negre | country | Spain', 'Spain | demonym | Spaniards']","['Arroz_negro | País | España', 'España | Gentilicio | españoles']","['Arroz_negro | País | España', 'España | Gentilicio | españoles']","Arròs negre is from Spain, where Spaniards live.","Arròs negre es de España, donde viven los españoles.","Arròs negre es de España, donde viven los españoles.",False,train/2triples/Food.xml,train,2triples,Food,Id53,False,,,,,,es,0.8704968094825745,0.8704968094825745,True,False,False,1,0,0.0,False,False,Id1,Spaniards and Arros negre come from Spain.,8,9,1.125,True,0.6696083545684814,0.6913074254989624,-0.021699070930480957,,,,,,
original__es__0b770db1d9ba,dev/3triples/Food.xml::Id23::Id2,dev/3triples/Food.xml::Id23,es,Spanish,CLEAN,clean,clean,3,Id2,Id2,"['Barny_Cakes | dishVariation | Apple', 'Barny_Cakes | carbohydrate | 18.0 g', 'Barny_Cakes | protein | 1.8 g']","['Pasteles_Barny | VariaciónDePlato | manzana', 'Pasteles_Barny | HidratosDeCarbono | 18.0_g', 'Pasteles_Barny | Proteína | 1.8_g']","['Pasteles_Barny | VariaciónDePlato | manzana', 'Pasteles_Barny | HidratosDeCarbono | 18.0_g', 'Pasteles_Barny | Proteína | 1.8_g']",Barny cakes can be made with apple and contain 1.8g protein and 18g of carbs.,"Los pasteles Barny se pueden hacer con manzana y contienen 1,8 g de proteínas y 18 g de carbohidratos.","Los pasteles Barny se pueden hacer con manzana y contienen 1,8 g de proteínas y 18 g de carbohidratos.",False,dev/3triples/Food.xml,dev,3triples,Food,Id23,False,,,,,,es,0.8753057718276978,0.8753057718276978,True,False,False,2,0,0.0,False,False,Id1,Barny cakes can be made with apple and have 18 grams of carbs and 1.8 g of protein.,15,19,1.2666666666666666,True,0.9606010317802429,0.9616484045982361,-0.001047372817993164,,,,,,
original__es__4613250dbd9a,train/1triples/Artist_allSolutions.xml::Id79::Id1,train/1triples/Artist_allSolutions.xml::Id79,es,Spanish,CLEAN,clean,clean,1,Id1,Id1,['Al_Anderson_(NRBQ band) | instrument | Singing'],['Al_Anderson_(banda_NRBQ) | Instrumento | canto'],['Al_Anderson_(banda_NRBQ) | Instrumento | canto'],Al Anderson is a singer for the band NRBQ.,Al Anderson es cantante del grupo NRBQ.,Al Anderson es cantante del grupo NRBQ.,False,train/1triples/Artist_allSolutions.xml,train,1triples,Artist,Id79,False,,,,,,es,0.8376438617706299,0.8376438617706299,True,False,False,1,0,0.0,False,False,Id2,Al Anderson is a singer in the band NRBQ.,9,7,0.7777777777777778,True,0.98894202709198,0.9871693253517151,0.0017727017402648926,,,,,,
original__es__b5d725134aa2,train/4triples/City.xml::Id144::Id2,train/4triples/City.xml::Id144,es,Spanish,CLEAN,clean,clean,4,Id2,Id2,"['Indiana | capital | Indianapolis', 'Anderson,_Indiana | isPartOf | Adams_Township,_Madison_County,_Indiana', 'Adams_Township,_Madison_County,_Indiana | country | United_States', 'Anderson,_Indiana | isPartOf | Indiana']","['Indiana | Capital | Indianápolis', 'Anderson | FormaParteDe | Municipio_de_Adams_(Indiana)', 'Municipio_de_Adams_(Indiana) | País | Estados_Unidos', 'Anderson | FormaParteDe | Indiana']","['Indiana | Capital | Indianápolis', 'Anderson | FormaParteDe | Municipio_de_Adams_(Indiana)', 'Municipio_de_Adams_(Indiana) | País | Estados_Unidos', 'Anderson | FormaParteDe | Indiana']","Anderson, is located within Adams Township, Madison County, Indiana (capital Indianapolis), in the United States.","Anderson, se encuentra dentro del municipio de Adams, Condado de Madison, Indiana (capital Indianápolis), en los Estados Unidos.","Anderson, se encuentra dentro del municipio de Adams, Condado de Madison, Indiana (capital Indianápolis), en los Estados Unidos.",False,train/4triples/City.xml,train,4triples,City,Id144,False,,,,,,es,0.9732447266578674,0.9732447266578674,True,False,False,2,0,0.0,False,False,Id1,"Indianapolis is the state capital of Indiana, USA. Anderson is also located in Indiana, within Adams Township, Madison County.",15,18,1.2,True,0.9623981714248657,0.8591464757919312,0.10325169563293457,,,,,,
