kind,lang,source_token,source_query_text,mt_nllb,mt_madlad,mt_salamandra,vote_threshold,sim_nllb_madlad,sim_nllb_salamandra,sim_madlad_salamandra,agree_nllb_madlad,agree_nllb_salamandra,agree_madlad_salamandra,mt_voted,final_text,final_source,processed_at,cos_en_nllb,cos_en_madlad,cos_en_salamandra,gte_winner,lang_nllb,lang_madlad,lang_salamandra,output_token
entity,en,"""100305.0""(minuts)","""100305.0""(minuts)","""100305.0"" (minutes)","""100305.0""(minutes)","""100305.0""(minutes)",0.9,0.9744,0.9744,1.0,1.0,1.0,1.0,"""100305.0""(minutes)","""100305.0""(minutes)",mt_vote,2026-03-18T12:16:09,,,,,en,en,en,"""100305.0""(minutes)"
entity,en,"""13017.0""(minuts)","""13017.0""(minuts)",I can't believe this is happening.,"""13017.0""(minutes)","""13017.0""(minutes)",0.9,0.0769,0.0769,1.0,0.0,0.0,1.0,"""13017.0""(minutes)","""13017.0""(minutes)",mt_vote,2026-03-18T12:16:16,,,,,en,en,en,"""13017.0""(minutes)"
entity,en,"""52.0""(minuts)","""52.0""(minuts)",I'm not going to lie to you.,"""52.0""(minutes)","""52.0""(minutes)",0.9,0.2326,0.2326,1.0,0.0,0.0,1.0,"""52.0""(minutes)","""52.0""(minutes)",mt_vote,2026-03-18T12:16:22,,,,,en,en,en,"""52.0""(minutes)"
entity,en,"""8820.0""(minuts)","""8820.0""(minuts)","""8820.0"" (minutes)","""8820.0""(minutes)","""8820.0""(minutes)",0.9,0.9714,0.9714,1.0,1.0,1.0,1.0,"""8820.0""(minutes)","""8820.0""(minutes)",mt_vote,2026-03-18T12:16:30,,,,,en,en,en,"""8820.0""(minutes)"
entity,en,"""Alvinegro","""Alvinegro","""Black wine","""Alvinegro","""Alvinegro",0.9,0.0,0.0,1.0,0.0,0.0,1.0,"""Alvinegro","""Alvinegro",mt_vote_revoted_gte_langfilter,2026-03-19T13:40:56,,1.0,1.0,salamandra,en,pl,pl,"""Alvinegro"
entity,en,&_min;7,& min;7,& min;7,& min;7,& min;7,0.9,1.0,1.0,1.0,1.0,1.0,1.0,& min;7,& min;7,mt_vote,2026-03-18T12:16:37,,,,,en,en,en,&_min;7
entity,en,'Til_Death_Do_Us_Part_(EP)_(en_anglès).,'Til Death Do Us Part (EP) (en anglès).,'Til Death Do Us Part (EP) (in English).,'Til Death Do Us Part (EP).,'Til Death Do Us Part (EP) (in English).,0.9,0.0,1.0,0.0,0.0,1.0,0.0,'Til Death Do Us Part (EP) (in English).,'Til Death Do Us Part (EP) (in English).,mt_vote_revoted_gte_langfilter,2026-03-19T13:40:56,0.9884921312332152,,0.9884921312332152,salamandra,it,en,it,'Til_Death_Do_Us_Part_(EP)_(in_English).
entity,en,(10)_Higiea,(10) Higiea,(10) Hygiene,(10) Hygiene,(10) Hygiea,0.9,1.0,0.8696,0.8696,1.0,0.0,0.0,(10) Hygiene,(10) Hygiene,mt_vote,2026-03-18T12:16:50,,,,,en,en,en,(10)_Hygiene
entity,en,(1000)_Piazzia,(1000) Piazzia,(1000) Square,(1000) Squares and squares,(1000) Piazzia,0.9,0.0,0.0,0.0,0.0,0.0,0.0,(1000) Piazzia,(1000) Piazzia,mt_vote_revoted_gte_langfilter,2026-03-19T13:40:56,,,1.0,salamandra,en,en,it,(1000)_Piazzia
entity,en,(1001)_Gaussia,(1001) Gaussia,(1001) Gaussia,(1001) Gaussia,(1001) Gaussia,0.9,1.0,1.0,1.0,1.0,1.0,1.0,(1001) Gaussia,(1001) Gaussia,mt_vote_revoted_gte_langfilter,2026-03-19T13:40:56,1.0000001192092896,1.0000001192092896,1.0000001192092896,nllb,de,de,de,(1001)_Gaussia
entity,en,(101)_Hèlena,(101) Hèlena,(101) Hellenic,(101) Helena,(101) Helen,0.9,0.0,0.0,0.0,0.0,0.0,0.0,(101) Hellenic,(101) Hellenic,mt_vote_revoted_gte_langfilter,2026-03-19T13:40:56,0.811429500579834,,,nllb,de,en,en,(101)_Hellenic
entity,en,(103)_Hera,(103) Hera,(103) Hera,(103) Hera,(103) Hera,0.9,1.0,1.0,1.0,1.0,1.0,1.0,(103) Hera,(103) Hera,mt_vote,2026-03-18T12:17:09,,,,,en,en,en,(103)_Hera
entity,en,(1036)_Ganymed,(1036) Ganymed,(1036) Ganymede,1036 Ganymed,(1036) Ganymed,0.9,0.8889,0.9655,0.9231,0.0,1.0,1.0,(1036) Ganymed,(1036) Ganymed,mt_vote_revoted_gte_langfilter,2026-03-19T13:40:56,0.713470458984375,0.9720464944839478,1.0,salamandra,pl,pl,pl,(1036)_Ganymed
entity,en,(107)_Camil·la,(107) Camil·la,(107) Camilla,(107) Camilla,(107) Camila,0.9,1.0,0.96,0.96,1.0,1.0,1.0,(107) Camilla,(107) Camilla,mt_vote,2026-03-18T12:17:19,,,,,en,en,en,(107)_Camilla
entity,en,(1089)_Tama,(1089) Tama,(1089) Size,1089 Tama,(1089) Tama,0.9,0.5,0.6364,0.9,0.0,0.0,1.0,1089 Tama,1089 Tama,mt_vote,2026-03-18T12:17:23,,,,,en,en,en,1089_Tama
entity,en,(109)_Felicitas,(109) Felicitas,(109) Congratulations,(109) Felicitas,(109) Felicitas,0.9,0.0,0.0,1.0,0.0,0.0,1.0,(109) Felicitas,(109) Felicitas,mt_vote_revoted_gte_langfilter,2026-03-19T13:40:56,,1.0,1.0,salamandra,en,es,es,(109)_Felicitas
entity,en,(1097)_Vicia,(1097) Vicia,(1097) Vicia,(1097) Vicia,(1097) Vicia,0.9,1.0,1.0,1.0,1.0,1.0,1.0,(1097) Vicia,(1097) Vicia,mt_vote_revoted_gte_langfilter,2026-03-19T13:40:56,1.0000001192092896,1.0000001192092896,1.0000001192092896,nllb,es,es,es,(1097)_Vicia
entity,en,(1099)_Figneria,(1099) Figneria,(1099) Figneria,(1099) Figneria,(1099) Figneria,0.9,1.0,1.0,1.0,1.0,1.0,1.0,(1099) Figneria,(1099) Figneria,mt_vote,2026-03-18T12:17:39,,,,,en,en,en,(1099)_Figneria
entity,en,(110)_Lídia,(110) Lídia,(110) Lydia,(110) Lydia,(110) Lidia,0.9,1.0,0.9091,0.9091,1.0,1.0,1.0,(110) Lydia,(110) Lydia,mt_vote,2026-03-18T12:17:43,,,,,en,en,en,(110)_Lydia
entity,en,(1101)_Clematis,(1101) Clematis,(1101) Clematis,(1101) Clematis,(1101) Clematis,0.9,1.0,1.0,1.0,1.0,1.0,1.0,(1101) Clematis,(1101) Clematis,mt_vote_revoted_gte_langfilter,2026-03-19T13:40:56,1.0,1.0,1.0,nllb,es,es,es,(1101)_Clematis
entity,en,(11264)_Claudiomaccone,(11264) Claudiomaccone,(11264) Claudiomaccone,(11264) Claudiomaccone,(11264) Claudiomaccone,0.9,1.0,1.0,1.0,1.0,1.0,1.0,(11264) Claudiomaccone,(11264) Claudiomaccone,mt_vote_revoted_gte_langfilter,2026-03-19T13:40:56,1.0000001192092896,1.0000001192092896,1.0000001192092896,nllb,de,de,de,(11264)_Claudiomaccone
entity,en,(1147)_Stavropolis,(1147) Stavropolis,(1147) Stavropolis,(1147) Stavropolis,(1147) Stavropolis,0.9,1.0,1.0,1.0,1.0,1.0,1.0,(1147) Stavropolis,(1147) Stavropolis,mt_vote_revoted_gte_langfilter,2026-03-19T13:40:56,1.0000001192092896,1.0000001192092896,1.0000001192092896,nllb,sl,sl,sl,(1147)_Stavropolis
entity,en,(15788)_1993_SB,(15788) 1993 SB,(15788) 1993 SB,(15788) 1993 SB,(15788) 1993 SB,0.9,1.0,1.0,1.0,1.0,1.0,1.0,(15788) 1993 SB,(15788) 1993 SB,mt_vote,2026-03-18T12:18:10,,,,,en,en,en,(15788)_1993_SB
entity,en,(19255)_1994_VK8,(19255) 1994 VK8,(19255) 1994 VK8,(19255) 1994 VK8,(19255) 1994 VK8,0.9,1.0,1.0,1.0,1.0,1.0,1.0,(19255) 1994 VK8,(19255) 1994 VK8,mt_vote,2026-03-18T12:18:18,,,,,en,en,en,(19255)_1994_VK8
entity,en,(29075)_1950_DA,(29075) 1950 DA,(29075) 1950 DA,(29075) 1950 DA,(29075) 1950 DA,0.9,1.0,1.0,1.0,1.0,1.0,1.0,(29075) 1950 DA,(29075) 1950 DA,mt_vote,2026-03-18T12:18:25,,,,,en,en,en,(29075)_1950_DA
entity,en,(410777)_2009_FD,(410777) 2009 FD,(410777) 2009 FD,(410777) 2009 FD,(410777) 2009 FD,0.9,1.0,1.0,1.0,1.0,1.0,1.0,(410777) 2009 FD,(410777) 2009 FD,mt_vote,2026-03-18T12:18:32,,,,,en,en,en,(410777)_2009_FD
entity,en,(66063)_1998_RO1,(66063) 1998 RO1,(66063) 1998 R1 and R2,(66063) 1998 RO1,(66063) 1998 RO1,0.9,0.7895,0.7895,1.0,0.0,0.0,1.0,(66063) 1998 RO1,(66063) 1998 RO1,mt_vote,2026-03-18T12:18:40,,,,,en,en,en,(66063)_1998_RO1
entity,en,(66391)_1999_KW4,(66391) 1999 KW4,(66391) 1999 KW4,(66391) 1999 KW4,(66391) 1999 KW4,0.9,1.0,1.0,1.0,1.0,1.0,1.0,(66391) 1999 KW4,(66391) 1999 KW4,mt_vote,2026-03-18T12:18:48,,,,,en,en,en,(66391)_1999_KW4
entity,en,+2,+2,,,,0.9,,,,,,,,+2,passthrough_number_symbols,2026-03-18T12:18:48,,,,,und,und,und,+2
entity,en,+8,+8,,,,0.9,,,,,,,,+8,passthrough_number_symbols,2026-03-18T12:18:48,,,,,und,und,und,+8
entity,en,+90_356,+90_356,,,,0.9,,,,,,,,+90_356,passthrough_number_symbols,2026-03-18T12:18:48,,,,,und,und,und,+90_356
entity,en,-3.3528,-3.3528,,,,0.9,,,,,,,,-3.3528,passthrough_number_symbols,2026-03-18T12:18:48,,,,,und,und,und,-3.3528
entity,en,-7,-7,,,,0.9,,,,,,,,-7,passthrough_number_symbols,2026-03-18T12:18:48,,,,,und,und,und,-7
entity,en,-71.0_(graus_Celsius),-71.0 (graus Celsius),-71.0 (degrees Celsius) is the lowest temperature ever recorded.,-71.0 (Gray Celsius),-71.0 (degrees Celsius),0.9,0.0,0.0,0.8372,0.0,0.0,0.0,-71.0 (Gray Celsius),-71.0 (Gray Celsius),mt_vote_revoted_gte_langfilter,2026-03-19T13:40:56,,0.9884195923805236,0.9563356637954712,madlad,en,lt,lt,-71.0_(Gray_Celsius)
entity,en,-8,-8,,,,0.9,,,,,,,,-8,passthrough_number_symbols,2026-03-18T12:18:54,,,,,und,und,und,-8
entity,en,0,0,,,,0.9,,,,,,,,0,passthrough_number_symbols,2026-03-18T12:18:54,,,,,und,und,und,0
entity,en,"0,0068_(kilòmetrePerSegons)","0,0068 (kilòmetrePerSegons)",0.0068 (kilometre per second),0.0068 (kilometrePerSecond),0.0068 (kilometerPerSecond),0.9,0.9643,0.9286,0.963,1.0,1.0,1.0,0.0068 (kilometre per second),0.0068 (kilometre per second),mt_vote_revoted_gte_langfilter,2026-03-19T13:40:56,0.9429287910461426,0.9386807680130004,0.9364004135131836,nllb,it,ro,ro,0.0068_(kilometre_per_second)
entity,en,"0,54_(kilòmetres_quadrats)","0,54 (kilòmetres quadrats)","0,54 (square kilometres)",0.54 (square kilometers),0.54 (square kilometres),0.9,0.0,0.0,0.0,0.0,0.0,0.0,0.54 (square kilometers),0.54 (square kilometers),mt_vote_revoted_gte_langfilter,2026-03-19T13:40:56,,0.9395400285720824,,madlad,en,ro,en,0.54_(square_kilometers)
entity,en,0-374-26131-8,0-374-26131-8,,,,0.9,,,,,,,,0-374-26131-8,passthrough_number_symbols,2026-03-18T12:19:07,,,,,und,und,und,0-374-26131-8
entity,en,0-439-17684-0,0-439-17684-0,,,,0.9,,,,,,,,0-439-17684-0,passthrough_number_symbols,2026-03-18T12:19:07,,,,,und,und,und,0-439-17684-0
entity,en,0-439-17685-9,0-439-17685-9,,,,0.9,,,,,,,,0-439-17685-9,passthrough_number_symbols,2026-03-18T12:19:07,,,,,und,und,und,0-439-17685-9
entity,en,0-439-92550-9,0-439-92550-9,,,,0.9,,,,,,,,0-439-92550-9,passthrough_number_symbols,2026-03-18T12:19:07,,,,,und,und,und,0-439-92550-9
entity,en,0-670-03380-4,0-670-03380-4,,,,0.9,,,,,,,,0-670-03380-4,passthrough_number_symbols,2026-03-18T12:19:07,,,,,und,und,und,0-670-03380-4
entity,en,0-7156-3648-0,0-7156-3648-0,,,,0.9,,,,,,,,0-7156-3648-0,passthrough_number_symbols,2026-03-18T12:19:07,,,,,und,und,und,0-7156-3648-0
entity,en,0-7653-0633-6,0-7653-0633-6,,,,0.9,,,,,,,,0-7653-0633-6,passthrough_number_symbols,2026-03-18T12:19:07,,,,,und,und,und,0-7653-0633-6
entity,en,0.0112_(quilòmetrePerSegons),0.0112 (quilòmetrePerSegons),0.0112 (kilometers per second),0.0112 (kilometrePerSecond),0.0112 (kilometerPerSecond),0.9,0.9123,0.9474,0.963,1.0,1.0,1.0,0.0112 (kilometers per second),0.0112 (kilometers per second),mt_vote_revoted_gte_langfilter,2026-03-19T13:40:56,0.917728841304779,0.915492594242096,0.9152497053146362,nllb,ca,ro,ro,0.0112_(kilometers_per_second)
entity,en,0.0155_(quilòmetrePerSegons),0.0155 (quilòmetrePerSegons),0.0155 (kilometers per second),0.0155 (kilometrePerSecond),0.0155 (kilometerPerSecond),0.9,0.9123,0.9474,0.963,1.0,1.0,1.0,0.0155 (kilometers per second),0.0155 (kilometers per second),mt_vote_revoted_gte_langfilter,2026-03-19T13:40:56,0.9225956201553344,0.9172000288963318,0.9207941293716432,nllb,ca,ro,ro,0.0155_(kilometers_per_second)
entity,en,0.0252_(quilòmetrePerSegons),0.0252 (quilòmetrePerSegons),0.0252 (kilometers per second),0.0252 (kilometrePerSecond),0.0252 (kilometerPerSecond),0.9,0.9123,0.9474,0.963,1.0,1.0,1.0,0.0252 (kilometrePerSecond),0.0252 (kilometrePerSecond),mt_vote_revoted_gte_langfilter,2026-03-19T13:40:56,0.9036126136779784,0.9107048511505128,0.9058983325958252,madlad,ca,ro,ro,0.0252_(kilometrePerSecond)
entity,en,0.02_(quilòmetrePerSegons),0.02 (quilòmetrePerSegons),0.02 (kilometers per second),0.02 (kilometrePerSecond),0.02 (kilometerPerSecond),0.9,0.9057,0.9434,0.96,1.0,1.0,1.0,0.02 (kilometrePerSecond),0.02 (kilometrePerSecond),mt_vote_revoted_gte_langfilter,2026-03-19T13:40:56,0.9054443836212158,0.9095155000686646,0.9058945178985596,madlad,ca,ro,ro,0.02_(kilometrePerSecond)
entity,en,0.0348_(kilòmetrePerSegons),0.0348 (kilòmetrePerSegons),0.0348 (kilometers per second),0.0348 (kilometrePerSecond),0.0348 (kilometerPerSecond),0.9,0.9123,0.9474,0.963,1.0,1.0,1.0,0.0348 (kilometers per second),0.0348 (kilometers per second),mt_vote_revoted_gte_langfilter,2026-03-19T13:40:56,0.9394047260284424,0.937369167804718,0.9377524852752686,nllb,ca,ro,ro,0.0348_(kilometers_per_second)
entity,en,0.0455_(kilòmetrePer_Segons),0.0455 (kilòmetrePer Segons),0.0455 (kilometers per second),0.0455 (kmPerSec),0.0455 (kilometerPer Second),0.9,0.0,0.9655,0.0,0.0,1.0,0.0,0.0455 (kilometers per second),0.0455 (kilometers per second),mt_vote_revoted_gte_langfilter,2026-03-19T13:40:56,0.931277871131897,,0.930830180644989,nllb,ca,en,ro,0.0455_(kilometers_per_second)
entity,en,0.0473_(kilòmetrePer_Segons),0.0473 (kilòmetrePer Segons),0.0473 (kilometre per second),0.0473 (kmPerSec),0.0473 (kilometerPer Second),0.9,0.0,0.9474,0.0,0.0,1.0,0.0,0.0473 (kilometerPer Second),0.0473 (kilometerPer Second),mt_vote_revoted_gte_langfilter,2026-03-19T13:40:56,0.9158296585083008,,0.9298030734062196,salamandra,it,en,ro,0.0473_(kilometerPer_Second)
entity,en,0.0482_(kilòmetrePerSegons),0.0482 (kilòmetrePerSegons),0.0482 (kilometers per second),0.0482 (kilometrePerSecond),0.0482 (kilometerPerSecond),0.9,0.9123,0.9474,0.963,1.0,1.0,1.0,0.0482 (kilometrePerSecond),0.0482 (kilometrePerSecond),mt_vote_revoted_gte_langfilter,2026-03-19T13:40:56,0.9342124462127686,0.937940239906311,0.935151219367981,madlad,ca,ro,ro,0.0482_(kilometrePerSecond)
entity,en,0.0999_(kilòmetrePer_Segons),0.0999 (kilòmetrePer Segons),0.0999 (kilometers per second),0.0999 (kmPerSec),0.0999 (kilometerPer Second),0.9,0.0,0.9655,0.0,0.0,1.0,0.0,0.0999 (kilometerPer Second),0.0999 (kilometerPer Second),mt_vote_revoted_gte_langfilter,2026-03-19T13:40:56,0.9301510453224182,,0.93209707736969,salamandra,ca,en,ro,0.0999_(kilometerPer_Second)
entity,en,0.21_(quilòmetrePerSegons),0.21 (quilòmetrePerSegons),0.21 (kilometre per second),0.21 (kilometrePerSecond),0.21 (kilometerPerSecond),0.9,0.9615,0.9231,0.96,1.0,1.0,1.0,0.21 (kilometre per second),0.21 (kilometre per second),mt_vote_revoted_gte_langfilter,2026-03-19T13:40:56,0.9228148460388184,0.9193685054779052,0.9176051020622252,nllb,it,ro,ro,0.21_(kilometre_per_second)
entity,en,0.88_(quilòmetres_quadrats),0.88 (quilòmetres quadrats),0.88 (square miles),0.88 (square kilometers),0.88 (square kilometres),0.9,0.0,0.0,0.0,0.0,0.0,0.0,0.88 (square kilometers),0.88 (square kilometers),mt_vote_revoted_gte_langfilter,2026-03-19T13:40:56,,0.9385762214660645,,madlad,en,ro,en,0.88_(square_kilometers)
entity,en,0._0925_(quilòmetres_per_segon),0. 0925 (quilòmetres per segon),0.0925 (kilometers per second),0.0925 (kilometres per second),0.0925 (kilometers per second),0.9,0.9667,1.0,0.9667,1.0,1.0,1.0,0.0925 (kilometers per second),0.0925 (kilometers per second),mt_vote_revoted_gte_langfilter,2026-03-19T13:40:56,0.9476686716079712,0.9234826564788818,0.9476686716079712,nllb,ca,ca,ca,0.0925_(kilometers_per_second)
entity,en,0001-8392,0001-8392,,,,0.9,,,,,,,,0001-8392,passthrough_number_symbols,2026-03-18T12:20:30,,,,,und,und,und,0001-8392
entity,en,0002-9327,0002-9327,,,,0.9,,,,,,,,0002-9327,passthrough_number_symbols,2026-03-18T12:20:30,,,,,und,und,und,0002-9327
entity,en,0004319,0004319,,,,0.9,,,,,,,,0004319,passthrough_number_symbols,2026-03-18T12:20:30,,,,,und,und,und,0004319
entity,en,0025-5858,0025-5858,,,,0.9,,,,,,,,0025-5858,passthrough_number_symbols,2026-03-18T12:20:30,,,,,und,und,und,0025-5858
entity,en,01234,01234,,,,0.9,,,,,,,,01234,passthrough_number_symbols,2026-03-18T12:20:30,,,,,und,und,und,01234
entity,en,01325,01325,,,,0.9,,,,,,,,01325,passthrough_number_symbols,2026-03-18T12:20:30,,,,,und,und,und,01325
entity,en,0236-5294,0236-5294,,,,0.9,,,,,,,,0236-5294,passthrough_number_symbols,2026-03-18T12:20:30,,,,,und,und,und,0236-5294
entity,en,0269-9370,0269-9370,,,,0.9,,,,,,,,0269-9370,passthrough_number_symbols,2026-03-18T12:20:30,,,,,und,und,und,0269-9370
entity,en,03/21,03/21,,,,0.9,,,,,,,,03/21,passthrough_number_symbols,2026-03-18T12:20:30,,,,,und,und,und,03/21
entity,en,03L/21R,03L/21R,It's called 03L/21R.,03L/21R,03L/21R,0.9,0.5185,0.5185,1.0,0.0,0.0,1.0,03L/21R,03L/21R,mt_vote,2026-03-18T12:20:35,,,,,en,en,en,03L/21R
entity,en,03R/21L,03R/21L,This Regulation shall enter into force on the twentieth day following that of its publication in the Official Journal of the European Union.,03R/21L,03R/21L,0.9,0.0272,0.0272,1.0,0.0,0.0,1.0,03R/21L,03R/21L,mt_vote,2026-03-18T12:20:40,,,,,en,en,en,03R/21L
entity,en,04/22_'Oostbaan',04/22 'Oostbaan',04/22 'Oostbaan' has been cancelled,04/22 'Oostbaan',04/22 'Oostbaan',0.9,0.0,0.0,1.0,0.0,0.0,1.0,04/22 'Oostbaan',04/22 'Oostbaan',mt_vote_revoted_gte_langfilter,2026-03-19T13:40:56,,1.0000001192092896,1.0000001192092896,salamandra,en,nl,nl,04/22_'Oostbaan'
entity,en,0567-7920,0567-7920,,,,0.9,,,,,,,,0567-7920,passthrough_number_symbols,2026-03-18T12:20:47,,,,,und,und,und,0567-7920
entity,en,05L/23R,05L/23R,0-5L to 23R,05L/23R,05L/23R,0.9,0.6667,0.6667,1.0,0.0,0.0,1.0,05L/23R,05L/23R,mt_vote,2026-03-18T12:20:52,,,,,en,en,en,05L/23R
entity,en,06/24_'Kaagbaan',06/24 'Kaagbaan',06/24 'Kaagbaan',06/24 'Kaagbaan',06/24 'Kaagbaan',0.9,1.0,1.0,1.0,1.0,1.0,1.0,06/24 'Kaagbaan',06/24 'Kaagbaan',mt_vote_revoted_gte_langfilter,2026-03-19T13:40:56,1.0,1.0,1.0,nllb,nl,nl,nl,06/24_'Kaagbaan'
entity,en,07/25,07/25,,,,0.9,,,,,,,,07/25,passthrough_number_symbols,2026-03-18T12:20:59,,,,,und,und,und,07/25
entity,en,0711905,0711905,,,,0.9,,,,,,,,0711905,passthrough_number_symbols,2026-03-18T12:20:59,,,,,und,und,und,0711905
entity,en,08/26,08/26,,,,0.9,,,,,,,,08/26,passthrough_number_symbols,2026-03-18T12:20:59,,,,,und,und,und,08/26
entity,en,09/27_'Buitenveldertbaan',09/27 'Buitenveldertbaan',09/27 'Buitenveldertbaan' also known as 'Buitenveldertbaan',09/27 'Outdoor golf course',09/27 'Buitenveldertbaan',0.9,0.0,0.0,0.4615,0.0,0.0,0.0,09/27 'Buitenveldertbaan',09/27 'Buitenveldertbaan',mt_vote_revoted_gte_langfilter,2026-03-19T13:40:56,,0.7156645059585571,1.0,salamandra,en,nl,nl,09/27_'Buitenveldertbaan'
entity,en,0927,0927,,,,0.9,,,,,,,,0927,passthrough_number_symbols,2026-03-18T12:21:05,,,,,und,und,und,0927
entity,en,0965-2140,0965-2140,,,,0.9,,,,,,,,0965-2140,passthrough_number_symbols,2026-03-18T12:21:05,,,,,und,und,und,0965-2140
entity,en,09L/27R,09L/27R,This is the 09L/27R.,09L/27R,09L/27R,0.9,0.5185,0.5185,1.0,0.0,0.0,1.0,09L/27R,09L/27R,mt_vote,2026-03-18T12:21:10,,,,,en,en,en,09L/27R
entity,en,09R/27L,09R/27L,This is the 09R/27L.,09R/27L,09R/27L,0.9,0.5185,0.5185,1.0,0.0,0.0,1.0,09R/27L,09R/27L,mt_vote,2026-03-18T12:21:15,,,,,en,en,en,09R/27L
entity,en,1,1,,,,0.9,,,,,,,,1,passthrough_number_symbols,2026-03-18T12:21:15,,,,,und,und,und,1
entity,en,"1,8_g","1,8 g",1.8 g,1.8 g,1.8 g,0.9,1.0,1.0,1.0,1.0,1.0,1.0,1.8 g,1.8 g,mt_vote,2026-03-18T12:21:18,,,,,en,en,en,1.8_g
entity,en,1-4-2_Nakadori,1-4-2 Nakadori,1-4-2 Nakadori,1-4-2 Nakadori,1-4-2 Nakadori,0.9,1.0,1.0,1.0,1.0,1.0,1.0,1-4-2 Nakadori,1-4-2 Nakadori,mt_vote_revoted_gte_langfilter,2026-03-19T13:40:56,1.0000001192092896,1.0000001192092896,1.0000001192092896,nllb,es,es,es,1-4-2_Nakadori
entity,en,1-4165-2060-0,1-4165-2060-0,,,,0.9,,,,,,,,1-4165-2060-0,passthrough_number_symbols,2026-03-18T12:21:23,,,,,und,und,und,1-4165-2060-0
entity,en,1-56947-301-3,1-56947-301-3,,,,0.9,,,,,,,,1-56947-301-3,passthrough_number_symbols,2026-03-18T12:21:23,,,,,und,und,und,1-56947-301-3
entity,en,1.0_(quilòmetres_quadrats),1.0 (quilòmetres quadrats),1.0 (square kilometers),1.0 (square kilometers),1.0 (square kilometres),0.9,1.0,0.0,0.0,1.0,0.0,0.0,1.0 (square kilometers),1.0 (square kilometers),mt_vote_revoted_gte_langfilter,2026-03-19T13:40:56,0.9096630811691284,0.9096630811691284,,nllb,ro,ro,en,1.0_(square_kilometers)
entity,en,1.1_(kilograms),1.1 (kilograms),1.1 (kilograms) is the weighted average of the weighted average of the weighted average weighted average weighted average weighted average weighted average weighted average weighted average weighted average weighted average weighted average weighted average weighted average weighted average weighted average weighted average weighted average weighted average weighted average weighted average weighted average weighted average weighted average weighted average weighted average weighted average weighted,1.1 (kilograms),1.1 (kilograms),0.9,0.0,0.0,1.0,0.0,0.0,1.0,1.1 (kilograms),1.1 (kilograms),mt_vote_revoted_gte_langfilter,2026-03-19T13:40:56,,1.0,1.0,salamandra,en,ro,ro,1.1_(kilograms)
entity,en,1.2_(litres),1.2 (litres),1.2 (litre),1.2 (litres),1.2 (litres),0.9,0.0,0.0,1.0,0.0,0.0,1.0,1.2 (litres),1.2 (litres),mt_vote_revoted_gte_langfilter,2026-03-19T13:40:56,,1.0,1.0,salamandra,en,fr,fr,1.2_(litres)
entity,en,1.3,1.3,,,,0.9,,,,,,,,1.3,passthrough_number_symbols,2026-03-18T12:21:38,,,,,und,und,und,1.3
entity,en,1.337,1.337,,,,0.9,,,,,,,,1.337,passthrough_number_symbols,2026-03-18T12:21:38,,,,,und,und,und,1.337
entity,en,1.524,1.524,,,,0.9,,,,,,,,1.524,passthrough_number_symbols,2026-03-18T12:21:38,,,,,und,und,und,1.524
entity,en,1.524_(metres),1.524 (metres),1.524 (meters),1.524 (meters),"1,524 (metres)",0.9,0.0,0.0,0.0,0.0,0.0,0.0,"1,524 (metres)","1,524 (metres)",mt_vote_revoted_gte_langfilter,2026-03-19T13:40:56,,,0.9874042272567748,salamandra,en,en,fr,"1,524_(metres)"
entity,en,1.55,1.55,,,,0.9,,,,,,,,1.55,passthrough_number_symbols,2026-03-18T12:21:43,,,,,und,und,und,1.55
entity,en,1.7_(kilòmetres_quadrats),1.7 (kilòmetres quadrats),1.7 (square miles),1.7 (square kilometers),1.7 (square kilometres),0.9,0.0,0.0,0.0,0.0,0.0,0.0,1.7 (square kilometers),1.7 (square kilometers),mt_vote_revoted_gte_langfilter,2026-03-19T13:40:56,,0.9527703523635864,,madlad,en,ro,en,1.7_(square_kilometers)
entity,en,1.905,1.905,,,,0.9,,,,,,,,1.905,passthrough_number_symbols,2026-03-18T12:21:48,,,,,und,und,und,1.905
entity,en,1.9304,1.9304,,,,0.9,,,,,,,,1.9304,passthrough_number_symbols,2026-03-18T12:21:48,,,,,und,und,und,1.9304
entity,en,1.9558,1.9558,,,,0.9,,,,,,,,1.9558,passthrough_number_symbols,2026-03-18T12:21:48,,,,,und,und,und,1.9558
entity,en,1._FC_Köln,1. FC Köln,"1. FC Köln is a football club based in Köln, Germany.",1. FC Köln,1. FC Köln,0.9,0.3175,0.3175,1.0,0.0,0.0,1.0,1. FC Köln,1. FC Köln,mt_vote_revoted_gte_langfilter,2026-03-19T13:40:56,0.9225131273269652,1.0,1.0,salamandra,hu,hu,hu,1._FC_Köln
entity,en,1._FC_Union_Berlin,1. FC Union Berlin,1. FC Union Berlin,1. FC Union Berlin,1. FC Union Berlin,0.9,1.0,1.0,1.0,1.0,1.0,1.0,1. FC Union Berlin,1. FC Union Berlin,mt_vote,2026-03-18T12:21:56,,,,,en,en,en,1._FC_Union_Berlin
entity,en,1._Fußball-Club_Lokomotive_Leipzig,1. Fußball-Club Lokomotive Leipzig,"1. Fußball-Club Lokomotive Leipzig is a football club based in Leipzig, Germany.",1. FC Lokomotive Leipzig,1. Football Club Lokomotive Leipzig,0.9,0.0,0.0,0.0,0.0,0.0,0.0,1. FC Lokomotive Leipzig,1. FC Lokomotive Leipzig,mt_vote_revoted_gte_langfilter,2026-03-19T13:40:56,,0.9610382318496704,,madlad,en,de,en,1._FC_Lokomotive_Leipzig
entity,en,1._Fußball-Club_Magdeburg,1. Fußball-Club Magdeburg,"1. Fußball-Club Magdeburg is a football club based in Magdeburg, Germany.",1. FC Magdeburg,1. Fußball-Club Magdeburg,0.9,0.0,0.0,0.0,0.0,0.0,0.0,1. Fußball-Club Magdeburg,1. Fußball-Club Magdeburg,mt_vote_revoted_gte_langfilter,2026-03-19T13:40:56,,,1.0,salamandra,en,en,de,1._Fußball-Club_Magdeburg
entity,en,1/19,1/19,,,,0.9,,,,,,,,1/19,passthrough_number_symbols,2026-03-18T12:22:08,,,,,und,und,und,1/19
entity,en,100,100,,,,0.9,,,,,,,,100,passthrough_number_symbols,2026-03-18T12:22:08,,,,,und,und,und,100
entity,en,10000,10000,,,,0.9,,,,,,,,10000,passthrough_number_symbols,2026-03-18T12:22:08,,,,,und,und,und,10000
entity,en,101_Ukrop_Way,101 Ukrop Way,101 Ukrop Way,101 Ukrop Way,101 Ukrop Way,0.9,1.0,1.0,1.0,1.0,1.0,1.0,101 Ukrop Way,101 Ukrop Way,mt_vote,2026-03-18T12:22:12,,,,,en,en,en,101_Ukrop_Way
entity,en,102372,102372,,,,0.9,,,,,,,,102372,passthrough_number_symbols,2026-03-18T12:22:12,,,,,und,und,und,102372
entity,en,10252,10252,,,,0.9,,,,,,,,10252,passthrough_number_symbols,2026-03-18T12:22:12,,,,,und,und,und,10252
entity,en,10264000000,10264000000,,,,0.9,,,,,,,,10264000000,passthrough_number_symbols,2026-03-18T12:22:12,,,,,und,und,und,10264000000
entity,en,103_Colmore_Row,103 Colmore Row,103 Colmore Row,103 Colmore Row,103 Colmore Row,0.9,1.0,1.0,1.0,1.0,1.0,1.0,103 Colmore Row,103 Colmore Row,mt_vote,2026-03-18T12:22:17,,,,,en,en,en,103_Colmore_Row
entity,en,1046-8188,1046-8188,,,,0.9,,,,,,,,1046-8188,passthrough_number_symbols,2026-03-18T12:22:17,,,,,und,und,und,1046-8188
entity,en,106000,106000,,,,0.9,,,,,,,,106000,passthrough_number_symbols,2026-03-18T12:22:17,,,,,und,und,und,106000
entity,en,"107,43_(kilòmetres_quadrats)","107,43 (kilòmetres quadrats)",107.43 (square miles),107.43 (square kilometers),107.43 (square kilometres),0.9,0.0,0.0,0.0,0.0,0.0,0.0,107.43 (square kilometers),107.43 (square kilometers),mt_vote_revoted_gte_langfilter,2026-03-19T13:40:56,,0.960147261619568,,madlad,en,ro,en,107.43_(square_kilometers)
entity,en,1080,1080,,,,0.9,,,,,,,,1080,passthrough_number_symbols,2026-03-18T12:22:23,,,,,und,und,und,1080
entity,en,1080-6377,1080-6377,,,,0.9,,,,,,,,1080-6377,passthrough_number_symbols,2026-03-18T12:22:23,,,,,und,und,und,1080-6377
entity,en,108600000,108600000,,,,0.9,,,,,,,,108600000,passthrough_number_symbols,2026-03-18T12:22:23,,,,,und,und,und,108600000
entity,en,108_Terraça_St_Georges,108 Terraça St Georges,108 Terrace of St Georges,108 Terraça St Georges,108 Terrace St Georges,0.9,0.0,0.0,0.0,0.0,0.0,0.0,108 Terraça St Georges,108 Terraça St Georges,mt_vote_revoted_gte_langfilter,2026-03-19T13:40:56,,1.0,,madlad,en,pt,en,108_Terraça_St_Georges
entity,en,1095.0,1095.0,,,,0.9,,,,,,,,1095.0,passthrough_number_symbols,2026-03-18T12:22:27,,,,,und,und,und,1095.0
entity,en,1099.0,1099.0,,,,0.9,,,,,,,,1099.0,passthrough_number_symbols,2026-03-18T12:22:27,,,,,und,und,und,1099.0
entity,en,10L/28R,10L/28R,10L/28R and 10L/28R and 10L/28R and 10L/28R and 10L/28R and 10L/28R and 10L/28R and 10L/28R,10L/28R,10L/28R,0.9,0.1429,0.1429,1.0,0.0,0.0,1.0,10L/28R,10L/28R,mt_vote,2026-03-18T12:22:32,,,,,en,en,en,10L/28R
entity,en,10R/28L,10R/28L,10R/28L,10R/28L,10R/28L,0.9,1.0,1.0,1.0,1.0,1.0,1.0,10R/28L,10R/28L,mt_vote,2026-03-18T12:22:38,,,,,en,en,en,10R/28L
entity,en,11.35,11.35,,,,0.9,,,,,,,,11.35,passthrough_number_symbols,2026-03-18T12:22:38,,,,,und,und,und,11.35
entity,en,11.5,11.5,,,,0.9,,,,,,,,11.5,passthrough_number_symbols,2026-03-18T12:22:38,,,,,und,und,und,11.5
entity,en,11/29,11/29,,,,0.9,,,,,,,,11/29,passthrough_number_symbols,2026-03-18T12:22:38,,,,,und,und,und,11/29
entity,en,1104.1_(habitants_per_quilòmetre_quadrat),1104.1 (habitants per quilòmetre quadrat),1104.1 (inhabitants per square kilometre),1104.1 (inhabitants per square kilometer),1104.1 (inhabitants per square kilometre),0.9,0.9756,1.0,0.9756,1.0,1.0,1.0,1104.1 (inhabitants per square kilometre),1104.1 (inhabitants per square kilometre),mt_vote,2026-03-18T12:22:46,,,,,en,en,en,1104.1_(inhabitants_per_square_kilometre)
entity,en,110_milions_(dòlars),110 milions (dòlars),110 million (dollars),110 million (dollars),110 million (US dollars),0.9,1.0,0.9333,0.9333,1.0,1.0,1.0,110 million (dollars),110 million (dollars),mt_vote,2026-03-18T12:22:50,,,,,en,en,en,110_million_(dollars)
entity,en,111484_(metres_quadrats),111484 (metres quadrats),111484 (square feet),111484 (square meters),111484 (square metres),0.9,0.8571,0.8571,0.9545,0.0,0.0,1.0,111484 (square meters),111484 (square meters),mt_vote,2026-03-18T12:22:56,,,,,en,en,en,111484_(square_meters)
entity,en,1121.0,1121.0,,,,0.9,,,,,,,,1121.0,passthrough_number_symbols,2026-03-18T12:22:56,,,,,und,und,und,1121.0
entity,en,1142.3_(habitants_per_quilòmetre_quadrat),1142.3 (habitants per quilòmetre quadrat),1142.3 (inhabitants per square kilometre),1142.3 (inhabitants per square kilometer),1142.3 (inhabitants per square kilometre),0.9,0.9756,1.0,0.9756,1.0,1.0,1.0,1142.3 (inhabitants per square kilometre),1142.3 (inhabitants per square kilometre),mt_vote,2026-03-18T12:23:03,,,,,en,en,en,1142.3_(inhabitants_per_square_kilometre)
entity,en,1147.0,1147.0,,,,0.9,,,,,,,,1147.0,passthrough_number_symbols,2026-03-18T12:23:03,,,,,und,und,und,1147.0
entity,en,11473.9,11473.9,,,,0.9,,,,,,,,11473.9,passthrough_number_symbols,2026-03-18T12:23:03,,,,,und,und,und,11473.9
entity,en,115.0,115.0,,,,0.9,,,,,,,,115.0,passthrough_number_symbols,2026-03-18T12:23:03,,,,,und,und,und,115.0
entity,en,1174,1174,,,,0.9,,,,,,,,1174,passthrough_number_symbols,2026-03-18T12:23:03,,,,,und,und,und,1174
entity,en,11è_Monument_de_la_Infanteria_de_Mississipí,11è Monument de la Infanteria de Mississipí,11th Mississippi Infantry Memorial,11th Mississippi Infantry Monument,11th Mississippi Infantry Monument,0.9,0.8235,0.8235,1.0,0.0,0.0,1.0,11th Mississippi Infantry Monument,11th Mississippi Infantry Monument,mt_vote,2026-03-18T12:23:08,,,,,en,en,en,11th_Mississippi_Infantry_Monument
entity,en,12,12,,,,0.9,,,,,,,,12,passthrough_number_symbols,2026-03-18T12:23:08,,,,,und,und,und,12
entity,en,12.0,12.0,,,,0.9,,,,,,,,12.0,passthrough_number_symbols,2026-03-18T12:23:08,,,,,und,und,und,12.0
entity,en,12/30,12/30,,,,0.9,,,,,,,,12/30,passthrough_number_symbols,2026-03-18T12:23:08,,,,,und,und,und,12/30
entity,en,120.0_(polzades),120.0 (polzades),120.0 (inches),120.0 (inches),120.0 (inches),0.9,1.0,1.0,1.0,1.0,1.0,1.0,120.0 (inches),120.0 (inches),mt_vote,2026-03-18T12:23:14,,,,,en,en,en,120.0_(inches)
entity,en,"120.770,0_(metres_quadrats)","120.770,0 (metres quadrats)","120,770,0 (square feet)","120,770.0 (square meters)","120,770.0 (square metres)",0.9,0.8333,0.8333,0.96,0.0,0.0,1.0,"120,770.0 (square meters)","120,770.0 (square meters)",mt_vote,2026-03-18T12:23:20,,,,,en,en,en,"120,770.0_(square_meters)"
entity,en,1200_(metres_quadrats),1200 (metres quadrats),1200 (square feet),1200 (square meters),1200 (square metres),0.9,0.8421,0.8421,0.95,0.0,0.0,1.0,1200 (square meters),1200 (square meters),mt_vote,2026-03-18T12:23:25,,,,,en,en,en,1200_(square_meters)
entity,en,1202.846_(dies),1202.846 (dies),"1202,846 (days)",1202.846 (days),1202.846 (days),0.9,0.9333,0.9333,1.0,1.0,1.0,1.0,1202.846 (days),1202.846 (days),mt_vote,2026-03-18T12:23:32,,,,,en,en,en,1202.846_(days)
entity,en,120_milions_(dólars_australians),120 milions (dólars australians),120 million (Australian dollars),120 million (AUD),120 million (Australian dollars),0.9,0.0,1.0,0.0,0.0,1.0,0.0,120 million (Australian dollars),120 million (Australian dollars),mt_vote_revoted_gte_langfilter,2026-03-19T13:40:56,0.9371451139450072,,0.9371451139450072,salamandra,cy,en,cy,120_million_(Australian_dollars)
entity,en,121.92_(metres),121.92 (metres),121.92 (meters),121.92 (meters),121.92 (metres),0.9,0.0,0.0,0.0,0.0,0.0,0.0,121.92 (metres),121.92 (metres),mt_vote_revoted_gte_langfilter,2026-03-19T13:40:56,,,1.0,salamandra,en,en,fr,121.92_(metres)
entity,en,1219.0,1219.0,,,,0.9,,,,,,,,1219.0,passthrough_number_symbols,2026-03-18T12:23:42,,,,,und,und,und,1219.0
entity,en,1239.3_(habitants_per_quilòmetre_quadrat),1239.3 (habitants per quilòmetre quadrat),1239.3 (inhabitants per square kilometre),1239.3 (inhabitants per square kilometer),1239.3 (inhabitants per square kilometre),0.9,0.9756,1.0,0.9756,1.0,1.0,1.0,1239.3 (inhabitants per square kilometre),1239.3 (inhabitants per square kilometre),mt_vote,2026-03-18T12:23:49,,,,,en,en,en,1239.3_(inhabitants_per_square_kilometre)
entity,en,12467,12467,,,,0.9,,,,,,,,12467,passthrough_number_symbols,2026-03-18T12:23:49,,,,,und,und,und,12467
entity,en,1249.6,1249.6,,,,0.9,,,,,,,,1249.6,passthrough_number_symbols,2026-03-18T12:23:49,,,,,und,und,und,1249.6
entity,en,124950000000.0,124950000000.0,,,,0.9,,,,,,,,124950000000.0,passthrough_number_symbols,2026-03-18T12:23:49,,,,,und,und,und,124950000000.0
entity,en,125800.0_(mil·límetres),125800.0 (mil·límetres),Manufacture in which the value of all the materials used does not exceed 30% of the ex-works price of the product,125800.0 (millimeters),125800.0 (millimetres),0.9,0.0,0.0,0.9545,0.0,0.0,1.0,125800.0 (millimetres),125800.0 (millimetres),mt_vote_revoted_gte_langfilter,2026-03-19T13:40:56,,0.9776612520217896,0.97934752702713,salamandra,en,mt,fr,125800.0_(millimetres)
entity,en,127.0_(polzades),127.0 (polzades),127.0 (inches),127.0 (inches),127.0 (inch),0.9,1.0,0.9231,0.9231,1.0,1.0,1.0,127.0 (inches),127.0 (inches),mt_vote,2026-03-18T12:24:00,,,,,en,en,en,127.0_(inches)
entity,en,1293057000,1293057000,,,,0.9,,,,,,,,1293057000,passthrough_number_symbols,2026-03-18T12:24:00,,,,,und,und,und,1293057000
entity,en,"1296,65_(habitants_per_quilòmetre_quadrat)","1296,65 (habitants per quilòmetre quadrat)","1296,65 (inhabitants per square kilometre)",1296.65 (inhabitants per square kilometer),1296.65 (inhabitants per square kilometre),0.9,0.9524,0.9762,0.9762,1.0,1.0,1.0,1296.65 (inhabitants per square kilometre),1296.65 (inhabitants per square kilometre),mt_vote,2026-03-18T12:24:08,,,,,en,en,en,1296.65_(inhabitants_per_square_kilometre)
entity,en,1299,1299,,,,0.9,,,,,,,,1299,passthrough_number_symbols,2026-03-18T12:24:08,,,,,und,und,und,1299
entity,en,"1299,0_(habitants_per_quilòmetre_quadrat)","1299,0 (habitants per quilòmetre quadrat)","1299,0 (inhabitants per square kilometre)",1299.0 (inhabitants per square kilometer),1299.0 (inhabitants per square kilometre),0.9,0.9512,0.9756,0.9756,1.0,1.0,1.0,1299.0 (inhabitants per square kilometre),1299.0 (inhabitants per square kilometre),mt_vote,2026-03-18T12:24:15,,,,,en,en,en,1299.0_(inhabitants_per_square_kilometre)
entity,en,12L/30R,12L/30R,12L/30R and 12L/30R and 12L/30R and 12L/30R,12L/30R,12L/30R,0.9,0.28,0.28,1.0,0.0,0.0,1.0,12L/30R,12L/30R,mt_vote,2026-03-18T12:24:20,,,,,en,en,en,12L/30R
entity,en,12R/30L,12R/30L,12R/30L,12R/30L,12R/30L,0.9,1.0,1.0,1.0,1.0,1.0,1.0,12R/30L,12R/30L,mt_vote,2026-03-18T12:24:26,,,,,en,en,en,12R/30L
entity,en,13.0,13.0,,,,0.9,,,,,,,,13.0,passthrough_number_symbols,2026-03-18T12:24:26,,,,,und,und,und,13.0
entity,en,13/31,13/31,,,,0.9,,,,,,,,13/31,passthrough_number_symbols,2026-03-18T12:24:26,,,,,und,und,und,13/31
entity,en,"131,6_(kilòmetres_quadrats)","131,6 (kilòmetres quadrats)",131.6 (square miles),131.6 (square kilometers),131.6 (square kilometres),0.9,0.0,0.0,0.0,0.0,0.0,0.0,131.6 (square kilometers),131.6 (square kilometers),mt_vote_revoted_gte_langfilter,2026-03-19T13:40:56,,0.9494619965553284,,madlad,en,ro,en,131.6_(square_kilometers)
entity,en,13123,13123,,,,0.9,,,,,,,,13123,passthrough_number_symbols,2026-03-18T12:24:32,,,,,und,und,und,13123
entity,en,135000000.0,135000000.0,,,,0.9,,,,,,,,135000000.0,passthrough_number_symbols,2026-03-18T12:24:32,,,,,und,und,und,135000000.0
entity,en,135589000.0,135589000.0,,,,0.9,,,,,,,,135589000.0,passthrough_number_symbols,2026-03-18T12:24:32,,,,,und,und,und,135589000.0
entity,en,1360-0443,1360-0443,,,,0.9,,,,,,,,1360-0443,passthrough_number_symbols,2026-03-18T12:24:32,,,,,und,und,und,1360-0443
entity,en,139705000.0,139705000.0,,,,0.9,,,,,,,,139705000.0,passthrough_number_symbols,2026-03-18T12:24:32,,,,,und,und,und,139705000.0
entity,en,"14,2_(kilòmetres_quadrats)","14,2 (kilòmetres quadrats)",14.2 (square miles),14.2 (square kilometers),14.2 (square kilometres),0.9,0.0,0.0,0.0,0.0,0.0,0.0,14.2 (square kilometers),14.2 (square kilometers),mt_vote_revoted_gte_langfilter,2026-03-19T13:40:56,,0.9540450572967528,,madlad,en,ro,en,14.2_(square_kilometers)
entity,en,14/32,14/32,,,,0.9,,,,,,,,14/32,passthrough_number_symbols,2026-03-18T12:24:38,,,,,und,und,und,14/32
entity,en,140.8_(quilòmetres_quadrats),140.8 (quilòmetres quadrats),140.8 (square miles),140.8 (square kilometers),140.8 (square kilometres),0.9,0.0,0.0,0.0,0.0,0.0,0.0,140.8 (square kilometers),140.8 (square kilometers),mt_vote_revoted_gte_langfilter,2026-03-19T13:40:56,,0.9432432055473328,,madlad,en,ro,en,140.8_(square_kilometers)
entity,en,140000.0_(metres_quadrats),140000.0 (metres quadrats),"In the case of vehicles of categories N1 and N2, the maximum authorised mass of the vehicle shall not exceed 20 kg/m2.",140000.0 (square meters),140000.0 (square metres),0.9,0.1268,0.1268,0.9583,0.0,0.0,1.0,140000.0 (square meters),140000.0 (square meters),mt_vote,2026-03-18T12:24:52,,,,,en,en,en,140000.0_(square_meters)
entity,en,1411.0,1411.0,,,,0.9,,,,,,,,1411.0,passthrough_number_symbols,2026-03-18T12:24:52,,,,,und,und,und,1411.0
entity,en,1418,1418,,,,0.9,,,,,,,,1418,passthrough_number_symbols,2026-03-18T12:24:52,,,,,und,und,und,1418
entity,en,1421.2_(habitants_per_quilòmetre_quadrat),1421.2 (habitants per quilòmetre quadrat),1421.2 (inhabitants per square kilometre),1421.2 (inhabitants per square kilometer),1421.2 (inhabitants per square kilometre),0.9,0.9756,1.0,0.9756,1.0,1.0,1.0,1421.2 (inhabitants per square kilometre),1421.2 (inhabitants per square kilometre),mt_vote,2026-03-18T12:25:00,,,,,en,en,en,1421.2_(inhabitants_per_square_kilometre)
entity,en,142603000.0,142603000.0,,,,0.9,,,,,,,,142603000.0,passthrough_number_symbols,2026-03-18T12:25:00,,,,,und,und,und,142603000.0
entity,en,1439.0,1439.0,,,,0.9,,,,,,,,1439.0,passthrough_number_symbols,2026-03-18T12:25:00,,,,,und,und,und,1439.0
entity,en,144.7_(quilòmetres_quadrats),144.7 (quilòmetres quadrats),144.7 (square miles),144.7 (square kilometers),144.7 (square kilometres),0.9,0.0,0.0,0.0,0.0,0.0,0.0,144.7 (square kilometers),144.7 (square kilometers),mt_vote_revoted_gte_langfilter,2026-03-19T13:40:56,,0.9359776973724364,,madlad,en,ro,en,144.7_(square_kilometers)
entity,en,1461102,1461102,,,,0.9,,,,,,,,1461102,passthrough_number_symbols,2026-03-18T12:25:06,,,,,und,und,und,1461102
entity,en,1472.0_(habitants_per_quilòmetre_quadrat),1472.0 (habitants per quilòmetre quadrat),1472.0 (inhabitants per square kilometre),1472.0 (inhabitants per square kilometer),"1,472.0 (inhabitants per square kilometre)",0.9,0.9756,0.988,0.9639,1.0,1.0,1.0,1472.0 (inhabitants per square kilometre),1472.0 (inhabitants per square kilometre),mt_vote,2026-03-18T12:25:14,,,,,en,en,en,1472.0_(inhabitants_per_square_kilometre)
entity,en,1473-5571,1473-5571,,,,0.9,,,,,,,,1473-5571,passthrough_number_symbols,2026-03-18T12:25:14,,,,,und,und,und,1473-5571
entity,en,1480153,1480153,,,,0.9,,,,,,,,1480153,passthrough_number_symbols,2026-03-18T12:25:14,,,,,und,und,und,1480153
entity,en,14L/32R,14L/32R,14L/32R,14L/32R,14L/32R,0.9,1.0,1.0,1.0,1.0,1.0,1.0,14L/32R,14L/32R,mt_vote,2026-03-18T12:25:21,,,,,en,en,en,14L/32R
entity,en,14R/32L,14R/32L,14R/32L,14R/32L,14R/32L,0.9,1.0,1.0,1.0,1.0,1.0,1.0,14R/32L,14R/32L,mt_vote,2026-03-18T12:25:26,,,,,en,en,en,14R/32L
entity,en,14th_New_Jersey_Volunteer_Infantry_Monument,14th New Jersey Volunteer Infantry Monument,14th New Jersey Volunteer Infantry Monument,14th New Jersey Volunteer Infantry Monument,14th New Jersey Volunteer Infantry Monument,0.9,1.0,1.0,1.0,1.0,1.0,1.0,14th New Jersey Volunteer Infantry Monument,14th New Jersey Volunteer Infantry Monument,mt_vote_revoted_gte_langfilter,2026-03-19T13:40:56,1.0,1.0,1.0,nllb,af,af,af,14th_New_Jersey_Volunteer_Infantry_Monument
entity,en,15/33,15/33,,,,0.9,,,,,,,,15/33,passthrough_number_symbols,2026-03-18T12:25:33,,,,,und,und,und,15/33
entity,en,1500,1500,,,,0.9,,,,,,,,1500,passthrough_number_symbols,2026-03-18T12:25:33,,,,,und,und,und,1500
entity,en,1510.0,1510.0,,,,0.9,,,,,,,,1510.0,passthrough_number_symbols,2026-03-18T12:25:33,,,,,und,und,und,1510.0
entity,en,15100000000,15100000000,,,,0.9,,,,,,,,15100000000,passthrough_number_symbols,2026-03-18T12:25:33,,,,,und,und,und,15100000000
entity,en,1513.722_(dies),1513.722 (dies),"1513,722 (days)",1513.722 (days),1513.722 (days),0.9,0.9333,0.9333,1.0,1.0,1.0,1.0,1513.722 (days),1513.722 (days),mt_vote,2026-03-18T12:25:39,,,,,en,en,en,1513.722_(days)
entity,en,1516.6700000000003_(dies),1516.6700000000003 (dies),The amount of assigned revenue in accordance with Article 21 (3) of the Financial Regulation is estimated at EUR 100000.,1516.6700000000003 (dies),1516.6700000000003 (days),0.9,0.0,0.0,0.0,0.0,0.0,0.0,1516.6700000000003 (dies),1516.6700000000003 (dies),mt_vote_revoted_gte_langfilter,2026-03-19T13:40:56,,1.0,,madlad,en,de,en,1516.6700000000003_(dies)
entity,en,1533.0,1533.0,,,,0.9,,,,,,,,1533.0,passthrough_number_symbols,2026-03-18T12:25:51,,,,,und,und,und,1533.0
entity,en,154.0_(kelvins),154.0 (kelvins),154.0 (Kelvin),154.0 (kelvin),154.0 (kelvins),0.9,0.0,0.0,0.0,0.0,0.0,0.0,154.0 (Kelvin),154.0 (Kelvin),mt_vote_revoted_gte_langfilter,2026-03-19T13:40:56,0.933781623840332,,,nllb,mt,en,en,154.0_(Kelvin)
entity,en,155.0_(kelvins),155.0 (kelvins),155.0 (kelvins) is the maximum value of the measurement.,155.0 (kelvin),155.0 (kelvins),0.9,0.4,0.4225,0.9655,0.0,0.0,1.0,155.0 (kelvin),155.0 (kelvin),mt_vote,2026-03-18T12:26:04,,,,,en,en,en,155.0_(kelvin)
entity,en,1558-2868,1558-2868,,,,0.9,,,,,,,,1558-2868,passthrough_number_symbols,2026-03-18T12:26:04,,,,,und,und,und,1558-2868
entity,en,156.0_(kelvins),156.0 (kelvins),156.0 (Kelvin),156.0 (kelvin),156.0 (kelvins),0.9,0.0,0.0,0.0,0.0,0.0,0.0,156.0 (Kelvin),156.0 (Kelvin),mt_vote_revoted_gte_langfilter,2026-03-19T13:40:56,0.9406309127807616,,,nllb,mt,en,en,156.0_(Kelvin)
entity,en,1580.7_(habitants_per_quilòmetre_quadrat),1580.7 (habitants per quilòmetre quadrat),1580.7 (inhabitants per square kilometre),1580.7 (inhabitants per square kilometer),1580.7 (inhabitants per square kilometre),0.9,0.9756,1.0,0.9756,1.0,1.0,1.0,1580.7 (inhabitants per square kilometre),1580.7 (inhabitants per square kilometre),mt_vote,2026-03-18T12:26:18,,,,,en,en,en,1580.7_(inhabitants_per_square_kilometre)
entity,en,1588-2632,1588-2632,,,,0.9,,,,,,,,1588-2632,passthrough_number_symbols,2026-03-18T12:26:18,,,,,und,und,und,1588-2632
entity,en,159,159,,,,0.9,,,,,,,,159,passthrough_number_symbols,2026-03-18T12:26:18,,,,,und,und,und,159
entity,en,"16,55_(kilòmetres_quadrats)","16,55 (kilòmetres quadrats)",16.55 (square miles),16.55 (square kilometers),16.55 (square kilometres),0.9,0.0,0.0,0.0,0.0,0.0,0.0,16.55 (square kilometers),16.55 (square kilometers),mt_vote_revoted_gte_langfilter,2026-03-19T13:40:56,,0.9627683758735656,,madlad,en,ro,en,16.55_(square_kilometers)
entity,en,16.37_(quilòmetrePerSegons),16.37 (quilòmetrePerSegons),16.37 (kilometers per second),16.37 (kilometrePerSecond),16.37 (kilometerPerSecond),0.9,0.9091,0.9455,0.9615,1.0,1.0,1.0,16.37 (kilometrePerSecond),16.37 (kilometrePerSecond),mt_vote_revoted_gte_langfilter,2026-03-19T13:40:56,0.918383240699768,0.921543836593628,0.9146416783332824,madlad,ca,ro,ro,16.37_(kilometrePerSecond)
entity,en,16.54_(quilòmetrePerSegons),16.54 (quilòmetrePerSegons),16.54 (kilometre per second),16.54 (kilometrePerSecond),16.54 (kilometerPerSecond),0.9,0.963,0.9259,0.9615,1.0,1.0,1.0,16.54 (kilometre per second),16.54 (kilometre per second),mt_vote_revoted_gte_langfilter,2026-03-19T13:40:56,0.923127293586731,0.9218206405639648,0.9151422381401062,nllb,it,ro,ro,16.54_(kilometre_per_second)
entity,en,16.76_(quilòmetrePerSegons),16.76 (quilòmetrePerSegons),16.76 (kilometers per second),16.76 (kilometrePerSecond),16.76 (kilometerPerSecond),0.9,0.9091,0.9455,0.9615,1.0,1.0,1.0,16.76 (kilometers per second),16.76 (kilometers per second),mt_vote_revoted_gte_langfilter,2026-03-19T13:40:56,0.9227229356765748,0.9198333024978638,0.9162248373031616,nllb,ca,ro,ro,16.76_(kilometers_per_second)
entity,en,16.86_(quilòmetrePerSegons),16.86 (quilòmetrePerSegons),16.86 (kilometers per second),16.86 (kilometrePerSecond),16.86 (kilometerPerSecond),0.9,0.9091,0.9455,0.9615,1.0,1.0,1.0,16.86 (kilometers per second),16.86 (kilometers per second),mt_vote_revoted_gte_langfilter,2026-03-19T13:40:56,0.9214866161346436,0.9214170575141908,0.9143705368041992,nllb,ca,ro,ro,16.86_(kilometers_per_second)
entity,en,16/34,16/34,,,,0.9,,,,,,,,16/34,passthrough_number_symbols,2026-03-18T12:26:50,,,,,und,und,und,16/34
entity,en,160.0_(kelvins),160.0 (kelvins),The value of all the materials used does not exceed 20% of the ex-works price of the product,160.0 (kelvin),160.0 (kelvins),0.9,0.0755,0.0748,0.9655,0.0,0.0,1.0,160.0 (kelvin),160.0 (kelvin),mt_vote,2026-03-18T12:26:55,,,,,en,en,en,160.0_(kelvin)
entity,en,16000,16000,,,,0.9,,,,,,,,16000,passthrough_number_symbols,2026-03-18T12:26:55,,,,,und,und,und,16000
entity,en,1604.0,1604.0,,,,0.9,,,,,,,,1604.0,passthrough_number_symbols,2026-03-18T12:26:55,,,,,und,und,und,1604.0
entity,en,"161,54_(kilòmetres_quadrats)","161,54 (kilòmetres quadrats)",161.54 (square miles),161.54 (square kilometers),161.54 (square kilometers),0.9,0.0,0.0,1.0,0.0,0.0,1.0,161.54 (square kilometers),161.54 (square kilometers),mt_vote_revoted_gte_langfilter,2026-03-19T13:40:56,,0.9576373100280762,0.9576373100280762,salamandra,en,ro,ro,161.54_(square_kilometers)
entity,en,162164091.8388_(kilòmetres),162164091.8388 (kilòmetres),162164091.8388 (km),162164091.8388 (km),162164091.8388 (kilometers),0.9,0.0,0.0,0.0,0.0,0.0,0.0,162164091.8388 (kilometers),162164091.8388 (kilometers),mt_vote_revoted_gte_langfilter,2026-03-19T13:40:56,,,0.9560134410858154,salamandra,en,en,ro,162164091.8388_(kilometers)
entity,en,1622.213_(dies),1622.213 (dies),"1622,213 (days)",1622.213 (days),1622.213 (days),0.9,0.9333,0.9333,1.0,1.0,1.0,1.0,1622.213 (days),1622.213 (days),mt_vote,2026-03-18T12:27:17,,,,,en,en,en,1622.213_(days)
entity,en,16244700.0,16244700.0,,,,0.9,,,,,,,,16244700.0,passthrough_number_symbols,2026-03-18T12:27:17,,,,,und,und,und,16244700.0
entity,en,1634:_L'afer_Galileu,1634: L'afer Galileu,1634: The Galileo Affair,1634: The Assassination,1634: The Galileo Affair,0.9,0.5532,1.0,0.5532,0.0,1.0,0.0,1634: The Galileo Affair,1634: The Galileo Affair,mt_vote,2026-03-18T12:27:22,,,,,en,en,en,1634:_The_Galileo_Affair
entity,en,1634:_La_crisi_de_Baviera,1634: La crisi de Baviera,1634: The Bavarian crisis,1634: The Bavarian Crisis,1634: The Bavarian Crisis,0.9,1.0,1.0,1.0,1.0,1.0,1.0,1634: The Bavarian crisis,1634: The Bavarian crisis,mt_vote,2026-03-18T12:27:28,,,,,en,en,en,1634:_The_Bavarian_crisis
entity,en,1634:_La_guerra_del_Bàltic,1634: La guerra del Bàltic,1634: The Baltic War,1634: The Baltic War,1634: The Baltic War,0.9,1.0,1.0,1.0,1.0,1.0,1.0,1634: The Baltic War,1634: The Baltic War,mt_vote,2026-03-18T12:27:33,,,,,en,en,en,1634:_The_Baltic_War
entity,en,1634:_La_rebel·lió_de_Ram,1634: La rebel·lió de Ram,1634: Ram's Rebellion,1634: The rebellion of Ram,1634: The Ram Rebellion,0.9,0.6809,0.8636,0.7755,0.0,0.0,0.0,1634: The Ram Rebellion,1634: The Ram Rebellion,mt_vote,2026-03-18T12:27:38,,,,,en,en,en,1634:_The_Ram_Rebellion
entity,en,1635:_La_llei_del_canó,1635: La llei del canó,1635: The law of canon,1635: The Law of the Cannon,1635: The Gun Law,0.9,0.898,0.6667,0.5909,0.0,0.0,0.0,1635: The law of canon,1635: The law of canon,mt_vote,2026-03-18T12:27:44,,,,,en,en,en,1635:_The_law_of_canon
entity,en,164.0_(kelvins),164.0 (kelvins),164.0 (Kelvin),164.0 (kelvin),164.0 (kelvins),0.9,0.0,0.0,0.0,0.0,0.0,0.0,164.0 (Kelvin),164.0 (Kelvin),mt_vote_revoted_gte_langfilter,2026-03-19T13:40:56,0.9317617416381836,,,nllb,mt,en,en,164.0_(Kelvin)
entity,en,165.0_(kelvins),165.0 (kelvins),165.0 (Kelvins) is the number of degrees of freedom.,165.0 (kelvin),165.0 (kelvins),0.9,0.4242,0.4478,0.9655,0.0,0.0,1.0,165.0 (kelvin),165.0 (kelvin),mt_vote,2026-03-18T12:27:55,,,,,en,en,en,165.0_(kelvin)
entity,en,165.33,165.33,,,,0.9,,,,,,,,165.33,passthrough_number_symbols,2026-03-18T12:27:55,,,,,und,und,und,165.33
entity,en,166.0,166.0,,,,0.9,,,,,,,,166.0,passthrough_number_symbols,2026-03-18T12:27:55,,,,,und,und,und,166.0
entity,en,167.94,167.94,,,,0.9,,,,,,,,167.94,passthrough_number_symbols,2026-03-18T12:27:55,,,,,und,und,und,167.94
entity,en,168.0_(kelvins),168.0 (kelvins),168.0 (kelvins) is the temperature of the earth's atmosphere.,168.0 (kelvin),168.0 (kelvins),0.9,0.3733,0.3947,0.9655,0.0,0.0,1.0,168.0 (kelvin),168.0 (kelvin),mt_vote,2026-03-18T12:28:00,,,,,en,en,en,168.0_(kelvin)
entity,en,16800,16800,,,,0.9,,,,,,,,16800,passthrough_number_symbols,2026-03-18T12:28:00,,,,,und,und,und,16800
entity,en,17.28,17.28,,,,0.9,,,,,,,,17.28,passthrough_number_symbols,2026-03-18T12:28:00,,,,,und,und,und,17.28
entity,en,17.73_(quilòmetrePerSegons),17.73 (quilòmetrePerSegons),17.73 (kilometre per second),17.73 (kilometrePerSecond),17.73 (kilometerPerSecond),0.9,0.963,0.9259,0.9615,1.0,1.0,1.0,17.73 (kilometrePerSecond),17.73 (kilometrePerSecond),mt_vote_revoted_gte_langfilter,2026-03-19T13:40:56,0.9226882457733154,0.925346612930298,0.9204719066619872,madlad,it,ro,ro,17.73_(kilometrePerSecond)
entity,en,17.92_(quilòmetrePerSegons),17.92 (quilòmetrePerSegons),17.92 (kilometers per second),17.92 (kilometrePerSecond),17.92 (kilometerPerSecond),0.9,0.9091,0.9455,0.9615,1.0,1.0,1.0,17.92 (kilometrePerSecond),17.92 (kilometrePerSecond),mt_vote_revoted_gte_langfilter,2026-03-19T13:40:56,0.911415696144104,0.9174989461898804,0.9131587743759156,madlad,ca,ro,ro,17.92_(kilometrePerSecond)
entity,en,17.99_(quilòmetrePerSegons),17.99 (quilòmetrePerSegons),17.99 (kilometers per second),17.99 (kilometrePerSecond),17.99 (kilometerPerSecond),0.9,0.9091,0.9455,0.9615,1.0,1.0,1.0,17.99 (kilometers per second),17.99 (kilometers per second),mt_vote_revoted_gte_langfilter,2026-03-19T13:40:56,0.8887314796447754,0.881243884563446,0.8873616456985474,nllb,ca,ro,ro,17.99_(kilometers_per_second)
entity,en,170.0_(kelvins),170.0 (kelvins),It's going to be 170.0 Kelvin.,170.0 (kelvin),170.0 (kelvins),0.9,0.5455,0.5333,0.9655,0.0,0.0,1.0,170.0 (kelvin),170.0 (kelvin),mt_vote,2026-03-18T12:28:25,,,,,en,en,en,170.0_(kelvin)
entity,en,1700,1700,,,,0.9,,,,,,,,1700,passthrough_number_symbols,2026-03-18T12:28:25,,,,,und,und,und,1700
entity,en,17000,17000,,,,0.9,,,,,,,,17000,passthrough_number_symbols,2026-03-18T12:28:25,,,,,und,und,und,17000
entity,en,17023,17023,,,,0.9,,,,,,,,17023,passthrough_number_symbols,2026-03-18T12:28:25,,,,,und,und,und,17023
entity,en,1703-05-27,1703-05-27,,,,0.9,,,,,,,,1703-05-27,passthrough_number_symbols,2026-03-18T12:28:25,,,,,und,und,und,1703-05-27
entity,en,17068.8_(mil·límetres),17068.8 (mil·límetres),17068.8 (millimeters) is a unit of length in the metric system.,17068.8 (millimeters),17068.8 (millimetres),0.9,0.0,0.0,0.9524,0.0,0.0,1.0,17068.8 (millimeters),17068.8 (millimeters),mt_vote_revoted_gte_langfilter,2026-03-19T13:40:56,,0.9804935455322266,0.9804039001464844,madlad,en,mt,fr,17068.8_(millimeters)
entity,en,1707,1707,,,,0.9,,,,,,,,1707,passthrough_number_symbols,2026-03-18T12:28:32,,,,,und,und,und,1707
entity,en,171.0_(kelvins),171.0 (kelvins),It's 171.0 in the kelvins.,171.0 (kelvin),171.0 (kelvins),0.9,0.6,0.6341,0.9655,0.0,0.0,1.0,171.0 (kelvin),171.0 (kelvin),mt_vote,2026-03-18T12:28:37,,,,,en,en,en,171.0_(kelvin)
entity,en,1726-01-01,1726-01-01,,,,0.9,,,,,,,,1726-01-01,passthrough_number_symbols,2026-03-18T12:28:37,,,,,und,und,und,1726-01-01
entity,en,173.0_(kelvins),173.0 (kelvins),173.0 in Kelvins,173.0 (kelvin),173.0 (kelvins),0.9,0.8,0.8387,0.9655,0.0,0.0,1.0,173.0 (kelvin),173.0 (kelvin),mt_vote,2026-03-18T12:28:43,,,,,en,en,en,173.0_(kelvin)
entity,en,173.46,173.46,,,,0.9,,,,,,,,173.46,passthrough_number_symbols,2026-03-18T12:28:43,,,,,und,und,und,173.46
entity,en,1732-2421,1732-2421,,,,0.9,,,,,,,,1732-2421,passthrough_number_symbols,2026-03-18T12:28:43,,,,,und,und,und,1732-2421
entity,en,175.26,175.26,,,,0.9,,,,,,,,175.26,passthrough_number_symbols,2026-03-18T12:28:43,,,,,und,und,und,175.26
entity,en,1773.0,1773.0,,,,0.9,,,,,,,,1773.0,passthrough_number_symbols,2026-03-18T12:28:43,,,,,und,und,und,1773.0
entity,en,1776-02-18,1776-02-18,,,,0.9,,,,,,,,1776-02-18,passthrough_number_symbols,2026-03-18T12:28:43,,,,,und,und,und,1776-02-18
entity,en,1776-07-04,1776-07-04,,,,0.9,,,,,,,,1776-07-04,passthrough_number_symbols,2026-03-18T12:28:43,,,,,und,und,und,1776-07-04
entity,en,1777539,1777539,,,,0.9,,,,,,,,1777539,passthrough_number_symbols,2026-03-18T12:28:43,,,,,und,und,und,1777539
entity,en,178._0_(centimetres),178. 0 (centimetres),178.0 (centimeters),178.0 (centimetres),178.0 (centimeters),0.9,0.0,0.0,0.0,0.0,0.0,0.0,178.0 (centimetres),178.0 (centimetres),mt_vote_revoted_gte_langfilter,2026-03-19T13:40:56,,0.969812273979187,,madlad,en,fr,en,178.0_(centimetres)
entity,en,179.0_(kelvins),179.0 (kelvins),It's 179.0 in the kelvins.,179.0 (kelvin),179.0 (kelvins),0.9,0.6,0.6341,0.9655,0.0,0.0,1.0,179.0 (kelvin),179.0 (kelvin),mt_vote,2026-03-18T12:28:54,,,,,en,en,en,179.0_(kelvin)
entity,en,1793-10-23,1793-10-23,,,,0.9,,,,,,,,1793-10-23,passthrough_number_symbols,2026-03-18T12:28:54,,,,,und,und,und,1793-10-23
entity,en,179942000.0,179942000.0,,,,0.9,,,,,,,,179942000.0,passthrough_number_symbols,2026-03-18T12:28:54,,,,,und,und,und,179942000.0
entity,en,17L/35R,17L/35R,17L/35R,17L/35R,17L/35R,0.9,1.0,1.0,1.0,1.0,1.0,1.0,17L/35R,17L/35R,mt_vote,2026-03-18T12:28:59,,,,,en,en,en,17L/35R
entity,en,17R/35L,17R/35L,17R/35L,17R/35L,17R/35L,0.9,1.0,1.0,1.0,1.0,1.0,1.0,17R/35L,17R/35L,mt_vote,2026-03-18T12:29:04,,,,,en,en,en,17R/35L
entity,en,18,18,,,,0.9,,,,,,,,18,passthrough_number_symbols,2026-03-18T12:29:04,,,,,und,und,und,18
entity,en,18.09_(kilòmetresPersegons),18.09 (kilòmetresPersegons),18.09 (kilometers in pursuit),18.09 (kmPersec),18.09 (kilometersPerSecond),0.9,0.0,0.0,0.0,0.0,0.0,0.0,18.09 (kilometersPerSecond),18.09 (kilometersPerSecond),mt_vote_revoted_gte_langfilter,2026-03-19T13:40:56,,,0.9368236064910888,salamandra,en,en,ro,18.09_(kilometersPerSecond)
entity,en,18.29_(quilòmetrePerSegons),18.29 (quilòmetrePerSegons),18.29 (kilometers per second),18.29 (kilometrePerSecond),18.29 (kilometerPerSecond),0.9,0.9091,0.9455,0.9615,1.0,1.0,1.0,18.29 (kilometrePerSecond),18.29 (kilometrePerSecond),mt_vote_revoted_gte_langfilter,2026-03-19T13:40:56,0.9234635233879088,0.9264124035835266,0.9221190810203552,madlad,ca,ro,ro,18.29_(kilometrePerSecond)
entity,en,18.44_(quilòmetrePerSegons),18.44 (quilòmetrePerSegons),18.44 (kilometers per second),18.44 (kilometrePerSecond),18.44 (kilometerPerSecond),0.9,0.9091,0.9455,0.9615,1.0,1.0,1.0,18.44 (kilometers per second),18.44 (kilometers per second),mt_vote_revoted_gte_langfilter,2026-03-19T13:40:56,0.921816349029541,0.9211280941963196,0.9206204414367676,nllb,ca,ro,ro,18.44_(kilometers_per_second)
entity,en,18.52,18.52,,,,0.9,,,,,,,,18.52,passthrough_number_symbols,2026-03-18T12:29:23,,,,,und,und,und,18.52
entity,en,18._0_g,18. 0 g,18.0 g or less,18.0 g,18.0 g,0.9,0.0,0.0,0.0,0.0,0.0,0.0,18.0 g or less,18.0 g or less,mt_vote_revoted_gte_langfilter,2026-03-19T13:40:56,0.9200956225395204,,,nllb,fr,en,en,18.0_g_or_less
entity,en,1800.0,1800.0,,,,0.9,,,,,,,,1800.0,passthrough_number_symbols,2026-03-18T12:29:26,,,,,und,und,und,1800.0
entity,en,1800000000,1800000000,,,,0.9,,,,,,,,1800000000,passthrough_number_symbols,2026-03-18T12:29:26,,,,,und,und,und,1800000000
entity,en,1818.0,1818.0,,,,0.9,,,,,,,,1818.0,passthrough_number_symbols,2026-03-18T12:29:26,,,,,und,und,und,1818.0
entity,en,183309000.0,183309000.0,,,,0.9,,,,,,,,183309000.0,passthrough_number_symbols,2026-03-18T12:29:26,,,,,und,und,und,183309000.0
entity,en,184.0,184.0,,,,0.9,,,,,,,,184.0,passthrough_number_symbols,2026-03-18T12:29:26,,,,,und,und,und,184.0
entity,en,184434000000.0,184434000000.0,,,,0.9,,,,,,,,184434000000.0,passthrough_number_symbols,2026-03-18T12:29:26,,,,,und,und,und,184434000000.0
entity,en,"185,42_(centimetres)","185,42 (centimetres)",185.42 (centimeters),185.42 (centimetres),185.42 (centimeters),0.9,0.0,0.0,0.0,0.0,0.0,0.0,185.42 (centimetres),185.42 (centimetres),mt_vote_revoted_gte_langfilter,2026-03-19T13:40:56,,0.9959248304367064,,madlad,en,fr,en,185.42_(centimetres)
entity,en,185.0_(centimetres),185.0 (centimetres),185.0 (centimeters),185.0 (centimetres),185.0 (centimeters),0.9,0.0,0.0,0.0,0.0,0.0,0.0,185.0 (centimetres),185.0 (centimetres),mt_vote_revoted_gte_langfilter,2026-03-19T13:40:56,,1.0,,madlad,en,fr,en,185.0_(centimetres)
entity,en,1850.0_(tones),1850.0 (tones),Manufacture in which the value of all the materials used does not exceed 30% of the ex-works price of the product,1850.0 (tons),1850.0 (tonnes),0.9,0.0,0.0,0.0,0.0,0.0,0.0,1850.0 (tonnes),1850.0 (tonnes),mt_vote_revoted_gte_langfilter,2026-03-19T13:40:56,,,0.878652811050415,salamandra,en,en,fr,1850.0_(tonnes)
entity,en,1853-03-04,1853-03-04,,,,0.9,,,,,,,,1853-03-04,passthrough_number_symbols,2026-03-18T12:29:43,,,,,und,und,und,1853-03-04
entity,en,1855-05-31,1855-05-31,,,,0.9,,,,,,,,1855-05-31,passthrough_number_symbols,2026-03-18T12:29:43,,,,,und,und,und,1855-05-31
entity,en,1855-07-07,1855-07-07,,,,0.9,,,,,,,,1855-07-07,passthrough_number_symbols,2026-03-18T12:29:43,,,,,und,und,und,1855-07-07
entity,en,1856,1856,,,,0.9,,,,,,,,1856,passthrough_number_symbols,2026-03-18T12:29:43,,,,,und,und,und,1856
entity,en,1856-09-22,1856-09-22,,,,0.9,,,,,,,,1856-09-22,passthrough_number_symbols,2026-03-18T12:29:43,,,,,und,und,und,1856-09-22
entity,en,1857-03-03,1857-03-03,,,,0.9,,,,,,,,1857-03-03,passthrough_number_symbols,2026-03-18T12:29:43,,,,,und,und,und,1857-03-03
entity,en,1857-03-04,1857-03-04,,,,0.9,,,,,,,,1857-03-04,passthrough_number_symbols,2026-03-18T12:29:43,,,,,und,und,und,1857-03-04
entity,en,1862,1862,,,,0.9,,,,,,,,1862,passthrough_number_symbols,2026-03-18T12:29:43,,,,,und,und,und,1862
entity,en,1865-8784,1865-8784,,,,0.9,,,,,,,,1865-8784,passthrough_number_symbols,2026-03-18T12:29:43,,,,,und,und,und,1865-8784
entity,en,1868-08-15,1868-08-15,,,,0.9,,,,,,,,1868-08-15,passthrough_number_symbols,2026-03-18T12:29:43,,,,,und,und,und,1868-08-15
entity,en,1868-09-07,1868-09-07,,,,0.9,,,,,,,,1868-09-07,passthrough_number_symbols,2026-03-18T12:29:43,,,,,und,und,und,1868-09-07
entity,en,1868-11-17,1868-11-17,,,,0.9,,,,,,,,1868-11-17,passthrough_number_symbols,2026-03-18T12:29:43,,,,,und,und,und,1868-11-17
entity,en,1871-01-01,1871-01-01,,,,0.9,,,,,,,,1871-01-01,passthrough_number_symbols,2026-03-18T12:29:43,,,,,und,und,und,1871-01-01
entity,en,1872,1872,,,,0.9,,,,,,,,1872,passthrough_number_symbols,2026-03-18T12:29:43,,,,,und,und,und,1872
entity,en,1873.0,1873.0,,,,0.9,,,,,,,,1873.0,passthrough_number_symbols,2026-03-18T12:29:43,,,,,und,und,und,1873.0
entity,en,1875-03-04,1875-03-04,,,,0.9,,,,,,,,1875-03-04,passthrough_number_symbols,2026-03-18T12:29:43,,,,,und,und,und,1875-03-04
entity,en,1878,1878,,,,0.9,,,,,,,,1878,passthrough_number_symbols,2026-03-18T12:29:43,,,,,und,und,und,1878
entity,en,1885-01-21,1885-01-21,,,,0.9,,,,,,,,1885-01-21,passthrough_number_symbols,2026-03-18T12:29:43,,,,,und,und,und,1885-01-21
entity,en,1886-01-01,1886-01-01,,,,0.9,,,,,,,,1886-01-01,passthrough_number_symbols,2026-03-18T12:29:43,,,,,und,und,und,1886-01-01
entity,en,"1890,0_(kilograms_per_mètre_cúbic)","1890,0 (kilograms per mètre cúbic)","1890,0 (kilograms per cubic metre) is the weight of the total weight of the total weight of the total weight of the total weight of the total weight of the total weight of the total weight of the total weight of the total weight of the total weight of the total weight of the total weight of the total weight of the total weight of the total weight of the total weight of the total weight of the total weight of the total weight of the total weight",1890.0 (kilograms per cubic meter),1890.0 (kilograms per cubic meter),0.9,0.1328,0.1328,1.0,0.0,0.0,1.0,1890.0 (kilograms per cubic meter),1890.0 (kilograms per cubic meter),mt_vote,2026-03-18T12:29:51,,,,,en,en,en,1890.0_(kilograms_per_cubic_meter)
entity,en,1891-05-20,1891-05-20,,,,0.9,,,,,,,,1891-05-20,passthrough_number_symbols,2026-03-18T12:29:51,,,,,und,und,und,1891-05-20
entity,en,1892-01-03,1892-01-03,,,,0.9,,,,,,,,1892-01-03,passthrough_number_symbols,2026-03-18T12:29:51,,,,,und,und,und,1892-01-03
entity,en,1894-11-20,1894-11-20,,,,0.9,,,,,,,,1894-11-20,passthrough_number_symbols,2026-03-18T12:29:51,,,,,und,und,und,1894-11-20
entity,en,1896-02-01,1896-02-01,,,,0.9,,,,,,,,1896-02-01,passthrough_number_symbols,2026-03-18T12:29:51,,,,,und,und,und,1896-02-01
entity,en,1897,1897,,,,0.9,,,,,,,,1897,passthrough_number_symbols,2026-03-18T12:29:51,,,,,und,und,und,1897
entity,en,1898-06-12,1898-06-12,,,,0.9,,,,,,,,1898-06-12,passthrough_number_symbols,2026-03-18T12:29:51,,,,,und,und,und,1898-06-12
entity,en,18C/36C_'Zwanenburgbaan',18C/36C 'Zwanenburgbaan',18C/36C 'Zwanenburgbaan' is the name of the railway station.,18C/36C 'Zwanenburgbaan',18C/36C 'Zwanenburgbaan',0.9,0.0,0.0,1.0,0.0,0.0,1.0,18C/36C 'Zwanenburgbaan',18C/36C 'Zwanenburgbaan',mt_vote_revoted_gte_langfilter,2026-03-19T13:40:56,,1.0,1.0,salamandra,en,nl,nl,18C/36C_'Zwanenburgbaan'
entity,en,18L/36R,18L/36R,18L or 36R,18L/36R,18L/36R,0.9,0.7059,0.7059,1.0,0.0,0.0,1.0,18L/36R,18L/36R,mt_vote,2026-03-18T12:30:03,,,,,en,en,en,18L/36R
entity,en,18L/36R_'Aalsmeerbaan',18L/36R 'Aalsmeerbaan',18L/36R 'Aalsmeerbaan' is located in the municipality of Aalsmeer.,18L/36R 'Aalsmeerbaan',18L/36R 'Aalsmeerbaan',0.9,0.0,0.0,1.0,0.0,0.0,1.0,18L/36R 'Aalsmeerbaan',18L/36R 'Aalsmeerbaan',mt_vote_revoted_gte_langfilter,2026-03-19T13:40:56,,1.0,1.0,salamandra,en,nl,nl,18L/36R_'Aalsmeerbaan'
entity,en,18R/36L,18R/36L,18R or 36L,18R/36L,18R/36L,0.9,0.7059,0.7059,1.0,0.0,0.0,1.0,18R/36L,18R/36L,mt_vote,2026-03-18T12:30:15,,,,,en,en,en,18R/36L
entity,en,18R/36L_'Polderbaan',18R/36L 'Polderbaan',18R/36L Polderbaan,18R/36L 'Polderbaan',18R/36L 'Polderbaan',0.9,0.9474,0.9474,1.0,1.0,1.0,1.0,18R/36L 'Polderbaan',18R/36L 'Polderbaan',mt_vote_revoted_gte_langfilter,2026-03-19T13:40:56,0.9799684286117554,1.000000238418579,1.000000238418579,madlad,nl,nl,nl,18R/36L_'Polderbaan'
entity,en,19.94_(quilòmetrePerSegons),19.94 (quilòmetrePerSegons),19.94 (kilometers per second),19.94 (kilometrePerSecond),19.94 (kilometerPerSecond),0.9,0.9091,0.9455,0.9615,1.0,1.0,1.0,19.94 (kilometrePerSecond),19.94 (kilometrePerSecond),mt_vote_revoted_gte_langfilter,2026-03-19T13:40:56,0.9291471838951112,0.9303805828094482,0.928255259990692,madlad,ca,ro,ro,19.94_(kilometrePerSecond)
entity,en,1901-03-04,1901-03-04,,,,0.9,,,,,,,,1901-03-04,passthrough_number_symbols,2026-03-18T12:30:28,,,,,und,und,und,1901-03-04
entity,en,1901-07-01,1901-07-01,,,,0.9,,,,,,,,1901-07-01,passthrough_number_symbols,2026-03-18T12:30:28,,,,,und,und,und,1901-07-01
entity,en,1904,1904,,,,0.9,,,,,,,,1904,passthrough_number_symbols,2026-03-18T12:30:28,,,,,und,und,und,1904
entity,en,1905-03-04,1905-03-04,,,,0.9,,,,,,,,1905-03-04,passthrough_number_symbols,2026-03-18T12:30:28,,,,,und,und,und,1905-03-04
entity,en,1907-07-11,1907-07-11,,,,0.9,,,,,,,,1907-07-11,passthrough_number_symbols,2026-03-18T12:30:28,,,,,und,und,und,1907-07-11
entity,en,1908-05-02,1908-05-02,,,,0.9,,,,,,,,1908-05-02,passthrough_number_symbols,2026-03-18T12:30:28,,,,,und,und,und,1908-05-02
entity,en,1910,1910,,,,0.9,,,,,,,,1910,passthrough_number_symbols,2026-03-18T12:30:28,,,,,und,und,und,1910
entity,en,1910-12-25,1910-12-25,,,,0.9,,,,,,,,1910-12-25,passthrough_number_symbols,2026-03-18T12:30:28,,,,,und,und,und,1910-12-25
entity,en,1911,1911,,,,0.9,,,,,,,,1911,passthrough_number_symbols,2026-03-18T12:30:28,,,,,und,und,und,1911
entity,en,1911-01-01,1911-01-01,,,,0.9,,,,,,,,1911-01-01,passthrough_number_symbols,2026-03-18T12:30:28,,,,,und,und,und,1911-01-01
entity,en,1913,1913,,,,0.9,,,,,,,,1913,passthrough_number_symbols,2026-03-18T12:30:28,,,,,und,und,und,1913
entity,en,1913-01-01,1913-01-01,,,,0.9,,,,,,,,1913-01-01,passthrough_number_symbols,2026-03-18T12:30:28,,,,,und,und,und,1913-01-01
entity,en,1913-05-05,1913-05-05,,,,0.9,,,,,,,,1913-05-05,passthrough_number_symbols,2026-03-18T12:30:28,,,,,und,und,und,1913-05-05
entity,en,1914,1914,,,,0.9,,,,,,,,1914,passthrough_number_symbols,2026-03-18T12:30:28,,,,,und,und,und,1914
entity,en,1920-01-01,1920-01-01,,,,0.9,,,,,,,,1920-01-01,passthrough_number_symbols,2026-03-18T12:30:28,,,,,und,und,und,1920-01-01
entity,en,1920-08-16,1920-08-16,,,,0.9,,,,,,,,1920-08-16,passthrough_number_symbols,2026-03-18T12:30:28,,,,,und,und,und,1920-08-16
entity,en,192000.0_(mil·límetres),192000.0 (mil·límetres),It shall be so designed and constructed as to conform to the requirements of this Regulation.,192000.0 (mm),192000.0 (millimetres),0.9,0.0,0.0,0.0,0.0,0.0,0.0,192000.0 (millimetres),192000.0 (millimetres),mt_vote_revoted_gte_langfilter,2026-03-19T13:40:56,,,0.9803414344787598,salamandra,en,en,fr,192000.0_(millimetres)
entity,en,1921-04-11,1921-04-11,,,,0.9,,,,,,,,1921-04-11,passthrough_number_symbols,2026-03-18T12:30:35,,,,,und,und,und,1921-04-11
entity,en,1923,1923,,,,0.9,,,,,,,,1923,passthrough_number_symbols,2026-03-18T12:30:35,,,,,und,und,und,1923
entity,en,1923-11-18,1923-11-18,,,,0.9,,,,,,,,1923-11-18,passthrough_number_symbols,2026-03-18T12:30:35,,,,,und,und,und,1923-11-18
entity,en,19238,19238,,,,0.9,,,,,,,,19238,passthrough_number_symbols,2026-03-18T12:30:35,,,,,und,und,und,19238
entity,en,1923_NZ1951_OB,1923 NZ1951 OB,1923 NZ1951 OB was born,1923 NZ1951 OB,1923 NZ1951 OB,0.9,0.7568,0.7568,1.0,0.0,0.0,1.0,1923 NZ1951 OB,1923 NZ1951 OB,mt_vote,2026-03-18T12:30:41,,,,,en,en,en,1923_NZ1951_OB
entity,en,1923_OAA907_XC,1923 OAA907 XC,1923 OAA907 XC,1923 OAA907 XC,1923 OAA907 XC,0.9,1.0,1.0,1.0,1.0,1.0,1.0,1923 OAA907 XC,1923 OAA907 XC,mt_vote,2026-03-18T12:30:47,,,,,en,en,en,1923_OAA907_XC
entity,en,1926-02-10,1926-02-10,,,,0.9,,,,,,,,1926-02-10,passthrough_number_symbols,2026-03-18T12:30:47,,,,,und,und,und,1926-02-10
entity,en,1927,1927,,,,0.9,,,,,,,,1927,passthrough_number_symbols,2026-03-18T12:30:47,,,,,und,und,und,1927
entity,en,1927-07-23,1927-07-23,,,,0.9,,,,,,,,1927-07-23,passthrough_number_symbols,2026-03-18T12:30:47,,,,,und,und,und,1927-07-23
entity,en,1928,1928,,,,0.9,,,,,,,,1928,passthrough_number_symbols,2026-03-18T12:30:47,,,,,und,und,und,1928
entity,en,1928_PC,1928 PC,1928 B.C.,1928 PC,1928 PC,0.9,0.75,0.75,1.0,0.0,0.0,1.0,1928 PC,1928 PC,mt_vote,2026-03-18T12:30:51,,,,,en,en,en,1928_PC
entity,en,1928_RQ,1928 RQ,1928 RQ,1928 RQ,1928 RQ,0.9,1.0,1.0,1.0,1.0,1.0,1.0,1928 RQ,1928 RQ,mt_vote,2026-03-18T12:30:55,,,,,en,en,en,1928_RQ
entity,en,1928_SJ,1928 SJ,1928 SJ,1928 SJ,1928 SJ,0.9,1.0,1.0,1.0,1.0,1.0,1.0,1928 SJ,1928 SJ,mt_vote,2026-03-18T12:30:59,,,,,en,en,en,1928_SJ
entity,en,1929,1929,,,,0.9,,,,,,,,1929,passthrough_number_symbols,2026-03-18T12:30:59,,,,,und,und,und,1929
entity,en,1929-06-11,1929-06-11,,,,0.9,,,,,,,,1929-06-11,passthrough_number_symbols,2026-03-18T12:30:59,,,,,und,und,und,1929-06-11
entity,en,1930,1930,,,,0.9,,,,,,,,1930,passthrough_number_symbols,2026-03-18T12:30:59,,,,,und,und,und,1930
entity,en,1930-01-20,1930-01-20,,,,0.9,,,,,,,,1930-01-20,passthrough_number_symbols,2026-03-18T12:30:59,,,,,und,und,und,1930-01-20
entity,en,1930_ST;_1952_HE4,1930 ST; 1952 HE4,1930 ST; 1952 HE4,1930 ST; 1952 HE4,1930 ST; 1952 HE4,0.9,1.0,1.0,1.0,1.0,1.0,1.0,1930 ST; 1952 HE4,1930 ST; 1952 HE4,mt_vote,2026-03-18T12:31:07,,,,,en,en,en,1930_ST;_1952_HE4
entity,en,1931,1931,,,,0.9,,,,,,,,1931,passthrough_number_symbols,2026-03-18T12:31:07,,,,,und,und,und,1931
entity,en,1932-03-15,1932-03-15,,,,0.9,,,,,,,,1932-03-15,passthrough_number_symbols,2026-03-18T12:31:07,,,,,und,und,und,1932-03-15
entity,en,1932-07-27,1932-07-27,,,,0.9,,,,,,,,1932-07-27,passthrough_number_symbols,2026-03-18T12:31:07,,,,,und,und,und,1932-07-27
entity,en,1933-10-17,1933-10-17,,,,0.9,,,,,,,,1933-10-17,passthrough_number_symbols,2026-03-18T12:31:07,,,,,und,und,und,1933-10-17
entity,en,1934-01-01,1934-01-01,,,,0.9,,,,,,,,1934-01-01,passthrough_number_symbols,2026-03-18T12:31:07,,,,,und,und,und,1934-01-01
entity,en,1935,1935,,,,0.9,,,,,,,,1935,passthrough_number_symbols,2026-03-18T12:31:07,,,,,und,und,und,1935
entity,en,1936-05-21,1936-05-21,,,,0.9,,,,,,,,1936-05-21,passthrough_number_symbols,2026-03-18T12:31:07,,,,,und,und,und,1936-05-21
entity,en,1937,1937,,,,0.9,,,,,,,,1937,passthrough_number_symbols,2026-03-18T12:31:07,,,,,und,und,und,1937
entity,en,1937-04-27,1937-04-27,,,,0.9,,,,,,,,1937-04-27,passthrough_number_symbols,2026-03-18T12:31:07,,,,,und,und,und,1937-04-27
entity,en,1937-09-21,1937-09-21,,,,0.9,,,,,,,,1937-09-21,passthrough_number_symbols,2026-03-18T12:31:07,,,,,und,und,und,1937-09-21
entity,en,1939-01-03,1939-01-03,,,,0.9,,,,,,,,1939-01-03,passthrough_number_symbols,2026-03-18T12:31:07,,,,,und,und,und,1939-01-03
entity,en,1939-12-08,1939-12-08,,,,0.9,,,,,,,,1939-12-08,passthrough_number_symbols,2026-03-18T12:31:07,,,,,und,und,und,1939-12-08
entity,en,1941,1941,,,,0.9,,,,,,,,1941,passthrough_number_symbols,2026-03-18T12:31:07,,,,,und,und,und,1941
entity,en,1941-07-03,1941-07-03,,,,0.9,,,,,,,,1941-07-03,passthrough_number_symbols,2026-03-18T12:31:07,,,,,und,und,und,1941-07-03
entity,en,1942-01-01,1942-01-01,,,,0.9,,,,,,,,1942-01-01,passthrough_number_symbols,2026-03-18T12:31:07,,,,,und,und,und,1942-01-01
entity,en,1944-07-28,1944-07-28,,,,0.9,,,,,,,,1944-07-28,passthrough_number_symbols,2026-03-18T12:31:07,,,,,und,und,und,1944-07-28
entity,en,1946-12-17,1946-12-17,,,,0.9,,,,,,,,1946-12-17,passthrough_number_symbols,2026-03-18T12:31:07,,,,,und,und,und,1946-12-17
entity,en,1947-01-01,1947-01-01,,,,0.9,,,,,,,,1947-01-01,passthrough_number_symbols,2026-03-18T12:31:07,,,,,und,und,und,1947-01-01
entity,en,1947-03-13,1947-03-13,,,,0.9,,,,,,,,1947-03-13,passthrough_number_symbols,2026-03-18T12:31:07,,,,,und,und,und,1947-03-13
entity,en,1948,1948,,,,0.9,,,,,,,,1948,passthrough_number_symbols,2026-03-18T12:31:07,,,,,und,und,und,1948
entity,en,1949-07-11,1949-07-11,,,,0.9,,,,,,,,1949-07-11,passthrough_number_symbols,2026-03-18T12:31:07,,,,,und,und,und,1949-07-11
entity,en,1950,1950,,,,0.9,,,,,,,,1950,passthrough_number_symbols,2026-03-18T12:31:07,,,,,und,und,und,1950
entity,en,1950-01-26,1950-01-26,,,,0.9,,,,,,,,1950-01-26,passthrough_number_symbols,2026-03-18T12:31:07,,,,,und,und,und,1950-01-26
entity,en,1953-01-01,1953-01-01,,,,0.9,,,,,,,,1953-01-01,passthrough_number_symbols,2026-03-18T12:31:07,,,,,und,und,und,1953-01-01
entity,en,1953-06-30,1953-06-30,,,,0.9,,,,,,,,1953-06-30,passthrough_number_symbols,2026-03-18T12:31:07,,,,,und,und,und,1953-06-30
entity,en,1954-01-01,1954-01-01,,,,0.9,,,,,,,,1954-01-01,passthrough_number_symbols,2026-03-18T12:31:07,,,,,und,und,und,1954-01-01
entity,en,1954-07-29,1954-07-29,,,,0.9,,,,,,,,1954-07-29,passthrough_number_symbols,2026-03-18T12:31:07,,,,,und,und,und,1954-07-29
entity,en,1955-01-01,1955-01-01,,,,0.9,,,,,,,,1955-01-01,passthrough_number_symbols,2026-03-18T12:31:07,,,,,und,und,und,1955-01-01
entity,en,1955-04-06,1955-04-06,,,,0.9,,,,,,,,1955-04-06,passthrough_number_symbols,2026-03-18T12:31:07,,,,,und,und,und,1955-04-06
entity,en,1956,1956,,,,0.9,,,,,,,,1956,passthrough_number_symbols,2026-03-18T12:31:07,,,,,und,und,und,1956
entity,en,1958,1958,,,,0.9,,,,,,,,1958,passthrough_number_symbols,2026-03-18T12:31:07,,,,,und,und,und,1958
entity,en,1958-01-01,1958-01-01,,,,0.9,,,,,,,,1958-01-01,passthrough_number_symbols,2026-03-18T12:31:07,,,,,und,und,und,1958-01-01
entity,en,1958-11-02,1958-11-02,,,,0.9,,,,,,,,1958-11-02,passthrough_number_symbols,2026-03-18T12:31:07,,,,,und,und,und,1958-11-02
entity,en,1959,1959,,,,0.9,,,,,,,,1959,passthrough_number_symbols,2026-03-18T12:31:07,,,,,und,und,und,1959
entity,en,1959-01-01,1959-01-01,,,,0.9,,,,,,,,1959-01-01,passthrough_number_symbols,2026-03-18T12:31:07,,,,,und,und,und,1959-01-01
entity,en,1960,1960,,,,0.9,,,,,,,,1960,passthrough_number_symbols,2026-03-18T12:31:07,,,,,und,und,und,1960
entity,en,1961,1961,,,,0.9,,,,,,,,1961,passthrough_number_symbols,2026-03-18T12:31:07,,,,,und,und,und,1961
entity,en,1962,1962,,,,0.9,,,,,,,,1962,passthrough_number_symbols,2026-03-18T12:31:07,,,,,und,und,und,1962
entity,en,1963,1963,,,,0.9,,,,,,,,1963,passthrough_number_symbols,2026-03-18T12:31:07,,,,,und,und,und,1963
entity,en,1964,1964,,,,0.9,,,,,,,,1964,passthrough_number_symbols,2026-03-18T12:31:07,,,,,und,und,und,1964
entity,en,1964-10-13,1964-10-13,,,,0.9,,,,,,,,1964-10-13,passthrough_number_symbols,2026-03-18T12:31:07,,,,,und,und,und,1964-10-13
entity,en,1965-01-03,1965-01-03,,,,0.9,,,,,,,,1965-01-03,passthrough_number_symbols,2026-03-18T12:31:07,,,,,und,und,und,1965-01-03
entity,en,1966,1966,,,,0.9,,,,,,,,1966,passthrough_number_symbols,2026-03-18T12:31:07,,,,,und,und,und,1966
entity,en,1966-02-28,1966-02-28,,,,0.9,,,,,,,,1966-02-28,passthrough_number_symbols,2026-03-18T12:31:07,,,,,und,und,und,1966-02-28
entity,en,1967_ED,1967 ED,1967 ED,1967 ED,1967 ED,0.9,1.0,1.0,1.0,1.0,1.0,1.0,1967 ED,1967 ED,mt_vote,2026-03-18T12:31:11,,,,,en,en,en,1967_ED
entity,en,1969-01-25,1969-01-25,,,,0.9,,,,,,,,1969-01-25,passthrough_number_symbols,2026-03-18T12:31:11,,,,,und,und,und,1969-01-25
entity,en,1969-09-01,1969-09-01,,,,0.9,,,,,,,,1969-09-01,passthrough_number_symbols,2026-03-18T12:31:11,,,,,und,und,und,1969-09-01
entity,en,1969:_The_Velvet_Underground_Live,1969: The Velvet Underground Live,1969: The Velvet Underground live,1969: The Velvet Underground Live,1969: The Velvet Underground Live,0.9,1.0,1.0,1.0,1.0,1.0,1.0,1969: The Velvet Underground live,1969: The Velvet Underground live,mt_vote,2026-03-18T12:31:18,,,,,en,en,en,1969:_The_Velvet_Underground_live
entity,en,1970-03-08,1970-03-08,,,,0.9,,,,,,,,1970-03-08,passthrough_number_symbols,2026-03-18T12:31:18,,,,,und,und,und,1970-03-08
entity,en,1971,1971,,,,0.9,,,,,,,,1971,passthrough_number_symbols,2026-03-18T12:31:18,,,,,und,und,und,1971
entity,en,1971-07-01,1971-07-01,,,,0.9,,,,,,,,1971-07-01,passthrough_number_symbols,2026-03-18T12:31:18,,,,,und,und,und,1971-07-01
entity,en,1972,1972,,,,0.9,,,,,,,,1972,passthrough_number_symbols,2026-03-18T12:31:18,,,,,und,und,und,1972
entity,en,1972550.0,1972550.0,,,,0.9,,,,,,,,1972550.0,passthrough_number_symbols,2026-03-18T12:31:18,,,,,und,und,und,1972550.0
entity,en,1973,1973,,,,0.9,,,,,,,,1973,passthrough_number_symbols,2026-03-18T12:31:18,,,,,und,und,und,1973
entity,en,1974,1974,,,,0.9,,,,,,,,1974,passthrough_number_symbols,2026-03-18T12:31:18,,,,,und,und,und,1974
entity,en,1974-03-04,1974-03-04,,,,0.9,,,,,,,,1974-03-04,passthrough_number_symbols,2026-03-18T12:31:18,,,,,und,und,und,1974-03-04
entity,en,1974-08-01,1974-08-01,,,,0.9,,,,,,,,1974-08-01,passthrough_number_symbols,2026-03-18T12:31:18,,,,,und,und,und,1974-08-01
entity,en,1976,1976,,,,0.9,,,,,,,,1976,passthrough_number_symbols,2026-03-18T12:31:18,,,,,und,und,und,1976
entity,en,1976-07-01,1976-07-01,,,,0.9,,,,,,,,1976-07-01,passthrough_number_symbols,2026-03-18T12:31:18,,,,,und,und,und,1976-07-01
entity,en,1977-01-01,1977-01-01,,,,0.9,,,,,,,,1977-01-01,passthrough_number_symbols,2026-03-18T12:31:18,,,,,und,und,und,1977-01-01
entity,en,1977-11-30,1977-11-30,,,,0.9,,,,,,,,1977-11-30,passthrough_number_symbols,2026-03-18T12:31:18,,,,,und,und,und,1977-11-30
entity,en,1978,1978,,,,0.9,,,,,,,,1978,passthrough_number_symbols,2026-03-18T12:31:18,,,,,und,und,und,1978
entity,en,1978-11-12,1978-11-12,,,,0.9,,,,,,,,1978-11-12,passthrough_number_symbols,2026-03-18T12:31:18,,,,,und,und,und,1978-11-12
entity,en,1979-03-30,1979-03-30,,,,0.9,,,,,,,,1979-03-30,passthrough_number_symbols,2026-03-18T12:31:18,,,,,und,und,und,1979-03-30
entity,en,1980-04-23,1980-04-23,,,,0.9,,,,,,,,1980-04-23,passthrough_number_symbols,2026-03-18T12:31:18,,,,,und,und,und,1980-04-23
entity,en,1981,1981,,,,0.9,,,,,,,,1981,passthrough_number_symbols,2026-03-18T12:31:18,,,,,und,und,und,1981
entity,en,1981-02-04,1981-02-04,,,,0.9,,,,,,,,1981-02-04,passthrough_number_symbols,2026-03-18T12:31:18,,,,,und,und,und,1981-02-04
entity,en,1981-04-03,1981-04-03,,,,0.9,,,,,,,,1981-04-03,passthrough_number_symbols,2026-03-18T12:31:18,,,,,und,und,und,1981-04-03
entity,en,1982,1982,,,,0.9,,,,,,,,1982,passthrough_number_symbols,2026-03-18T12:31:18,,,,,und,und,und,1982
entity,en,1982-07-23,1982-07-23,,,,0.9,,,,,,,,1982-07-23,passthrough_number_symbols,2026-03-18T12:31:18,,,,,und,und,und,1982-07-23
entity,en,1982.0,1982.0,,,,0.9,,,,,,,,1982.0,passthrough_number_symbols,2026-03-18T12:31:18,,,,,und,und,und,1982.0
entity,en,1983,1983,,,,0.9,,,,,,,,1983,passthrough_number_symbols,2026-03-18T12:31:18,,,,,und,und,und,1983
entity,en,1983-10-03,1983-10-03,,,,0.9,,,,,,,,1983-10-03,passthrough_number_symbols,2026-03-18T12:31:18,,,,,und,und,und,1983-10-03
entity,en,1985,1985,,,,0.9,,,,,,,,1985,passthrough_number_symbols,2026-03-18T12:31:18,,,,,und,und,und,1985
entity,en,1986,1986,,,,0.9,,,,,,,,1986,passthrough_number_symbols,2026-03-18T12:31:18,,,,,und,und,und,1986
entity,en,1986-04-15,1986-04-15,,,,0.9,,,,,,,,1986-04-15,passthrough_number_symbols,2026-03-18T12:31:18,,,,,und,und,und,1986-04-15
entity,en,1986-08-11,1986-08-11,,,,0.9,,,,,,,,1986-08-11,passthrough_number_symbols,2026-03-18T12:31:18,,,,,und,und,und,1986-08-11
entity,en,1986-10-12,1986-10-12,,,,0.9,,,,,,,,1986-10-12,passthrough_number_symbols,2026-03-18T12:31:18,,,,,und,und,und,1986-10-12
entity,en,1987,1987,,,,0.9,,,,,,,,1987,passthrough_number_symbols,2026-03-18T12:31:18,,,,,und,und,und,1987
entity,en,1987-02-27,1987-02-27,,,,0.9,,,,,,,,1987-02-27,passthrough_number_symbols,2026-03-18T12:31:18,,,,,und,und,und,1987-02-27
entity,en,1987-08-25,1987-08-25,,,,0.9,,,,,,,,1987-08-25,passthrough_number_symbols,2026-03-18T12:31:18,,,,,und,und,und,1987-08-25
entity,en,1987-09-27,1987-09-27,,,,0.9,,,,,,,,1987-09-27,passthrough_number_symbols,2026-03-18T12:31:18,,,,,und,und,und,1987-09-27
entity,en,1988,1988,,,,0.9,,,,,,,,1988,passthrough_number_symbols,2026-03-18T12:31:18,,,,,und,und,und,1988
entity,en,1988-01-08,1988-01-08,,,,0.9,,,,,,,,1988-01-08,passthrough_number_symbols,2026-03-18T12:31:18,,,,,und,und,und,1988-01-08
entity,en,1988-11-22,1988-11-22,,,,0.9,,,,,,,,1988-11-22,passthrough_number_symbols,2026-03-18T12:31:18,,,,,und,und,und,1988-11-22
entity,en,198803.0,198803.0,,,,0.9,,,,,,,,198803.0,passthrough_number_symbols,2026-03-18T12:31:18,,,,,und,und,und,198803.0
entity,en,1989,1989,,,,0.9,,,,,,,,1989,passthrough_number_symbols,2026-03-18T12:31:18,,,,,und,und,und,1989
entity,en,1989-01-01,1989-01-01,,,,0.9,,,,,,,,1989-01-01,passthrough_number_symbols,2026-03-18T12:31:18,,,,,und,und,und,1989-01-01
entity,en,1989-02-24,1989-02-24,,,,0.9,,,,,,,,1989-02-24,passthrough_number_symbols,2026-03-18T12:31:18,,,,,und,und,und,1989-02-24
entity,en,1989-05-09,1989-05-09,,,,0.9,,,,,,,,1989-05-09,passthrough_number_symbols,2026-03-18T12:31:18,,,,,und,und,und,1989-05-09
entity,en,1989-07-10,1989-07-10,,,,0.9,,,,,,,,1989-07-10,passthrough_number_symbols,2026-03-18T12:31:18,,,,,und,und,und,1989-07-10
entity,en,1990,1990,,,,0.9,,,,,,,,1990,passthrough_number_symbols,2026-03-18T12:31:18,,,,,und,und,und,1990
entity,en,1991-12-09,1991-12-09,,,,0.9,,,,,,,,1991-12-09,passthrough_number_symbols,2026-03-18T12:31:18,,,,,und,und,und,1991-12-09
entity,en,1994,1994,,,,0.9,,,,,,,,1994,passthrough_number_symbols,2026-03-18T12:31:18,,,,,und,und,und,1994
entity,en,1994-06-14,1994-06-14,,,,0.9,,,,,,,,1994-06-14,passthrough_number_symbols,2026-03-18T12:31:18,,,,,und,und,und,1994-06-14
entity,en,1995,1995,,,,0.9,,,,,,,,1995,passthrough_number_symbols,2026-03-18T12:31:18,,,,,und,und,und,1995
entity,en,1995-09-02,1995-09-02,,,,0.9,,,,,,,,1995-09-02,passthrough_number_symbols,2026-03-18T12:31:18,,,,,und,und,und,1995-09-02
entity,en,1996,1996,,,,0.9,,,,,,,,1996,passthrough_number_symbols,2026-03-18T12:31:18,,,,,und,und,und,1996
entity,en,1996-05-30,1996-05-30,,,,0.9,,,,,,,,1996-05-30,passthrough_number_symbols,2026-03-18T12:31:18,,,,,und,und,und,1996-05-30
entity,en,1996-06-04,1996-06-04,,,,0.9,,,,,,,,1996-06-04,passthrough_number_symbols,2026-03-18T12:31:18,,,,,und,und,und,1996-06-04
entity,en,1997,1997,,,,0.9,,,,,,,,1997,passthrough_number_symbols,2026-03-18T12:31:18,,,,,und,und,und,1997
entity,en,1998,1998,,,,0.9,,,,,,,,1998,passthrough_number_symbols,2026-03-18T12:31:18,,,,,und,und,und,1998
entity,en,1998-03-16,1998-03-16,,,,0.9,,,,,,,,1998-03-16,passthrough_number_symbols,2026-03-18T12:31:18,,,,,und,und,und,1998-03-16
entity,en,1998-07-21,1998-07-21,,,,0.9,,,,,,,,1998-07-21,passthrough_number_symbols,2026-03-18T12:31:18,,,,,und,und,und,1998-07-21
entity,en,1999,1999,,,,0.9,,,,,,,,1999,passthrough_number_symbols,2026-03-18T12:31:18,,,,,und,und,und,1999
entity,en,1999-05-29,1999-05-29,,,,0.9,,,,,,,,1999-05-29,passthrough_number_symbols,2026-03-18T12:31:18,,,,,und,und,und,1999-05-29
entity,en,1999_SN5,1999 SN5,1999 SN5,1999 SN5,1999 SN5,0.9,1.0,1.0,1.0,1.0,1.0,1.0,1999 SN5,1999 SN5,mt_vote,2026-03-18T12:31:23,,,,,en,en,en,1999_SN5
entity,en,1_de_desembre_de_1918_Universitat,1 de desembre de 1918 Universitat,1 December 1918 University,"December 1, 1918 University","December 1, 1918 University",0.9,0.9057,0.9057,1.0,1.0,1.0,1.0,"December 1, 1918 University","December 1, 1918 University",mt_vote,2026-03-18T12:31:29,,,,,en,en,en,"December_1,_1918_University"
entity,en,1r_Regiment_de_Cavalleria_Voluntària_de_Nou_Mèxic,1r Regiment de Cavalleria Voluntària de Nou Mèxic,1st New Mexico Volunteer Cavalry Regiment,1st New Mexico Volunteer Cavalry Regiment,1st New Mexico Volunteer Cavalry Regiment,0.9,1.0,1.0,1.0,1.0,1.0,1.0,1st New Mexico Volunteer Cavalry Regiment,1st New Mexico Volunteer Cavalry Regiment,mt_vote,2026-03-18T12:31:36,,,,,en,en,en,1st_New_Mexico_Volunteer_Cavalry_Regiment
entity,en,2,2,,,,0.9,,,,,,,,2,passthrough_number_symbols,2026-03-18T12:31:36,,,,,und,und,und,2
entity,en,2.032,2.032,,,,0.9,,,,,,,,2.032,passthrough_number_symbols,2026-03-18T12:31:36,,,,,und,und,und,2.032
entity,en,2.0_(grams_per_centímetre_cúbic),2.0 (grams per centímetre cúbic),2.0 (grams for each cubic centimeter),2.0 (grams per cubic centimeter),2.0 (grams per cubic centimeter),0.9,0.8696,0.8696,1.0,0.0,0.0,1.0,2.0 (grams per cubic centimeter),2.0 (grams per cubic centimeter),mt_vote,2026-03-18T12:31:42,,,,,en,en,en,2.0_(grams_per_cubic_centimeter)
entity,en,2.4_(litres),2.4 (litres),2.4 (liters),2.4 (litres),2.4 (litres),0.9,0.0,0.0,1.0,0.0,0.0,1.0,2.4 (litres),2.4 (litres),mt_vote_revoted_gte_langfilter,2026-03-19T13:40:56,,1.0,1.0,salamandra,en,fr,fr,2.4_(litres)
entity,en,2.5_(litres),2.5 (litres),Of a capacity not exceeding 2 litres,2.5 (litres),2.5 (litres),0.9,0.0,0.0,1.0,0.0,0.0,1.0,2.5 (litres),2.5 (litres),mt_vote_revoted_gte_langfilter,2026-03-19T13:40:56,,1.0,1.0,salamandra,en,fr,fr,2.5_(litres)
entity,en,2.7_(quilograms),2.7 (quilograms),Weighing not less than 10 g/m2,2.7 (kilograms),2.7 (kilograms),0.9,0.0,0.0,1.0,0.0,0.0,1.0,2.7 (kilograms),2.7 (kilograms),mt_vote_revoted_gte_langfilter,2026-03-19T13:40:56,,0.7610485553741455,0.7610485553741455,salamandra,en,ro,ro,2.7_(kilograms)
entity,en,2/20,2/20,,,,0.9,,,,,,,,2/20,passthrough_number_symbols,2026-03-18T12:31:56,,,,,und,und,und,2/20
entity,en,20,20,,,,0.9,,,,,,,,20,passthrough_number_symbols,2026-03-18T12:31:56,,,,,und,und,und,20
entity,en,2000,2000,,,,0.9,,,,,,,,2000,passthrough_number_symbols,2026-03-18T12:31:56,,,,,und,und,und,2000
entity,en,2000-01-01,2000-01-01,,,,0.9,,,,,,,,2000-01-01,passthrough_number_symbols,2026-03-18T12:31:56,,,,,und,und,und,2000-01-01
entity,en,2000000.0,2000000.0,,,,0.9,,,,,,,,2000000.0,passthrough_number_symbols,2026-03-18T12:31:56,,,,,und,und,und,2000000.0
entity,en,2001,2001,,,,0.9,,,,,,,,2001,passthrough_number_symbols,2026-03-18T12:31:56,,,,,und,und,und,2001
entity,en,2001-01-01,2001-01-01,,,,0.9,,,,,,,,2001-01-01,passthrough_number_symbols,2026-03-18T12:31:56,,,,,und,und,und,2001-01-01
entity,en,2001-03-01,2001-03-01,,,,0.9,,,,,,,,2001-03-01,passthrough_number_symbols,2026-03-18T12:31:56,,,,,und,und,und,2001-03-01
entity,en,2001-10-16,2001-10-16,,,,0.9,,,,,,,,2001-10-16,passthrough_number_symbols,2026-03-18T12:31:56,,,,,und,und,und,2001-10-16
entity,en,2002-12-05,2002-12-05,,,,0.9,,,,,,,,2002-12-05,passthrough_number_symbols,2026-03-18T12:31:56,,,,,und,und,und,2002-12-05
entity,en,2002-12-11,2002-12-11,,,,0.9,,,,,,,,2002-12-11,passthrough_number_symbols,2026-03-18T12:31:56,,,,,und,und,und,2002-12-11
entity,en,2003,2003,,,,0.9,,,,,,,,2003,passthrough_number_symbols,2026-03-18T12:31:56,,,,,und,und,und,2003
entity,en,2003-01-01,2003-01-01,,,,0.9,,,,,,,,2003-01-01,passthrough_number_symbols,2026-03-18T12:31:56,,,,,und,und,und,2003-01-01
entity,en,2003-09-27,2003-09-27,,,,0.9,,,,,,,,2003-09-27,passthrough_number_symbols,2026-03-18T12:31:56,,,,,und,und,und,2003-09-27
entity,en,2003.0,2003.0,,,,0.9,,,,,,,,2003.0,passthrough_number_symbols,2026-03-18T12:31:56,,,,,und,und,und,2003.0
entity,en,2004,2004,,,,0.9,,,,,,,,2004,passthrough_number_symbols,2026-03-18T12:31:56,,,,,und,und,und,2004
entity,en,2004-01-22,2004-01-22,,,,0.9,,,,,,,,2004-01-22,passthrough_number_symbols,2026-03-18T12:31:56,,,,,und,und,und,2004-01-22
entity,en,2004-03-02,2004-03-02,,,,0.9,,,,,,,,2004-03-02,passthrough_number_symbols,2026-03-18T12:31:56,,,,,und,und,und,2004-03-02
entity,en,2004-07-14,2004-07-14,,,,0.9,,,,,,,,2004-07-14,passthrough_number_symbols,2026-03-18T12:31:56,,,,,und,und,und,2004-07-14
entity,en,2004-08-31,2004-08-31,,,,0.9,,,,,,,,2004-08-31,passthrough_number_symbols,2026-03-18T12:31:56,,,,,und,und,und,2004-08-31
entity,en,2004-10-22,2004-10-22,,,,0.9,,,,,,,,2004-10-22,passthrough_number_symbols,2026-03-18T12:31:56,,,,,und,und,und,2004-10-22
entity,en,2004-12-16,2004-12-16,,,,0.9,,,,,,,,2004-12-16,passthrough_number_symbols,2026-03-18T12:31:56,,,,,und,und,und,2004-12-16
entity,en,2004-12-18,2004-12-18,,,,0.9,,,,,,,,2004-12-18,passthrough_number_symbols,2026-03-18T12:31:56,,,,,und,und,und,2004-12-18
entity,en,2005,2005,,,,0.9,,,,,,,,2005,passthrough_number_symbols,2026-03-18T12:31:56,,,,,und,und,und,2005
entity,en,2005-04-06,2005-04-06,,,,0.9,,,,,,,,2005-04-06,passthrough_number_symbols,2026-03-18T12:31:56,,,,,und,und,und,2005-04-06
entity,en,2005-04-07,2005-04-07,,,,0.9,,,,,,,,2005-04-07,passthrough_number_symbols,2026-03-18T12:31:56,,,,,und,und,und,2005-04-07
entity,en,2005-040A,2005-040A,2005-040A,2005-040A,2005-040A,0.9,1.0,1.0,1.0,1.0,1.0,1.0,2005-040A,2005-040A,mt_vote,2026-03-18T12:32:04,,,,,en,en,en,2005-040A
entity,en,2005-05-05,2005-05-05,,,,0.9,,,,,,,,2005-05-05,passthrough_number_symbols,2026-03-18T12:32:04,,,,,und,und,und,2005-05-05
entity,en,2005-08-11,2005-08-11,,,,0.9,,,,,,,,2005-08-11,passthrough_number_symbols,2026-03-18T12:32:04,,,,,und,und,und,2005-08-11
entity,en,2005-11-26,2005-11-26,,,,0.9,,,,,,,,2005-11-26,passthrough_number_symbols,2026-03-18T12:32:04,,,,,und,und,und,2005-11-26
entity,en,2006,2006,,,,0.9,,,,,,,,2006,passthrough_number_symbols,2026-03-18T12:32:04,,,,,und,und,und,2006
entity,en,2006-03-06,2006-03-06,,,,0.9,,,,,,,,2006-03-06,passthrough_number_symbols,2026-03-18T12:32:04,,,,,und,und,und,2006-03-06
entity,en,2006-09-06,2006-09-06,,,,0.9,,,,,,,,2006-09-06,passthrough_number_symbols,2026-03-18T12:32:04,,,,,und,und,und,2006-09-06
entity,en,2006-12-31,2006-12-31,,,,0.9,,,,,,,,2006-12-31,passthrough_number_symbols,2026-03-18T12:32:04,,,,,und,und,und,2006-12-31
entity,en,2008-03-09,2008-03-09,,,,0.9,,,,,,,,2008-03-09,passthrough_number_symbols,2026-03-18T12:32:04,,,,,und,und,und,2008-03-09
entity,en,2008-12-17,2008-12-17,,,,0.9,,,,,,,,2008-12-17,passthrough_number_symbols,2026-03-18T12:32:04,,,,,und,und,und,2008-12-17
entity,en,2009,2009,,,,0.9,,,,,,,,2009,passthrough_number_symbols,2026-03-18T12:32:04,,,,,und,und,und,2009
entity,en,2009-03-22,2009-03-22,,,,0.9,,,,,,,,2009-03-22,passthrough_number_symbols,2026-03-18T12:32:04,,,,,und,und,und,2009-03-22
entity,en,2009-04-04,2009-04-04,,,,0.9,,,,,,,,2009-04-04,passthrough_number_symbols,2026-03-18T12:32:04,,,,,und,und,und,2009-04-04
entity,en,2009-06-01,2009-06-01,,,,0.9,,,,,,,,2009-06-01,passthrough_number_symbols,2026-03-18T12:32:04,,,,,und,und,und,2009-06-01
entity,en,2009-10-02,2009-10-02,,,,0.9,,,,,,,,2009-10-02,passthrough_number_symbols,2026-03-18T12:32:04,,,,,und,und,und,2009-10-02
entity,en,2009-12-18,2009-12-18,,,,0.9,,,,,,,,2009-12-18,passthrough_number_symbols,2026-03-18T12:32:04,,,,,und,und,und,2009-12-18
entity,en,200_Plaça_Pública,200 Plaça Pública,200 public square,200 Public square,200 Public Square,0.9,1.0,1.0,1.0,1.0,1.0,1.0,200 public square,200 public square,mt_vote,2026-03-18T12:32:09,,,,,en,en,en,200_public_square
entity,en,2010-10-31,2010-10-31,,,,0.9,,,,,,,,2010-10-31,passthrough_number_symbols,2026-03-18T12:32:09,,,,,und,und,und,2010-10-31
entity,en,2011,2011,,,,0.9,,,,,,,,2011,passthrough_number_symbols,2026-03-18T12:32:09,,,,,und,und,und,2011
entity,en,2011-08-27,2011-08-27,,,,0.9,,,,,,,,2011-08-27,passthrough_number_symbols,2026-03-18T12:32:09,,,,,und,und,und,2011-08-27
entity,en,2012-12-27,2012-12-27,,,,0.9,,,,,,,,2012-12-27,passthrough_number_symbols,2026-03-18T12:32:09,,,,,und,und,und,2012-12-27
entity,en,2013-02-09.._(anglès),2013-02-09.. (anglès),2013-02-09.. (English),Retrieved 2013-02-09..,2013-02-09. (English),0.9,0.0,0.9767,0.0,0.0,1.0,0.0,2013-02-09.. (English),2013-02-09.. (English),mt_vote_revoted_gte_langfilter,2026-03-19T13:40:56,0.9664260149002076,,0.9621686935424804,nllb,it,en,it,2013-02-09.._(English)
entity,en,2013-03-11,2013-03-11,,,,0.9,,,,,,,,2013-03-11,passthrough_number_symbols,2026-03-18T12:32:16,,,,,und,und,und,2013-03-11
entity,en,2013-03-16,2013-03-16,,,,0.9,,,,,,,,2013-03-16,passthrough_number_symbols,2026-03-18T12:32:16,,,,,und,und,und,2013-03-16
entity,en,2013-03-17,2013-03-17,,,,0.9,,,,,,,,2013-03-17,passthrough_number_symbols,2026-03-18T12:32:16,,,,,und,und,und,2013-03-17
entity,en,2013-04-21,2013-04-21,,,,0.9,,,,,,,,2013-04-21,passthrough_number_symbols,2026-03-18T12:32:16,,,,,und,und,und,2013-04-21
entity,en,2013-09-18,2013-09-18,,,,0.9,,,,,,,,2013-09-18,passthrough_number_symbols,2026-03-18T12:32:16,,,,,und,und,und,2013-09-18
entity,en,2013-09-28,2013-09-28,,,,0.9,,,,,,,,2013-09-28,passthrough_number_symbols,2026-03-18T12:32:16,,,,,und,und,und,2013-09-28
entity,en,2013-11-04,2013-11-04,,,,0.9,,,,,,,,2013-11-04,passthrough_number_symbols,2026-03-18T12:32:16,,,,,und,und,und,2013-11-04
entity,en,2014,2014,,,,0.9,,,,,,,,2014,passthrough_number_symbols,2026-03-18T12:32:16,,,,,und,und,und,2014
entity,en,2014-01-09,2014-01-09,,,,0.9,,,,,,,,2014-01-09,passthrough_number_symbols,2026-03-18T12:32:16,,,,,und,und,und,2014-01-09
entity,en,2014-07-13,2014-07-13,,,,0.9,,,,,,,,2014-07-13,passthrough_number_symbols,2026-03-18T12:32:16,,,,,und,und,und,2014-07-13
entity,en,2014-10-28,2014-10-28,,,,0.9,,,,,,,,2014-10-28,passthrough_number_symbols,2026-03-18T12:32:16,,,,,und,und,und,2014-10-28
entity,en,"2014-15_A_EPSTH,_Grècia","2014-15 A EPSTH, Grècia","2014-15 At EPSTH, Greece","2014-15 A EPSTH, Greece","2014-15 A EPSTH, Greece",0.9,0.9787,0.9787,1.0,1.0,1.0,1.0,"2014-15 A EPSTH, Greece","2014-15 A EPSTH, Greece",mt_vote,2026-03-18T12:32:24,,,,,en,en,en,"2014-15_A_EPSTH,_Greece"
entity,en,2014-15_Primera_Divisió_de_Rússia.,2014-15 Primera Divisió de Rússia.,2014-15 Russian First Division.,2014–15 Russian First Division.,2014-15 Russian First Division.,0.9,0.9677,1.0,0.9677,1.0,1.0,1.0,2014-15 Russian First Division.,2014-15 Russian First Division.,mt_vote,2026-03-18T12:32:31,,,,,en,en,en,2014-15_Russian_First_Division.
entity,en,2014-15_Segona_Divisió.,2014-15 Segona Divisió.,2014-15 Second Division.,2014-15 Segunda División.,2014-15 Second Division.,0.9,0.0,0.0,0.0,0.0,0.0,0.0,2014-15 Segunda División.,2014-15 Segunda División.,mt_vote_revoted_gte_langfilter,2026-03-19T13:40:56,,0.9385528564453124,,madlad,en,gl,en,2014-15_Segunda_División.
entity,en,2014-2015_(anglès),2014-2015 (anglès),2014-2015 (English),2014-2015 (English),2014-2015 (English),0.9,1.0,1.0,1.0,1.0,1.0,1.0,2014-2015 (English),2014-2015 (English),mt_vote_revoted_gte_langfilter,2026-03-19T13:40:56,0.9701540470123292,0.9701540470123292,0.9701540470123292,nllb,it,it,it,2014-2015_(English)
entity,en,2014.0,2014.0,,,,0.9,,,,,,,,2014.0,passthrough_number_symbols,2026-03-18T12:32:45,,,,,und,und,und,2014.0
entity,en,201415_Bundesliga,201415 Bundesliga,2014-15 Bundesliga season,2014–15 Bundesliga,201415 Bundesliga,0.9,0.7907,0.8095,0.9714,0.0,0.0,1.0,201415 Bundesliga,201415 Bundesliga,mt_vote_revoted_gte_langfilter,2026-03-19T13:40:56,0.9584389925003052,0.977770447731018,1.0,salamandra,et,de,de,201415_Bundesliga
entity,en,201415_Football_League_(Grècia),201415 Football League (Grècia),201415 Football League (Greece),201415 Football League (Greece),201415 Football League (Greece),0.9,1.0,1.0,1.0,1.0,1.0,1.0,201415 Football League (Greece),201415 Football League (Greece),mt_vote,2026-03-18T12:32:59,,,,,en,en,en,201415_Football_League_(Greece)
entity,en,201415_North_West_Counties_Football_League,201415 North West Counties Football League,201415 North West Counties Football League,2014–15 North West Counties Football League,201415 North West Counties Football League,0.9,0.9882,1.0,0.9882,1.0,1.0,1.0,201415 North West Counties Football League,201415 North West Counties Football League,mt_vote,2026-03-18T12:33:06,,,,,en,en,en,201415_North_West_Counties_Football_League
entity,en,201415_Premier_League_d'Azerbaidjan,201415 Premier League d'Azerbaidjan,201415 Premier League of Azerbaijan,201415 Azerbaijan Premier League,201415 Azerbaijan Premier League,0.9,0.0,0.0,1.0,0.0,0.0,1.0,201415 Azerbaijan Premier League,201415 Azerbaijan Premier League,mt_vote_revoted_gte_langfilter,2026-03-19T13:40:56,,0.9715360403060912,0.9715360403060912,salamandra,en,fr,fr,201415_Azerbaijan_Premier_League
entity,en,201415_Serie_B,201415 Serie B,201415 Series B,2014–15 Serie B,201415 Serie B,0.9,0.0,0.0,0.9655,0.0,0.0,1.0,201415 Serie B,201415 Serie B,mt_vote_revoted_gte_langfilter,2026-03-19T13:40:56,,0.9689722061157228,1.0,salamandra,en,ro,ro,201415_Serie_B
entity,en,2015,2015,,,,0.9,,,,,,,,2015,passthrough_number_symbols,2026-03-18T12:33:19,,,,,und,und,und,2015
entity,en,2015-06-27,2015-06-27,,,,0.9,,,,,,,,2015-06-27,passthrough_number_symbols,2026-03-18T12:33:19,,,,,und,und,und,2015-06-27
entity,en,2015_Campeonato_Brasileiro_Série_C,2015 Campeonato Brasileiro Série C,2015 Brazilian Championship Série C,2015 Campeonato Brasileiro Série C,2015 Campeonato Brasileiro Série C,0.9,0.5797,0.5797,1.0,0.0,0.0,1.0,2015 Campeonato Brasileiro Série C,2015 Campeonato Brasileiro Série C,mt_vote_revoted_gte_langfilter,2026-03-19T13:40:56,0.926697552204132,1.0,1.0,salamandra,fr,pt,pt,2015_Campeonato_Brasileiro_Série_C
entity,en,20378.5,20378.5,,,,0.9,,,,,,,,20378.5,passthrough_number_symbols,2026-03-18T12:33:26,,,,,und,und,und,20378.5
entity,en,204.0,204.0,,,,0.9,,,,,,,,204.0,passthrough_number_symbols,2026-03-18T12:33:26,,,,,und,und,und,204.0
entity,en,20769100000.0,20769100000.0,,,,0.9,,,,,,,,20769100000.0,passthrough_number_symbols,2026-03-18T12:33:26,,,,,und,und,und,20769100000.0
entity,en,20_Fenchurch_Street,20 Fenchurch Street,20 Fenchurch Street,20 Fenchurch Street,20 Fenchurch Street,0.9,1.0,1.0,1.0,1.0,1.0,1.0,20 Fenchurch Street,20 Fenchurch Street,mt_vote,2026-03-18T12:33:30,,,,,en,en,en,20_Fenchurch_Street
entity,en,21.2,21.2,,,,0.9,,,,,,,,21.2,passthrough_number_symbols,2026-03-18T12:33:30,,,,,und,und,und,21.2
entity,en,210,210,,,,0.9,,,,,,,,210,passthrough_number_symbols,2026-03-18T12:33:30,,,,,und,und,und,210
entity,en,21000,21000,,,,0.9,,,,,,,,21000,passthrough_number_symbols,2026-03-18T12:33:30,,,,,und,und,und,21000
entity,en,211,211,,,,0.9,,,,,,,,211,passthrough_number_symbols,2026-03-18T12:33:30,,,,,und,und,und,211
entity,en,211.0_(kelvins),211.0 (kelvins),211.0 (Kelvin),211.0 (kelvin),211.0 (kelvins),0.9,0.0,0.0,0.0,0.0,0.0,0.0,211.0 (Kelvin),211.0 (Kelvin),mt_vote_revoted_gte_langfilter,2026-03-19T13:40:56,0.9433164596557616,,,nllb,mt,en,en,211.0_(Kelvin)
entity,en,211200000,211200000,,,,0.9,,,,,,,,211200000,passthrough_number_symbols,2026-03-18T12:33:37,,,,,und,und,und,211200000
entity,en,214.0,214.0,,,,0.9,,,,,,,,214.0,passthrough_number_symbols,2026-03-18T12:33:37,,,,,und,und,und,214.0
entity,en,2158,2158,,,,0.9,,,,,,,,2158,passthrough_number_symbols,2026-03-18T12:33:37,,,,,und,und,und,2158
entity,en,2158-3226,2158-3226,,,,0.9,,,,,,,,2158-3226,passthrough_number_symbols,2026-03-18T12:33:37,,,,,und,und,und,2158-3226
entity,en,2160.0_(mil·límetres),2160.0 (mil·límetres),"For the purposes of this Regulation, the following definitions shall apply:",2160.0 (mm),2160.0 (millimetres),0.9,0.0,0.0,0.0,0.0,0.0,0.0,2160.0 (millimetres),2160.0 (millimetres),mt_vote_revoted_gte_langfilter,2026-03-19T13:40:56,,,0.9716290235519408,salamandra,en,en,fr,2160.0_(millimetres)
entity,en,2194.0,2194.0,,,,0.9,,,,,,,,2194.0,passthrough_number_symbols,2026-03-18T12:33:43,,,,,und,und,und,2194.0
entity,en,2195.0,2195.0,,,,0.9,,,,,,,,2195.0,passthrough_number_symbols,2026-03-18T12:33:43,,,,,und,und,und,2195.0
entity,en,22,22,,,,0.9,,,,,,,,22,passthrough_number_symbols,2026-03-18T12:33:43,,,,,und,und,und,22
entity,en,22.1,22.1,,,,0.9,,,,,,,,22.1,passthrough_number_symbols,2026-03-18T12:33:43,,,,,und,und,und,22.1
entity,en,2215.0,2215.0,,,,0.9,,,,,,,,2215.0,passthrough_number_symbols,2026-03-18T12:33:43,,,,,und,und,und,2215.0
entity,en,22591.38,22591.38,,,,0.9,,,,,,,,22591.38,passthrough_number_symbols,2026-03-18T12:33:43,,,,,und,und,und,22591.38
entity,en,229,229,,,,0.9,,,,,,,,229,passthrough_number_symbols,2026-03-18T12:33:43,,,,,und,und,und,229
entity,en,23,23,,,,0.9,,,,,,,,23,passthrough_number_symbols,2026-03-18T12:33:43,,,,,und,und,und,23
entity,en,23.0,23.0,,,,0.9,,,,,,,,23.0,passthrough_number_symbols,2026-03-18T12:33:43,,,,,und,und,und,23.0
entity,en,23.8,23.8,,,,0.9,,,,,,,,23.8,passthrough_number_symbols,2026-03-18T12:33:43,,,,,und,und,und,23.8
entity,en,230.05,230.05,,,,0.9,,,,,,,,230.05,passthrough_number_symbols,2026-03-18T12:33:43,,,,,und,und,und,230.05
entity,en,230_(pulgades_cúbiques),230 (pulgades cúbiques),230 (cubic inches),230 (cubic inches),230 (cubic inches),0.9,1.0,1.0,1.0,1.0,1.0,1.0,230 (cubic inches),230 (cubic inches),mt_vote,2026-03-18T12:33:48,,,,,en,en,en,230_(cubic_inches)
entity,en,233,233,,,,0.9,,,,,,,,233,passthrough_number_symbols,2026-03-18T12:33:48,,,,,und,und,und,233
entity,en,"233,9_(kilòmetres_quadrats)","233,9 (kilòmetres quadrats)",233.9 (square miles),233.9 (square kilometers),233.9 (square kilometres),0.9,0.0,0.0,0.0,0.0,0.0,0.0,233.9 (square kilometers),233.9 (square kilometers),mt_vote_revoted_gte_langfilter,2026-03-19T13:40:56,,0.9475315809249878,,madlad,en,ro,en,233.9_(square_kilometers)
entity,en,"234,_330","234,_330",,,,0.9,,,,,,,,"234,_330",passthrough_number_symbols,2026-03-18T12:33:55,,,,,und,und,und,"234,_330"
entity,en,2368.05_(dies),2368.05 (dies),2368.05 (days),2368.05 (days),2368.05 (days),0.9,1.0,1.0,1.0,1.0,1.0,1.0,2368.05 (days),2368.05 (days),mt_vote,2026-03-18T12:34:01,,,,,en,en,en,2368.05_(days)
entity,en,23900,23900,,,,0.9,,,,,,,,23900,passthrough_number_symbols,2026-03-18T12:34:01,,,,,und,und,und,23900
entity,en,23rd_Street_(Manhattan),23rd Street (Manhattan),23rd Street (Manhattan),23rd Street (Manhattan),23rd Street (Manhattan),0.9,1.0,1.0,1.0,1.0,1.0,1.0,23rd Street (Manhattan),23rd Street (Manhattan),mt_vote,2026-03-18T12:34:06,,,,,en,en,en,23rd_Street_(Manhattan)
entity,en,24.0,24.0,,,,0.9,,,,,,,,24.0,passthrough_number_symbols,2026-03-18T12:34:06,,,,,und,und,und,24.0
entity,en,24.4,24.4,,,,0.9,,,,,,,,24.4,passthrough_number_symbols,2026-03-18T12:34:06,,,,,und,und,und,24.4
entity,en,2439.0,2439.0,,,,0.9,,,,,,,,2439.0,passthrough_number_symbols,2026-03-18T12:34:06,,,,,und,und,und,2439.0
entity,en,245.0,245.0,,,,0.9,,,,,,,,245.0,passthrough_number_symbols,2026-03-18T12:34:06,,,,,und,und,und,245.0
entity,en,248,248,,,,0.9,,,,,,,,248,passthrough_number_symbols,2026-03-18T12:34:06,,,,,und,und,und,248
entity,en,25,25,,,,0.9,,,,,,,,25,passthrough_number_symbols,2026-03-18T12:34:06,,,,,und,und,und,25
entity,en,"25,2_(kilòmetres_quadrats)","25,2 (kilòmetres quadrats)",25.2 (square miles),25.2 (square kilometers),25.2 (square kilometres),0.9,0.0,0.0,0.0,0.0,0.0,0.0,25.2 (square kilometers),25.2 (square kilometers),mt_vote_revoted_gte_langfilter,2026-03-19T13:40:56,,0.9575937390327454,,madlad,en,ro,en,25.2_(square_kilometers)
entity,en,25.0,25.0,,,,0.9,,,,,,,,25.0,passthrough_number_symbols,2026-03-18T12:34:12,,,,,und,und,und,25.0
entity,en,250,250,,,,0.9,,,,,,,,250,passthrough_number_symbols,2026-03-18T12:34:12,,,,,und,und,und,250
entity,en,250493000000.0,250493000000.0,,,,0.9,,,,,,,,250493000000.0,passthrough_number_symbols,2026-03-18T12:34:12,,,,,und,und,und,250493000000.0
entity,en,250_Delaware_Avenue,250 Delaware Avenue,250 Delaware Avenue,250 Delaware Avenue,250 Delaware Avenue,0.9,1.0,1.0,1.0,1.0,1.0,1.0,250 Delaware Avenue,250 Delaware Avenue,mt_vote,2026-03-18T12:34:16,,,,,en,en,en,250_Delaware_Avenue
entity,en,252000.0_(mil·límetres),252000.0 (mil·límetres),"For the purposes of this Regulation, the following definitions shall apply:",252000.0 (millimeters),252000.0 (millimetres),0.9,0.0,0.0,0.9545,0.0,0.0,1.0,252000.0 (millimetres),252000.0 (millimetres),mt_vote_revoted_gte_langfilter,2026-03-19T13:40:56,,0.9754807949066162,0.9810167551040648,salamandra,en,mt,fr,252000.0_(millimetres)
entity,en,253260.0_(mil·límetres),253260.0 (mil·límetres),Manufacture in which the value of all the materials used does not exceed 30% of the ex-works price of the product,253260.0 (millimeters),253260.0 (millimetres),0.9,0.0,0.0,0.9545,0.0,0.0,1.0,253260.0 (millimetres),253260.0 (millimetres),mt_vote_revoted_gte_langfilter,2026-03-19T13:40:56,,0.9733722805976868,0.97354257106781,salamandra,en,mt,fr,253260.0_(millimetres)
entity,en,254989570.60815_(kilòmetres),254989570.60815 (kilòmetres),254989570.60815 (km),254989570.60815 (km),254989570.60815 (kilometers),0.9,0.0,0.0,0.0,0.0,0.0,0.0,254989570.60815 (kilometers),254989570.60815 (kilometers),mt_vote_revoted_gte_langfilter,2026-03-19T13:40:56,,,0.9431699514389038,salamandra,en,en,ro,254989570.60815_(kilometers)
entity,en,258.2_(quilòmetres_quadrats),258.2 (quilòmetres quadrats),258.2 (square miles),258.2 (square kilometers),258.2 (square kilometres),0.9,0.0,0.0,0.0,0.0,0.0,0.0,258.2 (square kilometers),258.2 (square kilometers),mt_vote_revoted_gte_langfilter,2026-03-19T13:40:56,,0.9512003660202026,,madlad,en,ro,en,258.2_(square_kilometers)
entity,en,258._0_(Kelvin),258. 0 (Kelvin),This is 258.0 (Kelvin),258.0 (Kelvin),258.0 (Kelvin),0.9,0.0,0.0,1.0,0.0,0.0,1.0,258.0 (Kelvin),258.0 (Kelvin),mt_vote_revoted_gte_langfilter,2026-03-19T13:40:56,,0.963796079158783,0.963796079158783,salamandra,en,mt,mt,258.0_(Kelvin)
entity,en,259776702.47055_(kilòmetres),259776702.47055 (kilòmetres),259776702.47055 (kilometers) This is a list of the current districts of France.,259776702.47055 (km),259776702.47055 (kilometers),0.9,0.0,0.0,0.0,0.0,0.0,0.0,259776702.47055 (kilometers),259776702.47055 (kilometers),mt_vote_revoted_gte_langfilter,2026-03-19T13:40:56,,,0.9511224627494812,salamandra,en,en,ro,259776702.47055_(kilometers)
entity,en,260855000000.0,260855000000.0,,,,0.9,,,,,,,,260855000000.0,passthrough_number_symbols,2026-03-18T12:35:04,,,,,und,und,und,260855000000.0
entity,en,265.0,265.0,,,,0.9,,,,,,,,265.0,passthrough_number_symbols,2026-03-18T12:35:04,,,,,und,und,und,265.0
entity,en,265.0_(kelvins),265.0 (kelvins),It's going to be 265.0 in kelvins.,265.0 (kelvin),265.0 (kelvins),0.9,0.5,0.5306,0.9655,0.0,0.0,1.0,265.0 (kelvin),265.0 (kelvin),mt_vote,2026-03-18T12:35:10,,,,,en,en,en,265.0_(kelvin)
entity,en,268.0,268.0,,,,0.9,,,,,,,,268.0,passthrough_number_symbols,2026-03-18T12:35:10,,,,,und,und,und,268.0
entity,en,2691.0,2691.0,,,,0.9,,,,,,,,2691.0,passthrough_number_symbols,2026-03-18T12:35:10,,,,,und,und,und,2691.0
entity,en,2702.0,2702.0,,,,0.9,,,,,,,,2702.0,passthrough_number_symbols,2026-03-18T12:35:10,,,,,und,und,und,2702.0
entity,en,27250,27250,,,,0.9,,,,,,,,27250,passthrough_number_symbols,2026-03-18T12:35:10,,,,,und,und,und,27250
entity,en,27367194,27367194,,,,0.9,,,,,,,,27367194,passthrough_number_symbols,2026-03-18T12:35:10,,,,,und,und,und,27367194
entity,en,27400,27400,,,,0.9,,,,,,,,27400,passthrough_number_symbols,2026-03-18T12:35:10,,,,,und,und,und,27400
entity,en,2743.0,2743.0,,,,0.9,,,,,,,,2743.0,passthrough_number_symbols,2026-03-18T12:35:10,,,,,und,und,und,2743.0
entity,en,2744.0,2744.0,,,,0.9,,,,,,,,2744.0,passthrough_number_symbols,2026-03-18T12:35:10,,,,,und,und,und,2744.0
entity,en,2776.0,2776.0,,,,0.9,,,,,,,,2776.0,passthrough_number_symbols,2026-03-18T12:35:10,,,,,und,und,und,2776.0
entity,en,2777.0,2777.0,,,,0.9,,,,,,,,2777.0,passthrough_number_symbols,2026-03-18T12:35:10,,,,,und,und,und,2777.0
entity,en,279142000000.0,279142000000.0,,,,0.9,,,,,,,,279142000000.0,passthrough_number_symbols,2026-03-18T12:35:10,,,,,und,und,und,279142000000.0
entity,en,27_d'agost_de_2011,27 d'agost de 2011,"August 27, 2011",27 August 2011,27 August 2011,0.9,0.7586,0.7586,1.0,0.0,0.0,1.0,27 August 2011,27 August 2011,mt_vote,2026-03-18T12:35:15,,,,,en,en,en,27_August_2011
entity,en,28.0_(metres),28.0 (metres),28.0 (meters),28.0 (meters),28.0 (metres),0.9,0.0,0.0,0.0,0.0,0.0,0.0,28.0 (metres),28.0 (metres),mt_vote_revoted_gte_langfilter,2026-03-19T13:40:56,,,1.0,salamandra,en,en,fr,28.0_(metres)
entity,en,280,280,,,,0.9,,,,,,,,280,passthrough_number_symbols,2026-03-18T12:35:20,,,,,und,und,und,280
entity,en,282838.0,282838.0,,,,0.9,,,,,,,,282838.0,passthrough_number_symbols,2026-03-18T12:35:20,,,,,und,und,und,282838.0
entity,en,283326000000.0,283326000000.0,,,,0.9,,,,,,,,283326000000.0,passthrough_number_symbols,2026-03-18T12:35:20,,,,,und,und,und,283326000000.0
entity,en,"286,5_(kilòmetres_quadrats)","286,5 (kilòmetres quadrats)",286.5 (square miles),286.5 (square kilometers),286.5 (square kilometres),0.9,0.0,0.0,0.0,0.0,0.0,0.0,286.5 (square kilometers),286.5 (square kilometers),mt_vote_revoted_gte_langfilter,2026-03-19T13:40:56,,0.9523431062698364,,madlad,en,ro,en,286.5_(square_kilometers)
entity,en,288749000000.0,288749000000.0,,,,0.9,,,,,,,,288749000000.0,passthrough_number_symbols,2026-03-18T12:35:26,,,,,und,und,und,288749000000.0
entity,en,2900,2900,,,,0.9,,,,,,,,2900,passthrough_number_symbols,2026-03-18T12:35:26,,,,,und,und,und,2900
entity,en,2900.0,2900.0,,,,0.9,,,,,,,,2900.0,passthrough_number_symbols,2026-03-18T12:35:26,,,,,und,und,und,2900.0
entity,en,29000,29000,,,,0.9,,,,,,,,29000,passthrough_number_symbols,2026-03-18T12:35:26,,,,,und,und,und,29000
entity,en,292,292,,,,0.9,,,,,,,,292,passthrough_number_symbols,2026-03-18T12:35:26,,,,,und,und,und,292
entity,en,2939,2939,,,,0.9,,,,,,,,2939,passthrough_number_symbols,2026-03-18T12:35:26,,,,,und,und,und,2939
entity,en,295,295,,,,0.9,,,,,,,,295,passthrough_number_symbols,2026-03-18T12:35:26,,,,,und,und,und,295
entity,en,2953,2953,,,,0.9,,,,,,,,2953,passthrough_number_symbols,2026-03-18T12:35:26,,,,,und,und,und,2953
entity,en,296521000.0_(kilòmetres),296521000.0 (kilòmetres),296521000.0 (kilometers),296521000.0 (km),296521000.0 (kilometers),0.9,0.0,1.0,0.0,0.0,1.0,0.0,296521000.0 (kilometers),296521000.0 (kilometers),mt_vote_revoted_gte_langfilter,2026-03-19T13:40:56,0.9732850790023804,,0.9732850790023804,salamandra,ro,en,ro,296521000.0_(kilometers)
entity,en,2988,2988,,,,0.9,,,,,,,,2988,passthrough_number_symbols,2026-03-18T12:35:33,,,,,und,und,und,2988
entity,en,2989.0,2989.0,,,,0.9,,,,,,,,2989.0,passthrough_number_symbols,2026-03-18T12:35:33,,,,,und,und,und,2989.0
entity,en,29919600000.0,29919600000.0,,,,0.9,,,,,,,,29919600000.0,passthrough_number_symbols,2026-03-18T12:35:33,,,,,und,und,und,29919600000.0
entity,en,2_×_motor_MTU_16V_2000_M60,2 × motor MTU 16V 2000 M60,2 × engine MTU 16V 2000 M60,2 × MTU 16V 2000 M60 engine,2 × MTU 16V 2000 M60 engine,0.9,0.7407,0.7407,1.0,0.0,0.0,1.0,2 × MTU 16V 2000 M60 engine,2 × MTU 16V 2000 M60 engine,mt_vote_revoted_gte_langfilter,2026-03-19T13:40:56,0.9473323822021484,0.9320915341377258,0.9320915341377258,salamandra,lt,lt,lt,2_×_MTU_16V_2000_M60_engine
entity,en,3,3,,,,0.9,,,,,,,,3,passthrough_number_symbols,2026-03-18T12:35:42,,,,,und,und,und,3
entity,en,"3,8_m","3,8 m",3.8 m,3.8 m,3.8 m,0.9,1.0,1.0,1.0,1.0,1.0,1.0,3.8 m,3.8 m,mt_vote,2026-03-18T12:35:45,,,,,en,en,en,3.8_m
entity,en,3.0_(quilograms),3.0 (quilograms),"3,0 (kilograms)",3.0 (kilograms),3.0 (kilograms),0.9,0.9333,0.9333,1.0,1.0,1.0,1.0,3.0 (kilograms),3.0 (kilograms),mt_vote_revoted_gte_langfilter,2026-03-19T13:40:56,0.779631495475769,0.7808747291564941,0.7808747291564941,madlad,ro,ro,ro,3.0_(kilograms)
entity,en,3.16,3.16,,,,0.9,,,,,,,,3.16,passthrough_number_symbols,2026-03-18T12:35:50,,,,,und,und,und,3.16
entity,en,3.5_(litres),3.5 (litres),"Not less than 3,5 litres",3.5 (litres),3.5 (litres),0.9,0.0,0.0,1.0,0.0,0.0,1.0,3.5 (litres),3.5 (litres),mt_vote_revoted_gte_langfilter,2026-03-19T13:40:56,,1.0,1.0,salamandra,en,fr,fr,3.5_(litres)
entity,en,3.5_(quilograms),3.5 (quilograms),3.5 (kilograms),3.5 (kilograms),3.5 (kilograms),0.9,1.0,1.0,1.0,1.0,1.0,1.0,3.5 (kilograms),3.5 (kilograms),mt_vote_revoted_gte_langfilter,2026-03-19T13:40:56,0.7936195135116577,0.7936195135116577,0.7936195135116577,nllb,ro,ro,ro,3.5_(kilograms)
entity,en,3.9_(metres),3.9 (metres),3.9 (meters),3.9 (meters),3.9 (metres),0.9,0.0,0.0,0.0,0.0,0.0,0.0,3.9 (metres),3.9 (metres),mt_vote_revoted_gte_langfilter,2026-03-19T13:40:56,,,1.0,salamandra,en,en,fr,3.9_(metres)
entity,en,3._04_m,3. 04 m,3.04 m,3.04 m,3. 04 m,0.9,1.0,0.9231,0.9231,1.0,1.0,1.0,3.04 m,3.04 m,mt_vote,2026-03-18T12:36:06,,,,,en,en,en,3.04_m
entity,en,3._Liga,3. Liga,The League 3.,3. Liga,3. Liga,0.9,0.3,0.3,1.0,0.0,0.0,1.0,3. Liga,3. Liga,mt_vote,2026-03-18T12:36:09,,,,,en,en,en,3._Liga
entity,en,3/21,3/21,,,,0.9,,,,,,,,3/21,passthrough_number_symbols,2026-03-18T12:36:09,,,,,und,und,und,3/21
entity,en,30._0_g,30. 0 g,30.0 g or less,30.0 g,30. 0 g,0.9,0.0,0.0,0.0,0.0,0.0,0.0,30.0 g or less,30.0 g or less,mt_vote_revoted_gte_langfilter,2026-03-19T13:40:56,0.8929916620254517,,,nllb,fr,en,en,30.0_g_or_less
entity,en,3000,3000,,,,0.9,,,,,,,,3000,passthrough_number_symbols,2026-03-18T12:36:12,,,,,und,und,und,3000
entity,en,300_North_LaSalle,300 North LaSalle,300 North LaSalle,300 North LaSalle,300 North LaSalle,0.9,1.0,1.0,1.0,1.0,1.0,1.0,300 North LaSalle,300 North LaSalle,mt_vote,2026-03-18T12:36:17,,,,,en,en,en,300_North_LaSalle
entity,en,3048.0,3048.0,,,,0.9,,,,,,,,3048.0,passthrough_number_symbols,2026-03-18T12:36:17,,,,,und,und,und,3048.0
entity,en,306.0,306.0,,,,0.9,,,,,,,,306.0,passthrough_number_symbols,2026-03-18T12:36:17,,,,,und,und,und,306.0
entity,en,3078.48,3078.48,,,,0.9,,,,,,,,3078.48,passthrough_number_symbols,2026-03-18T12:36:17,,,,,und,und,und,3078.48
entity,en,30843.8_(metres_quadrats),30843.8 (metres quadrats),30843.8 (square feet),30843.8 (square meters),30843.8 (square metres),0.9,0.8636,0.8636,0.9565,0.0,0.0,1.0,30843.8 (square meters),30843.8 (square meters),mt_vote,2026-03-18T12:36:23,,,,,en,en,en,30843.8_(square_meters)
entity,en,3090.0,3090.0,,,,0.9,,,,,,,,3090.0,passthrough_number_symbols,2026-03-18T12:36:23,,,,,und,und,und,3090.0
entity,en,30955.0,30955.0,,,,0.9,,,,,,,,30955.0,passthrough_number_symbols,2026-03-18T12:36:23,,,,,und,und,und,30955.0
entity,en,30_de_març_de_2007,30 de març de 2007,30 March 2007,30 March 2007,"March 30, 2007",0.9,1.0,0.7407,0.7407,1.0,0.0,0.0,30 March 2007,30 March 2007,mt_vote,2026-03-18T12:36:29,,,,,en,en,en,30_March_2007
entity,en,31._48_cavall-_potència_fiscal,31. 48 cavall- potència fiscal,31.48 horsepower,31.48 fiscal horsepower,31. 48 horsepower (taxed),0.9,0.0,0.7805,0.0,0.0,0.0,0.0,31. 48 horsepower (taxed),31. 48 horsepower (taxed),mt_vote_revoted_gte_langfilter,2026-03-19T13:40:56,0.7479511499404907,,0.8521490097045898,salamandra,es,en,es,31._48_horsepower_(taxed)
entity,en,3180,3180,,,,0.9,,,,,,,,3180,passthrough_number_symbols,2026-03-18T12:36:35,,,,,und,und,und,3180
entity,en,318875313,318875313,,,,0.9,,,,,,,,318875313,passthrough_number_symbols,2026-03-18T12:36:35,,,,,und,und,und,318875313
entity,en,31_de_juliol_de_2016_(JD2457600.5),31 de juliol de 2016 (JD2457600.5),31 July 2016 (JD2457600.5),31 July 2016 (JD2457600.5),"July 31, 2016 (JD2457600.5)",0.9,1.0,0.8679,0.8679,1.0,0.0,0.0,31 July 2016 (JD2457600.5),31 July 2016 (JD2457600.5),mt_vote,2026-03-18T12:36:46,,,,,en,en,en,31_July_2016_(JD2457600.5)
entity,en,32.2,32.2,,,,0.9,,,,,,,,32.2,passthrough_number_symbols,2026-03-18T12:36:46,,,,,und,und,und,32.2
entity,en,320,320,,,,0.9,,,,,,,,320,passthrough_number_symbols,2026-03-18T12:36:46,,,,,und,und,und,320
entity,en,32024459,32024459,,,,0.9,,,,,,,,32024459,passthrough_number_symbols,2026-03-18T12:36:46,,,,,und,und,und,32024459
entity,en,320_South_Boston_Building,320 South Boston Building,320 South Boston Building,320 South Boston Building,320 South Boston Building,0.9,1.0,1.0,1.0,1.0,1.0,1.0,320 South Boston Building,320 South Boston Building,mt_vote_revoted_gte_langfilter,2026-03-19T13:40:56,1.0000001192092896,1.0000001192092896,1.0000001192092896,nllb,fi,fi,fi,320_South_Boston_Building
entity,en,324.0,324.0,,,,0.9,,,,,,,,324.0,passthrough_number_symbols,2026-03-18T12:37:19,,,,,und,und,und,324.0
entity,en,324720797,324720797,,,,0.9,,,,,,,,324720797,passthrough_number_symbols,2026-03-18T12:37:19,,,,,und,und,und,324720797
entity,en,325,325,,,,0.9,,,,,,,,325,passthrough_number_symbols,2026-03-18T12:37:19,,,,,und,und,und,325
entity,en,3287590000000.0,3287590000000.0,,,,0.9,,,,,,,,3287590000000.0,passthrough_number_symbols,2026-03-18T12:37:19,,,,,und,und,und,3287590000000.0
entity,en,3300.0,3300.0,,,,0.9,,,,,,,,3300.0,passthrough_number_symbols,2026-03-18T12:37:19,,,,,und,und,und,3300.0
entity,en,33012.0,33012.0,,,,0.9,,,,,,,,33012.0,passthrough_number_symbols,2026-03-18T12:37:19,,,,,und,und,und,33012.0
entity,en,3310.0,3310.0,,,,0.9,,,,,,,,3310.0,passthrough_number_symbols,2026-03-18T12:37:19,,,,,und,und,und,3310.0
entity,en,331683000.0_(kilòmetres),331683000.0 (kilòmetres),331683000.0 (kilometres),331683000.0 (km),331683000.0 (kilometers),0.9,0.0,0.9583,0.0,0.0,1.0,0.0,331683000.0 (kilometers),331683000.0 (kilometers),mt_vote_revoted_gte_langfilter,2026-03-19T13:40:56,0.9524900317192078,,0.9706588983535768,salamandra,fr,en,ro,331683000.0_(kilometers)
entity,en,334,334,,,,0.9,,,,,,,,334,passthrough_number_symbols,2026-03-18T12:37:43,,,,,und,und,und,334
entity,en,3360.12,3360.12,,,,0.9,,,,,,,,3360.12,passthrough_number_symbols,2026-03-18T12:37:43,,,,,und,und,und,3360.12
entity,en,336265,336265,,,,0.9,,,,,,,,336265,passthrough_number_symbols,2026-03-18T12:37:43,,,,,und,und,und,336265
entity,en,34,34,,,,0.9,,,,,,,,34,passthrough_number_symbols,2026-03-18T12:37:43,,,,,und,und,und,34
entity,en,34.0,34.0,,,,0.9,,,,,,,,34.0,passthrough_number_symbols,2026-03-18T12:37:43,,,,,und,und,und,34.0
entity,en,3400.0,3400.0,,,,0.9,,,,,,,,3400.0,passthrough_number_symbols,2026-03-18T12:37:43,,,,,und,und,und,3400.0
entity,en,"344,9_(kilòmetres_quadrats)","344,9 (kilòmetres quadrats)",344.9 (square miles),344.9 (square kilometers),344.9 (square kilometres),0.9,0.0,0.0,0.0,0.0,0.0,0.0,344.9 (square kilometers),344.9 (square kilometers),mt_vote_revoted_gte_langfilter,2026-03-19T13:40:56,,0.9522645473480223,,madlad,en,ro,en,344.9_(square_kilometers)
entity,en,3453.0,3453.0,,,,0.9,,,,,,,,3453.0,passthrough_number_symbols,2026-03-18T12:37:58,,,,,und,und,und,3453.0
entity,en,346.0,346.0,,,,0.9,,,,,,,,346.0,passthrough_number_symbols,2026-03-18T12:37:58,,,,,und,und,und,346.0
entity,en,347.1_(quilòmetres_quadrats),347.1 (quilòmetres quadrats),347.1 (square miles),347.1 (square kilometers),347.1 (square kilometres),0.9,0.0,0.0,0.0,0.0,0.0,0.0,347.1 (square kilometers),347.1 (square kilometers),mt_vote_revoted_gte_langfilter,2026-03-19T13:40:56,,0.9432727098464966,,madlad,en,ro,en,347.1_(square_kilometers)
entity,en,349206000000.0,349206000000.0,,,,0.9,,,,,,,,349206000000.0,passthrough_number_symbols,2026-03-18T12:38:14,,,,,und,und,und,349206000000.0
entity,en,35.1,35.1,,,,0.9,,,,,,,,35.1,passthrough_number_symbols,2026-03-18T12:38:14,,,,,und,und,und,35.1
entity,en,3500,3500,,,,0.9,,,,,,,,3500,passthrough_number_symbols,2026-03-18T12:38:14,,,,,und,und,und,3500
entity,en,3500.0,3500.0,,,,0.9,,,,,,,,3500.0,passthrough_number_symbols,2026-03-18T12:38:14,,,,,und,und,und,3500.0
entity,en,352497000000.0,352497000000.0,,,,0.9,,,,,,,,352497000000.0,passthrough_number_symbols,2026-03-18T12:38:14,,,,,und,und,und,352497000000.0
entity,en,3544040000.0,3544040000.0,,,,0.9,,,,,,,,3544040000.0,passthrough_number_symbols,2026-03-18T12:38:14,,,,,und,und,und,3544040000.0
entity,en,360,360,,,,0.9,,,,,,,,360,passthrough_number_symbols,2026-03-18T12:38:14,,,,,und,und,und,360
entity,en,360.29_(dies),360.29 (dies),360.29 (days),360.29 (days),360.29 (days),0.9,1.0,1.0,1.0,1.0,1.0,1.0,360.29 (days),360.29 (days),mt_vote,2026-03-18T12:38:27,,,,,en,en,en,360.29_(days)
entity,en,362.0_(kelvins),362.0 (kelvins),362.0 (Kelvin),362.0 (kelvin),362.0 (kelvins),0.9,0.0,0.0,0.0,0.0,0.0,0.0,362.0 (Kelvin),362.0 (Kelvin),mt_vote_revoted_gte_langfilter,2026-03-19T13:40:56,0.9275537729263306,,,nllb,mt,en,en,362.0_(Kelvin)
entity,en,3678,3678,,,,0.9,,,,,,,,3678,passthrough_number_symbols,2026-03-18T12:38:40,,,,,und,und,und,3678
entity,en,368.65_(habitants_per_quilòmetre_quadrat),368.65 (habitants per quilòmetre quadrat),368.65 (inhabitants per square kilometre),368.65 (inhabitants per square kilometer),368.65 (inhabitants per square kilometre),0.9,0.9756,1.0,0.9756,1.0,1.0,1.0,368.65 (inhabitants per square kilometre),368.65 (inhabitants per square kilometre),mt_vote,2026-03-18T12:39:03,,,,,en,en,en,368.65_(inhabitants_per_square_kilometre)
entity,en,3684.0,3684.0,,,,0.9,,,,,,,,3684.0,passthrough_number_symbols,2026-03-18T12:39:03,,,,,und,und,und,3684.0
entity,en,37.16_(quilòmetrePerSegons),37.16 (quilòmetrePerSegons),37.16 (kilometers per second),37.16 (kilometrePerSecond),37.16 (kilometerPerSecond),0.9,0.9091,0.9455,0.9615,1.0,1.0,1.0,37.16 (kilometrePerSecond),37.16 (kilometrePerSecond),mt_vote_revoted_gte_langfilter,2026-03-19T13:40:56,0.9204179048538208,0.9364409446716307,0.9237390756607056,madlad,ca,ro,ro,37.16_(kilometrePerSecond)
entity,en,370.03,370.03,,,,0.9,,,,,,,,370.03,passthrough_number_symbols,2026-03-18T12:39:19,,,,,und,und,und,370.03
entity,en,37116.0,37116.0,,,,0.9,,,,,,,,37116.0,passthrough_number_symbols,2026-03-18T12:39:19,,,,,und,und,und,37116.0
entity,en,371240000.0_(kilòmetres),371240000.0 (kilòmetres),371240000.0 (kilometers),371240000.0 (km),371240000.0 (kilometers),0.9,0.0,1.0,0.0,0.0,1.0,0.0,371240000.0 (kilometers),371240000.0 (kilometers),mt_vote_revoted_gte_langfilter,2026-03-19T13:40:56,0.9719576835632324,,0.9719576835632324,salamandra,ro,en,ro,371240000.0_(kilometers)
entity,en,373513000.0_(kilòmetres),373513000.0 (kilòmetres),373513000.0 (kilometres),373513000.0 (km),373513000.0 (kilometers),0.9,0.0,0.9583,0.0,0.0,1.0,0.0,373513000.0 (kilometers),373513000.0 (kilometers),mt_vote_revoted_gte_langfilter,2026-03-19T13:40:56,0.958751916885376,,0.97727233171463,salamandra,fr,en,ro,373513000.0_(kilometers)
entity,en,3746.66_(metres_quadrats),3746.66 (metres quadrats),3746.66 (square feet),3746.66 (square meters),3746.66 (square metres),0.9,0.8636,0.8636,0.9565,0.0,0.0,1.0,3746.66 (square meters),3746.66 (square meters),mt_vote,2026-03-18T12:40:17,,,,,en,en,en,3746.66_(square_meters)
entity,en,374976.0_(segons),374976.0 (segons),374976.0 (seconds),374976.0 (seconds),374976.0 (seconds),0.9,1.0,1.0,1.0,1.0,1.0,1.0,374976.0 (seconds),374976.0 (seconds),mt_vote,2026-03-18T12:40:34,,,,,en,en,en,374976.0_(seconds)
entity,en,377016000000.0,377016000000.0,,,,0.9,,,,,,,,377016000000.0,passthrough_number_symbols,2026-03-18T12:40:34,,,,,und,und,und,377016000000.0
entity,en,38.892,38.892,,,,0.9,,,,,,,,38.892,passthrough_number_symbols,2026-03-18T12:40:34,,,,,und,und,und,38.892
entity,en,3800,3800,,,,0.9,,,,,,,,3800,passthrough_number_symbols,2026-03-18T12:40:34,,,,,und,und,und,3800
entity,en,3800.0,3800.0,,,,0.9,,,,,,,,3800.0,passthrough_number_symbols,2026-03-18T12:40:34,,,,,und,und,und,3800.0
entity,en,380700000,380700000,,,,0.9,,,,,,,,380700000,passthrough_number_symbols,2026-03-18T12:40:34,,,,,und,und,und,380700000
entity,en,387.63,387.63,,,,0.9,,,,,,,,387.63,passthrough_number_symbols,2026-03-18T12:40:34,,,,,und,und,und,387.63
entity,en,388,388,,,,0.9,,,,,,,,388,passthrough_number_symbols,2026-03-18T12:40:34,,,,,und,und,und,388
entity,en,39,39,,,,0.9,,,,,,,,39,passthrough_number_symbols,2026-03-18T12:40:34,,,,,und,und,und,39
entity,en,39332.9,39332.9,,,,0.9,,,,,,,,39332.9,passthrough_number_symbols,2026-03-18T12:40:34,,,,,und,und,und,39332.9
entity,en,39371,39371,,,,0.9,,,,,,,,39371,passthrough_number_symbols,2026-03-18T12:40:34,,,,,und,und,und,39371
entity,en,39447000.0,39447000.0,,,,0.9,,,,,,,,39447000.0,passthrough_number_symbols,2026-03-18T12:40:34,,,,,und,und,und,39447000.0
entity,en,39500.0_(metres_quadrats),39500.0 (metres quadrats),39500.0 (square feet),39500.0 (square meters),39500.0 (square metres),0.9,0.8636,0.8636,0.9565,0.0,0.0,1.0,39500.0 (square meters),39500.0 (square meters),mt_vote,2026-03-18T12:40:50,,,,,en,en,en,39500.0_(square_meters)
entity,en,3990.0,3990.0,,,,0.9,,,,,,,,3990.0,passthrough_number_symbols,2026-03-18T12:40:50,,,,,und,und,und,3990.0
entity,en,3992.88,3992.88,,,,0.9,,,,,,,,3992.88,passthrough_number_symbols,2026-03-18T12:40:50,,,,,und,und,und,3992.88
entity,en,3997100000000.0,3997100000000.0,,,,0.9,,,,,,,,3997100000000.0,passthrough_number_symbols,2026-03-18T12:40:50,,,,,und,und,und,3997100000000.0
entity,en,3XN,3XN,3XN,3XN,3XN,0.9,1.0,1.0,1.0,1.0,1.0,1.0,3XN,3XN,mt_vote,2026-03-18T12:40:56,,,,,en,en,en,3XN
entity,en,3r_districte_congressional_de_Vermont,3r districte congressional de Vermont,Vermont's 3rd congressional district,Vermont 3rd Congressional District,3rd Congressional District of Vermont,0.9,0.9714,0.7123,0.7324,1.0,0.0,0.0,Vermont's 3rd congressional district,Vermont's 3rd congressional district,mt_vote,2026-03-18T12:41:09,,,,,en,en,en,Vermont's_3rd_congressional_district
entity,en,"4,14_(kilòmetres_quadrats)","4,14 (kilòmetres quadrats)","4,14 (square miles)",4.14 (square kilometers),4.14 (square kilometres),0.9,0.0,0.0,0.0,0.0,0.0,0.0,4.14 (square kilometers),4.14 (square kilometers),mt_vote_revoted_gte_langfilter,2026-03-19T13:40:57,,0.9578288793563844,,madlad,en,ro,en,4.14_(square_kilometers)
entity,en,"4,6_m","4,6 m",4 feet 6 inches,4.6 m,4.6 m,0.9,0.3,0.3,1.0,0.0,0.0,1.0,4.6 m,4.6 m,mt_vote,2026-03-18T12:41:30,,,,,en,en,en,4.6_m
entity,en,4.0_(quilograms),4.0 (quilograms),4.0 (kilograms),4.0 (kilograms),4.0 (kilograms),0.9,1.0,1.0,1.0,1.0,1.0,1.0,4.0 (kilograms),4.0 (kilograms),mt_vote_revoted_gte_langfilter,2026-03-19T13:40:57,0.8082040548324585,0.8082040548324585,0.8082040548324585,nllb,ro,ro,ro,4.0_(kilograms)
entity,en,4.56_(quilòmetrePerSegons),4.56 (quilòmetrePerSegons),4.56 (kilometre per second),4.56 (kilometrePerSecond),4.56 (kilometerPerSecond),0.9,0.9615,0.9231,0.96,1.0,1.0,1.0,4.56 (kilometre per second),4.56 (kilometre per second),mt_vote_revoted_gte_langfilter,2026-03-19T13:40:57,0.9287528395652772,0.9222080707550048,0.9199737310409546,nllb,it,ro,ro,4.56_(kilometre_per_second)
entity,en,4._8_g,4. 8 g,4.8 g,4.8 g,4. 8 g,0.9,1.0,0.9091,0.9091,1.0,1.0,1.0,4.8 g,4.8 g,mt_vote,2026-03-18T12:42:03,,,,,en,en,en,4.8_g
entity,en,4/22,4/22,,,,0.9,,,,,,,,4/22,passthrough_number_symbols,2026-03-18T12:42:03,,,,,und,und,und,4/22
entity,en,40.744,40.744,,,,0.9,,,,,,,,40.744,passthrough_number_symbols,2026-03-18T12:42:03,,,,,und,und,und,40.744
entity,en,4000.0,4000.0,,,,0.9,,,,,,,,4000.0,passthrough_number_symbols,2026-03-18T12:42:03,,,,,und,und,und,4000.0
entity,en,4019.0,4019.0,,,,0.9,,,,,,,,4019.0,passthrough_number_symbols,2026-03-18T12:42:03,,,,,und,und,und,4019.0
entity,en,404,404,,,,0.9,,,,,,,,404,passthrough_number_symbols,2026-03-18T12:42:03,,,,,und,und,und,404
entity,en,"404,_678,_470","404,_678,_470",,,,0.9,,,,,,,,"404,_678,_470",passthrough_number_symbols,2026-03-18T12:42:03,,,,,und,und,und,"404,_678,_470"
entity,en,4100.0,4100.0,,,,0.9,,,,,,,,4100.0,passthrough_number_symbols,2026-03-18T12:42:03,,,,,und,und,und,4100.0
entity,en,41498400000.0,41498400000.0,,,,0.9,,,,,,,,41498400000.0,passthrough_number_symbols,2026-03-18T12:42:03,,,,,und,und,und,41498400000.0
entity,en,4150,4150,,,,0.9,,,,,,,,4150,passthrough_number_symbols,2026-03-18T12:42:03,,,,,und,und,und,4150
entity,en,416136000000.0,416136000000.0,,,,0.9,,,,,,,,416136000000.0,passthrough_number_symbols,2026-03-18T12:42:03,,,,,und,und,und,416136000000.0
entity,en,418476000000.0,418476000000.0,,,,0.9,,,,,,,,418476000000.0,passthrough_number_symbols,2026-03-18T12:42:03,,,,,und,und,und,418476000000.0
entity,en,419113394.55312_(kilòmetres),419113394.55312 (kilòmetres),419113394.55312 (km),419113394.55312 (km),419113394.55312 (kilometers),0.9,0.0,0.0,0.0,0.0,0.0,0.0,419113394.55312 (kilometers),419113394.55312 (kilometers),mt_vote_revoted_gte_langfilter,2026-03-19T13:40:57,,,0.941914439201355,salamandra,en,en,ro,419113394.55312_(kilometers)
entity,en,"429,9_(habitants_per_quilòmetre_quadrat)","429,9 (habitants per quilòmetre quadrat)",429.9 (inhabitants per square kilometre),429.9 (inhabitants per square kilometer),429.9 (inhabitants per square kilometre),0.9,0.975,1.0,0.975,1.0,1.0,1.0,429.9 (inhabitants per square kilometre),429.9 (inhabitants per square kilometre),mt_vote,2026-03-18T12:42:46,,,,,en,en,en,429.9_(inhabitants_per_square_kilometre)
entity,en,42_m,42 m,42 m,42 m,42 m,0.9,1.0,1.0,1.0,1.0,1.0,1.0,42 m,42 m,mt_vote,2026-03-18T12:42:53,,,,,en,en,en,42_m
entity,en,"43,0_(kelvins)","43,0 (kelvins)",The value of all the materials used does not exceed 30% of the ex-works price of the product,43.0 (kelvin),43.0 (kelvins),0.9,0.0762,0.0755,0.963,0.0,0.0,1.0,43.0 (kelvin),43.0 (kelvin),mt_vote,2026-03-18T12:43:05,,,,,en,en,en,43.0_(kelvin)
entity,en,4349.0,4349.0,,,,0.9,,,,,,,,4349.0,passthrough_number_symbols,2026-03-18T12:43:05,,,,,und,und,und,4349.0
entity,en,437170000.0_(kilòmetres),437170000.0 (kilòmetres),437170000.0 (kilometers),437170000.0 (km),437170000.0 (kilometers),0.9,0.0,1.0,0.0,0.0,1.0,0.0,437170000.0 (kilometers),437170000.0 (kilometers),mt_vote_revoted_gte_langfilter,2026-03-19T13:40:57,0.9724302291870116,,0.9724302291870116,salamandra,ro,en,ro,437170000.0_(kilometers)
entity,en,4387.0_(centímetres_cúbics),4387.0 (centímetres cúbics),4387.0 (cubic centimeters),4387.0 (cubic centimeters),4387.0 (cubic centimeters),0.9,1.0,1.0,1.0,1.0,1.0,1.0,4387.0 (cubic centimeters),4387.0 (cubic centimeters),mt_vote,2026-03-18T12:43:45,,,,,en,en,en,4387.0_(cubic_centimeters)
entity,en,44.125_(kilòmetres_quadrats),44.125 (kilòmetres quadrats),"44,125 (square miles)",44.125 (square kilometers),"44,125 (square kilometres)",0.9,0.0,0.0,0.0,0.0,0.0,0.0,44.125 (square kilometers),44.125 (square kilometers),mt_vote_revoted_gte_langfilter,2026-03-19T13:40:57,,0.9688385128974916,,madlad,en,ro,en,44.125_(square_kilometers)
entity,en,440756000.0_(kilòmetres),440756000.0 (kilòmetres),"In the case of vehicles of categories N1 and N2, the maximum authorised mass of the vehicle shall not exceed 20 kg.",440756000.0 (km),440756000.0 (kilometers),0.9,0.0,0.0,0.0,0.0,0.0,0.0,440756000.0 (kilometers),440756000.0 (kilometers),mt_vote_revoted_gte_langfilter,2026-03-19T13:40:57,,,0.9741336107254028,salamandra,en,en,ro,440756000.0_(kilometers)
entity,en,441092000.0_(kilòmetres),441092000.0 (kilòmetres),441092000.0 (kilometers),441092000.0 (km),441092000.0 (kilometers),0.9,0.0,1.0,0.0,0.0,1.0,0.0,441092000.0 (kilometers),441092000.0 (kilometers),mt_vote_revoted_gte_langfilter,2026-03-19T13:40:57,0.973789393901825,,0.973789393901825,salamandra,ro,en,ro,441092000.0_(kilometers)
entity,en,445895000000.0,445895000000.0,,,,0.9,,,,,,,,445895000000.0,passthrough_number_symbols,2026-03-18T12:44:42,,,,,und,und,und,445895000000.0
entity,en,448,448,,,,0.9,,,,,,,,448,passthrough_number_symbols,2026-03-18T12:44:42,,,,,und,und,und,448
entity,en,45,45,,,,0.9,,,,,,,,45,passthrough_number_symbols,2026-03-18T12:44:42,,,,,und,und,und,45
entity,en,"45,97_(kilòmetres_quadrats)","45,97 (kilòmetres quadrats)","45,97 (square miles)",45.97 (square kilometers),45.97 (square kilometres),0.9,0.0,0.0,0.0,0.0,0.0,0.0,45.97 (square kilometers),45.97 (square kilometers),mt_vote_revoted_gte_langfilter,2026-03-19T13:40:57,,0.9658559560775756,,madlad,en,ro,en,45.97_(square_kilometers)
entity,en,45000.0_(mil·límetres),45000.0 (mil·límetres),Manufacture in which the value of all the materials used does not exceed 40% of the ex-works price of the product,45000.0 (millimeters),45000.0 (millimetres),0.9,0.0,0.0,0.9524,0.0,0.0,1.0,45000.0 (millimetres),45000.0 (millimetres),mt_vote_revoted_gte_langfilter,2026-03-19T13:40:57,,0.9785000085830688,0.9813113808631896,salamandra,en,mt,fr,45000.0_(millimetres)
entity,en,45644811,45644811,,,,0.9,,,,,,,,45644811,passthrough_number_symbols,2026-03-18T12:45:12,,,,,und,und,und,45644811
entity,en,46000000,46000000,,,,0.9,,,,,,,,46000000,passthrough_number_symbols,2026-03-18T12:45:12,,,,,und,und,und,46000000
entity,en,46451790,46451790,,,,0.9,,,,,,,,46451790,passthrough_number_symbols,2026-03-18T12:45:12,,,,,und,und,und,46451790
entity,en,47290,47290,,,,0.9,,,,,,,,47290,passthrough_number_symbols,2026-03-18T12:45:12,,,,,und,und,und,47290
entity,en,47487.6,47487.6,,,,0.9,,,,,,,,47487.6,passthrough_number_symbols,2026-03-18T12:45:12,,,,,und,und,und,47487.6
entity,en,475426000.0_(kilòmetres),475426000.0 (kilòmetres),475426000.0 (kilometers),475426000.0 (km),475426000.0 (kilometers),0.9,0.0,1.0,0.0,0.0,1.0,0.0,475426000.0 (kilometers),475426000.0 (kilometers),mt_vote_revoted_gte_langfilter,2026-03-19T13:40:57,0.9739398956298828,,0.9739398956298828,salamandra,ro,en,ro,475426000.0_(kilometers)
entity,en,476,476,,,,0.9,,,,,,,,476,passthrough_number_symbols,2026-03-18T12:45:33,,,,,und,und,und,476
entity,en,479343000.0_(kilòmetres),479343000.0 (kilòmetres),479343000.0 (kilometres),479343000.0 (km),479343000.0 (kilometers),0.9,0.0,0.9583,0.0,0.0,1.0,0.0,479343000.0 (kilometers),479343000.0 (kilometers),mt_vote_revoted_gte_langfilter,2026-03-19T13:40:57,0.9541974067687988,,0.9705914258956908,salamandra,fr,en,ro,479343000.0_(kilometers)
entity,en,48.0,48.0,,,,0.9,,,,,,,,48.0,passthrough_number_symbols,2026-03-18T12:45:55,,,,,und,und,und,48.0
entity,en,486.2_(quilòmetres_quadrats),486.2 (quilòmetres quadrats),486.2 (square miles),486.2 (square kilometers),486.2 (square kilometres),0.9,0.0,0.0,0.0,0.0,0.0,0.0,486.2 (square kilometers),486.2 (square kilometers),mt_vote_revoted_gte_langfilter,2026-03-19T13:40:57,,0.947354793548584,,madlad,en,ro,en,486.2_(square_kilometers)
entity,en,4879.0,4879.0,,,,0.9,,,,,,,,4879.0,passthrough_number_symbols,2026-03-18T12:46:09,,,,,und,und,und,4879.0
entity,en,488160.0,488160.0,,,,0.9,,,,,,,,488160.0,passthrough_number_symbols,2026-03-18T12:46:09,,,,,und,und,und,488160.0
entity,en,490.9_(quilòmetres_quadrats),490.9 (quilòmetres quadrats),490.9 (square miles),490.9 (square kilometers),490.9 (square kilometres),0.9,0.0,0.0,0.0,0.0,0.0,0.0,490.9 (square kilometers),490.9 (square kilometers),mt_vote_revoted_gte_langfilter,2026-03-19T13:40:57,,0.9511354565620422,,madlad,en,ro,en,490.9_(square_kilometers)
entity,en,497.0,497.0,,,,0.9,,,,,,,,497.0,passthrough_number_symbols,2026-03-18T12:46:24,,,,,und,und,und,497.0
entity,en,49805501,49805501,,,,0.9,,,,,,,,49805501,passthrough_number_symbols,2026-03-18T12:46:24,,,,,und,und,und,49805501
entity,en,4t_districte_congressional_de_Connecticut,4t districte congressional de Connecticut,Connecticut's 4th congressional district,4th congressional district of Connecticut,4th Congressional District of Connecticut,0.9,0.642,0.642,1.0,0.0,0.0,1.0,4th congressional district of Connecticut,4th congressional district of Connecticut,mt_vote,2026-03-18T12:46:34,,,,,en,en,en,4th_congressional_district_of_Connecticut
entity,en,5,5,,,,0.9,,,,,,,,5,passthrough_number_symbols,2026-03-18T12:46:34,,,,,und,und,und,5
entity,en,5.3_(litres),5.3 (litres),Manufacture in which the value of all the materials used does not exceed 30% of the ex-works price of the product,5.3 (litres),5.3 (litres),0.9,0.0,0.0,1.0,0.0,0.0,1.0,5.3 (litres),5.3 (litres),mt_vote_revoted_gte_langfilter,2026-03-19T13:40:57,,1.0,1.0,salamandra,en,fr,fr,5.3_(litres)
entity,en,5.4_(metres),5.4 (metres),5.4 (meters),5.4 (meters),5.4 (metres),0.9,0.0,0.0,0.0,0.0,0.0,0.0,5.4 (metres),5.4 (metres),mt_vote_revoted_gte_langfilter,2026-03-19T13:40:57,,,1.0,salamandra,en,en,fr,5.4_(metres)
entity,en,5.57_(dies),5.57 (dies),5.57 (days),5.57 (days),5.57 (days),0.9,1.0,1.0,1.0,1.0,1.0,1.0,5.57 (days),5.57 (days),mt_vote,2026-03-18T12:47:05,,,,,en,en,en,5.57_(days)
entity,en,5.6_(quilograms),5.6 (quilograms),Manufacture in which the value of all the materials used does not exceed 30% of the ex-works price of the product,5.6 (kilograms),5.6 (kilograms),0.9,0.0,0.0,1.0,0.0,0.0,1.0,5.6 (kilograms),5.6 (kilograms),mt_vote_revoted_gte_langfilter,2026-03-19T13:40:57,,0.809971034526825,0.809971034526825,salamandra,en,ro,ro,5.6_(kilograms)
entity,en,5.75_(dies),5.75 (dies),5.75 (days),5.75 (days),5.75 (days),0.9,1.0,1.0,1.0,1.0,1.0,1.0,5.75 (days),5.75 (days),mt_vote,2026-03-18T12:47:28,,,,,en,en,en,5.75_(days)
entity,en,5.7_(quilograms),5.7 (quilograms),5.7 (kilograms),5.7 (kilograms),5.7 (kilograms),0.9,1.0,1.0,1.0,1.0,1.0,1.0,5.7 (kilograms),5.7 (kilograms),mt_vote_revoted_gte_langfilter,2026-03-19T13:40:57,0.814755916595459,0.814755916595459,0.814755916595459,nllb,ro,ro,ro,5.7_(kilograms)
entity,en,50,50,,,,0.9,,,,,,,,50,passthrough_number_symbols,2026-03-18T12:47:40,,,,,und,und,und,50
entity,en,500.0_(kelvins),500.0 (kelvins),The value of all the materials used does not exceed 20% of the ex-works price of the product,500.0 (kelvin),500.0 (kelvins),0.9,0.0755,0.0748,0.9655,0.0,0.0,1.0,500.0 (kelvin),500.0 (kelvin),mt_vote,2026-03-18T12:47:54,,,,,en,en,en,500.0_(kelvin)
entity,en,5000,5000,,,,0.9,,,,,,,,5000,passthrough_number_symbols,2026-03-18T12:47:54,,,,,und,und,und,5000
entity,en,50000,50000,,,,0.9,,,,,,,,50000,passthrough_number_symbols,2026-03-18T12:47:54,,,,,und,und,und,50000
entity,en,"505,_575","505,_575",,,,0.9,,,,,,,,"505,_575",passthrough_number_symbols,2026-03-18T12:47:54,,,,,und,und,und,"505,_575"
entity,en,507,507,,,,0.9,,,,,,,,507,passthrough_number_symbols,2026-03-18T12:47:54,,,,,und,und,und,507
entity,en,511592000.0_(kilòmetres),511592000.0 (kilòmetres),511592000.0 (kilometers),511592000.0 (km),511592000.0 (kilometers),0.9,0.0,1.0,0.0,0.0,1.0,0.0,511592000.0 (kilometers),511592000.0 (kilometers),mt_vote_revoted_gte_langfilter,2026-03-19T13:40:57,0.9697967171669006,,0.9697967171669006,salamandra,ro,en,ro,511592000.0_(kilometers)
entity,en,512,512,,,,0.9,,,,,,,,512,passthrough_number_symbols,2026-03-18T12:48:15,,,,,und,und,und,512
entity,en,"512,_737","512,_737",,,,0.9,,,,,,,,"512,_737",passthrough_number_symbols,2026-03-18T12:48:15,,,,,und,und,und,"512,_737"
entity,en,518.0,518.0,,,,0.9,,,,,,,,518.0,passthrough_number_symbols,2026-03-18T12:48:15,,,,,und,und,und,518.0
entity,en,51969173,51969173,,,,0.9,,,,,,,,51969173,passthrough_number_symbols,2026-03-18T12:48:15,,,,,und,und,und,51969173
entity,en,520906000.0_(kilòmetres),520906000.0 (kilòmetres),520906000.0 (kilometres),520906000.0 (km),520906000.0 (kilometers),0.9,0.0,0.9583,0.0,0.0,1.0,0.0,520906000.0 (kilometers),520906000.0 (kilometers),mt_vote_revoted_gte_langfilter,2026-03-19T13:40:57,0.9583187699317932,,0.9738885164260864,salamandra,fr,en,ro,520906000.0_(kilometers)
entity,en,523.9_(habitants_per_quilòmetre_quadrat),523.9 (habitants per quilòmetre quadrat),523.9 (inhabitants per square kilometre),523.9 (inhabitants per square kilometer),523.9 (inhabitants per square kilometre),0.9,0.975,1.0,0.975,1.0,1.0,1.0,523.9 (inhabitants per square kilometre),523.9 (inhabitants per square kilometre),mt_vote,2026-03-18T12:48:53,,,,,en,en,en,523.9_(inhabitants_per_square_kilometre)
entity,en,523329000.0_(kilòmetres),523329000.0 (kilòmetres),523329000.0 (kilometres),523329000.0 (km),523329000.0 (kilometers),0.9,0.0,0.9583,0.0,0.0,1.0,0.0,523329000.0 (kilometers),523329000.0 (kilometers),mt_vote_revoted_gte_langfilter,2026-03-19T13:40:57,0.956355094909668,,0.9714621901512146,salamandra,fr,en,ro,523329000.0_(kilometers)
entity,en,523951582.33968_(kilòmetres),523951582.33968 (kilòmetres),523951582.33968 (km),523951582.33968 (km),523951582.33968 (kilometers),0.9,0.0,0.0,0.0,0.0,0.0,0.0,523951582.33968 (kilometers),523951582.33968 (kilometers),mt_vote_revoted_gte_langfilter,2026-03-19T13:40:57,,,0.942945957183838,salamandra,en,en,ro,523951582.33968_(kilometers)
entity,en,524.0,524.0,,,,0.9,,,,,,,,524.0,passthrough_number_symbols,2026-03-19T12:43:36,,,,,und,und,und,524.0
entity,en,524.5_(habitants_per_quilòmetre_quadrat),524.5 (habitants per quilòmetre quadrat),524.5 (inhabitants per square kilometre),524.5 (inhabitants per square kilometer),524.5 (inhabitants per square kilometre),0.9,0.975,1.0,0.975,1.0,1.0,1.0,524.5 (inhabitants per square kilometre),524.5 (inhabitants per square kilometre),mt_vote,2026-03-19T12:43:36,,,,,en,en,en,524.5_(inhabitants_per_square_kilometre)
entity,en,5300,5300,,,,0.9,,,,,,,,5300,passthrough_number_symbols,2026-03-19T12:43:36,,,,,und,und,und,5300
entity,en,5343000000.0,5343000000.0,,,,0.9,,,,,,,,5343000000.0,passthrough_number_symbols,2026-03-19T12:43:36,,,,,und,und,und,5343000000.0
entity,en,"535,0_(habitants_per_quilòmetre_quadrat)","535,0 (habitants per quilòmetre quadrat)",535.0 (inhabitants per square kilometre),535.0 (inhabitants per square kilometer),535.0 (inhabitants per square kilometre),0.9,0.975,1.0,0.975,1.0,1.0,1.0,535.0 (inhabitants per square kilometre),535.0 (inhabitants per square kilometre),mt_vote,2026-03-19T12:43:37,,,,,en,en,en,535.0_(inhabitants_per_square_kilometre)
entity,en,53502,53502,,,,0.9,,,,,,,,53502,passthrough_number_symbols,2026-03-19T12:43:37,,,,,und,und,und,53502
entity,en,54.56,54.56,,,,0.9,,,,,,,,54.56,passthrough_number_symbols,2026-03-19T12:43:37,,,,,und,und,und,54.56
entity,en,"541,_458","541,_458",,,,0.9,,,,,,,,"541,_458",passthrough_number_symbols,2026-03-19T12:43:37,,,,,und,und,und,"541,_458"
entity,en,546,546,,,,0.9,,,,,,,,546,passthrough_number_symbols,2026-03-19T12:43:37,,,,,und,und,und,546
entity,en,"55,4_(kilòmetres_quadrats)","55,4 (kilòmetres quadrats)","55,4 (square miles)",55.4 (square kilometers),55.4 (square kilometres),0.9,0.0,0.0,0.0,0.0,0.0,0.0,55.4 (square kilometers),55.4 (square kilometers),mt_vote_revoted_gte_langfilter,2026-03-19T13:40:57,,0.9607086181640624,,madlad,en,ro,en,55.4_(square_kilometers)
entity,en,556300000,556300000,,,,0.9,,,,,,,,556300000,passthrough_number_symbols,2026-03-19T12:43:38,,,,,und,und,und,556300000
entity,en,5594,5594,,,,0.9,,,,,,,,5594,passthrough_number_symbols,2026-03-19T12:43:38,,,,,und,und,und,5594
entity,en,560,560,,,,0.9,,,,,,,,560,passthrough_number_symbols,2026-03-19T12:43:38,,,,,und,und,und,560
entity,en,560937000.0_(kilòmetres),560937000.0 (kilòmetres),560937000.0 (kilometres),560937000.0 (km),560937000.0 (kilometers),0.9,0.0,0.9583,0.0,0.0,1.0,0.0,560937000.0 (kilometers),560937000.0 (kilometers),mt_vote_revoted_gte_langfilter,2026-03-19T13:40:57,0.955009937286377,,0.9719233512878418,salamandra,fr,en,ro,560937000.0_(kilometers)
entity,en,57059226,57059226,,,,0.9,,,,,,,,57059226,passthrough_number_symbols,2026-03-19T12:43:39,,,,,und,und,und,57059226
entity,en,57392246,57392246,,,,0.9,,,,,,,,57392246,passthrough_number_symbols,2026-03-19T12:43:39,,,,,und,und,und,57392246
entity,en,58.38,58.38,,,,0.9,,,,,,,,58.38,passthrough_number_symbols,2026-03-19T12:43:39,,,,,und,und,und,58.38
entity,en,58.41,58.41,,,,0.9,,,,,,,,58.41,passthrough_number_symbols,2026-03-19T12:43:39,,,,,und,und,und,58.41
entity,en,597.0,597.0,,,,0.9,,,,,,,,597.0,passthrough_number_symbols,2026-03-19T12:43:39,,,,,und,und,und,597.0
entity,en,"6,81_(kilòmetres_quadrats)","6,81 (kilòmetres quadrats)","6,81 (square miles)",6.81 (square kilometers),6.81 (square kilometres),0.9,0.0,0.0,0.0,0.0,0.0,0.0,6.81 (square kilometers),6.81 (square kilometers),mt_vote_revoted_gte_langfilter,2026-03-19T13:40:57,,0.9516342878341676,,madlad,en,ro,en,6.81_(square_kilometers)
entity,en,6.7_(quilograms),6.7 (quilograms),6.7 (kilograms),6.7 (kilograms),6.7 (kilograms),0.9,1.0,1.0,1.0,1.0,1.0,1.0,6.7 (kilograms),6.7 (kilograms),mt_vote_revoted_gte_langfilter,2026-03-19T13:40:57,0.8427850008010864,0.8427850008010864,0.8427850008010864,nllb,ro,ro,ro,6.7_(kilograms)
entity,en,6.97,6.97,,,,0.9,,,,,,,,6.97,passthrough_number_symbols,2026-03-19T12:43:40,,,,,und,und,und,6.97
entity,en,60,60,,,,0.9,,,,,,,,60,passthrough_number_symbols,2026-03-19T12:43:40,,,,,und,und,und,60
entity,en,600,600,,,,0.9,,,,,,,,600,passthrough_number_symbols,2026-03-19T12:43:40,,,,,und,und,und,600
entity,en,600.0,600.0,,,,0.9,,,,,,,,600.0,passthrough_number_symbols,2026-03-19T12:43:40,,,,,und,und,und,600.0
entity,en,60040714,60040714,,,,0.9,,,,,,,,60040714,passthrough_number_symbols,2026-03-19T12:43:40,,,,,und,und,und,60040714
entity,en,605718000.0_(kilòmetres),605718000.0 (kilòmetres),605718000.0 (kilometres),605718000.0 (km),605718000.0 (kilometers),0.9,0.0,0.9583,0.0,0.0,1.0,0.0,605718000.0 (kilometers),605718000.0 (kilometers),mt_vote_revoted_gte_langfilter,2026-03-19T13:40:57,0.9580687284469604,,0.9687320590019226,salamandra,fr,en,ro,605718000.0_(kilometers)
entity,en,609,609,,,,0.9,,,,,,,,609,passthrough_number_symbols,2026-03-19T12:43:40,,,,,und,und,und,609
entity,en,61.0,61.0,,,,0.9,,,,,,,,61.0,passthrough_number_symbols,2026-03-19T12:43:40,,,,,und,und,und,61.0
entity,en,610.0,610.0,,,,0.9,,,,,,,,610.0,passthrough_number_symbols,2026-03-19T12:43:40,,,,,und,und,und,610.0
entity,en,611961000.0_(kilòmetres),611961000.0 (kilòmetres),611961000.0 (kilometres),611961000.0 (km),611961000.0 (kilometers),0.9,0.0,0.9583,0.0,0.0,1.0,0.0,611961000.0 (kilometers),611961000.0 (kilometers),mt_vote_revoted_gte_langfilter,2026-03-19T13:40:57,0.9667096138000488,,0.9764678478240968,salamandra,fr,en,ro,611961000.0_(kilometers)
entity,en,6155910000000.0,6155910000000.0,,,,0.9,,,,,,,,6155910000000.0,passthrough_number_symbols,2026-03-19T12:43:41,,,,,und,und,und,6155910000000.0
entity,en,618,618,,,,0.9,,,,,,,,618,passthrough_number_symbols,2026-03-19T12:43:41,,,,,und,und,und,618
entity,en,62.0,62.0,,,,0.9,,,,,,,,62.0,passthrough_number_symbols,2026-03-19T12:43:41,,,,,und,und,und,62.0
entity,en,"62.145,3_(metres_quadrats)","62.145,3 (metres quadrats)","62,145.3 (square feet)","62,145.3 (square meters)","62,145.3 (square metres)",0.9,0.8696,0.8696,0.9583,0.0,0.0,1.0,"62,145.3 (square meters)","62,145.3 (square meters)",mt_vote,2026-03-19T12:43:42,,,,,en,en,en,"62,145.3_(square_meters)"
entity,en,628,628,,,,0.9,,,,,,,,628,passthrough_number_symbols,2026-03-19T12:43:42,,,,,und,und,und,628
entity,en,63,63,,,,0.9,,,,,,,,63,passthrough_number_symbols,2026-03-19T12:43:42,,,,,und,und,und,63
entity,en,63800.0_(mil·límetres),63800.0 (mil·límetres),Manufacture in which the value of all the materials used does not exceed 40% of the ex-works price of the product,63800.0 (millimeters),63800.0 (millimetres),0.9,0.0,0.0,0.9524,0.0,0.0,1.0,63800.0 (millimetres),63800.0 (millimetres),mt_vote_revoted_gte_langfilter,2026-03-19T13:40:57,,0.97990882396698,0.9809051752090454,salamandra,en,mt,fr,63800.0_(millimetres)
entity,en,64.008,64.008,,,,0.9,,,,,,,,64.008,passthrough_number_symbols,2026-03-19T12:43:43,,,,,und,und,und,64.008
entity,en,657,657,,,,0.9,,,,,,,,657,passthrough_number_symbols,2026-03-19T12:43:43,,,,,und,und,und,657
entity,en,"657,_714","657,_714",,,,0.9,,,,,,,,"657,_714",passthrough_number_symbols,2026-03-19T12:43:43,,,,,und,und,und,"657,_714"
entity,en,6573,6573,,,,0.9,,,,,,,,6573,passthrough_number_symbols,2026-03-19T12:43:43,,,,,und,und,und,6573
entity,en,6603633000.0_(kilòmetres),6603633000.0 (kilòmetres),6603633000.0 (kilometres),6603633000.0 (km),6603633000.0 (kilometers),0.9,0.0,0.96,0.0,0.0,1.0,0.0,6603633000.0 (kilometers),6603633000.0 (kilometers),mt_vote_revoted_gte_langfilter,2026-03-19T13:40:57,0.9593217372894288,,0.971198558807373,salamandra,fr,en,ro,6603633000.0_(kilometers)
entity,en,672,672,,,,0.9,,,,,,,,672,passthrough_number_symbols,2026-03-19T12:43:44,,,,,und,und,und,672
entity,en,"682,_817,_214,_469,_972","682,_817,_214,_469,_972",,,,0.9,,,,,,,,"682,_817,_214,_469,_972",passthrough_number_symbols,2026-03-19T12:43:44,,,,,und,und,und,"682,_817,_214,_469,_972"
entity,en,686.0_(quilòmetres_quadrats),686.0 (quilòmetres quadrats),686.0 (square miles),686.0 (square kilometers),686.0 (square kilometres),0.9,0.0,0.0,0.0,0.0,0.0,0.0,686.0 (square kilometers),686.0 (square kilometers),mt_vote_revoted_gte_langfilter,2026-03-19T13:40:57,,0.9559823274612428,,madlad,en,ro,en,686.0_(square_kilometers)
entity,en,69618,69618,,,,0.9,,,,,,,,69618,passthrough_number_symbols,2026-03-19T12:43:44,,,,,und,und,und,69618
entity,en,69862200.0,69862200.0,,,,0.9,,,,,,,,69862200.0,passthrough_number_symbols,2026-03-19T12:43:44,,,,,und,und,und,69862200.0
entity,en,7.08,7.08,,,,0.9,,,,,,,,7.08,passthrough_number_symbols,2026-03-19T12:43:44,,,,,und,und,und,7.08
entity,en,7.5_(quilograms),7.5 (quilograms),Of a width not exceeding 30 mm,7.5 (kilograms),7.5 (kilograms),0.9,0.0,0.0,1.0,0.0,0.0,1.0,7.5 (kilograms),7.5 (kilograms),mt_vote_revoted_gte_langfilter,2026-03-19T13:40:57,,0.8338387608528137,0.8338387608528137,salamandra,en,ro,ro,7.5_(kilograms)
entity,en,7.66,7.66,,,,0.9,,,,,,,,7.66,passthrough_number_symbols,2026-03-19T12:43:45,,,,,und,und,und,7.66
entity,en,7.9_(quilograms),7.9 (quilograms),7.9 (kilograms),7.9 (kilograms),7.9 (kilograms),0.9,1.0,1.0,1.0,1.0,1.0,1.0,7.9 (kilograms),7.9 (kilograms),mt_vote_revoted_gte_langfilter,2026-03-19T13:40:57,0.8211671113967896,0.8211671113967896,0.8211671113967896,nllb,ro,ro,ro,7.9_(kilograms)
entity,en,7/25,7/25,,,,0.9,,,,,,,,7/25,passthrough_number_symbols,2026-03-19T12:43:45,,,,,und,und,und,7/25
entity,en,70.308,70.308,,,,0.9,,,,,,,,70.308,passthrough_number_symbols,2026-03-19T12:43:45,,,,,und,und,und,70.308
entity,en,700,700,,,,0.9,,,,,,,,700,passthrough_number_symbols,2026-03-19T12:43:45,,,,,und,und,und,700
entity,en,703.95_(quilòmetres_quadrats),703.95 (quilòmetres quadrats),703.95 (square miles),703.95 (square kilometers),703.95 (square kilometres),0.9,0.0,0.0,0.0,0.0,0.0,0.0,703.95 (square kilometers),703.95 (square kilometers),mt_vote_revoted_gte_langfilter,2026-03-19T13:40:57,,0.953505039215088,,madlad,en,ro,en,703.95_(square_kilometers)
entity,en,70634,70634,,,,0.9,,,,,,,,70634,passthrough_number_symbols,2026-03-19T12:43:46,,,,,und,und,und,70634
entity,en,7202,7202,,,,0.9,,,,,,,,7202,passthrough_number_symbols,2026-03-19T12:43:46,,,,,und,und,und,7202
entity,en,733.0,733.0,,,,0.9,,,,,,,,733.0,passthrough_number_symbols,2026-03-19T12:43:46,,,,,und,und,und,733.0
entity,en,734,734,,,,0.9,,,,,,,,734,passthrough_number_symbols,2026-03-19T12:43:46,,,,,und,und,und,734
entity,en,737,737,,,,0.9,,,,,,,,737,passthrough_number_symbols,2026-03-19T12:43:46,,,,,und,und,und,737
entity,en,"74,33_(kilòmetres_quadrats)","74,33 (kilòmetres quadrats)",74.33 (square miles),74.33 (square kilometers),74.33 (square kilometres),0.9,0.0,0.0,0.0,0.0,0.0,0.0,74.33 (square kilometers),74.33 (square kilometers),mt_vote_revoted_gte_langfilter,2026-03-19T13:40:57,,0.954792320728302,,madlad,en,ro,en,74.33_(square_kilometers)
entity,en,746.0_(habitants_per_quilòmetre_quadrat),746.0 (habitants per quilòmetre quadrat),746.0 (inhabitants per square kilometre),746.0 (inhabitants per square kilometer),746.0 (inhabitants per square kilometre),0.9,0.975,1.0,0.975,1.0,1.0,1.0,746.0 (inhabitants per square kilometre),746.0 (inhabitants per square kilometre),mt_vote,2026-03-19T12:43:47,,,,,en,en,en,746.0_(inhabitants_per_square_kilometre)
entity,en,75,75,,,,0.9,,,,,,,,75,passthrough_number_symbols,2026-03-19T12:43:47,,,,,und,und,und,75
entity,en,75.0_milions_(dòlars),75.0 milions (dòlars),75.0 million (dollars),75.0 million (dollars),$75.0 million,0.9,1.0,0.6857,0.6857,1.0,0.0,0.0,75.0 million (dollars),75.0 million (dollars),mt_vote,2026-03-19T12:43:48,,,,,en,en,en,75.0_million_(dollars)
entity,en,75.324_(kilòmetres_quadrats),75.324 (kilòmetres quadrats),"75,324 (square miles)",75.324 (square kilometers),"75,324 (square kilometres)",0.9,0.0,0.0,0.0,0.0,0.0,0.0,75.324 (square kilometers),75.324 (square kilometers),mt_vote_revoted_gte_langfilter,2026-03-19T13:40:57,,0.9645061492919922,,madlad,en,ro,en,75.324_(square_kilometers)
entity,en,755.3_(habitants_per_quilòmetre_quadrat),755.3 (habitants per quilòmetre quadrat),755.3 (inhabitants per square kilometre),755.3 (inhabitants per square kilometer),755.3 (inhabitants per square kilometre),0.9,0.975,1.0,0.975,1.0,1.0,1.0,755.3 (inhabitants per square kilometre),755.3 (inhabitants per square kilometre),mt_vote,2026-03-19T12:43:49,,,,,en,en,en,755.3_(inhabitants_per_square_kilometre)
entity,en,76131–76229,76131–76229,,,,0.9,,,,,,,,76131–76229,passthrough_number_symbols,2026-03-19T12:43:49,,,,,und,und,und,76131–76229
entity,en,7637.76,7637.76,,,,0.9,,,,,,,,7637.76,passthrough_number_symbols,2026-03-19T12:43:49,,,,,und,und,und,7637.76
entity,en,765,765,,,,0.9,,,,,,,,765,passthrough_number_symbols,2026-03-19T12:43:49,,,,,und,und,und,765
entity,en,76798317,76798317,,,,0.9,,,,,,,,76798317,passthrough_number_symbols,2026-03-19T12:43:49,,,,,und,und,und,76798317
entity,en,"77,41_(kilòmetres_quadrats)","77,41 (kilòmetres quadrats)",77.41 (square miles),77.41 (square kilometers),77.41 (square kilometres),0.9,0.0,0.0,0.0,0.0,0.0,0.0,77.41 (square kilometers),77.41 (square kilometers),mt_vote_revoted_gte_langfilter,2026-03-19T13:40:57,,0.9569195508956908,,madlad,en,ro,en,77.41_(square_kilometers)
entity,en,"770,_404,_678","770,_404,_678",,,,0.9,,,,,,,,"770,_404,_678",passthrough_number_symbols,2026-03-19T12:43:50,,,,,und,und,und,"770,_404,_678"
entity,en,7715100000.0_(kilòmetres),7715100000.0 (kilòmetres),7715100000.0 (kilometres),7715100000.0 (km),7715100000.0 (kilometers),0.9,0.0,0.96,0.0,0.0,1.0,0.0,7715100000.0 (kilometers),7715100000.0 (kilometers),mt_vote_revoted_gte_langfilter,2026-03-19T13:40:57,0.9640094637870787,,0.9726135730743408,salamandra,fr,en,ro,7715100000.0_(kilometers)
entity,en,7729430000.0,7729430000.0,,,,0.9,,,,,,,,7729430000.0,passthrough_number_symbols,2026-03-19T12:43:50,,,,,und,und,und,7729430000.0
entity,en,783.1_(habitants_per_quilòmetre_quadrat),783.1 (habitants per quilòmetre quadrat),783.1 (inhabitants per square kilometre),783.1 (inhabitants per square kilometer),783.1 (inhabitants per square kilometre),0.9,0.975,1.0,0.975,1.0,1.0,1.0,783.1 (inhabitants per square kilometre),783.1 (inhabitants per square kilometre),mt_vote,2026-03-19T12:43:51,,,,,en,en,en,783.1_(inhabitants_per_square_kilometre)
entity,en,783356.0,783356.0,,,,0.9,,,,,,,,783356.0,passthrough_number_symbols,2026-03-19T12:43:51,,,,,und,und,und,783356.0
entity,en,78771100,78771100,,,,0.9,,,,,,,,78771100,passthrough_number_symbols,2026-03-19T12:43:51,,,,,und,und,und,78771100
entity,en,8.0,8.0,,,,0.9,,,,,,,,8.0,passthrough_number_symbols,2026-03-19T12:43:51,,,,,und,und,und,8.0
entity,en,8.33,8.33,,,,0.9,,,,,,,,8.33,passthrough_number_symbols,2026-03-19T12:43:51,,,,,und,und,und,8.33
entity,en,8.334,8.334,,,,0.9,,,,,,,,8.334,passthrough_number_symbols,2026-03-19T12:43:51,,,,,und,und,und,8.334
entity,en,8.3_(quilograms),8.3 (quilograms),8.3 (kilograms),8.3 (kilograms),8.3 (kilograms),0.9,1.0,1.0,1.0,1.0,1.0,1.0,8.3 (kilograms),8.3 (kilograms),mt_vote_revoted_gte_langfilter,2026-03-19T13:40:57,0.7973489165306091,0.7973489165306091,0.7973489165306091,nllb,ro,ro,ro,8.3_(kilograms)
entity,en,8._3_m,8. 3 m,8.3 m,8.3 m,8. 3 m,0.9,1.0,0.9091,0.9091,1.0,1.0,1.0,8.3 m,8.3 m,mt_vote,2026-03-19T12:43:52,,,,,en,en,en,8.3_m
entity,en,80002709,80002709,,,,0.9,,,,,,,,80002709,passthrough_number_symbols,2026-03-19T12:43:52,,,,,und,und,und,80002709
entity,en,8002,8002,,,,0.9,,,,,,,,8002,passthrough_number_symbols,2026-03-19T12:43:52,,,,,und,und,und,8002
entity,en,806,806,,,,0.9,,,,,,,,806,passthrough_number_symbols,2026-03-19T12:43:52,,,,,und,und,und,806
entity,en,814,814,,,,0.9,,,,,,,,814,passthrough_number_symbols,2026-03-19T12:43:52,,,,,und,und,und,814
entity,en,82.8_(quilòmetres_quadrats),82.8 (quilòmetres quadrats),82.8 (square miles),82.8 (square kilometers),82.8 (square kilometres),0.9,0.0,0.0,0.0,0.0,0.0,0.0,82.8 (square kilometers),82.8 (square kilometers),mt_vote_revoted_gte_langfilter,2026-03-19T13:40:57,,0.9407862424850464,,madlad,en,ro,en,82.8_(square_kilometers)
entity,en,83.0,83.0,,,,0.9,,,,,,,,83.0,passthrough_number_symbols,2026-03-19T12:43:53,,,,,und,und,und,83.0
entity,en,83.2104,83.2104,,,,0.9,,,,,,,,83.2104,passthrough_number_symbols,2026-03-19T12:43:53,,,,,und,und,und,83.2104
entity,en,83646315,83646315,,,,0.9,,,,,,,,83646315,passthrough_number_symbols,2026-03-19T12:43:53,,,,,und,und,und,83646315
entity,en,837080.744_(quilòmetres_quadrats),837080.744 (quilòmetres quadrats),837080.744 (square miles),837080.744 (square kilometers),"837,080.744 (square kilometres)",0.9,0.0,0.0,0.0,0.0,0.0,0.0,837080.744 (square kilometers),837080.744 (square kilometers),mt_vote_revoted_gte_langfilter,2026-03-19T13:40:57,,0.9410198330879213,,madlad,en,ro,en,837080.744_(square_kilometers)
entity,en,84.0,84.0,,,,0.9,,,,,,,,84.0,passthrough_number_symbols,2026-03-19T12:43:53,,,,,und,und,und,84.0
entity,en,8500,8500,,,,0.9,,,,,,,,8500,passthrough_number_symbols,2026-03-19T12:43:53,,,,,und,und,und,8500
entity,en,"8514837,14_(kilòmetres_quadrats)","8514837,14 (kilòmetres quadrats)","8514837,14 (square miles)",8514837.14 (square kilometers),8514837.14 (square kilometres),0.9,0.0,0.0,0.0,0.0,0.0,0.0,8514837.14 (square kilometers),8514837.14 (square kilometers),mt_vote_revoted_gte_langfilter,2026-03-19T13:40:57,,0.9443304538726808,,madlad,en,ro,en,8514837.14_(square_kilometers)
entity,en,85466.9,85466.9,,,,0.9,,,,,,,,85466.9,passthrough_number_symbols,2026-03-19T12:43:54,,,,,und,und,und,85466.9
entity,en,87000823,87000823,,,,0.9,,,,,,,,87000823,passthrough_number_symbols,2026-03-19T12:43:54,,,,,und,und,und,87000823
entity,en,875400000,875400000,,,,0.9,,,,,,,,875400000,passthrough_number_symbols,2026-03-19T12:43:54,,,,,und,und,und,875400000
entity,en,877.0,877.0,,,,0.9,,,,,,,,877.0,passthrough_number_symbols,2026-03-19T12:43:54,,,,,und,und,und,877.0
entity,en,8788850000.0,8788850000.0,,,,0.9,,,,,,,,8788850000.0,passthrough_number_symbols,2026-03-19T12:43:54,,,,,und,und,und,8788850000.0
entity,en,88.0,88.0,,,,0.9,,,,,,,,88.0,passthrough_number_symbols,2026-03-19T12:43:54,,,,,und,und,und,88.0
entity,en,88002539,88002539,,,,0.9,,,,,,,,88002539,passthrough_number_symbols,2026-03-19T12:43:54,,,,,und,und,und,88002539
entity,en,8805735,8805735,,,,0.9,,,,,,,,8805735,passthrough_number_symbols,2026-03-19T12:43:54,,,,,und,und,und,8805735
entity,en,88234300000.0,88234300000.0,,,,0.9,,,,,,,,88234300000.0,passthrough_number_symbols,2026-03-19T12:43:54,,,,,und,und,und,88234300000.0
entity,en,89.0,89.0,,,,0.9,,,,,,,,89.0,passthrough_number_symbols,2026-03-19T12:43:54,,,,,und,und,und,89.0
entity,en,896.0,896.0,,,,0.9,,,,,,,,896.0,passthrough_number_symbols,2026-03-19T12:43:54,,,,,und,und,und,896.0
entity,en,89646863,89646863,,,,0.9,,,,,,,,89646863,passthrough_number_symbols,2026-03-19T12:43:54,,,,,und,und,und,89646863
entity,en,9.7,9.7,,,,0.9,,,,,,,,9.7,passthrough_number_symbols,2026-03-19T12:43:54,,,,,und,und,und,9.7
entity,en,9.8_(quilograms),9.8 (quilograms),9.8 (kilograms),9.8 (kilograms),9.8 (kilograms),0.9,1.0,1.0,1.0,1.0,1.0,1.0,9.8 (kilograms),9.8 (kilograms),mt_vote_revoted_gte_langfilter,2026-03-19T13:40:57,0.7906407117843628,0.7906407117843628,0.7906407117843628,nllb,ro,ro,ro,9.8_(kilograms)
entity,en,900.0,900.0,,,,0.9,,,,,,,,900.0,passthrough_number_symbols,2026-03-19T12:43:55,,,,,und,und,und,900.0
entity,en,9001,9001,,,,0.9,,,,,,,,9001,passthrough_number_symbols,2026-03-19T12:43:55,,,,,und,und,und,9001
entity,en,90640840,90640840,,,,0.9,,,,,,,,90640840,passthrough_number_symbols,2026-03-19T12:43:55,,,,,und,und,und,90640840
entity,en,911.0,911.0,,,,0.9,,,,,,,,911.0,passthrough_number_symbols,2026-03-19T12:43:55,,,,,und,und,und,911.0
entity,en,914._8_(habitants_per_quilòmetre_quadrat),914. 8 (habitants per quilòmetre quadrat),914.8 (inhabitants per square kilometre),914.8 (inhabitants per square kilometer),914.8 (inhabitants per square kilometre),0.9,0.975,1.0,0.975,1.0,1.0,1.0,914.8 (inhabitants per square kilometre),914.8 (inhabitants per square kilometre),mt_vote,2026-03-19T12:43:56,,,,,en,en,en,914.8_(inhabitants_per_square_kilometre)
entity,en,925,925,,,,0.9,,,,,,,,925,passthrough_number_symbols,2026-03-19T12:43:56,,,,,und,und,und,925
entity,en,929.0,929.0,,,,0.9,,,,,,,,929.0,passthrough_number_symbols,2026-03-19T12:43:56,,,,,und,und,und,929.0
entity,en,9312,9312,,,,0.9,,,,,,,,9312,passthrough_number_symbols,2026-03-19T12:43:56,,,,,und,und,und,9312
entity,en,93645978,93645978,,,,0.9,,,,,,,,93645978,passthrough_number_symbols,2026-03-19T12:43:56,,,,,und,und,und,93645978
entity,en,94,94,,,,0.9,,,,,,,,94,passthrough_number_symbols,2026-03-19T12:43:56,,,,,und,und,und,94
entity,en,94.0,94.0,,,,0.9,,,,,,,,94.0,passthrough_number_symbols,2026-03-19T12:43:56,,,,,und,und,und,94.0
entity,en,94.8024_(kilograms),94.8024 (kilograms),"Manufacture from materials of any heading, except that of the product",94.8024 (kilograms),948024 (kilograms),0.9,0.0,0.0,0.973,0.0,0.0,1.0,94.8024 (kilograms),94.8024 (kilograms),mt_vote_revoted_gte_langfilter,2026-03-19T13:40:57,,0.9999999403953552,0.9035297632217408,madlad,en,ro,ro,94.8024_(kilograms)
entity,en,9400,9400,,,,0.9,,,,,,,,9400,passthrough_number_symbols,2026-03-19T12:43:56,,,,,und,und,und,9400
entity,en,"94509,_94531","94509,_94531",,,,0.9,,,,,,,,"94509,_94531",passthrough_number_symbols,2026-03-19T12:43:56,,,,,und,und,und,"94509,_94531"
entity,en,95040.0,95040.0,,,,0.9,,,,,,,,95040.0,passthrough_number_symbols,2026-03-19T12:43:56,,,,,und,und,und,95040.0
entity,en,96.1632_(kilograms),96.1632 (kilograms),"Manufacture from materials of any heading, except that of the product",96.1632 (kilograms),961632 (kilograms),0.9,0.0,0.0,0.973,0.0,0.0,1.0,96.1632 (kilograms),96.1632 (kilograms),mt_vote_revoted_gte_langfilter,2026-03-19T13:40:57,,1.0,0.9244221448898317,madlad,en,ro,ro,96.1632_(kilograms)
entity,en,973.0,973.0,,,,0.9,,,,,,,,973.0,passthrough_number_symbols,2026-03-19T12:43:57,,,,,und,und,und,973.0
entity,en,978-0-15-204770-2,978-0-15-204770-2,,,,0.9,,,,,,,,978-0-15-204770-2,passthrough_number_symbols,2026-03-19T12:43:57,,,,,und,und,und,978-0-15-204770-2
entity,en,978-1-4165-4253-7,978-1-4165-4253-7,,,,0.9,,,,,,,,978-1-4165-4253-7,passthrough_number_symbols,2026-03-19T12:43:57,,,,,und,und,und,978-1-4165-4253-7
entity,en,98.0,98.0,,,,0.9,,,,,,,,98.0,passthrough_number_symbols,2026-03-19T12:43:57,,,,,und,und,und,98.0
entity,en,9833516.63_(kilòmetres_quadrats),9833516.63 (kilòmetres quadrats),9833516.63 (square miles),9833516.63 (square kilometers),9833516.63 (square kilometres),0.9,0.0,0.0,0.0,0.0,0.0,0.0,9833516.63 (square kilometers),9833516.63 (square kilometers),mt_vote_revoted_gte_langfilter,2026-03-19T13:40:57,,0.9577641487121582,,madlad,en,ro,en,9833516.63_(square_kilometers)
entity,en,9833520000000.0,9833520000000.0,,,,0.9,,,,,,,,9833520000000.0,passthrough_number_symbols,2026-03-19T12:43:58,,,,,und,und,und,9833520000000.0
entity,en,99.792_(quilograms),99.792 (quilograms),Manufacture in which the value of all the materials used does not exceed 30% of the ex-works price of the product,99.792 (kilograms),"99,792 (kilograms)",0.9,0.0,0.0,0.9444,0.0,0.0,1.0,"99,792 (kilograms)","99,792 (kilograms)",mt_vote_revoted_gte_langfilter,2026-03-19T13:40:57,,0.8345165252685547,0.8420413136482239,salamandra,en,ro,ro,"99,792_(kilograms)"
entity,en,99.83,99.83,,,,0.9,,,,,,,,99.83,passthrough_number_symbols,2026-03-19T12:43:59,,,,,und,und,und,99.83
entity,en,"992,6_(habitants_per_quilòmetre_quadrat)","992,6 (habitants per quilòmetre quadrat)",992.6 (inhabitants per square kilometre),992.6 (inhabitants per square kilometer),992.6 (inhabitants per square kilometre),0.9,0.975,1.0,0.975,1.0,1.0,1.0,992.6 (inhabitants per square kilometre),992.6 (inhabitants per square kilometre),mt_vote,2026-03-19T12:43:59,,,,,en,en,en,992.6_(inhabitants_per_square_kilometre)
entity,en,9953.28,9953.28,,,,0.9,,,,,,,,9953.28,passthrough_number_symbols,2026-03-19T12:43:59,,,,,und,und,und,9953.28
entity,en,9_velocitats_ZF_9HP_automàtic_(V6),9 velocitats ZF 9HP automàtic (V6),9 speed ZF 9HP automatic (V6),9 speed ZF 9HP automatic (V6),9-speed ZF 9HP automatic (V6),0.9,1.0,0.9655,0.9655,1.0,1.0,1.0,9 speed ZF 9HP automatic (V6),9 speed ZF 9HP automatic (V6),mt_vote,2026-03-19T12:44:00,,,,,en,en,en,9_speed_ZF_9HP_automatic_(V6)
entity,en,<http://www.ghampara.gov.lk/>,<http://www.ghampara.gov.lk/>,He was arrested on suspicion of driving under the influence of a controlled substance.,<http://www.ghampara.gov.lk/>,http://www.ghampara.gov.lk/,0.9,0.1391,0.1416,0.9643,0.0,0.0,1.0,<http://www.ghampara.gov.lk/>,<http://www.ghampara.gov.lk/>,mt_vote,2026-03-19T12:44:01,,,,,en,en,en,<http://www.ghampara.gov.lk/>
entity,en,A-Rosa_Luna,A-Rosa Luna,A-Rose Moon,A-Rosa Luna,A-Rosa Luna,0.9,0.0,0.0,1.0,0.0,0.0,1.0,A-Rosa Luna,A-Rosa Luna,mt_vote_revoted_gte_langfilter,2026-03-19T13:40:57,,1.0000001192092896,1.0000001192092896,salamandra,en,es,es,A-Rosa_Luna
entity,en,A.C._Cesena,A.C. Cesena,A.C. Cesena,AC Cesena,A.C. Cesena,0.9,0.9,1.0,0.9,1.0,1.0,1.0,A.C. Cesena,A.C. Cesena,mt_vote_revoted_gte_langfilter,2026-03-19T13:40:57,1.0,0.9434185028076172,1.0,nllb,sv,sv,sv,A.C._Cesena
entity,en,A.C._Chievo_Verona,A.C. Chievo Verona,A.C. Chievo from Verona,AC Chievo Verona,A.C. Chievo Verona,0.9,0.0,0.0,0.9412,0.0,0.0,1.0,A.C. Chievo Verona,A.C. Chievo Verona,mt_vote_revoted_gte_langfilter,2026-03-19T13:40:57,,0.9811164140701294,1.0,salamandra,en,nl,nl,A.C._Chievo_Verona
entity,en,A.C._Milan,A.C. Milan,A.C. Milan,AC Milan,A.C. Milan,0.9,0.8889,1.0,0.8889,0.0,1.0,0.0,A.C. Milan,A.C. Milan,mt_vote_revoted_gte_langfilter,2026-03-19T13:40:57,1.0,0.946088969707489,1.0,salamandra,it,it,it,A.C._Milan
entity,en,A.E._Dimitra_Efxeinoupolis,A.E. Dimitra Efxeinoupolis,A.E. Dimitra Efxeinoupolis,A.E. Dimitra Efxeinoupolis,A.E. Dimitra Efxeinoupolis,0.9,1.0,1.0,1.0,1.0,1.0,1.0,A.E. Dimitra Efxeinoupolis,A.E. Dimitra Efxeinoupolis,mt_vote,2026-03-19T12:44:03,,,,,en,en,en,A.E._Dimitra_Efxeinoupolis
entity,en,A.F.C._Blackpool,A.F.C. Blackpool,A.F.C. Blackpool,AFC Blackpool,A.F.C. Blackpool,0.9,0.8966,1.0,0.8966,0.0,1.0,0.0,A.F.C. Blackpool,A.F.C. Blackpool,mt_vote,2026-03-19T12:44:03,,,,,en,en,en,A.F.C._Blackpool
entity,en,A.F.C._Fylde,A.F.C. Fylde,A.F.C. Fylde,Fylde F.C.,A.F.C. Fylde,0.9,0.0,0.0,0.0,0.0,0.0,0.0,Fylde F.C.,Fylde F.C.,mt_vote_revoted_gte_langfilter,2026-03-19T13:40:57,,0.9804893136024476,,madlad,en,nl,en,Fylde_F.C.
entity,en,A.S.D._Licata_1931_(italià),A.S.D. Licata 1931 (italià),A.S.D. Licata 1931 (Italian),A.S.D. Licata 1931 (Italian),A.S.D. Licata 1931 (Italian),0.9,1.0,1.0,1.0,1.0,1.0,1.0,A.S.D. Licata 1931 (Italian),A.S.D. Licata 1931 (Italian),mt_vote_revoted_gte_langfilter,2026-03-19T13:40:57,0.98881334066391,0.98881334066391,0.98881334066391,nllb,it,it,it,A.S.D._Licata_1931_(Italian)
entity,en,A.S.D._S.S._Nola_1925,A.S.D. S.S. Nola 1925,A.S.D. S.S. Nola from 1925,A.S.D. S.S. Nola 1925,A.S.D. S.S. Nola 1925,0.9,0.8936,0.8936,1.0,0.0,0.0,1.0,A.S.D. S.S. Nola 1925,A.S.D. S.S. Nola 1925,mt_vote,2026-03-19T12:44:06,,,,,en,en,en,A.S.D._S.S._Nola_1925
entity,en,A.S._Gubbio_1910,A.S. Gubbio 1910,A.S. Gubbio 1910,AS Gubbio 1910,A.S. Gubbio 1910,0.9,0.9333,1.0,0.9333,1.0,1.0,1.0,A.S. Gubbio 1910,A.S. Gubbio 1910,mt_vote_revoted_gte_langfilter,2026-03-19T13:40:57,1.0,0.9809309840202332,1.0,nllb,it,it,it,A.S._Gubbio_1910
entity,en,A.S._Livorno_Calcio,A.S. Livorno Calcio,"A.S. Livorno Calcio is a football club based in Livorno, Italy.",A.S. Livorno Calcio,A.S. Livorno Calcio,0.9,0.0,0.0,1.0,0.0,0.0,1.0,A.S. Livorno Calcio,A.S. Livorno Calcio,mt_vote_revoted_gte_langfilter,2026-03-19T13:40:57,,1.000000238418579,1.000000238418579,salamandra,en,es,es,A.S._Livorno_Calcio
entity,en,A.S._Roma,A.S. Roma,A.S. Rome,AS Roma,A.S. Roma,0.9,0.75,0.8889,0.875,0.0,0.0,0.0,A.S. Roma,A.S. Roma,mt_vote,2026-03-19T12:44:07,,,,,en,en,en,A.S._Roma
entity,en,A.T._Charlie_Johnson,A.T. Charlie Johnson,A.T. Charlie Johnson,A.T. Charlie Johnson,A.T. Charlie Johnson,0.9,1.0,1.0,1.0,1.0,1.0,1.0,A.T. Charlie Johnson,A.T. Charlie Johnson,mt_vote_revoted_gte_langfilter,2026-03-19T13:40:57,1.0,1.0,1.0,nllb,de,de,de,A.T._Charlie_Johnson
entity,en,A._Nugetre,A. Nugetre,A. Nugetre,A. Nugetre,A. Nugetre,0.9,1.0,1.0,1.0,1.0,1.0,1.0,A. Nugetre,A. Nugetre,mt_vote_revoted_gte_langfilter,2026-03-19T13:40:57,1.0000001192092896,1.0000001192092896,1.0000001192092896,nllb,de,de,de,A._Nugetre
entity,en,A._Storrs,A. Storrs,A. Storrs,A. Storrs,A. Storrs,0.9,1.0,1.0,1.0,1.0,1.0,1.0,A. Storrs,A. Storrs,mt_vote,2026-03-19T12:44:08,,,,,en,en,en,A._Storrs
entity,en,A894_VA;_A904_VD;,A894 VA; A904 VD;,A894 VA; A904 VD;,A894 VA; A904 VD;,A894 VA; A904 VD;,0.9,1.0,1.0,1.0,1.0,1.0,1.0,A894 VA; A904 VD;,A894 VA; A904 VD;,mt_vote,2026-03-19T12:44:09,,,,,en,en,en,A894_VA;_A904_VD;
entity,en,A900_GA,A900 GA,A900 GA,A900 GA,A900 GA,0.9,1.0,1.0,1.0,1.0,1.0,1.0,A900 GA,A900 GA,mt_vote,2026-03-19T12:44:09,,,,,en,en,en,A900_GA
entity,en,A911_MD,A911 MD,A911 MD,A911 MD,A911 MD,0.9,1.0,1.0,1.0,1.0,1.0,1.0,A911 MD,A911 MD,mt_vote,2026-03-19T12:44:10,,,,,en,en,en,A911_MD
entity,en,A919_HA;_1927_WB;,A919 HA; 1927 WB;,A919 HA; 1927 WB;,A919 HA; 1927 WB;,A919 HA; 1927 WB;,0.9,1.0,1.0,1.0,1.0,1.0,1.0,A919 HA; 1927 WB;,A919 HA; 1927 WB;,mt_vote,2026-03-19T12:44:11,,,,,en,en,en,A919_HA;_1927_WB;
entity,en,AAIDBIConstellation_name_(optional),AAIDBIConstellation name (optional),AAIDBIConstellation name (optional) This is a dynamic list and may never be able to satisfy particular standards for completeness.,AAIDBI,AAIDBIConstellation name (optional),0.9,0.0,0.0,0.0,0.0,0.0,0.0,AAIDBIConstellation name (optional),AAIDBIConstellation name (optional),mt_vote_revoted_gte_langfilter,2026-03-19T13:40:57,,,1.0,salamandra,en,en,nl,AAIDBIConstellation_name_(optional)
entity,en,ABI,ABI,ABI,ABI,ABI,0.9,1.0,1.0,1.0,1.0,1.0,1.0,ABI,ABI,mt_vote,2026-03-19T12:44:12,,,,,en,en,en,ABI
entity,en,ACF_Fiorentina,ACF Fiorentina,"ACF Fiorentina is a football club based in Fiorentina, Italy.",ACF Fiorentina,ACF Fiorentina,0.9,0.3733,0.3733,1.0,0.0,0.0,1.0,ACF Fiorentina,ACF Fiorentina,mt_vote,2026-03-19T12:44:12,,,,,en,en,en,ACF_Fiorentina
entity,en,ACF_Fiorentina_S.p.A._(italià),ACF Fiorentina S.p.A. (italià),ACF Fiorentina S.p.A. (Italian football team),ACF Fiorentina S.p.A. (Italian),ACF Fiorentina S.p.A. (Italian),0.9,0.0,0.0,1.0,0.0,0.0,1.0,ACF Fiorentina S.p.A. (Italian),ACF Fiorentina S.p.A. (Italian),mt_vote_revoted_gte_langfilter,2026-03-19T13:40:57,,0.9892832040786744,0.9892832040786744,salamandra,en,it,it,ACF_Fiorentina_S.p.A._(Italian)
entity,en,ACM_Trans._Inf._Syst.,ACM Trans. Inf. Syst.,This is ACM Trans. Inf. Syst.,ACM Trans. Inf. Syst.,ACM Trans. Inf. Syst.,0.9,0.84,0.84,1.0,0.0,0.0,1.0,ACM Trans. Inf. Syst.,ACM Trans. Inf. Syst.,mt_vote,2026-03-19T12:44:13,,,,,en,en,en,ACM_Trans._Inf._Syst.
entity,en,ACM_Transaccions_en_Sistemes_d'Informació,ACM Transaccions en Sistemes d'Informació,ACM Transactions in information systems,ACM Transactions in Information Systems,ACM Transactions on Information Systems,0.9,1.0,0.9744,0.9744,1.0,1.0,1.0,ACM Transactions in information systems,ACM Transactions in information systems,mt_vote,2026-03-19T12:44:14,,,,,en,en,en,ACM_Transactions_in_information_systems
entity,en,AC_Hotel_Bella_Sky_Copenhagen,AC Hotel Bella Sky Copenhagen,AC Hotel Bella Sky Copenhagen is located in Copenhagen.,AC Hotel Bella Sky Copenhagen,AC Hotel Bella Sky Copenhagen,0.9,0.0,0.0,1.0,0.0,0.0,1.0,AC Hotel Bella Sky Copenhagen,AC Hotel Bella Sky Copenhagen,mt_vote_revoted_gte_langfilter,2026-03-19T13:40:57,,0.9999999403953552,0.9999999403953552,salamandra,en,it,it,AC_Hotel_Bella_Sky_Copenhagen
entity,en,AC_Lumezzane,AC Lumezzane,A.C. Lumezzane,AC Lumezzane,AC Lumezzane,0.9,0.9231,0.9231,1.0,1.0,1.0,1.0,AC Lumezzane,AC Lumezzane,mt_vote_revoted_gte_langfilter,2026-03-19T13:40:57,0.8788679838180542,1.0,1.0,madlad,mt,mt,mt,AC_Lumezzane
entity,en,AC_preferit,AC preferit,Preferred AC,Preferred CA,AC Preferred,0.9,0.9167,0.75,0.75,1.0,0.0,0.0,Preferred AC,Preferred AC,mt_vote,2026-03-19T12:44:15,,,,,en,en,en,Preferred_AC
entity,en,ADICE5Constellation_name_(optional),ADICE5Constellation name (optional),ADICE5Constellation name (optional),ADICE5,ADICE5Constellation name (optional),0.9,0.0,1.0,0.0,0.0,1.0,0.0,ADICE5Constellation name (optional),ADICE5Constellation name (optional),mt_vote_revoted_gte_langfilter,2026-03-19T13:40:57,1.0000001192092896,,1.0000001192092896,salamandra,nl,en,nl,ADICE5Constellation_name_(optional)
entity,en,ADO_Den_Haag,ADO Den Haag,ADO The Hague,ADO The Hague,ADO Den Haag,0.9,0.0,0.0,0.0,0.0,0.0,0.0,ADO Den Haag,ADO Den Haag,mt_vote_revoted_gte_langfilter,2026-03-19T13:40:57,,,1.0000001192092896,salamandra,en,en,da,ADO_Den_Haag
entity,en,AD_Isidro_Metapán,AD Isidro Metapán,A.D. Isidro Metapán was born,Isidro Metapán,AD Isidro Metapán,0.9,0.6667,0.7556,0.9032,0.0,0.0,1.0,AD Isidro Metapán,AD Isidro Metapán,mt_vote_revoted_gte_langfilter,2026-03-19T13:40:57,0.9169358015060424,0.9396792054176332,0.9999999403953552,salamandra,ga,cs,cs,AD_Isidro_Metapán
entity,en,AEK_Atenes_FC,AEK Atenes FC,"AEK Athens FC is a football club based in Athens, Greece.",AEK Athens FC,AEK Athens FC,0.9,0.0,0.0,1.0,0.0,0.0,1.0,AEK Athens FC,AEK Athens FC,mt_vote_revoted_gte_langfilter,2026-03-19T13:40:57,,0.973544716835022,0.973544716835022,salamandra,en,de,de,AEK_Athens_FC
entity,en,AFAS_Stadion,AFAS Stadion,AFAS Stadium,AFAS Stadium,AFAS Stadion,0.9,1.0,0.8333,0.8333,1.0,0.0,0.0,AFAS Stadium,AFAS Stadium,mt_vote,2026-03-19T12:44:17,,,,,en,en,en,AFAS_Stadium
entity,en,AFC_Ajax,AFC Ajax,AFC Ajax,AFC Ajax,AFC Ajax,0.9,1.0,1.0,1.0,1.0,1.0,1.0,AFC Ajax,AFC Ajax,mt_vote,2026-03-19T12:44:18,,,,,en,en,en,AFC_Ajax
entity,en,AFC_Ajax_(amateurs),AFC Ajax (amateurs),AFC Ajax (amateur team),AFC Ajax (amateurs),AFC Ajax (Amateurs),0.9,0.8571,0.8571,1.0,0.0,0.0,1.0,AFC Ajax (amateurs),AFC Ajax (amateurs),mt_vote_revoted_gte_langfilter,2026-03-19T13:40:57,0.920973539352417,1.0,0.9512656331062316,madlad,fr,fr,fr,AFC_Ajax_(amateurs)
entity,en,AFC_Ajax_N.V.,AFC Ajax N.V.,AFC Ajax N.V.,AFC Ajax N.V.,AFC Ajax N.V.,0.9,1.0,1.0,1.0,1.0,1.0,1.0,AFC Ajax N.V.,AFC Ajax N.V.,mt_vote,2026-03-19T12:44:19,,,,,en,en,en,AFC_Ajax_N.V.
entity,en,"AFIT,_M.S._1962","AFIT, M.S. 1962","AFIT, M.S. 1962","AFIT, M.S. 1962","AFIT, M.S. 1962",0.9,1.0,1.0,1.0,1.0,1.0,1.0,"AFIT, M.S. 1962","AFIT, M.S. 1962",mt_vote,2026-03-19T12:44:19,,,,,en,en,en,"AFIT,_M.S._1962"
entity,en,AGM-88_HARM,AGM-88 HARM,This is AGM-88 HARM.,AGM-88 HARM,AGM-88 HARM,0.9,0.7097,0.7097,1.0,0.0,0.0,1.0,AGM-88 HARM,AGM-88 HARM,mt_vote,2026-03-19T12:44:20,,,,,en,en,en,AGM-88_HARM
entity,en,AGR,AGR,AGR,AGR,AGR,0.9,1.0,1.0,1.0,1.0,1.0,1.0,AGR,AGR,mt_vote,2026-03-19T12:44:20,,,,,en,en,en,AGR
entity,en,AIDA_Cruises,AIDA Cruises,AIDA Cruises,About AIDA Cruises,AIDA Cruises,0.9,0.0,1.0,0.0,0.0,1.0,0.0,AIDA Cruises,AIDA Cruises,mt_vote_revoted_gte_langfilter,2026-03-19T13:40:57,1.0000001192092896,,1.0000001192092896,salamandra,fr,en,fr,AIDA_Cruises
entity,en,AIDAluna,AIDAluna,AIDAluna,AIDAluna,AIDAluna,0.9,1.0,1.0,1.0,1.0,1.0,1.0,AIDAluna,AIDAluna,mt_vote_revoted_gte_langfilter,2026-03-19T13:40:57,1.0,1.0,1.0,nllb,es,es,es,AIDAluna
entity,en,AIDAstella,AIDAstella,AID Astella,AIDAstella,AIDAstella,0.9,0.9524,0.9524,1.0,1.0,1.0,1.0,AIDAstella,AIDAstella,mt_vote_revoted_gte_langfilter,2026-03-19T13:40:57,0.8603765964508057,1.0000001192092896,1.0000001192092896,madlad,it,it,it,AIDAstella
entity,en,AIDS_(journal),AIDS (journal),AIDS (newspaper),AIDS (journal),AIDS (journal),0.9,0.0,0.0,1.0,0.0,0.0,1.0,AIDS (journal),AIDS (journal),mt_vote_revoted_gte_langfilter,2026-03-19T13:40:57,,1.0,1.0,salamandra,en,fr,fr,AIDS_(journal)
entity,en,ALCO_RS-_3Constellation_name_(optional),ALCO RS- 3Constellation name (optional),ALCO RS- 3Constellation name (optional),ALCO RS-3,ALCO RS- 3Constellation name (optional),0.9,0.0,1.0,0.0,0.0,1.0,0.0,ALCO RS- 3Constellation name (optional),ALCO RS- 3Constellation name (optional),mt_vote_revoted_gte_langfilter,2026-03-19T13:40:57,1.0000001192092896,,1.0000001192092896,salamandra,nl,en,nl,ALCO_RS-_3Constellation_name_(optional)
entity,en,ALV_X-1,ALV X-1,ALV X-1,VAT X-1,ALV X-1,0.9,0.7143,1.0,0.7143,0.0,1.0,0.0,ALV X-1,ALV X-1,mt_vote,2026-03-19T12:44:23,,,,,en,en,en,ALV_X-1
entity,en,AMAHE9Constellation_name_(optional),AMAHE9Constellation name (optional),AMAHE9Constellation name (optional),AMAHE9,AMAHE9Constellation name (optional),0.9,0.0,1.0,0.0,0.0,1.0,0.0,AMAHE9Constellation name (optional),AMAHE9Constellation name (optional),mt_vote_revoted_gte_langfilter,2026-03-19T13:40:57,1.0,,1.0,salamandra,nl,en,nl,AMAHE9Constellation_name_(optional)
entity,en,AMC_Ambassador,AMC Ambassador,AMC Ambassador,AMC Ambassador,AMC Ambassador,0.9,1.0,1.0,1.0,1.0,1.0,1.0,AMC Ambassador,AMC Ambassador,mt_vote_revoted_gte_langfilter,2026-03-19T13:40:57,1.0,1.0,1.0,nllb,pt,pt,pt,AMC_Ambassador
entity,en,AMC_Matador,AMC Matador,This is AMC Matador.,AMC Matador,AMC Matador,0.9,0.0,0.0,1.0,0.0,0.0,1.0,AMC Matador,AMC Matador,mt_vote_revoted_gte_langfilter,2026-03-19T13:40:57,,1.0000001192092896,1.0000001192092896,salamandra,en,es,es,AMC_Matador
entity,en,AMHAAJ,AMHAAJ,What's that?,AMHAAJ,AMHAAJ,0.9,0.3333,0.3333,1.0,0.0,0.0,1.0,AMHAAJ,AMHAAJ,mt_vote,2026-03-19T12:44:24,,,,,en,en,en,AMHAAJ
entity,en,APGPAC,APGPAC,Apgpac and its subsidiaries,APGPAC,APGPAC,0.9,0.3636,0.3636,1.0,0.0,0.0,1.0,APGPAC,APGPAC,mt_vote,2026-03-19T12:44:25,,,,,en,en,en,APGPAC
entity,en,APN,APN,APN,APN,APN,0.9,1.0,1.0,1.0,1.0,1.0,1.0,APN,APN,mt_vote,2026-03-19T12:44:25,,,,,en,en,en,APN
entity,en,ARA_Veinticinco_de_Mayo_(V-2),ARA Veinticinco de Mayo (V-2),ARA Twenty-fifth of May (V-2),ARA Veinticinco de Mayo (V-2),ARA Veinticinco de Mayo (V-2),0.9,0.0,0.0,1.0,0.0,0.0,1.0,ARA Veinticinco de Mayo (V-2),ARA Veinticinco de Mayo (V-2),mt_vote_revoted_gte_langfilter,2026-03-19T13:40:57,,1.0,1.0,salamandra,en,es,es,ARA_Veinticinco_de_Mayo_(V-2)
entity,en,ASB,ASB,ASB,ASB,ASB,0.9,1.0,1.0,1.0,1.0,1.0,1.0,ASB,ASB,mt_vote,2026-03-19T12:44:26,,,,,en,en,en,ASB
entity,en,ASCQAGConstellation_name_(optional),ASCQAGConstellation name (optional),ASCQAGConstellation name (optional),ASCQAG,ASCQAGConstellation name (optional),0.9,0.0,1.0,0.0,0.0,1.0,0.0,ASCQAGConstellation name (optional),ASCQAGConstellation name (optional),mt_vote_revoted_gte_langfilter,2026-03-19T13:40:57,0.9999999403953552,,0.9999999403953552,salamandra,nl,en,nl,ASCQAGConstellation_name_(optional)
entity,en,AS_Arapiraquense,AS Arapiraquense,"AS Arapiraquense is a Spanish football club based in Arapiraquense, Spain.",AS Arapiraquense,AS Arapiraquense,0.9,0.0,0.0,1.0,0.0,0.0,1.0,AS Arapiraquense,AS Arapiraquense,mt_vote_revoted_gte_langfilter,2026-03-19T13:40:57,,1.0000001192092896,1.0000001192092896,salamandra,en,fr,fr,AS_Arapiraquense
entity,en,AS_Lyon-Duchère,AS Lyon-Duchère,Formerly known as AS Lyon-Duchère,AS Lyon-Duchère,AS Lyon-Duchère,0.9,0.625,0.625,1.0,0.0,0.0,1.0,AS Lyon-Duchère,AS Lyon-Duchère,mt_vote_revoted_gte_langfilter,2026-03-19T13:40:57,0.9332071542739868,0.9999998807907104,0.9999998807907104,salamandra,ht,fr,fr,AS_Lyon-Duchère
entity,en,ATISETConstellation_name_(optional),ATISETConstellation name (optional),ATISETConstellation name (optional) This is a dynamic list and may never be able to satisfy particular standards for completeness.,ATISET,ATISETConstellation name (optional),0.9,0.0,0.0,0.0,0.0,0.0,0.0,ATISETConstellation name (optional),ATISETConstellation name (optional),mt_vote_revoted_gte_langfilter,2026-03-19T13:40:57,,,1.0000001192092896,salamandra,en,en,nl,ATISETConstellation_name_(optional)
entity,en,ATW,ATW,ATW,ATW,ATW,0.9,1.0,1.0,1.0,1.0,1.0,1.0,ATW,ATW,mt_vote,2026-03-19T12:44:28,,,,,en,en,en,ATW
entity,en,AWD_(vehícle),AWD (vehícle),AWD (vehicle),AWD (vehicle),AWD (vehicle),0.9,1.0,1.0,1.0,1.0,1.0,1.0,AWD (vehicle),AWD (vehicle),mt_vote,2026-03-19T12:44:29,,,,,en,en,en,AWD_(vehicle)
entity,en,AZAL_Arena,AZAL Arena,AZAL Arena,AZAL Arena,AZAL Arena,0.9,1.0,1.0,1.0,1.0,1.0,1.0,AZAL Arena,AZAL Arena,mt_vote,2026-03-19T12:44:29,,,,,en,en,en,AZAL_Arena
entity,en,AZAL_PFK,AZAL PFK,AZAL PFK,AZAL PFK,AZAL PFK,0.9,1.0,1.0,1.0,1.0,1.0,1.0,AZAL PFK,AZAL PFK,mt_vote,2026-03-19T12:44:29,,,,,en,en,en,AZAL_PFK
entity,en,AZAL_Peşəkar_Futbol_Klubu,AZAL Peşəkar Futbol Klubu,AZAL Peşəkar football club,AZAL Peşəkar Futbol Klubu,AZAL Peşəkar Futbol Klubu,0.9,0.8235,0.8235,1.0,0.0,0.0,1.0,AZAL Peşəkar Futbol Klubu,AZAL Peşəkar Futbol Klubu,mt_vote_revoted_gte_langfilter,2026-03-19T13:40:57,0.970171332359314,1.0,1.0,salamandra,az,az,az,AZAL_Peşəkar_Futbol_Klubu
entity,en,AZ_Alkmaar,AZ Alkmaar,This is AZ Alkmaar.,AZ Alkmaar,AZ Alkmaar,0.9,0.0,0.0,1.0,0.0,0.0,1.0,AZ Alkmaar,AZ Alkmaar,mt_vote_revoted_gte_langfilter,2026-03-19T13:40:57,,1.0,1.0,salamandra,en,nl,nl,AZ_Alkmaar
entity,en,"A_nivell_nacional,_també_es_pot_trobar_a_Malàisia_i_Singapur","A nivell nacional, també es pot trobar a Malàisia i Singapur","Nationally, it can also be found in Malaysia and Singapore","Nationally, it can also be found in Malaysia and Singapore.","Nationally, it is also found in Malaysia and Singapore",0.9,0.9915,0.9286,0.9204,1.0,1.0,1.0,"Nationally, it can also be found in Malaysia and Singapore","Nationally, it can also be found in Malaysia and Singapore",mt_vote,2026-03-19T12:44:31,,,,,en,en,en,"Nationally,_it_can_also_be_found_in_Malaysia_and_Singapore"
entity,en,A_tot_el_país_a_Singapur_i_Indonèsia,A tot el país a Singapur i Indonèsia,All over the country in Singapore and Indonesia,Countrywide in Singapore and Indonesia,Across the country in Singapore and Indonesia,0.9,0.8,0.8913,0.8193,0.0,0.0,0.0,Across the country in Singapore and Indonesia,Across the country in Singapore and Indonesia,mt_vote,2026-03-19T12:44:31,,,,,en,en,en,Across_the_country_in_Singapore_and_Indonesia
entity,en,"A_tot_el_país_d'Indonèsia,_també_popular_als_països_veïns_del_sud-est_asiàtic","A tot el país d'Indonèsia, també popular als països veïns del sud-est asiàtic","Throughout the country of Indonesia, it is also popular in neighboring Southeast Asian countries","All over Indonesia, also popular in neighboring Southeast Asian countries","Throughout Indonesia, also popular in neighboring countries of Southeast Asia",0.9,0.7929,0.7399,0.7333,0.0,0.0,0.0,"Throughout the country of Indonesia, it is also popular in neighboring Southeast Asian countries","Throughout the country of Indonesia, it is also popular in neighboring Southeast Asian countries",mt_vote,2026-03-19T12:44:32,,,,,en,en,en,"Throughout_the_country_of_Indonesia,_it_is_also_popular_in_neighboring_Southeast_Asian_countries"
entity,en,Aarhus,Aarhus,Aarhus,Aarhus,Aarhus,0.9,1.0,1.0,1.0,1.0,1.0,1.0,Aarhus,Aarhus,mt_vote,2026-03-19T12:44:33,,,,,en,en,en,Aarhus
entity,en,"Aarhus,_Dinamarca","Aarhus, Dinamarca","Aarhus, Denmark","Aarhus, Denmark","Aarhus, Denmark",0.9,1.0,1.0,1.0,1.0,1.0,1.0,"Aarhus, Denmark","Aarhus, Denmark",mt_vote_revoted_gte_langfilter,2026-03-19T13:40:57,0.987845540046692,0.987845540046692,0.987845540046692,nllb,tr,tr,tr,"Aarhus,_Denmark"
entity,en,Aaron_Bertram,Aaron Bertram,Aaron Bertram,Aaron Bertram,Aaron Bertram,0.9,1.0,1.0,1.0,1.0,1.0,1.0,Aaron Bertram,Aaron Bertram,mt_vote_revoted_gte_langfilter,2026-03-19T13:40:57,1.0,1.0,1.0,nllb,es,es,es,Aaron_Bertram
entity,en,Aaron_Boogaard,Aaron Boogaard,Aaron Boogaard,Aaron Boogaard,Aaron Boogaard,0.9,1.0,1.0,1.0,1.0,1.0,1.0,Aaron Boogaard,Aaron Boogaard,mt_vote_revoted_gte_langfilter,2026-03-19T13:40:57,1.0,1.0,1.0,nllb,nl,nl,nl,Aaron_Boogaard
entity,en,Aaron_Deer,Aaron Deer,Aaron Deer,Aaron Deer,Aaron Deer,0.9,1.0,1.0,1.0,1.0,1.0,1.0,Aaron Deer,Aaron Deer,mt_vote,2026-03-19T12:44:34,,,,,en,en,en,Aaron_Deer
entity,en,Aaron_Hunt,Aaron Hunt,Aaron Hunt,Aaron Hunt,Aaron Hunt,0.9,1.0,1.0,1.0,1.0,1.0,1.0,Aaron Hunt,Aaron Hunt,mt_vote_revoted_gte_langfilter,2026-03-19T13:40:57,1.0000001192092896,1.0000001192092896,1.0000001192092896,nllb,es,es,es,Aaron_Hunt
entity,en,Aaron_Smith_Daggett,Aaron Smith Daggett,This is Aaron Smith Daggett.,Aaron Smith Daggett,Aaron Smith Daggett,0.9,0.8085,0.8085,1.0,0.0,0.0,1.0,Aaron Smith Daggett,Aaron Smith Daggett,mt_vote,2026-03-19T12:44:34,,,,,en,en,en,Aaron_Smith_Daggett
entity,en,Aaron_Turner,Aaron Turner,This is Aaron Turner.,Aaron Turner,Aaron Turner,0.9,0.0,0.0,1.0,0.0,0.0,1.0,Aaron Turner,Aaron Turner,mt_vote_revoted_gte_langfilter,2026-03-19T13:40:57,,1.0,1.0,salamandra,en,es,es,Aaron_Turner
entity,en,Ab_Klink,Ab Klink,This is Ab Klink.,Ab Klink,Ab Klink,0.9,0.64,0.64,1.0,0.0,0.0,1.0,Ab Klink,Ab Klink,mt_vote,2026-03-19T12:44:35,,,,,en,en,en,Ab_Klink
entity,en,Abarth,Abarth,Abarth,Abarth,Abarth,0.9,1.0,1.0,1.0,1.0,1.0,1.0,Abarth,Abarth,mt_vote,2026-03-19T12:44:35,,,,,en,en,en,Abarth
entity,en,Abarth_1000_GT_Coupé,Abarth 1000 GT Coupé,Abarth 1000 GT Coupe,Abarth 1000 GT Coupé,Abarth 1000 GT Coupé,0.9,0.0,0.0,1.0,0.0,0.0,1.0,Abarth 1000 GT Coupé,Abarth 1000 GT Coupé,mt_vote_revoted_gte_langfilter,2026-03-19T13:40:57,,1.0000001192092896,1.0000001192092896,salamandra,en,fr,fr,Abarth_1000_GT_Coupé
entity,en,Abdul_Halim_de_Kedah,Abdul Halim de Kedah,Abdul Halim of Kedah,Abdul Halim from Kedah,Abdul Halim of Kedah,0.9,0.9048,1.0,0.9048,1.0,1.0,1.0,Abdul Halim of Kedah,Abdul Halim of Kedah,mt_vote,2026-03-19T12:44:36,,,,,en,en,en,Abdul_Halim_of_Kedah
entity,en,Abdul_Rahman_Ya'kub,Abdul Rahman Ya'kub,Abdul Rahman Ya'kub,Abdul Rahman Ya'kub,Abdul Rahman Ya'kub,0.9,1.0,1.0,1.0,1.0,1.0,1.0,Abdul Rahman Ya'kub,Abdul Rahman Ya'kub,mt_vote,2026-03-19T12:44:37,,,,,en,en,en,Abdul_Rahman_Ya'kub
entity,en,Abdul_Taib_Mahmud,Abdul Taib Mahmud,This is Abdul Taib Mahmud.,Abdul Taib Mahmud,Abdul Taib Mahmud,0.9,0.7907,0.7907,1.0,0.0,0.0,1.0,Abdul Taib Mahmud,Abdul Taib Mahmud,mt_vote,2026-03-19T12:44:37,,,,,en,en,en,Abdul_Taib_Mahmud
entity,en,Abdulsalami_Abubakar,Abdulsalami Abubakar,This is Abdulsalami Abubakar.,Abdulsalami Abubakar,Abdulsalami Abubakar,0.9,0.0,0.0,1.0,0.0,0.0,1.0,Abdulsalami Abubakar,Abdulsalami Abubakar,mt_vote_revoted_gte_langfilter,2026-03-19T13:40:57,,1.0,1.0,salamandra,en,eu,eu,Abdulsalami_Abubakar
entity,en,Abel_Mathías_Hernández_Platero,Abel Mathías Hernández Platero,"He was born in Mexico City, Mexico.",Abel Mathías Hernández Platero,Abel Mathías Hernández Platero,0.9,0.0,0.0,1.0,0.0,0.0,1.0,Abel Mathías Hernández Platero,Abel Mathías Hernández Platero,mt_vote_revoted_gte_langfilter,2026-03-19T13:40:57,,1.0,1.0,salamandra,en,cs,cs,Abel_Mathías_Hernández_Platero
entity,en,Abel_Ramón_Caballero_Álvarez,Abel Ramón Caballero Álvarez,This is Abel Ramón Caballero Álvarez,Abel Ramón Caballero Álvarez,Abel Ramón Caballero Álvarez,0.9,0.875,0.875,1.0,0.0,0.0,1.0,Abel Ramón Caballero Álvarez,Abel Ramón Caballero Álvarez,mt_vote_revoted_gte_langfilter,2026-03-19T13:40:57,0.8915369510650635,1.0,1.0,salamandra,gl,gl,gl,Abel_Ramón_Caballero_Álvarez
entity,en,Aberdeen,Aberdeen,The city of Aberdeen,Aberdeen,Aberdeen,0.9,0.0,0.0,1.0,0.0,0.0,1.0,Aberdeen,Aberdeen,mt_vote_revoted_gte_langfilter,2026-03-19T13:40:57,,1.0,1.0,salamandra,en,de,de,Aberdeen
entity,en,Abh._Math._Semin._Univ._Hambg.,Abh. Math. Semin. Univ. Hambg.,Abh. Math. Semin. Univ. Hambg. This is the first time I've been here.,Abs. Math. Semin. Univ. Hambg.,Abh. Math. Semin. Univ. Hambg.,0.9,0.0,0.0,0.9667,0.0,0.0,1.0,Abh. Math. Semin. Univ. Hambg.,Abh. Math. Semin. Univ. Hambg.,mt_vote_revoted_gte_langfilter,2026-03-19T13:40:57,,0.9599811434745787,0.9999998807907104,salamandra,en,sk,sk,Abh._Math._Semin._Univ._Hambg.
entity,en,Abhandlungen_aus_dem_Mathematischen_Seminar_der_Universität_Hamburg,Abhandlungen aus dem Mathematischen Seminar der Universität Hamburg,Abhandlungen aus dem Mathematischen Seminar of the University of Hamburg This is a list of academic journals published by the University of Hamburg.,The Mathematical Seminar of the University of Hamburg,Abhandlungen aus dem Mathematischen Seminar der Universität Hamburg,0.9,0.0,0.0,0.0,0.0,0.0,0.0,Abhandlungen aus dem Mathematischen Seminar der Universität Hamburg,Abhandlungen aus dem Mathematischen Seminar der Universität Hamburg,mt_vote_revoted_gte_langfilter,2026-03-19T13:40:57,,,1.0000001192092896,salamandra,en,en,de,Abhandlungen_aus_dem_Mathematischen_Seminar_der_Universität_Hamburg
entity,en,"Abilene,_Texas","Abilene, Texas","Abilene, Texas","Abilene, Texas","Abilene, Texas",0.9,1.0,1.0,1.0,1.0,1.0,1.0,"Abilene, Texas","Abilene, Texas",mt_vote_revoted_gte_langfilter,2026-03-19T13:40:57,1.0,1.0,1.0,nllb,it,it,it,"Abilene,_Texas"
entity,en,Abner_W._Sibal,Abner W. Sibal,Written by Abner W. Sibal,Abner W. Sibal,Abner W. Sibal,0.9,0.7179,0.7179,1.0,0.0,0.0,1.0,Abner W. Sibal,Abner W. Sibal,mt_vote,2026-03-19T12:44:41,,,,,en,en,en,Abner_W._Sibal
entity,en,Abradab,Abradab,The Abradab,Abradab,Abradab,0.9,0.0,0.0,1.0,0.0,0.0,1.0,Abradab,Abradab,mt_vote_revoted_gte_langfilter,2026-03-19T13:40:57,,1.0,1.0,salamandra,en,hr,hr,Abradab
entity,en,Abraham_A._Ribicoff,Abraham A. Ribicoff,This is Abraham A. Ribicoff.,Abraham A. Ribicoff,Abraham A. Ribicoff,0.9,0.8085,0.8085,1.0,0.0,0.0,1.0,Abraham A. Ribicoff,Abraham A. Ribicoff,mt_vote,2026-03-19T12:44:42,,,,,en,en,en,Abraham_A._Ribicoff
entity,en,Abraham_Lincoln,Abraham Lincoln,This is Abraham Lincoln.,Abraham Lincoln,Abraham Lincoln,0.9,0.7692,0.7692,1.0,0.0,0.0,1.0,Abraham Lincoln,Abraham Lincoln,mt_vote,2026-03-19T12:44:42,,,,,en,en,en,Abraham_Lincoln
entity,en,Abril_de_2014,Abril de 2014,April 2014,April 2014,April 2014,0.9,1.0,1.0,1.0,1.0,1.0,1.0,April 2014,April 2014,mt_vote,2026-03-19T12:44:43,,,,,en,en,en,April_2014
entity,en,Abu_Zahar_Ujang,Abu Zahar Ujang,Abu Zahar Ujang,Abu Zahar Ujang,Abu Zahar Ujang,0.9,1.0,1.0,1.0,1.0,1.0,1.0,Abu Zahar Ujang,Abu Zahar Ujang,mt_vote_revoted_gte_langfilter,2026-03-19T13:40:57,1.0,1.0,1.0,nllb,eu,eu,eu,Abu_Zahar_Ujang
entity,en,Acadèmia_Polonesa_de_les_Ciències,Acadèmia Polonesa de les Ciències,Polish Academy of Sciences,Polish Academy of Sciences,Polish Academy of Sciences,0.9,1.0,1.0,1.0,1.0,1.0,1.0,Polish Academy of Sciences,Polish Academy of Sciences,mt_vote,2026-03-19T12:44:44,,,,,en,en,en,Polish_Academy_of_Sciences
entity,en,Acadèmia_d'Arts_del_còmic,Acadèmia d'Arts del còmic,Academy of Comic Arts,Academy of Comic Arts,Academy of Comic Arts,0.9,1.0,1.0,1.0,1.0,1.0,1.0,Academy of Comic Arts,Academy of Comic Arts,mt_vote,2026-03-19T12:44:44,,,,,en,en,en,Academy_of_Comic_Arts
entity,en,Accademia_di_Architettura_di_Mendrisio,Accademia di Architettura di Mendrisio,He was a member of the Accademia di Architettura di Mendrisio.,Academy of Architecture of Mendrisio,Accademia di Architettura di Mendrisio,0.9,0.0,0.0,0.0,0.0,0.0,0.0,Accademia di Architettura di Mendrisio,Accademia di Architettura di Mendrisio,mt_vote_revoted_gte_langfilter,2026-03-19T13:40:57,,,1.0,salamandra,en,en,it,Accademia_di_Architettura_di_Mendrisio
entity,en,Accrington,Accrington,Accrington,Accrington,Accrington,0.9,1.0,1.0,1.0,1.0,1.0,1.0,Accrington,Accrington,mt_vote,2026-03-19T12:44:45,,,,,en,en,en,Accrington
entity,en,Accrington_Stanley_Football_Club,Accrington Stanley Football Club,Accrington Stanley football club,Accrington Stanley FC,Accrington Stanley Football Club,0.9,0.0,0.0,0.7925,0.0,0.0,0.0,Accrington Stanley Football Club,Accrington Stanley Football Club,mt_vote_revoted_gte_langfilter,2026-03-19T13:40:57,,0.9865726232528688,1.0,salamandra,en,tr,sv,Accrington_Stanley_Football_Club
entity,en,Ace_Wilder,Ace Wilder,Ace Wilder,Ace Wilder,Ace Wilder,0.9,1.0,1.0,1.0,1.0,1.0,1.0,Ace Wilder,Ace Wilder,mt_vote,2026-03-19T12:44:46,,,,,en,en,en,Ace_Wilder
entity,en,Acta_Math._Hungar.,Acta Math. Hungar.,Acta math. Hungarian.,Acta Math. Hungar.,Acta Math. Hungar.,0.9,0.9231,0.9231,1.0,1.0,1.0,1.0,Acta Math. Hungar.,Acta Math. Hungar.,mt_vote_revoted_gte_langfilter,2026-03-19T13:40:57,0.8876367807388306,1.0000001192092896,1.0000001192092896,madlad,id,id,id,Acta_Math._Hungar.
entity,en,Acta_Mathematica_Hungarica,Acta Mathematica Hungarica,The Hungarian Mathematical Act,Acta Mathematica Hungarica,Acta Mathematica Hungarica,0.9,0.0,0.0,1.0,0.0,0.0,1.0,Acta Mathematica Hungarica,Acta Mathematica Hungarica,mt_vote_revoted_gte_langfilter,2026-03-19T13:40:57,,0.9999999403953552,0.9999999403953552,salamandra,en,es,es,Acta_Mathematica_Hungarica
entity,en,Acta_Palaeontol._Pol.,Acta Palaeontol. Pol.,It's called the Palaeontol Act.,Acta Palaeontol. pol.,Acta Palaeontol. Pol.,0.9,0.0,0.0,1.0,0.0,0.0,1.0,Acta Palaeontol. Pol.,Acta Palaeontol. Pol.,mt_vote_revoted_gte_langfilter,2026-03-19T13:40:57,,0.9798712730407716,1.0000001192092896,salamandra,en,es,es,Acta_Palaeontol._Pol.
entity,en,Acta_Palaeontologica_Polonica,Acta Palaeontologica Polonica,The Polish Palaeontological Act,Acta Palaeontologica Polonica,Acta Palaeontologica Polonica,0.9,0.0,0.0,1.0,0.0,0.0,1.0,Acta Palaeontologica Polonica,Acta Palaeontologica Polonica,mt_vote_revoted_gte_langfilter,2026-03-19T13:40:57,,1.0000001192092896,1.0000001192092896,salamandra,en,es,es,Acta_Palaeontologica_Polonica
entity,en,Acura,Acura,Acura,Acura,Acura,0.9,1.0,1.0,1.0,1.0,1.0,1.0,Acura,Acura,mt_vote,2026-03-19T12:44:48,,,,,en,en,en,Acura
entity,en,Acura_TLX,Acura TLX,Acura TLX,Acura TLX,Acura TLX,0.9,1.0,1.0,1.0,1.0,1.0,1.0,Acura TLX,Acura TLX,mt_vote,2026-03-19T12:44:48,,,,,en,en,en,Acura_TLX
entity,en,Adam_Holloway,Adam Holloway,Adam Holloway,Adam Holloway,Adam Holloway,0.9,1.0,1.0,1.0,1.0,1.0,1.0,Adam Holloway,Adam Holloway,mt_vote_revoted_gte_langfilter,2026-03-19T13:40:57,1.000000238418579,1.000000238418579,1.000000238418579,nllb,pl,pl,pl,Adam_Holloway
entity,en,Adam_Koc,Adam Koc,Adam Koc,Adam Koc,Adam Koc,0.9,1.0,1.0,1.0,1.0,1.0,1.0,Adam Koc,Adam Koc,mt_vote,2026-03-19T12:44:49,,,,,en,en,en,Adam_Koc
entity,en,Adam_Maher,Adam Maher,Adam Maher,Adam Maher,Adam Maher,0.9,1.0,1.0,1.0,1.0,1.0,1.0,Adam Maher,Adam Maher,mt_vote_revoted_gte_langfilter,2026-03-19T13:40:57,1.0,1.0,1.0,nllb,et,et,et,Adam_Maher
entity,en,Adam_McQuaid,Adam McQuaid,Adam McQuaid,Adam McQuaid,Adam McQuaid,0.9,1.0,1.0,1.0,1.0,1.0,1.0,Adam McQuaid,Adam McQuaid,mt_vote_revoted_gte_langfilter,2026-03-19T13:40:57,1.0000001192092896,1.0000001192092896,1.0000001192092896,nllb,fr,fr,fr,Adam_McQuaid
entity,en,Adam_West,Adam West,Adam West,Adam West,Adam West,0.9,1.0,1.0,1.0,1.0,1.0,1.0,Adam West,Adam West,mt_vote,2026-03-19T12:44:50,,,,,en,en,en,Adam_West
entity,en,"Adams,_Fall_Creek,_Lafayette,_Richland,_Union","Adams, Fall Creek, Lafayette, Richland, Union","Adams, Fall Creek, Lafayette, Richland, and Union","Adams, Fall Creek, Lafayette, Richland, Union","Adams, Fall Creek, Lafayette, Richland, Union",0.9,0.0,0.0,1.0,0.0,0.0,1.0,"Adams, Fall Creek, Lafayette, Richland, Union","Adams, Fall Creek, Lafayette, Richland, Union",mt_vote_revoted_gte_langfilter,2026-03-19T13:40:57,,0.9999999403953552,0.9999999403953552,salamandra,en,de,de,"Adams,_Fall_Creek,_Lafayette,_Richland,_Union"
entity,en,"Adams_Township,_comtat_de_Madison,_Indiana","Adams Township, comtat de Madison, Indiana","Adams Township, Madison County, Indiana","Adams Township, Madison County, Indiana","Adams Township, Madison County, Indiana",0.9,1.0,1.0,1.0,1.0,1.0,1.0,"Adams Township, Madison County, Indiana","Adams Township, Madison County, Indiana",mt_vote,2026-03-19T12:44:52,,,,,en,en,en,"Adams_Township,_Madison_County,_Indiana"
entity,en,Adare,Adare,Adare,Adare,Adare,0.9,1.0,1.0,1.0,1.0,1.0,1.0,Adare,Adare,mt_vote,2026-03-19T12:44:52,,,,,en,en,en,Adare
entity,en,Adare_Manor,Adare Manor,Adare Manor,Adare Manor,Adare Manor,0.9,1.0,1.0,1.0,1.0,1.0,1.0,Adare Manor,Adare Manor,mt_vote,2026-03-19T12:44:52,,,,,en,en,en,Adare_Manor
entity,en,Addicció,Addicció,Addiction,Addiction,Addiction,0.9,1.0,1.0,1.0,1.0,1.0,1.0,Addiction,Addiction,mt_vote,2026-03-19T12:44:53,,,,,en,en,en,Addiction
entity,en,Addiction_(journal),Addiction (journal),Addiction (journal),Addiction (journal),Addiction (journal),0.9,1.0,1.0,1.0,1.0,1.0,1.0,Addiction (journal),Addiction (journal),mt_vote_revoted_gte_langfilter,2026-03-19T13:40:57,1.0000001192092896,1.0000001192092896,1.0000001192092896,nllb,fr,fr,fr,Addiction_(journal)
entity,en,Addis_Abeba,Addis Abeba,Addis Ababa,Addis Ababa,Addis Abeba,0.9,1.0,0.9091,0.9091,1.0,1.0,1.0,Addis Ababa,Addis Ababa,mt_vote,2026-03-19T12:44:53,,,,,en,en,en,Addis_Ababa
entity,en,Adenan_Satem,Adenan Satem,Adenan Satem,Adenan Satem,Adenan Satem,0.9,1.0,1.0,1.0,1.0,1.0,1.0,Adenan Satem,Adenan Satem,mt_vote_revoted_gte_langfilter,2026-03-19T13:40:57,1.0,1.0,1.0,nllb,id,id,id,Adenan_Satem
entity,en,Adisham_Hall,Adisham Hall,Adisham Hall,Adisham Hall,Adisham Hall,0.9,1.0,1.0,1.0,1.0,1.0,1.0,Adisham Hall,Adisham Hall,mt_vote,2026-03-19T12:44:54,,,,,en,en,en,Adisham_Hall
entity,en,Administració._Ciència._Q.,Administració. Ciència. Q.,"Management, science and math.",Administration. Science. Q.,Administration. Science. Q.,0.9,0.4643,0.4643,1.0,0.0,0.0,1.0,Administration. Science. Q.,Administration. Science. Q.,mt_vote,2026-03-19T12:44:54,,,,,en,en,en,Administration._Science._Q.
entity,en,Administrador_de_la_ciutat,Administrador de la ciutat,City administrator,City Administrator,City Administrator,0.9,1.0,1.0,1.0,1.0,1.0,1.0,City administrator,City administrator,mt_vote,2026-03-19T12:44:55,,,,,en,en,en,City_administrator
entity,en,Adnan_Hamad,Adnan Hamad,Adnan Hamad,Adnan Hamad,Adnan Hamad,0.9,1.0,1.0,1.0,1.0,1.0,1.0,Adnan Hamad,Adnan Hamad,mt_vote_revoted_gte_langfilter,2026-03-19T13:40:57,1.0,1.0,1.0,nllb,id,id,id,Adnan_Hamad
entity,en,Adolf_Schärf,Adolf Schärf,This is Adolf Schärf.,Adolf Schärf,Adolf Schärf,0.9,0.0,0.0,1.0,0.0,0.0,1.0,Adolf Schärf,Adolf Schärf,mt_vote_revoted_gte_langfilter,2026-03-19T13:40:57,,1.0000001192092896,1.0000001192092896,salamandra,en,fi,fi,Adolf_Schärf
entity,en,Adonis_Georgiadis,Adonis Georgiadis,Adonis Georgiadis,Adonis Georgiadis,Adonis Georgiadis,0.9,1.0,1.0,1.0,1.0,1.0,1.0,Adonis Georgiadis,Adonis Georgiadis,mt_vote_revoted_gte_langfilter,2026-03-19T13:40:57,1.0,1.0,1.0,nllb,ms,ms,ms,Adonis_Georgiadis
entity,en,Adrià_(futbolista),Adrià (futbolista),Adrià (footballer),Adrià (footballer),Adriano (footballer),0.9,1.0,0.8947,0.8947,1.0,0.0,0.0,Adrià (footballer),Adrià (footballer),mt_vote_revoted_gte_langfilter,2026-03-19T13:40:57,0.9779592752456664,0.9779592752456664,0.878807544708252,nllb,fr,fr,it,Adrià_(footballer)
entity,en,Adrián_Rivera_Pérez,Adrián Rivera Pérez,Adrián Rivera Pérez is a Spanish singer-songwriter.,Adrián Rivera Pérez,Adrián Rivera Pérez,0.9,0.5429,0.5429,1.0,0.0,0.0,1.0,Adrián Rivera Pérez,Adrián Rivera Pérez,mt_vote_revoted_gte_langfilter,2026-03-19T13:40:57,0.9396331310272216,1.0,1.0,salamandra,hu,hu,hu,Adrián_Rivera_Pérez
entity,en,Aenir,Aenir,Aenir,Aenir,Aenir,0.9,1.0,1.0,1.0,1.0,1.0,1.0,Aenir,Aenir,mt_vote_revoted_gte_langfilter,2026-03-19T13:40:57,1.0,1.0,1.0,nllb,fr,fr,fr,Aenir
entity,en,Aermacchi_MB-339,Aermacchi MB-339,Airmacchi MB-339,Aermacchi MB-339,Aermacchi MB-339,0.9,0.9375,0.9375,1.0,1.0,1.0,1.0,Aermacchi MB-339,Aermacchi MB-339,mt_vote_revoted_gte_langfilter,2026-03-19T13:40:57,0.9650911688804626,1.0000001192092896,1.0000001192092896,madlad,it,it,it,Aermacchi_MB-339
entity,en,Aeroport_Adolfo_Suárez_de_Madrid-Barajas,Aeroport Adolfo Suárez de Madrid-Barajas,Adolfo Suárez Airport of Madrid-Barajas,Adolfo Suárez Madrid-Barajas Airport,Adolfo Suárez Madrid-Barajas Airport,0.9,0.7467,0.7467,1.0,0.0,0.0,1.0,Adolfo Suárez Madrid-Barajas Airport,Adolfo Suárez Madrid-Barajas Airport,mt_vote_revoted_gte_langfilter,2026-03-19T13:40:57,0.958299994468689,0.9799363613128662,0.9799363613128662,salamandra,hu,hu,hu,Adolfo_Suárez_Madrid-Barajas_Airport
entity,en,Aeroport_Internacional_Afonso_Pena,Aeroport Internacional Afonso Pena,Afonso Pena International Airport,Afonso Pena International Airport,Afonso Pena International Airport,0.9,1.0,1.0,1.0,1.0,1.0,1.0,Afonso Pena International Airport,Afonso Pena International Airport,mt_vote_revoted_gte_langfilter,2026-03-19T13:40:57,0.9610337018966676,0.9610337018966676,0.9610337018966676,nllb,id,id,id,Afonso_Pena_International_Airport
entity,en,Aeroport_Internacional_Allama_Iqbal,Aeroport Internacional Allama Iqbal,Allama Iqbal International Airport,Allama Iqbal International Airport,Allama Iqbal International Airport,0.9,1.0,1.0,1.0,1.0,1.0,1.0,Allama Iqbal International Airport,Allama Iqbal International Airport,mt_vote_revoted_gte_langfilter,2026-03-19T13:40:57,0.9748519062995912,0.9748519062995912,0.9748519062995912,nllb,ms,ms,ms,Allama_Iqbal_International_Airport
entity,en,Aeroport_Internacional_Jinnah,Aeroport Internacional Jinnah,Jinnah International Airport,Jinnah International Airport,Jinnah International Airport,0.9,1.0,1.0,1.0,1.0,1.0,1.0,Jinnah International Airport,Jinnah International Airport,mt_vote_revoted_gte_langfilter,2026-03-19T13:40:57,0.9594473838806152,0.9594473838806152,0.9594473838806152,nllb,id,id,id,Jinnah_International_Airport
entity,en,Aeroport_Internacional_d'Angola,Aeroport Internacional d'Angola,Angola International Airport,Angola International Airport,Angola International Airport,0.9,1.0,1.0,1.0,1.0,1.0,1.0,Angola International Airport,Angola International Airport,mt_vote,2026-03-19T12:45:00,,,,,en,en,en,Angola_International_Airport
entity,en,Aeroport_Internacional_d'Anvers,Aeroport Internacional d'Anvers,Airport of Antwerp,Antwerp International Airport,Antwerp International Airport,0.9,0.2979,0.2979,1.0,0.0,0.0,1.0,Antwerp International Airport,Antwerp International Airport,mt_vote,2026-03-19T12:45:00,,,,,en,en,en,Antwerp_International_Airport
entity,en,Aeroport_Internacional_d'Ashgabat,Aeroport Internacional d'Ashgabat,Ashgabat International Airport,Ashgabat International Airport,Ashgabat International Airport,0.9,1.0,1.0,1.0,1.0,1.0,1.0,Ashgabat International Airport,Ashgabat International Airport,mt_vote,2026-03-19T12:45:01,,,,,en,en,en,Ashgabat_International_Airport
entity,en,Aeroport_Internacional_d'Atenes,Aeroport Internacional d'Atenes,Athens International Airport,Athens International Airport,Athens International Airport,0.9,1.0,1.0,1.0,1.0,1.0,1.0,Athens International Airport,Athens International Airport,mt_vote,2026-03-19T12:45:01,,,,,en,en,en,Athens_International_Airport
entity,en,Aeroport_Internacional_d'Atlantic_City,Aeroport Internacional d'Atlantic City,Atlantic City International Airport,Atlantic City International Airport,Atlantic City International Airport,0.9,1.0,1.0,1.0,1.0,1.0,1.0,Atlantic City International Airport,Atlantic City International Airport,mt_vote,2026-03-19T12:45:01,,,,,en,en,en,Atlantic_City_International_Airport
entity,en,Aeroport_Internacional_de_Turkmenbashi,Aeroport Internacional de Turkmenbashi,Airport of Turkmenbashi,Turkmenbashi International Airport,Turkmenbashi International Airport,0.9,0.0,0.0,1.0,0.0,0.0,1.0,Turkmenbashi International Airport,Turkmenbashi International Airport,mt_vote_revoted_gte_langfilter,2026-03-19T13:40:57,,0.971826434135437,0.971826434135437,salamandra,en,eu,eu,Turkmenbashi_International_Airport
entity,en,Aeroport_d'Aarhus,Aeroport d'Aarhus,Aarhus Airport,Aeroport d'Aarhus,Aarhus Airport,0.9,0.0,0.0,0.0,0.0,0.0,0.0,Aeroport d'Aarhus,Aeroport d'Aarhus,mt_vote_revoted_gte_langfilter,2026-03-19T13:40:57,,0.9999999403953552,,madlad,en,fr,en,Aeroport_d'Aarhus
entity,en,Aeroport_d'Alderney,Aeroport d'Alderney,Alderney Airport,Alderney Airport,Alderney Airport,0.9,1.0,1.0,1.0,1.0,1.0,1.0,Alderney Airport,Alderney Airport,mt_vote,2026-03-19T12:45:02,,,,,en,en,en,Alderney_Airport
entity,en,Aeroport_d'Amsterdam_Schiphol,Aeroport d'Amsterdam Schiphol,Amsterdam Airport Schiphol,Aeroport d'Amsterdam Schiphol,Amsterdam Airport Schiphol,0.9,0.6545,1.0,0.6545,0.0,1.0,0.0,Amsterdam Airport Schiphol,Amsterdam Airport Schiphol,mt_vote_revoted_gte_langfilter,2026-03-19T13:40:57,0.964140772819519,1.0000001192092896,0.964140772819519,salamandra,nl,fr,nl,Amsterdam_Airport_Schiphol
entity,en,Aeroport_d'_Aarhusdenmark__counties._kgm,Aeroport d' Aarhusdenmark counties. kgm,Airport of Aarhusdenmark counties. kgm,Aarhus Airport,Aarhus Airportdenmark counties. kgm,0.9,0.0,0.0,0.0,0.0,0.0,0.0,Aarhus Airportdenmark counties. kgm,Aarhus Airportdenmark counties. kgm,mt_vote_revoted_gte_langfilter,2026-03-19T13:40:57,,,0.974185585975647,salamandra,en,en,tr,Aarhus_Airportdenmark_counties._kgm
entity,en,Aeroport_d'_Agra,Aeroport d' Agra,Agra Airport,Agra Airport,Agra Airport,0.9,1.0,1.0,1.0,1.0,1.0,1.0,Agra Airport,Agra Airport,mt_vote,2026-03-19T12:45:04,,,,,en,en,en,Agra_Airport
entity,en,Aeroport_d'_Ardmore_(Nova_Zelanda)_oceania._kgm,Aeroport d' Ardmore (Nova Zelanda) oceania. kgm,Ardmore Airport (New Zealand) oceania. kgm,Ardmore Airport (New Zealand),Ardmore Airport (New Zealand) oceania. kgm,0.9,0.8169,1.0,0.8169,0.0,1.0,0.0,Ardmore Airport (New Zealand) oceania. kgm,Ardmore Airport (New Zealand) oceania. kgm,mt_vote,2026-03-19T12:45:04,,,,,en,en,en,Ardmore_Airport_(New_Zealand)_oceania._kgm
entity,en,Aeroport_de_Turkmenabat,Aeroport de Turkmenabat,Airport of Turkmenabat,Turkmenabat Airport,Turkmenabat Airport,0.9,0.0,0.0,1.0,0.0,0.0,1.0,Turkmenabat Airport,Turkmenabat Airport,mt_vote_revoted_gte_langfilter,2026-03-19T13:40:57,,0.9658311009407043,0.9658311009407043,salamandra,en,id,id,Turkmenabat_Airport
entity,en,Aeroport_del_comtat_d'_Andrews,Aeroport del comtat d' Andrews,Andrews County Airport,Andrews County Airport,Andrews County Airport,0.9,1.0,1.0,1.0,1.0,1.0,1.0,Andrews County Airport,Andrews County Airport,mt_vote_revoted_gte_langfilter,2026-03-19T13:40:57,0.9238066673278807,0.9238066673278807,0.9238066673278807,nllb,mg,mg,mg,Andrews_County_Airport
entity,en,Aeroport_internacional_d'_Appleton,Aeroport internacional d' Appleton,Appleton International Airport,Appleton International Airport,Appleton International Airport,0.9,1.0,1.0,1.0,1.0,1.0,1.0,Appleton International Airport,Appleton International Airport,mt_vote,2026-03-19T12:45:05,,,,,en,en,en,Appleton_International_Airport
entity,en,Aeroport_regional_d'Adirondack,Aeroport regional d'Adirondack,Adirondack Regional Airport,Adirondack Regional Airport,Adirondack Regional Airport,0.9,1.0,1.0,1.0,1.0,1.0,1.0,Adirondack Regional Airport,Adirondack Regional Airport,mt_vote,2026-03-19T12:45:06,,,,,en,en,en,Adirondack_Regional_Airport
entity,en,Aeroport_regional_d'_Abilene,Aeroport regional d' Abilene,Abilene Regional Airport,Abilene Regional Airport,Abilene Regional Airport,0.9,1.0,1.0,1.0,1.0,1.0,1.0,Abilene Regional Airport,Abilene Regional Airport,mt_vote,2026-03-19T12:45:06,,,,,en,en,en,Abilene_Regional_Airport
entity,en,Aeroport_regional_del_comtat_d'_Alpena,Aeroport regional del comtat d' Alpena,Regional airport of Alpena County,Alpena County Regional Airport,Alpena County Regional Airport,0.9,0.5079,0.5079,1.0,0.0,0.0,1.0,Alpena County Regional Airport,Alpena County Regional Airport,mt_vote,2026-03-19T12:45:06,,,,,en,en,en,Alpena_County_Regional_Airport
entity,en,Aeròdrom_de_Bedford,Aeròdrom de Bedford,Bedford Airport,Bedford Aerodrome,Bedford Airfield,0.9,0.75,0.7097,0.6667,0.0,0.0,0.0,Bedford Airport,Bedford Airport,mt_vote,2026-03-19T12:45:07,,,,,en,en,en,Bedford_Airport
entity,en,Afroamericà,Afroamericà,African American,African American,African American,0.9,1.0,1.0,1.0,1.0,1.0,1.0,African American,African American,mt_vote,2026-03-19T12:45:07,,,,,en,en,en,African_American
entity,en,Afterplay_(àlbum_de_Brian_Kelly),Afterplay (àlbum de Brian Kelly),Afterplay (Brian Kelly album),Afterplay (Brian Kelly album),Afterplay (album by Brian Kelly),0.9,1.0,0.7541,0.7541,1.0,0.0,0.0,Afterplay (Brian Kelly album),Afterplay (Brian Kelly album),mt_vote,2026-03-19T12:45:07,,,,,en,en,en,Afterplay_(Brian_Kelly_album)
entity,en,Agnes_Kant,Agnes Kant,Agnes Kant,Agnes Kant,Agnes Kant,0.9,1.0,1.0,1.0,1.0,1.0,1.0,Agnes Kant,Agnes Kant,mt_vote_revoted_gte_langfilter,2026-03-19T13:40:57,1.0,1.0,1.0,nllb,de,de,de,Agnes_Kant
entity,en,Agnes_Ward_White,Agnes Ward White,This is Agnes Ward White.,Agnes Ward White,Agnes Ward White,0.9,0.7805,0.7805,1.0,0.0,0.0,1.0,Agnes Ward White,Agnes Ward White,mt_vote,2026-03-19T12:45:08,,,,,en,en,en,Agnes_Ward_White
entity,en,Agra,Agra,Agra,Agra,Agra,0.9,1.0,1.0,1.0,1.0,1.0,1.0,Agra,Agra,mt_vote,2026-03-19T12:45:08,,,,,en,en,en,Agra
entity,en,Agustín_Barboza,Agustín Barboza,Agustín Barboza was born,Agustín Barboza,Agustín Barboza,0.9,0.7692,0.7692,1.0,0.0,0.0,1.0,Agustín Barboza,Agustín Barboza,mt_vote_revoted_gte_langfilter,2026-03-19T13:40:57,0.9507588148117064,1.0,1.0,salamandra,sw,cs,cs,Agustín_Barboza
entity,en,Agència_Espacial_Europea,Agència Espacial Europea,The European Space Agency,European Space Agency,European Space Agency,0.9,0.913,0.913,1.0,1.0,1.0,1.0,European Space Agency,European Space Agency,mt_vote,2026-03-19T12:45:09,,,,,en,en,en,European_Space_Agency
entity,en,Ahmad_Kadhim_Assad,Ahmad Kadhim Assad,Ahmad Kadhim Assad,Ahmad Kadhim Assad,Ahmad Kadhim Assad,0.9,1.0,1.0,1.0,1.0,1.0,1.0,Ahmad Kadhim Assad,Ahmad Kadhim Assad,mt_vote_revoted_gte_langfilter,2026-03-19T13:40:57,1.0,1.0,1.0,nllb,de,de,de,Ahmad_Kadhim_Assad
entity,en,Ahmadabad,Ahmadabad,Ahmedabad,Ahmadabad,Ahmadabad,0.9,0.0,0.0,0.0,0.0,0.0,0.0,Ahmedabad,Ahmedabad,mt_vote_revoted_gte_langfilter,2026-03-19T13:40:57,0.811821699142456,,,nllb,de,en,en,Ahmedabad
entity,en,Ahmet_Davutoğlu,Ahmet Davutoğlu,Ahmet Davutoğlu,Ahmet Davutoğlu,Ahmet Davutoğlu,0.9,1.0,1.0,1.0,1.0,1.0,1.0,Ahmet Davutoğlu,Ahmet Davutoğlu,mt_vote_revoted_gte_langfilter,2026-03-19T13:40:57,1.0,1.0,1.0,nllb,tr,tr,tr,Ahmet_Davutoğlu
entity,en,Ahmet_Ertegun,Ahmet Ertegun,Ahmet Ertegun,Ahmet Ertegun,Ahmet Ertegun,0.9,1.0,1.0,1.0,1.0,1.0,1.0,Ahmet Ertegun,Ahmet Ertegun,mt_vote_revoted_gte_langfilter,2026-03-19T13:40:57,1.0,1.0,1.0,nllb,de,de,de,Ahmet_Ertegun
entity,en,Ahri'ahn,Ahri'ahn,Ahri'ahn,Ahri'ahn,Ahri'ahn,0.9,1.0,1.0,1.0,1.0,1.0,1.0,Ahri'ahn,Ahri'ahn,mt_vote_revoted_gte_langfilter,2026-03-19T13:40:57,1.0,1.0,1.0,nllb,de,de,de,Ahri'ahn
entity,en,Aileen_Raymond,Aileen Raymond,Aileen Raymond,Aileen Raymond,Aileen Raymond,0.9,1.0,1.0,1.0,1.0,1.0,1.0,Aileen Raymond,Aileen Raymond,mt_vote,2026-03-19T12:45:11,,,,,en,en,en,Aileen_Raymond
entity,en,Airbus_Defence_and_Space,Airbus Defence and Space,Airbus Defence and Space,Airbus Defence and Space,Airbus Defence and Space,0.9,1.0,1.0,1.0,1.0,1.0,1.0,Airbus Defence and Space,Airbus Defence and Space,mt_vote,2026-03-19T12:45:12,,,,,en,en,en,Airbus_Defence_and_Space
entity,en,Airbus_Group,Airbus Group,Airbus Group,Airbus Group,Airbus Group,0.9,1.0,1.0,1.0,1.0,1.0,1.0,Airbus Group,Airbus Group,mt_vote,2026-03-19T12:45:12,,,,,en,en,en,Airbus_Group
entity,en,Airey_Neave,Airey Neave,Airey Neave,Airey Neave,Airey Neave,0.9,1.0,1.0,1.0,1.0,1.0,1.0,Airey Neave,Airey Neave,mt_vote,2026-03-19T12:45:12,,,,,en,en,en,Airey_Neave
entity,en,Airman_(còmicPersonatge),Airman (còmicPersonatge),Airman (comic book character),Airman (comic character),Airman (comic character),0.9,0.9057,0.9057,1.0,1.0,1.0,1.0,Airman (comic character),Airman (comic character),mt_vote,2026-03-19T12:45:13,,,,,en,en,en,Airman_(comic_character)
entity,en,Ait,Ait,It's the night.,Ait,Ait,0.9,0.2222,0.2222,1.0,0.0,0.0,1.0,Ait,Ait,mt_vote,2026-03-19T12:45:13,,,,,en,en,en,Ait
entity,en,"Ait_Ikkou,_Marroc","Ait Ikkou, Marroc","Ait Ikkou, Morocco","Ait Ikkou, Morocco","Ait Ikkou, Morocco",0.9,1.0,1.0,1.0,1.0,1.0,1.0,"Ait Ikkou, Morocco","Ait Ikkou, Morocco",mt_vote_revoted_gte_langfilter,2026-03-19T13:40:57,0.9813738465309144,0.9813738465309144,0.9813738465309144,nllb,fi,fi,fi,"Ait_Ikkou,_Morocco"
entity,en,Ajax_Youth_Academy,Ajax Youth Academy,Ajax Youth Academy,Ajax Youth Academy,Ajax Youth Academy,0.9,1.0,1.0,1.0,1.0,1.0,1.0,Ajax Youth Academy,Ajax Youth Academy,mt_vote_revoted_gte_langfilter,2026-03-19T13:40:57,0.9999999403953552,0.9999999403953552,0.9999999403953552,nllb,es,es,es,Ajax_Youth_Academy
entity,en,Ajo_blanco,Ajo blanco,White garlic,Fresh white garlic,Ajo blanco,0.9,0.0,0.0,0.0,0.0,0.0,0.0,Ajo blanco,Ajo blanco,mt_vote_revoted_gte_langfilter,2026-03-19T13:40:57,,,1.0,salamandra,en,en,es,Ajo_blanco
entity,en,Ajuntament_d'Addis_Abeba,Ajuntament d'Addis Abeba,Municipality of Addis Ababa,Addis Ababa City Hall,Addis Ababa City Hall,0.9,0.4583,0.4583,1.0,0.0,0.0,1.0,Addis Ababa City Hall,Addis Ababa City Hall,mt_vote,2026-03-19T12:45:14,,,,,en,en,en,Addis_Ababa_City_Hall
entity,en,Ajuntament_d'Aiguaviva..,Ajuntament d'Aiguaviva..,City Hall of Aquaviva..,Ajuntament d'Aiguaviva..,Ajuntament d'Aiguaviva.,0.9,0.0,0.0,0.9787,0.0,0.0,1.0,Ajuntament d'Aiguaviva..,Ajuntament d'Aiguaviva..,mt_vote_revoted_gte_langfilter,2026-03-19T13:40:57,,1.0,0.9958054423332214,madlad,en,fr,fr,Ajuntament_d'Aiguaviva..
entity,en,Ajuntament_d'Albuquerque,Ajuntament d'Albuquerque,City of Albuquerque,City of Albuquerque,Albuquerque City Hall,0.9,1.0,0.55,0.55,1.0,0.0,0.0,City of Albuquerque,City of Albuquerque,mt_vote,2026-03-19T12:45:15,,,,,en,en,en,City_of_Albuquerque
entity,en,Ajuntament_d'Atlanta,Ajuntament d'Atlanta,Atlanta City Council,Atlanta City Hall,City of Atlanta,0.9,0.7568,0.4,0.4375,0.0,0.0,0.0,Atlanta City Hall,Atlanta City Hall,mt_vote,2026-03-19T12:45:15,,,,,en,en,en,Atlanta_City_Hall
entity,en,Ajuntament_de_Birmingham,Ajuntament de Birmingham,Birmingham City Council,Birmingham City Council,Birmingham City Council,0.9,1.0,1.0,1.0,1.0,1.0,1.0,Birmingham City Council,Birmingham City Council,mt_vote,2026-03-19T12:45:16,,,,,en,en,en,Birmingham_City_Council
entity,en,Ajuntament_de_Cleveland,Ajuntament de Cleveland,Cleveland City Council,Cleveland City Hall,Cleveland City Council,0.9,0.7805,1.0,0.7805,0.0,1.0,0.0,Cleveland City Council,Cleveland City Council,mt_vote,2026-03-19T12:45:16,,,,,en,en,en,Cleveland_City_Council
entity,en,Akeem_Adams,Akeem Adams,Akeem Adams,Akeem Adams,Akeem Adams,0.9,1.0,1.0,1.0,1.0,1.0,1.0,Akeem Adams,Akeem Adams,mt_vote,2026-03-19T12:45:16,,,,,en,en,en,Akeem_Adams
entity,en,Akeem_Ayers,Akeem Ayers,Akeem Ayers,Akeem Ayers,Akeem Ayers,0.9,1.0,1.0,1.0,1.0,1.0,1.0,Akeem Ayers,Akeem Ayers,mt_vote,2026-03-19T12:45:17,,,,,en,en,en,Akeem_Ayers
entity,en,Akeem_Dent,Akeem Dent,Akeem Dent,Akeem Dent,Akeem Dent,0.9,1.0,1.0,1.0,1.0,1.0,1.0,Akeem Dent,Akeem Dent,mt_vote_revoted_gte_langfilter,2026-03-19T13:40:57,0.9999998807907104,0.9999998807907104,0.9999998807907104,nllb,da,da,da,Akeem_Dent
entity,en,Akeem_Priestley,Akeem Priestley,This is Akeem Priestley.,Akeem Priestley,Akeem Priestley,0.9,0.7692,0.7692,1.0,0.0,0.0,1.0,Akeem Priestley,Akeem Priestley,mt_vote,2026-03-19T12:45:17,,,,,en,en,en,Akeem_Priestley
entity,en,Akihito,Akihito,Akihito,Akihito,Akihito,0.9,1.0,1.0,1.0,1.0,1.0,1.0,Akihito,Akihito,mt_vote_revoted_gte_langfilter,2026-03-19T13:40:57,1.0,1.0,1.0,nllb,sl,sl,sl,Akihito
entity,en,"Akita,_Akita","Akita, Akita","Akita, Akita, what are you doing?","Akita, Akita","Akita, Akita",0.9,0.0,0.0,1.0,0.0,0.0,1.0,"Akita, Akita","Akita, Akita",mt_vote_revoted_gte_langfilter,2026-03-19T13:40:57,,1.0,1.0,salamandra,en,de,de,"Akita,_Akita"
entity,en,"Akron,_Ohio","Akron, Ohio","Akron, Ohio","Akron, Ohio","Akron, Ohio",0.9,1.0,1.0,1.0,1.0,1.0,1.0,"Akron, Ohio","Akron, Ohio",mt_vote,2026-03-19T12:45:19,,,,,en,en,en,"Akron,_Ohio"
entity,en,Akron_Metro_Futbol_Club_Summit_Assault,Akron Metro Futbol Club Summit Assault,The Akron Metro Soccer Club Summit Assault,Akron Metro Football Club Summit Assault,Akron Metro Football Club Summit Assault,0.9,0.8049,0.8049,1.0,0.0,0.0,1.0,Akron Metro Football Club Summit Assault,Akron Metro Football Club Summit Assault,mt_vote,2026-03-19T12:45:19,,,,,en,en,en,Akron_Metro_Football_Club_Summit_Assault
entity,en,Akron_Summit_Assault,Akron Summit Assault,The Akron Summit Assault,Akron Summit Assault,Akron Summit Assault,0.9,0.0,0.0,1.0,0.0,0.0,1.0,Akron Summit Assault,Akron Summit Assault,mt_vote_revoted_gte_langfilter,2026-03-19T13:40:57,,1.0,1.0,salamandra,en,de,de,Akron_Summit_Assault
entity,en,Al-Jaish_SC_(Siria),Al-Jaish SC (Siria),Al-Jaish SC (Syria),Al-Jaish SC (Syria),Al-Jaish SC (Syria),0.9,1.0,1.0,1.0,1.0,1.0,1.0,Al-Jaish SC (Syria),Al-Jaish SC (Syria),mt_vote_revoted_gte_langfilter,2026-03-19T13:40:57,0.9954726099967957,0.9954726099967957,0.9954726099967957,nllb,fr,fr,fr,Al-Jaish_SC_(Syria)
entity,en,Al-Khor_SC,Al-Khor SC,Al-Khor SC,Al-Khor SC,Al-Khor SC,0.9,1.0,1.0,1.0,1.0,1.0,1.0,Al-Khor SC,Al-Khor SC,mt_vote,2026-03-19T12:45:21,,,,,en,en,en,Al-Khor_SC
entity,en,Al-Merrikh_SC,Al-Merrikh SC,Al-Merrikh SC,Al-Merrikh SC,Al-Merrikh SC,0.9,1.0,1.0,1.0,1.0,1.0,1.0,Al-Merrikh SC,Al-Merrikh SC,mt_vote,2026-03-19T12:45:21,,,,,en,en,en,Al-Merrikh_SC
entity,en,Al-Quwa_Al-Jawiya,Al-Quwa Al-Jawiya,Al-Quwa Al-Jawiya,Al-Quwa Al-Jawiya,Al-Quwa Al-Jawiya,0.9,1.0,1.0,1.0,1.0,1.0,1.0,Al-Quwa Al-Jawiya,Al-Quwa Al-Jawiya,mt_vote_revoted_gte_langfilter,2026-03-19T13:40:57,1.0000001192092896,1.0000001192092896,1.0000001192092896,nllb,pl,pl,pl,Al-Quwa_Al-Jawiya
entity,en,Al-Shamal_SC,Al-Shamal SC,Al-Shamal SC,Al-Shamal SC,Al-Shamal SC,0.9,1.0,1.0,1.0,1.0,1.0,1.0,Al-Shamal SC,Al-Shamal SC,mt_vote,2026-03-19T12:45:22,,,,,en,en,en,Al-Shamal_SC
entity,en,Al-Zawraa_SC_Bagdad,Al-Zawraa SC Bagdad,Al-Zawraa SC Baghdad,Al-Zawraa SC Baghdad,Al-Zawraa SC Baghdad,0.9,1.0,1.0,1.0,1.0,1.0,1.0,Al-Zawraa SC Baghdad,Al-Zawraa SC Baghdad,mt_vote_revoted_gte_langfilter,2026-03-19T13:40:57,0.9853960275650024,0.9853960275650024,0.9853960275650024,nllb,et,et,et,Al-Zawraa_SC_Baghdad
entity,en,Al-_Amin_Daggashsudan._kgm,Al- Amin Daggashsudan. kgm,Al-Amin Daggashsudan. weight,Al-Amin Daggash,Al- Amin Daggashsudan. kgm,0.9,0.0,0.8519,0.0,0.0,0.0,0.0,Al- Amin Daggashsudan. kgm,Al- Amin Daggashsudan. kgm,mt_vote_revoted_gte_langfilter,2026-03-19T13:40:57,0.8512153625488281,,0.9999999403953552,salamandra,id,en,id,Al-_Amin_Daggashsudan._kgm
entity,en,Al-_Naftalgeria._kgm,Al- Naftalgeria. kgm,Al- Naftalgeria. kgm,Al-Nafta,Al- Naftalgeria. kgm,0.9,0.0,1.0,0.0,0.0,1.0,0.0,Al- Naftalgeria. kgm,Al- Naftalgeria. kgm,mt_vote_revoted_gte_langfilter,2026-03-19T13:40:57,1.0000001192092896,,1.0000001192092896,salamandra,da,en,da,Al-_Naftalgeria._kgm
entity,en,Al-_Talaba_SCalgeria._kgm,Al- Talaba SCalgeria. kgm,Al-Talaba in Algeria. kgm,Al-Talaba S,Al- Talaba SCalgeria. kgm,0.9,0.0,0.88,0.0,0.0,0.0,0.0,Al- Talaba SCalgeria. kgm,Al- Talaba SCalgeria. kgm,mt_vote_revoted_gte_langfilter,2026-03-19T13:40:57,0.8897432088851929,,1.0,salamandra,de,en,da,Al-_Talaba_SCalgeria._kgm
entity,en,Al_Anderson_(banda_NRBQ),Al Anderson (banda NRBQ),Al Anderson (formerly of NRBQ),Al Anderson (NRBQ band),Al Anderson (NRBQ band),0.9,0.6792,0.6792,1.0,0.0,0.0,1.0,Al Anderson (NRBQ band),Al Anderson (NRBQ band),mt_vote,2026-03-19T12:45:25,,,,,en,en,en,Al_Anderson_(NRBQ_band)
entity,en,Al_Kharaitiyat_SC,Al Kharaitiyat SC,Al Kharaitiyat SC,Al Kharaitiyat SC,Al Kharaitiyat SC,0.9,1.0,1.0,1.0,1.0,1.0,1.0,Al Kharaitiyat SC,Al Kharaitiyat SC,mt_vote_revoted_gte_langfilter,2026-03-19T13:40:57,1.0,1.0,1.0,nllb,fr,fr,fr,Al_Kharaitiyat_SC
entity,en,Al_Khor_(municipi),Al Khor (municipi),Al Khor (municipality),Al Khor (municipality),Al Khor (Municipality),0.9,1.0,1.0,1.0,1.0,1.0,1.0,Al Khor (municipality),Al Khor (municipality),mt_vote,2026-03-19T12:45:26,,,,,en,en,en,Al_Khor_(municipality)
entity,en,Al_Shorta_SCsudan._kgm,Al Shorta SCsudan. kgm,In the Shorta SCudan. kgm,Al Shorta SC,Al Shorta SCsudan. kgm,0.9,0.0,0.0,0.0,0.0,0.0,0.0,Al Shorta SCsudan. kgm,Al Shorta SCsudan. kgm,mt_vote_revoted_gte_langfilter,2026-03-19T13:40:57,,,1.0,salamandra,en,en,lt,Al_Shorta_SCsudan._kgm
entity,en,Al_damunt_del_vel,Al damunt del vel,Above the veil,Above the Veil,On top of the veil,0.9,1.0,0.625,0.625,1.0,0.0,0.0,Above the veil,Above the veil,mt_vote,2026-03-19T12:45:26,,,,,en,en,en,Above_the_veil
entity,en,Alaa_Abdul-Zahra,Alaa Abdul-Zahra,Alaa Abdul-Zahra,Alaa Abdul-Zahra,Alaa Abdul-Zahra,0.9,1.0,1.0,1.0,1.0,1.0,1.0,Alaa Abdul-Zahra,Alaa Abdul-Zahra,mt_vote_revoted_gte_langfilter,2026-03-19T13:40:57,1.0000001192092896,1.0000001192092896,1.0000001192092896,nllb,fi,fi,fi,Alaa_Abdul-Zahra
entity,en,Alabama,Alabama,State of Alabama,Alabama,Alabama,0.9,0.6087,0.6087,1.0,0.0,0.0,1.0,Alabama,Alabama,mt_vote,2026-03-19T12:45:27,,,,,en,en,en,Alabama
entity,en,Alagoas,Alagoas,The city of Alagoas,Alagoas,Alagoas,0.9,0.5385,0.5385,1.0,0.0,0.0,1.0,Alagoas,Alagoas,mt_vote,2026-03-19T12:45:28,,,,,en,en,en,Alagoas
entity,en,Alan_B._Miller_Hall,Alan B. Miller Hall,Written by Alan B. Miller Hall,Alan B. Miller Hall,Alan B. Miller Hall,0.9,0.0,0.0,1.0,0.0,0.0,1.0,Alan B. Miller Hall,Alan B. Miller Hall,mt_vote_revoted_gte_langfilter,2026-03-19T13:40:57,,1.0000001192092896,1.0000001192092896,salamandra,en,da,da,Alan_B._Miller_Hall
entity,en,Alan_Bean,Alan Bean,Alan Bean,Alan Bean,Alan Bean,0.9,1.0,1.0,1.0,1.0,1.0,1.0,Alan Bean,Alan Bean,mt_vote_revoted_gte_langfilter,2026-03-19T13:40:57,1.0,1.0,1.0,nllb,fi,fi,fi,Alan_Bean
entity,en,Alan_Fitzsimmons,Alan Fitzsimmons,This is Alan Fitzsimmons.,Alan Fitzsimmons,Alan Fitzsimmons,0.9,0.0,0.0,1.0,0.0,0.0,1.0,Alan Fitzsimmons,Alan Fitzsimmons,mt_vote_revoted_gte_langfilter,2026-03-19T13:40:57,,1.0,1.0,salamandra,en,eu,eu,Alan_Fitzsimmons
entity,en,Alan_Frew,Alan Frew,Alan Frew,Alan Frew,Alan Frew,0.9,1.0,1.0,1.0,1.0,1.0,1.0,Alan Frew,Alan Frew,mt_vote_revoted_gte_langfilter,2026-03-19T13:40:57,1.0,1.0,1.0,nllb,fi,fi,fi,Alan_Frew
entity,en,Alan_Jaggs,Alan Jaggs,Alan Jaggs,Alan Jaggs,Alan Jaggs,0.9,1.0,1.0,1.0,1.0,1.0,1.0,Alan Jaggs,Alan Jaggs,mt_vote_revoted_gte_langfilter,2026-03-19T13:40:57,1.000000238418579,1.000000238418579,1.000000238418579,nllb,sv,sv,sv,Alan_Jaggs
entity,en,Alan_LaVern_Bean,Alan LaVern Bean,Alan LaVern Bean,Alan LaVern Bean,Alan LaVern Bean,0.9,1.0,1.0,1.0,1.0,1.0,1.0,Alan LaVern Bean,Alan LaVern Bean,mt_vote_revoted_gte_langfilter,2026-03-19T13:40:57,1.0000001192092896,1.0000001192092896,1.0000001192092896,nllb,ms,ms,ms,Alan_LaVern_Bean
entity,en,Alan_Martin_(futbolista),Alan Martin (futbolista),Alan Martin (soccer player),Alan Martin (footballer),Alan Martin (footballer),0.9,0.0,0.0,1.0,0.0,0.0,1.0,Alan Martin (footballer),Alan Martin (footballer),mt_vote_revoted_gte_langfilter,2026-03-19T13:40:57,,0.9756423234939576,0.9756423234939576,salamandra,en,fi,fi,Alan_Martin_(footballer)
entity,en,Alan_Shepard,Alan Shepard,Alan Shepard,Alan Shepard,Alan Shepard,0.9,1.0,1.0,1.0,1.0,1.0,1.0,Alan Shepard,Alan Shepard,mt_vote_revoted_gte_langfilter,2026-03-19T13:40:57,1.0,1.0,1.0,nllb,fi,fi,fi,Alan_Shepard
entity,en,Alan_Tudyk,Alan Tudyk,This is Alan Tudyk.,Alan Tudyk,Alan Tudyk,0.9,0.0,0.0,1.0,0.0,0.0,1.0,Alan Tudyk,Alan Tudyk,mt_vote_revoted_gte_langfilter,2026-03-19T13:40:57,,1.0000001192092896,1.0000001192092896,salamandra,en,fi,fi,Alan_Tudyk
entity,en,Alba,Alba,The dawn,Alba,Alba,0.9,0.1667,0.1667,1.0,0.0,0.0,1.0,Alba,Alba,mt_vote,2026-03-19T12:45:31,,,,,en,en,en,Alba
entity,en,Alba_Iulia,Alba Iulia,Alba Iulia is located in the southern part of the island.,Alba Iulia,Alba Iulia,0.9,0.2985,0.2985,1.0,0.0,0.0,1.0,Alba Iulia,Alba Iulia,mt_vote,2026-03-19T12:45:32,,,,,en,en,en,Alba_Iulia
entity,en,"Albany,_Geòrgia","Albany, Geòrgia","Albany, Georgia","Albany, GA","Albany, Georgia",0.9,0.8,1.0,0.8,0.0,1.0,0.0,"Albany, Georgia","Albany, Georgia",mt_vote,2026-03-19T12:45:32,,,,,en,en,en,"Albany,_Georgia"
entity,en,"Albany,_Oregon","Albany, Oregon","Albany, Oregon","Albany, OR","Albany, Oregon",0.9,0.0,1.0,0.0,0.0,1.0,0.0,"Albany, Oregon","Albany, Oregon",mt_vote_revoted_gte_langfilter,2026-03-19T13:40:57,1.0000001192092896,,1.0000001192092896,salamandra,it,en,it,"Albany,_Oregon"
entity,en,Albennie_Jones,Albennie Jones,Albennie Jones was born,Albennie Jones,Albennie Jones,0.9,0.0,0.0,1.0,0.0,0.0,1.0,Albennie Jones,Albennie Jones,mt_vote_revoted_gte_langfilter,2026-03-19T13:40:57,,1.0000001192092896,1.0000001192092896,salamandra,en,de,de,Albennie_Jones
entity,en,Albert_B._White,Albert B. White,This is Albert B. White.,Albert B. White,Albert B. White,0.9,0.7692,0.7692,1.0,0.0,0.0,1.0,Albert B. White,Albert B. White,mt_vote,2026-03-19T12:45:33,,,,,en,en,en,Albert_B._White
entity,en,Albert_E._Austin,Albert E. Austin,This is Albert E. Austin.,Albert E. Austin,Albert E. Austin,0.9,0.7805,0.7805,1.0,0.0,0.0,1.0,Albert E. Austin,Albert E. Austin,mt_vote,2026-03-19T12:45:33,,,,,en,en,en,Albert_E._Austin
entity,en,Albert_Jennings_Fountain,Albert Jennings Fountain,Albert Jennings Fountain,Albert Jennings Fountain,Albert Jennings Fountain,0.9,1.0,1.0,1.0,1.0,1.0,1.0,Albert Jennings Fountain,Albert Jennings Fountain,mt_vote,2026-03-19T12:45:34,,,,,en,en,en,Albert_Jennings_Fountain
entity,en,Albert_Uderzo,Albert Uderzo,This is Albert Uderzo.,Albert Uderzo,Albert Uderzo,0.9,0.0,0.0,1.0,0.0,0.0,1.0,Albert Uderzo,Albert Uderzo,mt_vote_revoted_gte_langfilter,2026-03-19T13:40:57,,1.0,1.0,salamandra,en,pl,pl,Albert_Uderzo
entity,en,Alberto_Teisaire,Alberto Teisaire,This is Alberto Teisaire.,Alberto Teisaire,Alberto Teisaire,0.9,0.7805,0.7805,1.0,0.0,0.0,1.0,Alberto Teisaire,Alberto Teisaire,mt_vote,2026-03-19T12:45:35,,,,,en,en,en,Alberto_Teisaire
entity,en,"Albuquerque,_New_Mexico","Albuquerque, New Mexico","Albuquerque, New Mexico","Albuquerque, NM","Albuquerque, New Mexico",0.9,0.7895,1.0,0.7895,0.0,1.0,0.0,"Albuquerque, New Mexico","Albuquerque, New Mexico",mt_vote_revoted_gte_langfilter,2026-03-19T13:40:57,1.0000001192092896,0.9723783731460572,1.0000001192092896,salamandra,mt,mt,mt,"Albuquerque,_New_Mexico"
entity,en,Alcalde_d'Albuquerque,Alcalde d'Albuquerque,Mayor of Albuquerque,Mayor of Albuquerque,Mayor of Albuquerque,0.9,1.0,1.0,1.0,1.0,1.0,1.0,Mayor of Albuquerque,Mayor of Albuquerque,mt_vote,2026-03-19T12:45:36,,,,,en,en,en,Mayor_of_Albuquerque
entity,en,"Alcalde_de_Stamford,_Connecticut","Alcalde de Stamford, Connecticut","Mayor of Stamford, Connecticut","Mayor of Stamford, Connecticut","Mayor of Stamford, Connecticut",0.9,1.0,1.0,1.0,1.0,1.0,1.0,"Mayor of Stamford, Connecticut","Mayor of Stamford, Connecticut",mt_vote,2026-03-19T12:45:36,,,,,en,en,en,"Mayor_of_Stamford,_Connecticut"
entity,en,"Alcaldes_d'Atlantic_City,_Nova_Jersey","Alcaldes d'Atlantic City, Nova Jersey","Mayors of Atlantic City, New Jersey","Mayors of Atlantic City, New Jersey","Mayors of Atlantic City, New Jersey",0.9,1.0,1.0,1.0,1.0,1.0,1.0,"Mayors of Atlantic City, New Jersey","Mayors of Atlantic City, New Jersey",mt_vote,2026-03-19T12:45:36,,,,,en,en,en,"Mayors_of_Atlantic_City,_New_Jersey"
entity,en,Alcatraz_contra_els_malvats_bibliotecaris,Alcatraz contra els malvats bibliotecaris,Alcatraz against the wicked librarians,Alcatraz vs. Evil Librarians,Alcatraz Versus the Evil Librarians,0.9,0.0,0.0,0.0,0.0,0.0,0.0,Alcatraz vs. Evil Librarians,Alcatraz vs. Evil Librarians,mt_vote_revoted_gte_langfilter,2026-03-19T13:40:57,,0.9033665657043456,,madlad,en,sl,en,Alcatraz_vs._Evil_Librarians
entity,en,Alcatraz_versus_els_ossos_de_l'escriptor,Alcatraz versus els ossos de l'escriptor,Alcatraz versus the writer's bones,Alcatraz versus the writer's bones,Alcatraz Versus the Bones of the Writer,0.9,1.0,0.7123,0.7123,1.0,0.0,0.0,Alcatraz versus the writer's bones,Alcatraz versus the writer's bones,mt_vote,2026-03-19T12:45:38,,,,,en,en,en,Alcatraz_versus_the_writer's_bones
entity,en,Alcobendas,Alcobendas,Alcoholic beverages,Alcobendas,Alcobendas,0.9,0.0,0.0,1.0,0.0,0.0,1.0,Alcobendas,Alcobendas,mt_vote_revoted_gte_langfilter,2026-03-19T13:40:57,,1.0,1.0,salamandra,en,de,de,Alcobendas
entity,en,Alderney,Alderney,Alderney,Alderney,Alderney,0.9,1.0,1.0,1.0,1.0,1.0,1.0,Alderney,Alderney,mt_vote,2026-03-19T12:45:38,,,,,en,en,en,Alderney
entity,en,Aldershot_Town_F.C._(anglès),Aldershot Town F.C. (anglès),Aldershot Town F.C. (English),Aldershot Town F.C.,Aldershot Town F.C. (English),0.9,0.7917,1.0,0.7917,0.0,1.0,0.0,Aldershot Town F.C. (English),Aldershot Town F.C. (English),mt_vote,2026-03-19T12:45:39,,,,,en,en,en,Aldershot_Town_F.C._(English)
entity,en,"Aleksander_Barkov,_Jr.","Aleksander Barkov, Jr.","This is Alexander Barkov, Jr.","Aleksander Barkov, Jr.","Aleksander Barkov, Jr.",0.9,0.0,0.0,1.0,0.0,0.0,1.0,"Aleksander Barkov, Jr.","Aleksander Barkov, Jr.",mt_vote_revoted_gte_langfilter,2026-03-19T13:40:57,,0.9999999403953552,0.9999999403953552,salamandra,en,da,da,"Aleksander_Barkov,_Jr."
entity,en,Aleksandr_Chumakov,Aleksandr Chumakov,This is Alexander Chumakov.,Alexander Chumakov,Aleksandr Chumakov,0.9,0.0,0.0,0.0,0.0,0.0,0.0,Aleksandr Chumakov,Aleksandr Chumakov,mt_vote_revoted_gte_langfilter,2026-03-19T13:40:57,,,1.0,salamandra,en,en,mg,Aleksandr_Chumakov
entity,en,Aleksandr_Prudnikov,Aleksandr Prudnikov,This is Aleksandr Prudnikov.,Alexander Prudnikov,Aleksandr Prudnikov,0.9,0.0,0.0,0.8947,0.0,0.0,0.0,Aleksandr Prudnikov,Aleksandr Prudnikov,mt_vote_revoted_gte_langfilter,2026-03-19T13:40:57,,0.9870332479476928,0.9999999403953552,salamandra,en,sl,mg,Aleksandr_Prudnikov
entity,en,Aleksandr_Tukmanov,Aleksandr Tukmanov,This is Alexander Tukmanov.,Aleksandr Tukmanov,Aleksandr Tukmanov,0.9,0.0,0.0,1.0,0.0,0.0,1.0,Aleksandr Tukmanov,Aleksandr Tukmanov,mt_vote_revoted_gte_langfilter,2026-03-19T13:40:57,,1.0,1.0,salamandra,en,mg,mg,Aleksandr_Tukmanov
entity,en,Aleksandra_Kovač,Aleksandra Kovač,This is Aleksandra Kovač.,Aleksandra Kovač,Aleksandra Kovač,0.9,0.0,0.0,1.0,0.0,0.0,1.0,Aleksandra Kovač,Aleksandra Kovač,mt_vote_revoted_gte_langfilter,2026-03-19T13:40:57,,1.0000001192092896,1.0000001192092896,salamandra,en,mg,mg,Aleksandra_Kovač
entity,en,Aleksandre_Guruli,Aleksandre Guruli,Alexander Guruli,Aleksandre Guruli,Aleksandre Guruli,0.9,0.0,0.0,1.0,0.0,0.0,1.0,Aleksandre Guruli,Aleksandre Guruli,mt_vote_revoted_gte_langfilter,2026-03-19T13:40:57,,1.0000001192092896,1.0000001192092896,salamandra,en,no,no,Aleksandre_Guruli
entity,en,Aleksey_Chirikov_(trencaglaç),Aleksey Chirikov (trencaglaç),Aleksey Chirikov (left wing),Aleksey Chirikov (icebreaker),Aleksey Chirikov (icebreaker),0.9,0.0,0.0,1.0,0.0,0.0,1.0,Aleksey Chirikov (icebreaker),Aleksey Chirikov (icebreaker),mt_vote_revoted_gte_langfilter,2026-03-19T13:40:57,,0.8864033222198486,0.8864033222198486,salamandra,en,sl,sl,Aleksey_Chirikov_(icebreaker)
entity,en,Alemanya,Alemanya,Germany,Germany,Germany,0.9,1.0,1.0,1.0,1.0,1.0,1.0,Germany,Germany,mt_vote,2026-03-19T12:45:42,,,,,en,en,en,Germany
entity,en,Alemanya_Occidental,Alemanya Occidental,West Germany,West Germany,West Germany,0.9,1.0,1.0,1.0,1.0,1.0,1.0,West Germany,West Germany,mt_vote,2026-03-19T12:45:42,,,,,en,en,en,West_Germany
entity,en,Alemanya_sub-21,Alemanya sub-21,Germany U-21,Germany U-21,Germany U21,0.9,1.0,0.9565,0.9565,1.0,1.0,1.0,Germany U-21,Germany U-21,mt_vote,2026-03-19T12:45:42,,,,,en,en,en,Germany_U-21
entity,en,Alessandro_Dal_Canto,Alessandro Dal Canto,Alessandro Dal Canto is a Spanish singer-songwriter.,Alessandro Dal Canto,Alessandro Dal Canto,0.9,0.0,0.0,1.0,0.0,0.0,1.0,Alessandro Dal Canto,Alessandro Dal Canto,mt_vote_revoted_gte_langfilter,2026-03-19T13:40:57,,1.0,1.0,salamandra,en,mg,mg,Alessandro_Dal_Canto
entity,en,Alessio_Romagnoli,Alessio Romagnoli,It was Alessio Romagnoli.,Alessio Romagnoli,Alessio Romagnoli,0.9,0.0,0.0,1.0,0.0,0.0,1.0,Alessio Romagnoli,Alessio Romagnoli,mt_vote_revoted_gte_langfilter,2026-03-19T13:40:57,,1.0,1.0,salamandra,en,es,es,Alessio_Romagnoli
entity,en,Alex_Day,Alex Day,Alex day,Alex Day,Alex Day,0.9,1.0,1.0,1.0,1.0,1.0,1.0,Alex day,Alex day,mt_vote,2026-03-19T12:45:44,,,,,en,en,en,Alex_day
entity,en,Alex_Plante,Alex Plante,Alex Planted,Alex Plante,Alex Plante,0.9,0.9565,0.9565,1.0,1.0,1.0,1.0,Alex Plante,Alex Plante,mt_vote,2026-03-19T12:45:44,,,,,en,en,en,Alex_Plante
entity,en,Alex_Tyus,Alex Tyus,Alex Tyus,Alex Tyus,Alex Tyus,0.9,1.0,1.0,1.0,1.0,1.0,1.0,Alex Tyus,Alex Tyus,mt_vote,2026-03-19T12:45:44,,,,,en,en,en,Alex_Tyus
entity,en,Alexander_L._Wolf,Alexander L. Wolf,By Alexander L. Wolf,Alexander L. Wolf,Alexander L. Wolf,0.9,0.9189,0.9189,1.0,1.0,1.0,1.0,Alexander L. Wolf,Alexander L. Wolf,mt_vote_revoted_gte_langfilter,2026-03-19T13:40:57,0.9084936380386353,1.0000001192092896,1.0000001192092896,madlad,sv,sv,sv,Alexander_L._Wolf
entity,en,Alexander_Nouri,Alexander Nouri,Alexander Nouri,Alexander Nouri,Alexander Nouri,0.9,1.0,1.0,1.0,1.0,1.0,1.0,Alexander Nouri,Alexander Nouri,mt_vote_revoted_gte_langfilter,2026-03-19T13:40:58,1.0000001192092896,1.0000001192092896,1.0000001192092896,nllb,sv,sv,sv,Alexander_Nouri
entity,en,"Alexandria,_Indiana","Alexandria, Indiana","Alexandria, Indiana","Alexandria, Indiana","Alexandria, Indiana",0.9,1.0,1.0,1.0,1.0,1.0,1.0,"Alexandria, Indiana","Alexandria, Indiana",mt_vote_revoted_gte_langfilter,2026-03-19T13:40:58,1.000000238418579,1.000000238418579,1.000000238418579,nllb,mg,mg,mg,"Alexandria,_Indiana"
entity,en,"Alexandria,_Virgínia","Alexandria, Virgínia","Alexandria, Virginia is a city in the state of Virginia.","Alexandria, VA","Alexandria, Virginia",0.9,0.0,0.0,0.8235,0.0,0.0,0.0,"Alexandria, Virginia","Alexandria, Virginia",mt_vote_revoted_gte_langfilter,2026-03-19T13:40:58,,0.9458014965057372,0.9614286422729492,salamandra,en,mg,mg,"Alexandria,_Virginia"
entity,en,Alexis_Tsipras,Alexis Tsipras,Alexis Tsipras,Alexis Tsipras,Alexis Tsipras,0.9,1.0,1.0,1.0,1.0,1.0,1.0,Alexis Tsipras,Alexis Tsipras,mt_vote,2026-03-19T12:45:46,,,,,en,en,en,Alexis_Tsipras
entity,en,Alfa_Romeo_164,Alfa Romeo 164,This is Alfa Romeo 164.,Alfa Romeo 164,Alfa Romeo 164,0.9,0.0,0.0,1.0,0.0,0.0,1.0,Alfa Romeo 164,Alfa Romeo 164,mt_vote_revoted_gte_langfilter,2026-03-19T13:40:58,,0.9999999403953552,0.9999999403953552,salamandra,en,it,it,Alfa_Romeo_164
entity,en,Alfa_Romeo_168,Alfa Romeo 168,This is Alfa Romeo 168,Alfa Romeo 168,Alfa Romeo 168,0.9,0.0,0.0,1.0,0.0,0.0,1.0,Alfa Romeo 168,Alfa Romeo 168,mt_vote_revoted_gte_langfilter,2026-03-19T13:40:58,,1.0000001192092896,1.0000001192092896,salamandra,en,it,it,Alfa_Romeo_168
entity,en,Alfons_Gorbach,Alfons Gorbach,Alphonse Gorbach,Alfons Gorbach,Alfons Gorbach,0.9,0.0,0.0,0.0,0.0,0.0,0.0,Alphonse Gorbach,Alphonse Gorbach,mt_vote_revoted_gte_langfilter,2026-03-19T13:40:58,0.9728124737739564,,,nllb,da,en,en,Alphonse_Gorbach
entity,en,Alfons_XIII_d'Espanya,Alfons XIII d'Espanya,Alfonso XIII of Spain,Alfonso XIII of Spain,Alfonso XIII of Spain,0.9,1.0,1.0,1.0,1.0,1.0,1.0,Alfonso XIII of Spain,Alfonso XIII of Spain,mt_vote,2026-03-19T12:45:47,,,,,en,en,en,Alfonso_XIII_of_Spain
entity,en,Alfred_Garth_Jones,Alfred Garth Jones,Alfred Garth Jones,Alfred Garth Jones,Alfred Garth Jones,0.9,1.0,1.0,1.0,1.0,1.0,1.0,Alfred Garth Jones,Alfred Garth Jones,mt_vote,2026-03-19T12:45:48,,,,,en,en,en,Alfred_Garth_Jones
entity,en,Alfred_Giles_(arquitecte),Alfred Giles (arquitecte),Alfred Giles (architect),Alfred Giles (architect),Alfred Giles (architect),0.9,1.0,1.0,1.0,1.0,1.0,1.0,Alfred Giles (architect),Alfred Giles (architect),mt_vote,2026-03-19T12:45:48,,,,,en,en,en,Alfred_Giles_(architect)
entity,en,Alfred_Moore_Scales,Alfred Moore Scales,Alfred Moore Scales,Alfred Moore Scales,Alfred Moore Scales,0.9,1.0,1.0,1.0,1.0,1.0,1.0,Alfred Moore Scales,Alfred Moore Scales,mt_vote,2026-03-19T12:45:49,,,,,en,en,en,Alfred_Moore_Scales
entity,en,Alfred_N._Phillips,Alfred N. Phillips,Alfred N. Phillips,Alfred N. Phillips,Alfred N. Phillips,0.9,1.0,1.0,1.0,1.0,1.0,1.0,Alfred N. Phillips,Alfred N. Phillips,mt_vote,2026-03-19T12:45:49,,,,,en,en,en,Alfred_N._Phillips
entity,en,Alfred_Worden,Alfred Worden,This is Alfred Worden.,Alfred Worden,Alfred Worden,0.9,0.7429,0.7429,1.0,0.0,0.0,1.0,Alfred Worden,Alfred Worden,mt_vote,2026-03-19T12:45:49,,,,,en,en,en,Alfred_Worden
entity,en,Alfredo_Zitarrosa,Alfredo Zitarrosa,This is Alfredo Zitarrosa,Alfredo Zitarrosa,Alfredo Zitarrosa,0.9,0.0,0.0,1.0,0.0,0.0,1.0,Alfredo Zitarrosa,Alfredo Zitarrosa,mt_vote_revoted_gte_langfilter,2026-03-19T13:40:58,,0.9999998807907104,0.9999998807907104,salamandra,en,es,es,Alfredo_Zitarrosa
entity,en,Alhambra,Alhambra,The Alhambra,Alhambra,Alhambra,0.9,0.0,0.0,1.0,0.0,0.0,1.0,Alhambra,Alhambra,mt_vote_revoted_gte_langfilter,2026-03-19T13:40:58,,1.0,1.0,salamandra,en,pt,pt,Alhambra
entity,en,Alison_O'Donnell,Alison O'Donnell,Alison O'Donnell,Alison O'Donnell,Alison O'Donnell,0.9,1.0,1.0,1.0,1.0,1.0,1.0,Alison O'Donnell,Alison O'Donnell,mt_vote_revoted_gte_langfilter,2026-03-19T13:40:58,1.0,1.0,1.0,nllb,it,it,it,Alison_O'Donnell
entity,en,Alkmaar_Zaanstreek,Alkmaar Zaanstreek,This is Alkmaar Zaanstreek.,Alkmaar Zaanstreek,Alkmaar Zaanstreek,0.9,0.0,0.0,1.0,0.0,0.0,1.0,Alkmaar Zaanstreek,Alkmaar Zaanstreek,mt_vote_revoted_gte_langfilter,2026-03-19T13:40:58,,1.0,1.0,salamandra,en,nl,nl,Alkmaar_Zaanstreek
entity,en,All_India_Council_for_Technical_Education_(Consell_de_l'Índia_per_a_l'Educació_Tècnica),All India Council for Technical Education (Consell de l'Índia per a l'Educació Tècnica),All India Council for Technical Education,All India Council for Technical Education,All India Council for Technical Education,0.9,1.0,1.0,1.0,1.0,1.0,1.0,All India Council for Technical Education,All India Council for Technical Education,mt_vote,2026-03-19T12:45:52,,,,,en,en,en,All_India_Council_for_Technical_Education
entity,en,Allan_Sandage,Allan Sandage,Allan Sandage,Allan Sandage,Allan Sandage,0.9,1.0,1.0,1.0,1.0,1.0,1.0,Allan Sandage,Allan Sandage,mt_vote_revoted_gte_langfilter,2026-03-19T13:40:58,1.0,1.0,1.0,nllb,sv,sv,sv,Allan_Sandage
entity,en,Allan_Shivers,Allan Shivers,Allan Shivers,Allan Shivers,Allan Shivers,0.9,1.0,1.0,1.0,1.0,1.0,1.0,Allan Shivers,Allan Shivers,mt_vote_revoted_gte_langfilter,2026-03-19T13:40:58,0.9999998807907104,0.9999998807907104,0.9999998807907104,nllb,tr,tr,tr,Allan_Shivers
entity,en,Allen_Forrest,Allen Forrest,Allen Forrest,Allen Forrest,Allen Forrest,0.9,1.0,1.0,1.0,1.0,1.0,1.0,Allen Forrest,Allen Forrest,mt_vote_revoted_gte_langfilter,2026-03-19T13:40:58,1.0,1.0,1.0,nllb,de,de,de,Allen_Forrest
entity,en,Alliance_Films_Corporation,Alliance Films Corporation,Produced by Alliance Films Corporation,Alliance Films Corporation,Alliance Films Corporation,0.9,0.8125,0.8125,1.0,0.0,0.0,1.0,Alliance Films Corporation,Alliance Films Corporation,mt_vote,2026-03-19T12:45:53,,,,,en,en,en,Alliance_Films_Corporation
entity,en,Alliant_Techsystems,Alliant Techsystems,Alliant Techsystems is a privately owned,Alliant Techsystems,Alliant Techsystems,0.9,0.6441,0.6441,1.0,0.0,0.0,1.0,Alliant Techsystems,Alliant Techsystems,mt_vote,2026-03-19T12:45:54,,,,,en,en,en,Alliant_Techsystems
entity,en,Alligator_Records,Alligator Records,Alligator records,Alligator Records,Alligator Records,0.9,1.0,1.0,1.0,1.0,1.0,1.0,Alligator Records,Alligator Records,mt_vote_revoted_gte_langfilter,2026-03-19T13:40:58,0.8971694707870483,1.0000001192092896,1.0000001192092896,madlad,de,de,de,Alligator_Records
entity,en,Almond,Almond,Almonds,Almond,Almond,0.9,0.9231,0.9231,1.0,1.0,1.0,1.0,Almond,Almond,mt_vote,2026-03-19T12:45:54,,,,,en,en,en,Almond
entity,en,"Alpena,_Michigan","Alpena, Michigan","Alpena, Michigan","Alpena, MI","Alpena, Michigan",0.9,0.0,1.0,0.0,0.0,1.0,0.0,"Alpena, Michigan","Alpena, Michigan",mt_vote_revoted_gte_langfilter,2026-03-19T13:40:58,1.0,,1.0,salamandra,fr,en,fr,"Alpena,_Michigan"
entity,en,"Alpharetta,_Geòrgia","Alpharetta, Geòrgia","Alpharetta, Georgia","Alpharetta, GA","Alpharetta, Georgia",0.9,0.8485,1.0,0.8485,0.0,1.0,0.0,"Alpharetta, Georgia","Alpharetta, Georgia",mt_vote_revoted_gte_langfilter,2026-03-19T13:40:58,0.9562770128250122,0.9378155469894408,0.9562770128250122,salamandra,it,it,it,"Alpharetta,_Georgia"
entity,en,Alphonse_Borrelly,Alphonse Borrelly,Alphonse Borrelly,Alphonse Borrelly,Alphonse Borrelly,0.9,1.0,1.0,1.0,1.0,1.0,1.0,Alphonse Borrelly,Alphonse Borrelly,mt_vote,2026-03-19T12:45:55,,,,,en,en,en,Alphonse_Borrelly
entity,en,Altar_de_les_Plagues,Altar de les Plagues,Rise of the Plagues,Altar of the Plagues,Altar of the Plagues,0.9,0.8205,0.8205,1.0,0.0,0.0,1.0,Altar of the Plagues,Altar of the Plagues,mt_vote,2026-03-19T12:45:56,,,,,en,en,en,Altar_of_the_Plagues
entity,en,Alvah_Sabin,Alvah Sabin,Alvah Sabin,Alvah Sabin,Alvah Sabin,0.9,1.0,1.0,1.0,1.0,1.0,1.0,Alvah Sabin,Alvah Sabin,mt_vote_revoted_gte_langfilter,2026-03-19T13:40:58,1.0000001192092896,1.0000001192092896,1.0000001192092896,nllb,sl,sl,sl,Alvah_Sabin
entity,en,Alvis_Car_and_Engineering_Company,Alvis Car and Engineering Company,Alvis Car and Engineering Company,Alvis Car and Engineering Company,Alvis Car and Engineering Company,0.9,1.0,1.0,1.0,1.0,1.0,1.0,Alvis Car and Engineering Company,Alvis Car and Engineering Company,mt_vote,2026-03-19T12:45:57,,,,,en,en,en,Alvis_Car_and_Engineering_Company
entity,en,Alvis_Speed_25,Alvis Speed 25,Alvis Speed 25,Alvis Speed 25,Alvis Speed 25,0.9,1.0,1.0,1.0,1.0,1.0,1.0,Alvis Speed 25,Alvis Speed 25,mt_vote,2026-03-19T12:45:57,,,,,en,en,en,Alvis_Speed_25
entity,en,Am._J._Math._(en_anglès).,Am. J. Math. (en anglès).,Am. J. Math. (in English).,Am. J. Math.,Am. J. Math.,0.9,0.0,0.0,0.0,0.0,0.0,0.0,Am. J. Math. (in English).,Am. J. Math. (in English).,mt_vote_revoted_gte_langfilter,2026-03-19T13:40:58,0.9762271642684937,,,nllb,it,en,en,Am._J._Math._(in_English).
entity,en,Amar_Osim,Amar Osim,Amar Osim,Amar Osim,Amar Osim,0.9,1.0,1.0,1.0,1.0,1.0,1.0,Amar Osim,Amar Osim,mt_vote_revoted_gte_langfilter,2026-03-19T13:40:58,0.9999999403953552,0.9999999403953552,0.9999999403953552,nllb,es,es,es,Amar_Osim
entity,en,"Amarillo,_Texas","Amarillo, Texas","Amarillo, Texas","Amarillo, Texas","Amarillo, Texas",0.9,1.0,1.0,1.0,1.0,1.0,1.0,"Amarillo, Texas","Amarillo, Texas",mt_vote,2026-03-19T12:45:58,,,,,en,en,en,"Amarillo,_Texas"
entity,en,Amazing-Man_(personatge_de_còmics),Amazing-Man (personatge de còmics),Amazing-Man (comic book character),Amazing-Man (comic character),Amazing-Man (comic book character),0.9,0.9206,1.0,0.9206,1.0,1.0,1.0,Amazing-Man (comic book character),Amazing-Man (comic book character),mt_vote,2026-03-19T12:45:59,,,,,en,en,en,Amazing-Man_(comic_book_character)
entity,en,Ambrose,Ambrose,Ambrose,Ambrose,Ambrose,0.9,1.0,1.0,1.0,1.0,1.0,1.0,Ambrose,Ambrose,mt_vote,2026-03-19T12:45:59,,,,,en,en,en,Ambrose
entity,en,Amdavad_ni_Gufa,Amdavad ni Gufa,Amdavad or Owl,Amdavad ni Gufa,Amdavad ni Gufa,0.9,0.0,0.0,1.0,0.0,0.0,1.0,Amdavad ni Gufa,Amdavad ni Gufa,mt_vote_revoted_gte_langfilter,2026-03-19T13:40:58,,1.0,1.0,salamandra,en,lt,lt,Amdavad_ni_Gufa
entity,en,AmeriGas,AmeriGas,It's called AmeriGas.,AmeriGas,AmeriGas,0.9,0.5517,0.5517,1.0,0.0,0.0,1.0,AmeriGas,AmeriGas,mt_vote,2026-03-19T12:46:00,,,,,en,en,en,AmeriGas
entity,en,American_Institute_of_Physics,American Institute of Physics,The American Institute of Physics,American Institute of Physics,American Institute of Physics,0.9,0.9355,0.9355,1.0,1.0,1.0,1.0,American Institute of Physics,American Institute of Physics,mt_vote,2026-03-19T12:46:00,,,,,en,en,en,American_Institute_of_Physics
entity,en,American_Journal_of_Mathematics,American Journal of Mathematics,This is the American Journal of Mathematics,American Journal of Mathematics,American Journal of Mathematics,0.9,0.8378,0.8378,1.0,0.0,0.0,1.0,American Journal of Mathematics,American Journal of Mathematics,mt_vote,2026-03-19T12:46:01,,,,,en,en,en,American_Journal_of_Mathematics
entity,en,American_Locomotive_Company,American Locomotive Company,American Locomotive Company,American Locomotive Company,American Locomotive Company,0.9,1.0,1.0,1.0,1.0,1.0,1.0,American Locomotive Company,American Locomotive Company,mt_vote_revoted_gte_langfilter,2026-03-19T13:40:58,1.0,1.0,1.0,nllb,es,es,es,American_Locomotive_Company
entity,en,American_Motors,American Motors,American Motors,American Motors,American Motors,0.9,1.0,1.0,1.0,1.0,1.0,1.0,American Motors,American Motors,mt_vote,2026-03-19T12:46:01,,,,,en,en,en,American_Motors
entity,en,American_Motors_Matador,American Motors Matador,This is American Motors Matador.,American Motors Matador,American Motors Matador,0.9,0.0,0.0,1.0,0.0,0.0,1.0,American Motors Matador,American Motors Matador,mt_vote_revoted_gte_langfilter,2026-03-19T13:40:58,,1.0,1.0,salamandra,en,es,es,American_Motors_Matador
entity,en,Americà,Americà,American,American,American,0.9,1.0,1.0,1.0,1.0,1.0,1.0,American,American,mt_vote,2026-03-19T12:46:02,,,,,en,en,en,American
entity,en,"Ametlla_mòlta,_melmelada,_mantega,_ous","Ametlla mòlta, melmelada, mantega, ous","Flour, meal, butter, eggs","Ground almond, jam, butter, eggs","Crushed almonds, jam, butter, eggs",0.9,0.6667,0.6441,0.8788,0.0,0.0,0.0,"Ground almond, jam, butter, eggs","Ground almond, jam, butter, eggs",mt_vote,2026-03-19T12:46:03,,,,,en,en,en,"Ground_almond,_jam,_butter,_eggs"
entity,en,Ampara,Ampara,Protect,Ampara,Amparo,0.9,0.3077,0.4615,0.8333,0.0,0.0,0.0,Amparo,Amparo,mt_vote,2026-03-19T12:46:03,,,,,en,en,en,Amparo
entity,en,Amparai,Amparai,I'll take care of it.,Amparai,Amparai,0.9,0.2857,0.2857,1.0,0.0,0.0,1.0,Amparai,Amparai,mt_vote,2026-03-19T12:46:03,,,,,en,en,en,Amparai
entity,en,Amsterdam,Amsterdam,The city of Amsterdam,Amsterdam,Amsterdam,0.9,0.0,0.0,1.0,0.0,0.0,1.0,Amsterdam,Amsterdam,mt_vote_revoted_gte_langfilter,2026-03-19T13:40:58,,1.0,1.0,salamandra,en,nl,nl,Amsterdam
entity,en,Amsterdam-Centrum,Amsterdam-Centrum,The Amsterdam-Centrum,Amsterdam-Centrum,Amsterdam-Centre,0.9,0.0,0.0,0.9091,0.0,0.0,1.0,Amsterdam-Centrum,Amsterdam-Centrum,mt_vote_revoted_gte_langfilter,2026-03-19T13:40:58,,1.0,0.996745228767395,madlad,en,nl,nl,Amsterdam-Centrum
entity,en,Amsterdam-Noord,Amsterdam-Noord,Amsterdam-Noord railway,Amsterdam-Noord,Amsterdam-Noord,0.9,0.7895,0.7895,1.0,0.0,0.0,1.0,Amsterdam-Noord,Amsterdam-Noord,mt_vote_revoted_gte_langfilter,2026-03-19T13:40:58,0.8837128281593323,1.0000001192092896,1.0000001192092896,salamandra,nl,nl,nl,Amsterdam-Noord
entity,en,Amsterdamsche_Football_Club_Ajax_Amateurs,Amsterdamsche Football Club Ajax Amateurs,Amsterdamsche Football Club Ajax Amateurs is a German football club based in Amsterdam.,Amsterdamsche Football Club Ajax Amateurs,Amsterdamsche Football Club Ajax Amateurs,0.9,0.0,0.0,1.0,0.0,0.0,1.0,Amsterdamsche Football Club Ajax Amateurs,Amsterdamsche Football Club Ajax Amateurs,mt_vote_revoted_gte_langfilter,2026-03-19T13:40:58,,0.9999999403953552,0.9999999403953552,salamandra,en,nl,nl,Amsterdamsche_Football_Club_Ajax_Amateurs
entity,en,Amund_Bjørklund,Amund Bjørklund,Amund Bjørklund,Amund Bjørklund,Amund Bjørklund,0.9,1.0,1.0,1.0,1.0,1.0,1.0,Amund Bjørklund,Amund Bjørklund,mt_vote_revoted_gte_langfilter,2026-03-19T13:40:58,0.9999998807907104,0.9999998807907104,0.9999998807907104,nllb,no,no,no,Amund_Bjørklund
entity,en,Anadolu_Efes_SK,Anadolu Efes SK,"Anadolu Efes SK is a football club based in Anadolu, Turkey.",Anadolu Efes SK,Anadolu Efes SK,0.9,0.0,0.0,1.0,0.0,0.0,1.0,Anadolu Efes SK,Anadolu Efes SK,mt_vote_revoted_gte_langfilter,2026-03-19T13:40:58,,1.0000001192092896,1.0000001192092896,salamandra,en,es,es,Anadolu_Efes_SK
entity,en,"Anaheim,_Califòrnia","Anaheim, Califòrnia","Anaheim, California","Anaheim, CA","Anaheim, California",0.9,0.7333,1.0,0.7333,0.0,1.0,0.0,"Anaheim, California","Anaheim, California",mt_vote_revoted_gte_langfilter,2026-03-19T13:40:58,0.9806901216506958,0.9726019501686096,0.9806901216506958,salamandra,de,de,de,"Anaheim,_California"
entity,en,Anandiben_Patel,Anandiben Patel,Anandiben Patel is a former Indian cricketer.,Anandiben Patel,Anandiben Patel,0.9,0.0,0.0,1.0,0.0,0.0,1.0,Anandiben Patel,Anandiben Patel,mt_vote_revoted_gte_langfilter,2026-03-19T13:40:58,,1.0,1.0,salamandra,en,de,de,Anandiben_Patel
entity,en,Anatole_de_Grunwald,Anatole de Grunwald,Anatole of Grunwald,Anatole de Grunwald,Anatole de Grunwald,0.9,0.0,0.0,1.0,0.0,0.0,1.0,Anatole de Grunwald,Anatole de Grunwald,mt_vote_revoted_gte_langfilter,2026-03-19T13:40:58,,1.0000001192092896,1.0000001192092896,salamandra,en,fr,fr,Anatole_de_Grunwald
entity,en,Andalusia,Andalusia,Andalusia,Andalusia,Andalusia,0.9,1.0,1.0,1.0,1.0,1.0,1.0,Andalusia,Andalusia,mt_vote,2026-03-19T12:46:07,,,,,en,en,en,Andalusia
entity,en,Anders_Osborne,Anders Osborne,Anders Osborne,Anders Osborne,Anders Osborne,0.9,1.0,1.0,1.0,1.0,1.0,1.0,Anders Osborne,Anders Osborne,mt_vote,2026-03-19T12:46:08,,,,,en,en,en,Anders_Osborne
entity,en,"Anderson,_Indiana","Anderson, Indiana","Anderson, Indiana","Anderson, Indiana","Anderson, Indiana",0.9,1.0,1.0,1.0,1.0,1.0,1.0,"Anderson, Indiana","Anderson, Indiana",mt_vote,2026-03-19T12:46:08,,,,,en,en,en,"Anderson,_Indiana"
entity,en,"Anderson_Township,_comtat_de_Madison,_Indiana","Anderson Township, comtat de Madison, Indiana","Anderson Township, Madison County, Indiana","Anderson Township, Madison County, Indiana","Anderson Township, Madison County, Indiana",0.9,1.0,1.0,1.0,1.0,1.0,1.0,"Anderson Township, Madison County, Indiana","Anderson Township, Madison County, Indiana",mt_vote,2026-03-19T12:46:08,,,,,en,en,en,"Anderson_Township,_Madison_County,_Indiana"
entity,en,Andra_(cantant),Andra (cantant),Andra (singing),Other (cantant),Andra (singer),0.9,0.0,0.8276,0.0,0.0,0.0,0.0,Andra (singing),Andra (singing),mt_vote_revoted_gte_langfilter,2026-03-19T13:40:58,0.9097506999969482,,0.8490434885025024,nllb,mg,en,sv,Andra_(singing)
entity,en,Andreas_Voßkuhle,Andreas Voßkuhle,Andreas Voßkuhle was born,Andreas Voßkuhle,Andreas Voßkuhle,0.9,0.0,0.0,1.0,0.0,0.0,1.0,Andreas Voßkuhle,Andreas Voßkuhle,mt_vote_revoted_gte_langfilter,2026-03-19T13:40:58,,1.0,1.0,salamandra,en,de,de,Andreas_Voßkuhle
entity,en,Andreea_Bălan,Andreea Bălan,Andreea Bălan,Andreea Bălan,Andreea Bălan,0.9,1.0,1.0,1.0,1.0,1.0,1.0,Andreea Bălan,Andreea Bălan,mt_vote_revoted_gte_langfilter,2026-03-19T13:40:58,0.9999999403953552,0.9999999403953552,0.9999999403953552,nllb,ro,ro,ro,Andreea_Bălan
entity,en,Andreu_apòstol,Andreu apòstol,Andrew the Apostle,Andrew the Apostle,Andrew the Apostle,0.9,1.0,1.0,1.0,1.0,1.0,1.0,Andrew the Apostle,Andrew the Apostle,mt_vote,2026-03-19T12:46:10,,,,,en,en,en,Andrew_the_Apostle
entity,en,Andrew_Mitchell,Andrew Mitchell,Andrew Mitchell,Andrew Mitchell,Andrew Mitchell,0.9,1.0,1.0,1.0,1.0,1.0,1.0,Andrew Mitchell,Andrew Mitchell,mt_vote_revoted_gte_langfilter,2026-03-19T13:40:58,1.0000001192092896,1.0000001192092896,1.0000001192092896,nllb,de,de,de,Andrew_Mitchell
entity,en,Andrew_Rayel,Andrew Rayel,Andrew Rayel,Andrew Rayel,Andrew Rayel,0.9,1.0,1.0,1.0,1.0,1.0,1.0,Andrew Rayel,Andrew Rayel,mt_vote,2026-03-19T12:46:10,,,,,en,en,en,Andrew_Rayel
entity,en,Andrew_White_(músic),Andrew White (músic),Andrew White (musician),Andrew White (music),Andrew White (musician),0.9,0.9302,1.0,0.9302,1.0,1.0,1.0,Andrew White (musician),Andrew White (musician),mt_vote,2026-03-19T12:46:11,,,,,en,en,en,Andrew_White_(musician)
entity,en,"Andrews,_Texas","Andrews, Texas","Andrews, Texas","Andrews, Texas","Andrews, Texas",0.9,1.0,1.0,1.0,1.0,1.0,1.0,"Andrews, Texas","Andrews, Texas",mt_vote_revoted_gte_langfilter,2026-03-19T13:40:58,1.0,1.0,1.0,nllb,da,da,da,"Andrews,_Texas"
entity,en,Andrzej_Piotr_Ruszczyński,Andrzej Piotr Ruszczyński,Andrzej Piotr Ruszczyński was born,Andrzej Piotr Ruszczyński,Andrzej Piotr Ruszczyński,0.9,0.8475,0.8475,1.0,0.0,0.0,1.0,Andrzej Piotr Ruszczyński,Andrzej Piotr Ruszczyński,mt_vote_revoted_gte_langfilter,2026-03-19T13:40:58,0.9608527421951294,1.0000001192092896,1.0000001192092896,salamandra,pl,pl,pl,Andrzej_Piotr_Ruszczyński
entity,en,Andy_Warhol's_Velvet_Underground_Featuring_Nico,Andy Warhol's Velvet Underground Featuring Nico,Andy Warhol's Velvet Underground featuring Nico,Andy Warhol's Velvet Underground Featuring Nico,Andy Warhol's Velvet Underground Featuring Nico,0.9,1.0,1.0,1.0,1.0,1.0,1.0,Andy Warhol's Velvet Underground featuring Nico,Andy Warhol's Velvet Underground featuring Nico,mt_vote,2026-03-19T12:46:12,,,,,en,en,en,Andy_Warhol's_Velvet_Underground_featuring_Nico
entity,en,Anell_de_foc_II,Anell de foc II,Ring of Fire II,Ring of Fire II,Ring of Fire II,0.9,1.0,1.0,1.0,1.0,1.0,1.0,Ring of Fire II,Ring of Fire II,mt_vote,2026-03-19T12:46:13,,,,,en,en,en,Ring_of_Fire_II
entity,en,Angela_Merkel,Angela Merkel,This is Angela Merkel.,Angela Merkel,Angela Merkel,0.9,0.0,0.0,1.0,0.0,0.0,1.0,Angela Merkel,Angela Merkel,mt_vote_revoted_gte_langfilter,2026-03-19T13:40:58,,1.0000001192092896,1.0000001192092896,salamandra,en,id,id,Angela_Merkel
entity,en,Anglaterra,Anglaterra,England,England,England,0.9,1.0,1.0,1.0,1.0,1.0,1.0,England,England,mt_vote,2026-03-19T12:46:13,,,,,en,en,en,England
entity,en,Angola,Angola,Angola,Angola 0.01 0.01 0.01 0.01 0.01 0.01 0.01 0.01 0.01 0.01 0.01 0.01 0.01 0.01 0.01 0.01 0.01 0.01 0.01,Angola,0.9,0.1121,1.0,0.1121,0.0,1.0,0.0,Angola,Angola,mt_vote_revoted_gte_langfilter,2026-03-19T13:40:58,1.0,0.7906937599182129,1.0,salamandra,it,it,it,Angola
entity,en,"Angola,_Indiana","Angola, Indiana","Angola, Indiana","Angola, Indiana","Angola, Indiana",0.9,1.0,1.0,1.0,1.0,1.0,1.0,"Angola, Indiana","Angola, Indiana",mt_vote_revoted_gte_langfilter,2026-03-19T13:40:58,1.0,1.0,1.0,nllb,it,it,it,"Angola,_Indiana"
entity,en,Ankara,Ankara,Ankara,Ankara,Ankara,0.9,1.0,1.0,1.0,1.0,1.0,1.0,Ankara,Ankara,mt_vote,2026-03-19T12:46:16,,,,,en,en,en,Ankara
entity,en,"Ann_Arbor,_Michigan","Ann Arbor, Michigan","Ann Arbor, Michigan","Ann Arbor, MI","Ann Arbor, Michigan",0.9,0.8125,1.0,0.8125,0.0,1.0,0.0,"Ann Arbor, Michigan","Ann Arbor, Michigan",mt_vote_revoted_gte_langfilter,2026-03-19T13:40:58,1.0,0.9716067314147948,1.0,salamandra,de,de,de,"Ann_Arbor,_Michigan"
entity,en,Annibale_de_Gasparis,Annibale de Gasparis,Hannibal of Gasparis,Annibale de Gasparis,Annibale de Gasparis,0.9,0.0,0.0,1.0,0.0,0.0,1.0,Annibale de Gasparis,Annibale de Gasparis,mt_vote_revoted_gte_langfilter,2026-03-19T13:40:58,,1.0,1.0,salamandra,en,ro,ro,Annibale_de_Gasparis
entity,en,Annie_Dunne,Annie Dunne,Annie Dunne,Annie Dunne,Annie Dunne,0.9,1.0,1.0,1.0,1.0,1.0,1.0,Annie Dunne,Annie Dunne,mt_vote_revoted_gte_langfilter,2026-03-19T13:40:58,0.9999999403953552,0.9999999403953552,0.9999999403953552,nllb,nl,nl,nl,Annie_Dunne
entity,en,Antares_(coet),Antares (coet),Antares (rocket),Antares (coet),Antares (rocket),0.9,0.0,0.0,0.0,0.0,0.0,0.0,Antares (coet),Antares (coet),mt_vote_revoted_gte_langfilter,2026-03-19T13:40:58,,0.9999999403953552,,madlad,en,nl,en,Antares_(coet)
entity,en,Anthony_J._Celebrezze,Anthony J. Celebrezze,This is Anthony J. Celebrezze,Anthony J. photos,Anthony J. Celebrezze,0.9,0.0,0.0,0.5789,0.0,0.0,0.0,Anthony J. Celebrezze,Anthony J. Celebrezze,mt_vote_revoted_gte_langfilter,2026-03-19T13:40:58,,0.7877213954925537,1.0000001192092896,salamandra,en,pl,it,Anthony_J._Celebrezze
entity,en,Antigua_Guatemala_Fútbol_Club,Antigua Guatemala Fútbol Club,"Antigua Guatemala Fútbol Club is a Spanish football club based in Antigua, Guatemala.",Antigua Guatemala FC,Antigua Guatemala Fútbol Club,0.9,0.0,0.0,0.8163,0.0,0.0,0.0,Antigua Guatemala Fútbol Club,Antigua Guatemala Fútbol Club,mt_vote_revoted_gte_langfilter,2026-03-19T13:40:58,,0.9828222990036012,1.0,salamandra,en,eo,fo,Antigua_Guatemala_Fútbol_Club
entity,en,Antium,Antium,Antium,Antium,Antium,0.9,1.0,1.0,1.0,1.0,1.0,1.0,Antium,Antium,mt_vote,2026-03-19T12:46:18,,,,,en,en,en,Antium
entity,en,"Antiòquia,_Califòrnia","Antiòquia, Califòrnia","Antioch, California","Antioch, California","Antioch, California",0.9,1.0,1.0,1.0,1.0,1.0,1.0,"Antioch, California","Antioch, California",mt_vote_revoted_gte_langfilter,2026-03-19T13:40:58,0.8635561466217041,0.8635561466217041,0.8635561466217041,nllb,sv,sv,sv,"Antioch,_California"
entity,en,Antonis_Milionis,Antonis Milionis,Antonis Milionis was born,Antonis Milionis,Antonis Milionis,0.9,0.0,0.0,1.0,0.0,0.0,1.0,Antonis Milionis,Antonis Milionis,mt_vote_revoted_gte_langfilter,2026-03-19T13:40:58,,1.0,1.0,salamandra,en,lt,lt,Antonis_Milionis
entity,en,Antonis_Samaràs,Antonis Samaràs,Antonis Samaras,Antonis Samaràs,Antonis Samaras,0.9,0.9333,1.0,0.9333,1.0,1.0,1.0,Antonis Samaràs,Antonis Samaràs,mt_vote_revoted_gte_langfilter,2026-03-19T13:40:58,0.9213733673095704,1.0,0.9213733673095704,madlad,lt,fr,lt,Antonis_Samaràs
entity,en,Anvers,Anvers,The city of Antwerp,Antwerp,Antwerp,0.9,0.0,0.0,1.0,0.0,0.0,1.0,Antwerp,Antwerp,mt_vote_revoted_gte_langfilter,2026-03-19T13:40:58,,0.6885758638381958,0.6885758638381958,salamandra,en,de,de,Antwerp
entity,en,Anwar_Zaheer_Jamali,Anwar Zaheer Jamali,Anwar Zaheer Jamali,Anwar Zaheer Jamali,Anwar Zaheer Jamali,0.9,1.0,1.0,1.0,1.0,1.0,1.0,Anwar Zaheer Jamali,Anwar Zaheer Jamali,mt_vote,2026-03-19T12:46:20,,,,,en,en,en,Anwar_Zaheer_Jamali
entity,en,Any_sense_llum,Any sense llum,A year without light,Year Without Light,A Year Without Light,0.9,0.9474,1.0,0.9474,1.0,1.0,1.0,A year without light,A year without light,mt_vote,2026-03-19T12:46:20,,,,,en,en,en,A_year_without_light
entity,en,Anyang_Halla,Anyang Halla,Anyang Halla,Anyang Halla,Anyang Halla,0.9,1.0,1.0,1.0,1.0,1.0,1.0,Anyang Halla,Anyang Halla,mt_vote_revoted_gte_langfilter,2026-03-19T13:40:58,1.0,1.0,1.0,nllb,id,id,id,Anyang_Halla
entity,en,Anži_Makhatxkalà,Anži Makhatxkalà,Anzi Makhatchkala,Anzhi Makhachkala,Anži Makhachkala,0.9,0.9412,0.9091,0.9091,1.0,1.0,1.0,Anži Makhachkala,Anži Makhachkala,mt_vote_revoted_gte_langfilter,2026-03-19T13:40:58,0.8942941427230835,0.786262035369873,0.9423007965087892,salamandra,zu,ms,hr,Anži_Makhachkala
entity,en,Apiaceae,Apiaceae,Apiaceae,Apiaceae,Apiaceae,0.9,1.0,1.0,1.0,1.0,1.0,1.0,Apiaceae,Apiaceae,mt_vote_revoted_gte_langfilter,2026-03-19T13:40:58,1.0000001192092896,1.0000001192092896,1.0000001192092896,nllb,es,es,es,Apiaceae
entity,en,Apium,Apium,The Apium,Apium,Apium,0.9,0.7143,0.7143,1.0,0.0,0.0,1.0,Apium,Apium,mt_vote,2026-03-19T12:46:22,,,,,en,en,en,Apium
entity,en,Aplicacions_mòbils,Aplicacions mòbils,Mobile apps,Mobile Applications,Mobile applications,0.9,0.0,0.0,0.0,0.0,0.0,0.0,Mobile apps,Mobile apps,mt_vote_revoted_gte_langfilter,2026-03-19T13:40:58,0.8962239623069763,,,nllb,it,en,en,Mobile_apps
entity,en,Apollo_11,Apollo 11,The Apollo 11,Apollo 11,Apollo 11,0.9,0.0,0.0,1.0,0.0,0.0,1.0,Apollo 11,Apollo 11,mt_vote_revoted_gte_langfilter,2026-03-19T13:40:58,,1.0000001192092896,1.0000001192092896,salamandra,en,it,it,Apollo_11
entity,en,Apollo_12,Apollo 12,The Apollo 12,Apollo 12,Apollo 12,0.9,0.0,0.0,1.0,0.0,0.0,1.0,Apollo 12,Apollo 12,mt_vote_revoted_gte_langfilter,2026-03-19T13:40:58,,1.0000001192092896,1.0000001192092896,salamandra,en,it,it,Apollo_12
entity,en,Apollo_14,Apollo 14,The Apollo 14,Apollo 14,Apollo 14,0.9,0.0,0.0,1.0,0.0,0.0,1.0,Apollo 14,Apollo 14,mt_vote_revoted_gte_langfilter,2026-03-19T13:40:58,,1.0,1.0,salamandra,en,it,it,Apollo_14
entity,en,Apollo_8,Apollo 8,Apollo 8,Apollo 8,Apollo 8,0.9,1.0,1.0,1.0,1.0,1.0,1.0,Apollo 8,Apollo 8,mt_vote_revoted_gte_langfilter,2026-03-19T13:40:58,1.0000001192092896,1.0000001192092896,1.0000001192092896,nllb,it,it,it,Apollo_8
entity,en,"Appleton,_Wisconsin","Appleton, Wisconsin","This is Appleton, Wisconsin.","Appleton, WI","Appleton, Wisconsin",0.9,0.6,0.8085,0.7742,0.0,0.0,0.0,"Appleton, Wisconsin","Appleton, Wisconsin",mt_vote,2026-03-19T12:46:23,,,,,en,en,en,"Appleton,_Wisconsin"
entity,en,April_O'Neil,April O'Neil,April O'Neil,April O'Neil,April O'Neil,0.9,1.0,1.0,1.0,1.0,1.0,1.0,April O'Neil,April O'Neil,mt_vote_revoted_gte_langfilter,2026-03-19T13:40:58,1.0,1.0,1.0,nllb,de,de,de,April_O'Neil
entity,en,Aquest_serà_el_meu_any,Aquest serà el meu any,This is gonna be my year.,This will be my year,This will be my year,0.9,0.7556,0.7556,1.0,0.0,0.0,1.0,This will be my year,This will be my year,mt_vote,2026-03-19T12:46:25,,,,,en,en,en,This_will_be_my_year
entity,en,Aquilino_L._Pimentel,Aquilino L. Pimentel,Aquilino L. Peppered,Aquilino L. Pimentel,Aquilino L. Pimentel,0.9,0.75,0.75,1.0,0.0,0.0,1.0,Aquilino L. Pimentel,Aquilino L. Pimentel,mt_vote_revoted_gte_langfilter,2026-03-19T13:40:58,0.8672930598258972,1.000000238418579,1.000000238418579,salamandra,ca,ca,ca,Aquilino_L._Pimentel
entity,en,Ara_Madrid,Ara Madrid,Now Madrid,Ara Madrid,Ahora Madrid,0.9,0.0,0.0,0.0,0.0,0.0,0.0,Ahora Madrid,Ahora Madrid,mt_vote_revoted_gte_langfilter,2026-03-19T13:40:58,,,0.895368218421936,salamandra,en,en,es,Ahora_Madrid
entity,en,Arapiraca,Arapiraca,Arapiraca,Arapiraca,Arapiraca,0.9,1.0,1.0,1.0,1.0,1.0,1.0,Arapiraca,Arapiraca,mt_vote,2026-03-19T12:46:27,,,,,en,en,en,Arapiraca
entity,en,Arctech_Estació_Naval_d'Helsinki,Arctech Estació Naval d'Helsinki,"Arctech Helsinki Naval Station is located in Helsinki, Finland.",Arctech Helsinki Naval Station,Arctech Helsinki Naval Station,0.9,0.6452,0.6452,1.0,0.0,0.0,1.0,Arctech Helsinki Naval Station,Arctech Helsinki Naval Station,mt_vote,2026-03-19T12:46:28,,,,,en,en,en,Arctech_Helsinki_Naval_Station
entity,en,Arem-arem,Arem-arem,We'll see,Arem-arem,Arem-aram,0.9,0.2222,0.1111,0.8889,0.0,0.0,0.0,Arem-arem,Arem-arem,mt_vote,2026-03-19T12:46:29,,,,,en,en,en,Arem-arem
entity,en,Arenas_de_Weymouth,Arenas de Weymouth,Sands of Weymouth,Sands of Weymouth,Weymouth Sands,0.9,1.0,0.5161,0.5161,1.0,0.0,0.0,Sands of Weymouth,Sands of Weymouth,mt_vote,2026-03-19T12:46:29,,,,,en,en,en,Sands_of_Weymouth
entity,en,Arese,Arese,Get out of here.,Arese,Arese,0.9,0.1905,0.1905,1.0,0.0,0.0,1.0,Arese,Arese,mt_vote,2026-03-19T12:46:30,,,,,en,en,en,Arese
entity,en,Argentina,Argentina,Argentina,Argentina. 1996,Argentina,0.9,0.75,1.0,0.75,0.0,1.0,0.0,Argentina,Argentina,mt_vote,2026-03-19T12:46:30,,,,,en,en,en,Argentina
entity,en,Ariane_5,Ariane 5,Ariane 5,Ariane 5,Ariane 5,0.9,1.0,1.0,1.0,1.0,1.0,1.0,Ariane 5,Ariane 5,mt_vote_revoted_gte_langfilter,2026-03-19T13:40:58,0.9999999403953552,0.9999999403953552,0.9999999403953552,nllb,pl,pl,pl,Ariane_5
entity,en,Arianespace,Arianespace,Arianespace,Arianespace,Arianespace,0.9,1.0,1.0,1.0,1.0,1.0,1.0,Arianespace,Arianespace,mt_vote,2026-03-19T12:46:31,,,,,en,en,en,Arianespace
entity,en,Arifin_Zakaria,Arifin Zakaria,This is Arifin Zakaria.,Arifin Zakaria,Arifin Zakaria,0.9,0.0,0.0,1.0,0.0,0.0,1.0,Arifin Zakaria,Arifin Zakaria,mt_vote_revoted_gte_langfilter,2026-03-19T13:40:58,,1.000000238418579,1.000000238418579,salamandra,en,pl,pl,Arifin_Zakaria
entity,en,Arion_(personatge_de_còmics),Arion (personatge de còmics),Arion (comic book character),Arion (comic character),Arion (comic character),0.9,0.902,0.902,1.0,1.0,1.0,1.0,Arion (comic character),Arion (comic character),mt_vote,2026-03-19T12:46:33,,,,,en,en,en,Arion_(comic_character)
entity,en,Aristóteles_Sandoval,Aristóteles Sandoval,Aristotle and Sandoval,Aristóteles Sandoval,Aristóteles Sandoval,0.9,0.0,0.0,1.0,0.0,0.0,1.0,Aristóteles Sandoval,Aristóteles Sandoval,mt_vote_revoted_gte_langfilter,2026-03-19T13:40:58,,1.0000001192092896,1.0000001192092896,salamandra,en,hu,hu,Aristóteles_Sandoval
entity,en,"Arlington,_Texas","Arlington, Texas","Arlington, Texas","Arlington, Texas","Arlington, Texas",0.9,1.0,1.0,1.0,1.0,1.0,1.0,"Arlington, Texas","Arlington, Texas",mt_vote,2026-03-19T12:46:34,,,,,en,en,en,"Arlington,_Texas"
entity,en,"Armin_Van_Buuren,_Bobina,_Mark_Sixma,_Jonathan_Mendelsohn,_Christian_Burns,_Jwaydan,_Alexander_Popov,_Jano,_Alexandre_Bergheau,_Jonny_Rose,_Sylvia_Tosun,_Lira_Yin,_Alexandra_Badoi","Armin Van Buuren, Bobina, Mark Sixma, Jonathan Mendelsohn, Christian Burns, Jwaydan, Alexander Popov, Jano, Alexandre Bergheau, Jonny Rose, Sylvia Tosun, Lira Yin, Alexandra Badoi","He is also known for his roles in the television series The Walking Dead, The Walking Dead, The Walking Dead, The Walking Dead, The Walking Dead, The Walking Dead, The Walking Dead, The Walking Dead, The Walking Dead, The Walking Dead, The Walking Dead, The Walking Dead, The Walking Dead, The Walking Dead, The Walking Dead, The Walking Dead, The Walking","Armin Van Buuren, Bobina, Mark Sixma, Jonathan Mendelsohn, Christian Burns, Jwaydan, Alexander Popov, Jano, Alexandre Bergheau, Jonny Rose, Sylvia Tosun, Lira Yin, Alexandra Badoi","Armin Van Buuren, Bobina, Mark Sixma, Jonathan Mendelsohn, Christian Burns, Jwaydan, Alexander Popov, Jano, Alexandre Bergheau, Jonny Rose, Sylvia Tosun, Lira Yin, Alexandra Badoi",0.9,0.0,0.0,1.0,0.0,0.0,1.0,"Armin Van Buuren, Bobina, Mark Sixma, Jonathan Mendelsohn, Christian Burns, Jwaydan, Alexander Popov, Jano, Alexandre Bergheau, Jonny Rose, Sylvia Tosun, Lira Yin, Alexandra Badoi","Armin Van Buuren, Bobina, Mark Sixma, Jonathan Mendelsohn, Christian Burns, Jwaydan, Alexander Popov, Jano, Alexandre Bergheau, Jonny Rose, Sylvia Tosun, Lira Yin, Alexandra Badoi",mt_vote_revoted_gte_langfilter,2026-03-19T13:40:58,,1.0,1.0,salamandra,en,no,no,"Armin_Van_Buuren,_Bobina,_Mark_Sixma,_Jonathan_Mendelsohn,_Christian_Burns,_Jwaydan,_Alexander_Popov,_Jano,_Alexandre_Bergheau,_Jonny_Rose,_Sylvia_Tosun,_Lira_Yin,_Alexandra_Badoi"
entity,en,Armin_van_Buuren,Armin van Buuren,This is Armin van Buuren.,Armin van Buuren,Armin van Buuren,0.9,0.7805,0.7805,1.0,0.0,0.0,1.0,Armin van Buuren,Armin van Buuren,mt_vote_revoted_gte_langfilter,2026-03-19T13:40:58,0.90104341506958,1.0,1.0,salamandra,nl,nl,nl,Armin_van_Buuren
entity,en,Arquitectura_Tudor_Revival,Arquitectura Tudor Revival,Tudor Revival architecture,Tudor revival architecture,Tudor Revival Architecture,0.9,1.0,1.0,1.0,1.0,1.0,1.0,Tudor Revival architecture,Tudor Revival architecture,mt_vote_revoted_gte_langfilter,2026-03-19T13:40:58,0.9008803367614746,0.889070987701416,0.8959904909133911,nllb,es,es,es,Tudor_Revival_architecture
entity,en,Arròs_blanc,Arròs blanc,White rice,White Rice,White rice,0.9,1.0,1.0,1.0,1.0,1.0,1.0,White rice,White rice,mt_vote,2026-03-19T12:46:42,,,,,en,en,en,White_rice
entity,en,"Arròs_blanc,_sèpia_o_calamar,_tinta_de_cefalòpode,_pebrots_cubanelle","Arròs blanc, sèpia o calamar, tinta de cefalòpode, pebrots cubanelle","White rice, cuttlefish or squid, cephalopod dye, Cubanelle peppers","White rice, sepia or squid, cephalopod ink, cubanelle peppers","White rice, cuttlefish or squid, cephalopod ink, cubanelle peppers",0.9,0.0,0.0,0.0,0.0,0.0,0.0,"White rice, cuttlefish or squid, cephalopod dye, Cubanelle peppers","White rice, cuttlefish or squid, cephalopod dye, Cubanelle peppers",mt_vote_revoted_gte_langfilter,2026-03-19T13:40:58,0.8501134514808655,,,nllb,it,en,en,"White_rice,_cuttlefish_or_squid,_cephalopod_dye,_Cubanelle_peppers"
entity,en,Arthur_Blank,Arthur Blank,This is Arthur Blank.,Arthur Blank,Arthur Blank,0.9,0.7273,0.7273,1.0,0.0,0.0,1.0,Arthur Blank,Arthur Blank,mt_vote,2026-03-19T12:46:45,,,,,en,en,en,Arthur_Blank
entity,en,Arts_and_Crafts,Arts and Crafts,Arts and Crafts,Arts and Crafts,Arts and Crafts,0.9,1.0,1.0,1.0,1.0,1.0,1.0,Arts and Crafts,Arts and Crafts,mt_vote,2026-03-19T12:46:46,,,,,en,en,en,Arts_and_Crafts
entity,en,Arts_and_Crafts_Movement_i_American_craftsman_Bungalows,Arts and Crafts Movement i American craftsman Bungalows,Arts and Crafts Movement and American craftsman Bungalows,Arts and Crafts Movement and American craftsman Bungalows,Arts and Crafts Movement and American Craftsman Bungalows,0.9,1.0,1.0,1.0,1.0,1.0,1.0,Arts and Crafts Movement and American craftsman Bungalows,Arts and Crafts Movement and American craftsman Bungalows,mt_vote,2026-03-19T12:46:47,,,,,en,en,en,Arts_and_Crafts_Movement_and_American_craftsman_Bungalows
entity,en,Artur_Rasizade,Artur Rasizade,Artur Rasizade,Artur Rasizade,Artur Rasizade,0.9,1.0,1.0,1.0,1.0,1.0,1.0,Artur Rasizade,Artur Rasizade,mt_vote_revoted_gte_langfilter,2026-03-19T13:40:58,1.0,1.0,1.0,nllb,pt,pt,pt,Artur_Rasizade
entity,en,Artífic_nord-americà,Artífic nord-americà,North American artichoke,American Artificial,American art,0.9,0.6512,0.6667,0.7742,0.0,0.0,0.0,American art,American art,mt_vote,2026-03-19T12:46:49,,,,,en,en,en,American_art
entity,en,Asa_Gigante_'',Asa Gigante '','Wing the Giant',Asa Gigante '',Asa Gigante '',0.9,0.0,0.0,1.0,0.0,0.0,1.0,Asa Gigante '',Asa Gigante '',mt_vote_revoted_gte_langfilter,2026-03-19T13:40:58,,1.0,1.0,salamandra,en,es,es,Asa_Gigante_''
entity,en,Asajaya,Asajaya,Asajaya,Asajaya,Asajaya,0.9,1.0,1.0,1.0,1.0,1.0,1.0,Asajaya,Asajaya,mt_vote,2026-03-19T12:46:50,,,,,en,en,en,Asajaya
entity,en,Asam_pedas,Asam pedas,Asam pedas,Sour pepper,Asam pedas,0.9,0.0,1.0,0.0,0.0,1.0,0.0,Asam pedas,Asam pedas,mt_vote_revoted_gte_langfilter,2026-03-19T13:40:58,1.0,,1.0,salamandra,es,en,es,Asam_pedas
entity,en,Asfalt/Formigó,Asfalt/Formigó,Asphalt and concrete,Asphalt/concrete,Asphalt/Concrete,0.9,0.0,0.0,1.0,0.0,0.0,1.0,Asphalt/Concrete,Asphalt/Concrete,mt_vote_revoted_gte_langfilter,2026-03-19T13:40:58,,0.8162413835525513,0.818449854850769,salamandra,en,de,de,Asphalt/Concrete
entity,en,"Asherton,_Texas","Asherton, Texas","Asherton, Texas","Asherton, Texas","Asherton, Texas",0.9,1.0,1.0,1.0,1.0,1.0,1.0,"Asherton, Texas","Asherton, Texas",mt_vote,2026-03-19T12:46:52,,,,,en,en,en,"Asherton,_Texas"
entity,en,Ashford_Town_(Middlesex)_F.C._(anglès),Ashford Town (Middlesex) F.C. (anglès),Ashford Town (Middlesex) F.C. (English),Ashford Town (Middlesex) F.C.,Ashford Town (Middlesex) F.C. (English),0.9,0.8529,1.0,0.8529,0.0,1.0,0.0,Ashford Town (Middlesex) F.C. (English),Ashford Town (Middlesex) F.C. (English),mt_vote,2026-03-19T12:46:54,,,,,en,en,en,Ashford_Town_(Middlesex)_F.C._(English)
entity,en,"Asilomar_Blvd.,_Pacific_Grove,_Califòrnia","Asilomar Blvd., Pacific Grove, Califòrnia","Asilomar Blvd., Pacific Grove, CA","Asilomar Blvd., Pacific Grove, CA","Asilomar Blvd., Pacific Grove, California",0.9,1.0,0.8919,0.8919,1.0,0.0,0.0,"Asilomar Blvd., Pacific Grove, CA","Asilomar Blvd., Pacific Grove, CA",mt_vote,2026-03-19T12:46:55,,,,,en,en,en,"Asilomar_Blvd.,_Pacific_Grove,_CA"
entity,en,Asilomar_State_Beach,Asilomar State Beach,Asylum State Beach,Asilomar State Beach,Asilomar State Beach,0.9,0.8421,0.8421,1.0,0.0,0.0,1.0,Asilomar State Beach,Asilomar State Beach,mt_vote_revoted_gte_langfilter,2026-03-19T13:40:58,0.8312630653381348,1.0,1.0,salamandra,de,es,es,Asilomar_State_Beach
entity,en,Asiàtic_americà,Asiàtic americà,Asian American,Asian American,Asian American,0.9,1.0,1.0,1.0,1.0,1.0,1.0,Asian American,Asian American,mt_vote,2026-03-19T12:46:56,,,,,en,en,en,Asian_American
entity,en,"Asociación_Cívica,_Social_y_Deportiva_Alianza","Asociación Cívica, Social y Deportiva Alianza","Association Civic, Social and Sports Alliance","Civic, Social and Sports Association Alianza","Alianza Civic, Social and Sports Association",0.9,0.6742,0.764,0.8182,0.0,0.0,0.0,"Alianza Civic, Social and Sports Association","Alianza Civic, Social and Sports Association",mt_vote,2026-03-19T12:46:57,,,,,en,en,en,"Alianza_Civic,_Social_and_Sports_Association"
entity,en,Asociación_Deportiva,Asociación Deportiva,Sports association,Sports association,Sports Association,0.9,1.0,1.0,1.0,1.0,1.0,1.0,Sports association,Sports association,mt_vote,2026-03-19T12:46:58,,,,,en,en,en,Sports_association
entity,en,Asphalt,Asphalt,Asphalt asphalt asphalt asphalt asphalt asphalt asphalt asphalt asphalt asphalt asphalt asphalt asphalt asphalt asphalt asphalt asphalt asphalt asphalt asphalt asphalt asphalt asphalt asphalt asphalt asphalt asphalt asphalt asphalt asphalt asphalt asph,Asphalt,Asphalt,0.9,0.0541,0.0541,1.0,0.0,0.0,1.0,Asphalt,Asphalt,mt_vote_revoted_gte_langfilter,2026-03-19T13:40:58,0.7904638051986694,1.0,1.0,salamandra,de,de,de,Asphalt
entity,en,Assemblea_Estatal_de_Califòrnia,Assemblea Estatal de Califòrnia,California State Assembly,California State Assembly,California State Assembly,0.9,1.0,1.0,1.0,1.0,1.0,1.0,California State Assembly,California State Assembly,mt_vote_revoted_gte_langfilter,2026-03-19T13:40:58,0.9034988284111024,0.9034988284111024,0.9034988284111024,nllb,pl,pl,pl,California_State_Assembly
entity,en,Assemblea_Federal_(Suïssa),Assemblea Federal (Suïssa),Federal Assembly (Switzerland),Federal Assembly (Switzerland),Federal Assembly (Switzerland),0.9,1.0,1.0,1.0,1.0,1.0,1.0,Federal Assembly (Switzerland),Federal Assembly (Switzerland),mt_vote,2026-03-19T12:47:01,,,,,en,en,en,Federal_Assembly_(Switzerland)
entity,en,Assemblea_Legislativa_de_Saskatchewan,Assemblea Legislativa de Saskatchewan,Legislative Assembly of Saskatchewan,Legislative Assembly of Saskatchewan,Saskatchewan Legislative Assembly,0.9,1.0,0.5797,0.5797,1.0,0.0,0.0,Legislative Assembly of Saskatchewan,Legislative Assembly of Saskatchewan,mt_vote,2026-03-19T12:47:02,,,,,en,en,en,Legislative_Assembly_of_Saskatchewan
entity,en,Assemblea_Legislativa_del_Gujarat,Assemblea Legislativa del Gujarat,Gujarat Legislative Assembly,Legislative Assembly of Gujarat,Gujarat Legislative Assembly,0.9,0.0,1.0,0.0,0.0,1.0,0.0,Gujarat Legislative Assembly,Gujarat Legislative Assembly,mt_vote_revoted_gte_langfilter,2026-03-19T13:40:58,0.9415106773376464,,0.9415106773376464,salamandra,id,en,id,Gujarat_Legislative_Assembly
entity,en,Assemblea_Nacional_(Azerbaidjan),Assemblea Nacional (Azerbaidjan),National Assembly (Azerbaijan),National Assembly (Azerbaijan),National Assembly (Azerbaijan),0.9,1.0,1.0,1.0,1.0,1.0,1.0,National Assembly (Azerbaijan),National Assembly (Azerbaijan),mt_vote,2026-03-19T12:47:04,,,,,en,en,en,National_Assembly_(Azerbaijan)
entity,en,Assemblea_Provincial_del_Punjab,Assemblea Provincial del Punjab,Provincial Assembly of Punjab,Punjab Provincial Assembly,Punjab Provincial Assembly,0.9,0.0,0.0,1.0,0.0,0.0,1.0,Punjab Provincial Assembly,Punjab Provincial Assembly,mt_vote_revoted_gte_langfilter,2026-03-19T13:40:58,,0.9298058152198792,0.9298058152198792,salamandra,en,ms,ms,Punjab_Provincial_Assembly
entity,en,Asser_Levy_Place_i_East_23rd_Street,Asser Levy Place i East 23rd Street,Asser Levy Place and East 23rd Street,Asser Levy Place at East 23rd Street,Asser Levy Place and East 23rd Street,0.9,0.9589,1.0,0.9589,1.0,1.0,1.0,Asser Levy Place and East 23rd Street,Asser Levy Place and East 23rd Street,mt_vote,2026-03-19T12:47:06,,,,,en,en,en,Asser_Levy_Place_and_East_23rd_Street
entity,en,Associació_Esportiva,Associació Esportiva,Sports association,Associació Esportiva,Sports Association,0.9,0.0,0.0,0.0,0.0,0.0,0.0,Associació Esportiva,Associació Esportiva,mt_vote_revoted_gte_langfilter,2026-03-19T13:40:58,,1.0,,madlad,en,ca,en,Associació_Esportiva
entity,en,Associació_d'Universitats_Americanes,Associació d'Universitats Americanes,Association of American Universities,Association of American Universities,Association of American Universities,0.9,1.0,1.0,1.0,1.0,1.0,1.0,Association of American Universities,Association of American Universities,mt_vote,2026-03-19T12:47:07,,,,,en,en,en,Association_of_American_Universities
entity,en,Associació_d'Universitats_Europees,Associació d'Universitats Europees,Association of the European Universities,Association of European Universities,Association of European Universities,0.9,0.9474,0.9474,1.0,1.0,1.0,1.0,Association of European Universities,Association of European Universities,mt_vote,2026-03-19T12:47:08,,,,,en,en,en,Association_of_European_Universities
entity,en,Associació_de_MBA,Associació de MBA,Association of MBAs,MBA Association,MBA Association,0.9,0.6471,0.6471,1.0,0.0,0.0,1.0,MBA Association,MBA Association,mt_vote,2026-03-19T12:47:08,,,,,en,en,en,MBA_Association
entity,en,Association_for_Computing_Machinery,Association for Computing Machinery,Association for Computing Machinery,Association for Computing Machinery,Association for Computing Machinery,0.9,1.0,1.0,1.0,1.0,1.0,1.0,Association for Computing Machinery,Association for Computing Machinery,mt_vote,2026-03-19T12:47:09,,,,,en,en,en,Association_for_Computing_Machinery
entity,en,Association_of_Public_and_Land-grant_Universities,Association of Public and Land-grant Universities,Association of Public and Land-grant Universities,Association of Public and Land-grant Universities,Association of Public and Land-grant Universities,0.9,1.0,1.0,1.0,1.0,1.0,1.0,Association of Public and Land-grant Universities,Association of Public and Land-grant Universities,mt_vote,2026-03-19T12:47:10,,,,,en,en,en,Association_of_Public_and_Land-grant_Universities
entity,en,Associazione_Calcio_ChievoVerona_S.r.l.,Associazione Calcio ChievoVerona S.r.l.,Associazione Calcio ChievoVerona S.r.l. is a Spanish football club based in Verona.,Associazione Calcio ChievoVerona S.r.l.,Associazione Calcio ChievoVerona S.r.l.,0.9,0.0,0.0,1.0,0.0,0.0,1.0,Associazione Calcio ChievoVerona S.r.l.,Associazione Calcio ChievoVerona S.r.l.,mt_vote_revoted_gte_langfilter,2026-03-19T13:40:58,,1.0,1.0,salamandra,en,it,it,Associazione_Calcio_ChievoVerona_S.r.l.
entity,en,Associazione_Calcio_Lumezzane_SpA,Associazione Calcio Lumezzane SpA,Associazione Calcio Lumezzane S.p.A. is a Spanish football club.,Associazione Calcio Lumezzane SpA,Associazione Calcio Lumezzane SpA,0.9,0.6804,0.6804,1.0,0.0,0.0,1.0,Associazione Calcio Lumezzane SpA,Associazione Calcio Lumezzane SpA,mt_vote_revoted_gte_langfilter,2026-03-19T13:40:58,0.9356462359428406,1.0,1.0,salamandra,it,it,it,Associazione_Calcio_Lumezzane_SpA
entity,en,Associazione_Sportiva_Gubbio_1910_Srl,Associazione Sportiva Gubbio 1910 Srl,Associazione Sportiva Gubbio 1910 Srl was founded in 1910.,Associazione Sportiva Gubbio 1910 Srl,Associazione Sportiva Gubbio 1910 Srl,0.9,0.0,0.0,1.0,0.0,0.0,1.0,Associazione Sportiva Gubbio 1910 Srl,Associazione Sportiva Gubbio 1910 Srl,mt_vote_revoted_gte_langfilter,2026-03-19T13:40:58,,0.9999999403953552,0.9999999403953552,salamandra,en,it,it,Associazione_Sportiva_Gubbio_1910_Srl
entity,en,Associazione_Sportiva_Roma_S.p.A.,Associazione Sportiva Roma S.p.A.,Associazione Sportiva Roma S.p.A. is a Spanish sports association.,Associazione Sportiva Roma S.p.A.,Associazione Sportiva Roma S.p.A.,0.9,0.0,0.0,1.0,0.0,0.0,1.0,Associazione Sportiva Roma S.p.A.,Associazione Sportiva Roma S.p.A.,mt_vote_revoted_gte_langfilter,2026-03-19T13:40:58,,1.0,1.0,salamandra,en,it,it,Associazione_Sportiva_Roma_S.p.A.
entity,en,Asterix_(personatge_de_còmics),Asterix (personatge de còmics),Asterix (comic book character),Asterix (comic character),Asterix (comic character),0.9,0.9091,0.9091,1.0,1.0,1.0,1.0,Asterix (comic character),Asterix (comic character),mt_vote,2026-03-19T12:47:18,,,,,en,en,en,Asterix_(comic_character)
entity,en,Aston_Martin,Aston Martin,This is Aston Martin.,Aston Martin,Aston Martin,0.9,0.7273,0.7273,1.0,0.0,0.0,1.0,Aston Martin,Aston Martin,mt_vote,2026-03-19T12:47:18,,,,,en,en,en,Aston_Martin
entity,en,Aston_Martin_DBS,Aston Martin DBS,This is the Aston Martin DBS,Aston Martin DBS,Aston Martin DBS,0.9,0.7273,0.7273,1.0,0.0,0.0,1.0,Aston Martin DBS,Aston Martin DBS,mt_vote,2026-03-19T12:47:19,,,,,en,en,en,Aston_Martin_DBS
entity,en,Aston_Martin_RHAM/1,Aston Martin RHAM/1,This is the Aston Martin RHAM/1,Aston Martin RHAM/1,Aston Martin RHAM/1,0.9,0.76,0.76,1.0,0.0,0.0,1.0,Aston Martin RHAM/1,Aston Martin RHAM/1,mt_vote,2026-03-19T12:47:20,,,,,en,en,en,Aston_Martin_RHAM/1
entity,en,Aston_Martin_V8,Aston Martin V8,Aston Martin V8 engine,Aston Martin V8,Aston Martin V8,0.9,0.8108,0.8108,1.0,0.0,0.0,1.0,Aston Martin V8,Aston Martin V8,mt_vote_revoted_gte_langfilter,2026-03-19T13:40:58,0.9192343950271606,1.0,1.0,salamandra,fi,fi,fi,Aston_Martin_V8
entity,en,Aston_Martin_Vantage,Aston Martin Vantage,This is the Aston Martin Vantage.,Aston Martin Vantage,Aston Martin Vantage,0.9,0.7547,0.7547,1.0,0.0,0.0,1.0,Aston Martin Vantage,Aston Martin Vantage,mt_vote,2026-03-19T12:47:21,,,,,en,en,en,Aston_Martin_Vantage
entity,en,Aston_Martin_Virage,Aston Martin Virage,The Aston Martin Virage,Aston Martin V12 Vantage,Aston Martin Virage,0.9,0.0,0.0,0.0,0.0,0.0,0.0,Aston Martin Virage,Aston Martin Virage,mt_vote_revoted_gte_langfilter,2026-03-19T13:40:58,,,1.0,salamandra,en,en,fi,Aston_Martin_Virage
entity,en,Astèrix,Astèrix,This is Asterix.,Asterix,Asterix,0.9,0.6087,0.6087,1.0,0.0,0.0,1.0,Asterix,Asterix,mt_vote,2026-03-19T12:47:22,,,,,en,en,en,Asterix
entity,en,Asunción,Asunción,The city of Asunción,Asunción,Asunción,0.9,0.5714,0.5714,1.0,0.0,0.0,1.0,Asunción,Asunción,mt_vote_revoted_gte_langfilter,2026-03-19T13:40:58,0.8164719343185425,1.0000001192092896,1.0000001192092896,salamandra,es,es,es,Asunción
entity,en,Atalanta_B.C.italià),Atalanta B.C.italià),Atalanta B.C. Italian),Atalanta B.C. (Italian),Atalanta B.C. (Italian),0.9,0.9778,0.9778,1.0,1.0,1.0,1.0,Atalanta B.C. Italian),Atalanta B.C. Italian),mt_vote_revoted_gte_langfilter,2026-03-19T13:40:58,0.9874376058578492,0.9685056209564208,0.9685056209564208,nllb,it,it,it,Atalanta_B.C._Italian)
entity,en,Atenció_sanitària,Atenció sanitària,Health care,Health Care,Health care,0.9,0.0,1.0,0.0,0.0,1.0,0.0,Health care,Health care,mt_vote_revoted_gte_langfilter,2026-03-19T13:40:58,0.81776362657547,,0.81776362657547,salamandra,ro,en,ro,Health_care
entity,en,Athens,Athens,Athens,Athens,Athens,0.9,1.0,1.0,1.0,1.0,1.0,1.0,Athens,Athens,mt_vote_revoted_gte_langfilter,2026-03-19T13:40:58,1.0,1.0,1.0,nllb,de,de,de,Athens
entity,en,Atlanta,Atlanta,Atlanta,Atlanta,Atlanta,0.9,1.0,1.0,1.0,1.0,1.0,1.0,Atlanta,Atlanta,mt_vote,2026-03-19T12:47:24,,,,,en,en,en,Atlanta
entity,en,"Atlanta,_Geòrgia","Atlanta, Geòrgia","Atlanta, Georgia","Atlanta, GA","Atlanta, Georgia",0.9,0.8148,1.0,0.8148,0.0,1.0,0.0,"Atlanta, Georgia","Atlanta, Georgia",mt_vote,2026-03-19T12:47:24,,,,,en,en,en,"Atlanta,_Georgia"
entity,en,Atlanta_Falcons,Atlanta Falcons,The Atlanta Falcons,Atlanta Falcons,Atlanta Falcons,0.9,0.8824,0.8824,1.0,0.0,0.0,1.0,Atlanta Falcons,Atlanta Falcons,mt_vote,2026-03-19T12:47:24,,,,,en,en,en,Atlanta_Falcons
entity,en,"Atlantic_City,_Nova_Jersey","Atlantic City, Nova Jersey","Atlantic City, New Jersey","Atlantic City, NJ","Atlantic City, New Jersey",0.9,0.8095,1.0,0.8095,0.0,1.0,0.0,"Atlantic City, New Jersey","Atlantic City, New Jersey",mt_vote,2026-03-19T12:47:25,,,,,en,en,en,"Atlantic_City,_New_Jersey"
entity,en,Atlas_II,Atlas II,The Atlas II,Atlas II,Atlas II,0.9,0.0,0.0,1.0,0.0,0.0,1.0,Atlas II,Atlas II,mt_vote_revoted_gte_langfilter,2026-03-19T13:40:58,,1.0,1.0,salamandra,en,es,es,Atlas_II
entity,en,Atticausa._kgm,Atticausa. kgm,It's called Atticausa.,Attica,Atticausa. kgm,0.9,0.0,0.0,0.0,0.0,0.0,0.0,Atticausa. kgm,Atticausa. kgm,mt_vote_revoted_gte_langfilter,2026-03-19T13:40:58,,,1.0000001192092896,salamandra,en,en,fi,Atticausa._kgm
entity,en,"Attorney_Felipe_L._Gozon,_FLG","Attorney Felipe L. Gozon, FLG","Advocate Felipe L. Gozon, FLG","Attorney Felipe L. Gozon, FLG","Attorney Felipe L. Gozon, FLG",0.9,0.8276,0.8276,1.0,0.0,0.0,1.0,"Attorney Felipe L. Gozon, FLG","Attorney Felipe L. Gozon, FLG",mt_vote_revoted_gte_langfilter,2026-03-19T13:40:58,0.977516770362854,1.0000001192092896,1.0000001192092896,salamandra,pl,hu,hu,"Attorney_Felipe_L._Gozon,_FLG"
entity,en,"Auburn,_Alabama","Auburn, Alabama","This is Auburn, Alabama.","Auburn, Alabama","Auburn, Alabama",0.9,0.7692,0.7692,1.0,0.0,0.0,1.0,"Auburn, Alabama","Auburn, Alabama",mt_vote,2026-03-19T12:47:26,,,,,en,en,en,"Auburn,_Alabama"
entity,en,"Auburn,_Washington","Auburn, Washington","This is Auburn, Washington.","Auburn, WA","Auburn, Washington",0.9,0.5405,0.8,0.7143,0.0,0.0,0.0,"Auburn, Washington","Auburn, Washington",mt_vote,2026-03-19T12:47:27,,,,,en,en,en,"Auburn,_Washington"
entity,en,Auckland,Auckland,The city of Auckland,Auckland,Auckland,0.9,0.5714,0.5714,1.0,0.0,0.0,1.0,Auckland,Auckland,mt_vote,2026-03-19T12:47:27,,,,,en,en,en,Auckland
entity,en,Audi,Audi,Audi,Audi,Audi,0.9,1.0,1.0,1.0,1.0,1.0,1.0,Audi,Audi,mt_vote,2026-03-19T12:47:27,,,,,en,en,en,Audi
entity,en,Audi_A1,Audi A1,Audi A1,Audi A1,Audi A1,0.9,1.0,1.0,1.0,1.0,1.0,1.0,Audi A1,Audi A1,mt_vote_revoted_gte_langfilter,2026-03-19T13:40:58,1.0,1.0,1.0,nllb,it,it,it,Audi_A1
entity,en,Audi_Brussel,Audi Brussel,Audi Brussels,Audi Brussels,Audi Brussel,0.9,1.0,0.96,0.96,1.0,1.0,1.0,Audi Brussel,Audi Brussel,mt_vote_revoted_gte_langfilter,2026-03-19T13:40:58,0.993580400943756,0.993580400943756,1.0000001192092896,salamandra,it,it,it,Audi_Brussel
entity,en,Audi_e-tron,Audi e-tron,The Audi e-tron,Audi e-tron,Audi e-tron,0.9,0.0,0.0,1.0,0.0,0.0,1.0,Audi e-tron,Audi e-tron,mt_vote_revoted_gte_langfilter,2026-03-19T13:40:58,,1.0000001192092896,1.0000001192092896,salamandra,en,it,it,Audi_e-tron
entity,en,August_Horch,August Horch,August Horch,August Horch,August Horch,0.9,1.0,1.0,1.0,1.0,1.0,1.0,August Horch,August Horch,mt_vote,2026-03-19T12:47:29,,,,,en,en,en,August_Horch
entity,en,Augustus_Welby_Northmore_Pugin,Augustus Welby Northmore Pugin,Augustus Welby Northmore Pugin,Augustus Welby Northmore Pugin,Augustus Welby Northmore Pugin,0.9,1.0,1.0,1.0,1.0,1.0,1.0,Augustus Welby Northmore Pugin,Augustus Welby Northmore Pugin,mt_vote,2026-03-19T12:47:29,,,,,en,en,en,Augustus_Welby_Northmore_Pugin
entity,en,Auron_(personatge_de_còmics),Auron (personatge de còmics),Auron (comic book character),Auron (comic character),Auron (comic character),0.9,0.902,0.902,1.0,1.0,1.0,1.0,Auron (comic character),Auron (comic character),mt_vote,2026-03-19T12:47:30,,,,,en,en,en,Auron_(comic_character)
entity,en,Auràcles,Auràcles,Oracles,Auracles,Auracles,0.9,0.8,0.8,1.0,0.0,0.0,1.0,Auracles,Auracles,mt_vote,2026-03-19T12:47:30,,,,,en,en,en,Auracles
entity,en,"Austin,_Texas","Austin, Texas","Austin, Texas","Austin, Texas","Austin, Texas",0.9,1.0,1.0,1.0,1.0,1.0,1.0,"Austin, Texas","Austin, Texas",mt_vote,2026-03-19T12:47:30,,,,,en,en,en,"Austin,_Texas"
entity,en,Austin_Fernando,Austin Fernando,Austin and Fernando,Austin Fernando,Austin Fernando,0.9,0.8824,0.8824,1.0,0.0,0.0,1.0,Austin Fernando,Austin Fernando,mt_vote,2026-03-19T12:47:31,,,,,en,en,en,Austin_Fernando
entity,en,Australian_Motor_Industries_(anglès),Australian Motor Industries (anglès),Australian Motor Industries (English),Australian Motor Industries,Australian Motor Industries (English),0.9,0.8438,1.0,0.8438,0.0,1.0,0.0,Australian Motor Industries (English),Australian Motor Industries (English),mt_vote_revoted_gte_langfilter,2026-03-19T13:40:58,0.9811123609542848,0.9249496459960938,0.9811123609542848,salamandra,et,et,et,Australian_Motor_Industries_(English)
entity,en,Austràlia,Austràlia,Australia,Australia,Australia,0.9,1.0,1.0,1.0,1.0,1.0,1.0,Australia,Australia,mt_vote,2026-03-19T12:47:31,,,,,en,en,en,Australia
entity,en,Automàtic_de_3_velocitats,Automàtic de 3 velocitats,Automatic with 3 speeds,3-Speed Auto,3-speed automatic,0.9,0.3429,0.45,0.8276,0.0,0.0,0.0,3-speed automatic,3-speed automatic,mt_vote,2026-03-19T12:47:32,,,,,en,en,en,3-speed_automatic
entity,en,Automàtic_de_4_velocitats_(ZF_4HP18Q),Automàtic de 4 velocitats (ZF 4HP18Q),Automatic with 4 speeds (ZF 4HP18Q),4-speed automatic (ZF 4HP18Q),4-speed automatic (ZF 4HP18Q),0.9,0.6562,0.6562,1.0,0.0,0.0,1.0,4-speed automatic (ZF 4HP18Q),4-speed automatic (ZF 4HP18Q),mt_vote,2026-03-19T12:47:33,,,,,en,en,en,4-speed_automatic_(ZF_4HP18Q)
entity,en,Automàtic_de_4_velocitats_(ZF_4HP18QE),Automàtic de 4 velocitats (ZF 4HP18QE),Automatic with four speeds (ZF 4HP18QE),4-speed automatic (ZF 4HP18QE),4-speed automatic (ZF 4HP18QE),0.9,0.6377,0.6377,1.0,0.0,0.0,1.0,4-speed automatic (ZF 4HP18QE),4-speed automatic (ZF 4HP18QE),mt_vote,2026-03-19T12:47:33,,,,,en,en,en,4-speed_automatic_(ZF_4HP18QE)
entity,en,Automòbil,Automòbil,Vehicle,Automobile,Automobile,0.9,0.0,0.0,1.0,0.0,0.0,1.0,Automobile,Automobile,mt_vote_revoted_gte_langfilter,2026-03-19T13:40:58,,0.9074716567993164,0.9074716567993164,salamandra,en,it,it,Automobile
entity,en,Automòbil_de_luxe_de_mida_mitjana_/_executiu,Automòbil de luxe de mida mitjana / executiu,Mid-sized luxury car/executive,Luxury mid-size / executive car,Mid-size/executive luxury car,0.9,0.623,0.6441,0.7333,0.0,0.0,0.0,Mid-size/executive luxury car,Mid-size/executive luxury car,mt_vote,2026-03-19T12:47:34,,,,,en,en,en,Mid-size/executive_luxury_car
entity,en,Autopista_dels_Estats_Units_83,Autopista dels Estats Units 83,U.S. Highway 83,U.S. Highway 83,U.S. Highway 83,0.9,1.0,1.0,1.0,1.0,1.0,1.0,U.S. Highway 83,U.S. Highway 83,mt_vote,2026-03-19T12:47:35,,,,,en,en,en,U.S._Highway_83
entity,en,Autoritat_Portuària_de_Nova_York_i_Nova_Jersey,Autoritat Portuària de Nova York i Nova Jersey,Port Authority of New York and New Jersey,Port Authority of New York and New Jersey,Port Authority of New York and New Jersey,0.9,1.0,1.0,1.0,1.0,1.0,1.0,Port Authority of New York and New Jersey,Port Authority of New York and New Jersey,mt_vote,2026-03-19T12:47:35,,,,,en,en,en,Port_Authority_of_New_York_and_New_Jersey
entity,en,Autoritat_d'Aeroports_de_l'Índia,Autoritat d'Aeroports de l'Índia,Airports Authority of India,Airports Authority of India,Airports Authority of India,0.9,1.0,1.0,1.0,1.0,1.0,1.0,Airports Authority of India,Airports Authority of India,mt_vote,2026-03-19T12:47:35,,,,,en,en,en,Airports_Authority_of_India
entity,en,Autoritat_d'Aviació_Civil_del_Pakistan,Autoritat d'Aviació Civil del Pakistan,Civil Aviation Authority of Pakistan,Civil Aviation Authority of Pakistan,Pakistan Civil Aviation Authority,0.9,0.0,0.0,0.0,0.0,0.0,0.0,Pakistan Civil Aviation Authority,Pakistan Civil Aviation Authority,mt_vote_revoted_gte_langfilter,2026-03-19T13:40:58,,,0.959444522857666,salamandra,en,en,no,Pakistan_Civil_Aviation_Authority
entity,en,Autoritat_d'_Aviació_Civil_de_Nova_Zelanda,Autoritat d' Aviació Civil de Nova Zelanda,Civil Aviation Authority of New Zealand,New Zealand Civil Aviation Authority,New Zealand Civil Aviation Authority,0.9,0.64,0.64,1.0,0.0,0.0,1.0,New Zealand Civil Aviation Authority,New Zealand Civil Aviation Authority,mt_vote,2026-03-19T12:47:36,,,,,en,en,en,New_Zealand_Civil_Aviation_Authority
entity,en,Autoritat_de_Transport_de_South_Jersey,Autoritat de Transport de South Jersey,South Jersey Transit Authority,South Jersey Transportation Authority,South Jersey Transportation Authority,0.9,0.8657,0.8657,1.0,0.0,0.0,1.0,South Jersey Transportation Authority,South Jersey Transportation Authority,mt_vote,2026-03-19T12:47:37,,,,,en,en,en,South_Jersey_Transportation_Authority
entity,en,Autoritat_del_Gran_Londres,Autoritat del Gran Londres,Greater London authority,Greater London Authority,Greater London Authority,0.9,0.0,0.0,0.0,0.0,0.0,0.0,Greater London authority,Greater London authority,mt_vote_revoted_gte_langfilter,2026-03-19T13:40:58,0.8931342959403992,,,nllb,de,en,en,Greater_London_authority
entity,en,Autòdrom_de_Bedford,Autòdrom de Bedford,Bedford racecourse,Bedford Racecourse,Bedford Autodrome,0.9,1.0,0.5714,0.5714,1.0,0.0,0.0,Bedford racecourse,Bedford racecourse,mt_vote,2026-03-19T12:47:37,,,,,en,en,en,Bedford_racecourse
entity,en,Avant-garde_metal,Avant-garde metal,This is avant-garde metal.,Avant-garde metal,Avant-garde metal,0.9,0.0,0.0,1.0,0.0,0.0,1.0,Avant-garde metal,Avant-garde metal,mt_vote_revoted_gte_langfilter,2026-03-19T13:40:58,,1.0,1.0,salamandra,en,de,de,Avant-garde_metal
entity,en,Avanços_de_l'_AIP,Avanços de l' AIP,AIP's advances,AIP Advances,AIP Advances,0.9,0.9231,0.9231,1.0,1.0,1.0,1.0,AIP Advances,AIP Advances,mt_vote,2026-03-19T12:47:38,,,,,en,en,en,AIP_Advances
entity,en,Avinguda_A_(Manhattan),Avinguda A (Manhattan),Avenue A (Manhattan),Avenue A (Manhattan),Avenue A (Manhattan),0.9,1.0,1.0,1.0,1.0,1.0,1.0,Avenue A (Manhattan),Avenue A (Manhattan),mt_vote,2026-03-19T12:47:38,,,,,en,en,en,Avenue_A_(Manhattan)
entity,en,Ayam_penyet,Ayam penyet,Ayam penyet,Chicken curry.,Ayam penyet,0.9,0.0,1.0,0.0,0.0,1.0,0.0,Ayam penyet,Ayam penyet,mt_vote_revoted_gte_langfilter,2026-03-19T13:40:58,1.0,,1.0,salamandra,id,en,id,Ayam_penyet
entity,en,Ayr_United_FC,Ayr United FC,Ayr United FC,Ayr United F.C.,Ayr United FC,0.9,0.9286,1.0,0.9286,1.0,1.0,1.0,Ayr United FC,Ayr United FC,mt_vote,2026-03-19T12:47:39,,,,,en,en,en,Ayr_United_FC
entity,en,Azerbaidjan,Azerbaidjan,The Republic of Azerbaijan,Azerbaijan,Azerbaijan,0.9,0.0,0.0,1.0,0.0,0.0,1.0,Azerbaijan,Azerbaijan,mt_vote_revoted_gte_langfilter,2026-03-19T13:40:58,,0.977041244506836,0.977041244506836,salamandra,en,eu,eu,Azerbaijan
entity,en,Aşgabat,Aşgabat,Ashgabat,Ashgabat,Ashgabat,0.9,1.0,1.0,1.0,1.0,1.0,1.0,Ashgabat,Ashgabat,mt_vote,2026-03-19T12:47:40,,,,,en,en,en,Ashgabat
entity,en,B-Unique_Records,B-Unique Records,B-Unique records,B-Unique Records,B-Unique Records,0.9,1.0,1.0,1.0,1.0,1.0,1.0,B-Unique Records,B-Unique Records,mt_vote_revoted_gte_langfilter,2026-03-19T13:40:58,0.9671984910964966,1.0000001192092896,1.0000001192092896,madlad,fr,fr,fr,B-Unique_Records
entity,en,B.M._Reddy,B.M. Reddy,B.M. Reddy,B.M. Reddy,B.M. Reddy,0.9,1.0,1.0,1.0,1.0,1.0,1.0,B.M. Reddy,B.M. Reddy,mt_vote,2026-03-19T12:47:40,,,,,en,en,en,B.M._Reddy
entity,en,B._V._Doshi,B. V. Doshi,B. V. Doshi,B. V. Doshi,B. V. Doshi,0.9,1.0,1.0,1.0,1.0,1.0,1.0,B. V. Doshi,B. V. Doshi,mt_vote,2026-03-19T12:47:41,,,,,en,en,en,B._V._Doshi
entity,en,B._Zellner,B. Zellner,B. Zellner,B. Zellner,B. Zellner,0.9,1.0,1.0,1.0,1.0,1.0,1.0,B. Zellner,B. Zellner,mt_vote_revoted_gte_langfilter,2026-03-19T13:40:58,1.0,1.0,1.0,nllb,de,de,de,B._Zellner
entity,en,BBC,BBC,BBC,BBC,BBC,0.9,1.0,1.0,1.0,1.0,1.0,1.0,BBC,BBC,mt_vote,2026-03-19T12:47:41,,,,,en,en,en,BBC
entity,en,BBC_Radio,BBC Radio,BBC Radio,BBC Radio,BBC Radio,0.9,1.0,1.0,1.0,1.0,1.0,1.0,BBC Radio,BBC Radio,mt_vote,2026-03-19T12:47:42,,,,,en,en,en,BBC_Radio
entity,en,BLT,BLT,BLT,BLT,BLT,0.9,1.0,1.0,1.0,1.0,1.0,1.0,BLT,BLT,mt_vote,2026-03-19T12:47:42,,,,,en,en,en,BLT
entity,en,Bacon,Bacon,Bacon,Bacon,Bacon,0.9,1.0,1.0,1.0,1.0,1.0,1.0,Bacon,Bacon,mt_vote,2026-03-19T12:47:42,,,,,en,en,en,Bacon
entity,en,"Bacon_butty,_bacon_sarnie,_rasher_sandwich,_bacon_sanger,_piece_'n_bacon,_bacon_cob,_bacon_barm,_bacon_muffin","Bacon butty, bacon sarnie, rasher sandwich, bacon sanger, piece 'n bacon, bacon cob, bacon barm, bacon muffin","Bacon butty, bacon sarnie, rasher sandwich, bacon sanger, piece 'n bacon, bacon cob, bacon barm, bacon muffin. It's also called bacon muffin.","Bacon butty, bacon sarnie, rasher sandwich, bacon sanger, piece 'n bacon, bacon cob, bacon barm, bacon muffin","Bacon butty, bacon sarnie, rasher sandwich, bacon sanger, piece 'n bacon, bacon cob, bacon barm, bacon muffin",0.9,0.0,0.0,1.0,0.0,0.0,1.0,"Bacon butty, bacon sarnie, rasher sandwich, bacon sanger, piece 'n bacon, bacon cob, bacon barm, bacon muffin","Bacon butty, bacon sarnie, rasher sandwich, bacon sanger, piece 'n bacon, bacon cob, bacon barm, bacon muffin",mt_vote_revoted_gte_langfilter,2026-03-19T13:40:58,,1.0,1.0,salamandra,en,it,it,"Bacon_butty,_bacon_sarnie,_rasher_sandwich,_bacon_sanger,_piece_'n_bacon,_bacon_cob,_bacon_barm,_bacon_muffin"
entity,en,Baduy,Baduy,Baduy,Baduy,Baduy,0.9,1.0,1.0,1.0,1.0,1.0,1.0,Baduy,Baduy,mt_vote,2026-03-19T12:47:44,,,,,en,en,en,Baduy
entity,en,Bagdad,Bagdad,Baghdad,Baghdad,Baghdad,0.9,1.0,1.0,1.0,1.0,1.0,1.0,Baghdad,Baghdad,mt_vote_revoted_gte_langfilter,2026-03-19T13:40:58,0.9859035611152648,0.9859035611152648,0.9859035611152648,nllb,es,es,es,Baghdad
entity,en,Bajik,Bajik,Bajik,Bajik,Bajik,0.9,1.0,1.0,1.0,1.0,1.0,1.0,Bajik,Bajik,mt_vote_revoted_gte_langfilter,2026-03-19T13:40:58,1.0000001192092896,1.0000001192092896,1.0000001192092896,nllb,mt,mt,mt,Bajik
entity,en,Baked_Alaska,Baked Alaska,Baked Alaska,Baked Alaska,Baked Alaska,0.9,1.0,1.0,1.0,1.0,1.0,1.0,Baked Alaska,Baked Alaska,mt_vote_revoted_gte_langfilter,2026-03-19T13:40:58,1.0000001192092896,1.0000001192092896,1.0000001192092896,nllb,sv,sv,sv,Baked_Alaska
entity,en,Bakso,Bakso,Bakso,Bakso,Bakso,0.9,1.0,1.0,1.0,1.0,1.0,1.0,Bakso,Bakso,mt_vote_revoted_gte_langfilter,2026-03-19T13:40:58,1.0,1.0,1.0,nllb,et,et,et,Bakso
entity,en,Bakú,Bakú,Baku,Baku,Baku,0.9,1.0,1.0,1.0,1.0,1.0,1.0,Baku,Baku,mt_vote,2026-03-19T12:47:46,,,,,en,en,en,Baku
entity,en,Balder_(personatge_de_còmics),Balder (personatge de còmics),Balder (comic book character),Balder (comic character),Balder (comic character),0.9,0.0,0.0,0.0,0.0,0.0,0.0,Balder (comic book character),Balder (comic book character),mt_vote_revoted_gte_langfilter,2026-03-19T13:40:58,0.932895302772522,,,nllb,eu,en,en,Balder_(comic_book_character)
entity,en,Balder_Odinson,Balder Odinson,Balder Odinson,Balder Odinson,Balder Odinson,0.9,1.0,1.0,1.0,1.0,1.0,1.0,Balder Odinson,Balder Odinson,mt_vote_revoted_gte_langfilter,2026-03-19T13:40:58,1.0000001192092896,1.0000001192092896,1.0000001192092896,nllb,eu,eu,eu,Balder_Odinson
entity,en,Balística_(comicsCharacter),Balística (comicsCharacter),Ballistics (comics),Ballistic (comicsCharacter),Ballistics (comicsCharacter),0.9,0.0,0.8085,0.0,0.0,0.0,0.0,Ballistics (comicsCharacter),Ballistics (comicsCharacter),mt_vote_revoted_gte_langfilter,2026-03-19T13:40:58,0.815488338470459,,0.848511815071106,salamandra,fi,en,fi,Ballistics_(comicsCharacter)
entity,en,Bananamà,Bananamà,Bananas,Bananamà,Bananaman,0.9,0.8,0.0,0.0,0.0,0.0,0.0,Bananamà,Bananamà,mt_vote_revoted_gte_langfilter,2026-03-19T13:40:58,0.7163881659507751,1.0,,madlad,lv,fr,en,Bananamà
entity,en,Bangalore,Bangalore,Bangalore,Bangalore,Bangalore,0.9,1.0,1.0,1.0,1.0,1.0,1.0,Bangalore,Bangalore,mt_vote_revoted_gte_langfilter,2026-03-19T13:40:58,1.0,1.0,1.0,nllb,rw,rw,rw,Bangalore
entity,en,Banjo,Banjo,The Banjo,Banjo,Banjo,0.9,0.0,0.0,1.0,0.0,0.0,1.0,Banjo,Banjo,mt_vote_revoted_gte_langfilter,2026-03-19T13:40:58,,1.0000001192092896,1.0000001192092896,salamandra,en,sl,sl,Banjo
entity,en,Banys_públics_Asser_Levy,Banys públics Asser Levy,Public baths Asser Levy,Public toilets Asser Levy,Asser Levy Public Baths,0.9,0.8333,0.5217,0.4167,0.0,0.0,0.0,Public baths Asser Levy,Public baths Asser Levy,mt_vote,2026-03-19T12:47:48,,,,,en,en,en,Public_baths_Asser_Levy
entity,en,Barack_Obama,Barack Obama,Barack Obama,Barack Obama,Barack Obama,0.9,1.0,1.0,1.0,1.0,1.0,1.0,Barack Obama,Barack Obama,mt_vote,2026-03-19T12:47:49,,,,,en,en,en,Barack_Obama
entity,en,Barisan_Ra'ayat_Jati_Sarawak,Barisan Ra'ayat Jati Sarawak,Barisan Ra'ayat Jati Sarawak,Barisan Ra'ayat Jati Sarawak,Barisan Ra'ayat Jati Sarawak,0.9,1.0,1.0,1.0,1.0,1.0,1.0,Barisan Ra'ayat Jati Sarawak,Barisan Ra'ayat Jati Sarawak,mt_vote_revoted_gte_langfilter,2026-03-19T13:40:58,1.0000001192092896,1.0000001192092896,1.0000001192092896,nllb,tl,tl,tl,Barisan_Ra'ayat_Jati_Sarawak
entity,en,"Barri_xinès,_San_Francisco","Barri xinès, San Francisco","Chinatown, San Francisco","Chinatown, San Francisco","Chinatown, San Francisco",0.9,1.0,1.0,1.0,1.0,1.0,1.0,"Chinatown, San Francisco","Chinatown, San Francisco",mt_vote,2026-03-19T12:47:50,,,,,en,en,en,"Chinatown,_San_Francisco"
entity,en,Barrow_A.F.C.,Barrow A.F.C.,Barrow A.F.C.,Barrow AFC,Barrow A.F.C.,0.9,0.8696,1.0,0.8696,0.0,1.0,0.0,Barrow A.F.C.,Barrow A.F.C.,mt_vote,2026-03-19T12:47:50,,,,,en,en,en,Barrow_A.F.C.
entity,en,Barry_Ferguson,Barry Ferguson,This is Barry Ferguson.,Barry Ferguson,Barry Ferguson,0.9,0.7568,0.7568,1.0,0.0,0.0,1.0,Barry Ferguson,Barry Ferguson,mt_vote,2026-03-19T12:47:51,,,,,en,en,en,Barry_Ferguson
entity,en,Bart_de_Wever,Bart de Wever,Bart of Wever,Bart de Wever,Bart de Wever,0.9,0.0,0.0,1.0,0.0,0.0,1.0,Bart de Wever,Bart de Wever,mt_vote_revoted_gte_langfilter,2026-03-19T13:40:58,,1.0,1.0,salamandra,en,fr,fr,Bart_de_Wever
entity,en,Base_Aèria_Al-Taqaddum,Base Aèria Al-Taqaddum,Al-Taqaddum Air Base,Al-Taqaddum Air Base,Al-Taqaddum Air Base,0.9,1.0,1.0,1.0,1.0,1.0,1.0,Al-Taqaddum Air Base,Al-Taqaddum Air Base,mt_vote_revoted_gte_langfilter,2026-03-19T13:40:58,0.9052153825759888,0.9052153825759888,0.9052153825759888,nllb,mt,mt,mt,Al-Taqaddum_Air_Base
entity,en,Base_de_la_Força_Aèria_de_Vandenberg,Base de la Força Aèria de Vandenberg,Vandenberg air force base,Vandenberg Air Force Base,Vandenberg Air Force Base,0.9,0.0,0.0,1.0,0.0,0.0,1.0,Vandenberg Air Force Base,Vandenberg Air Force Base,mt_vote_revoted_gte_langfilter,2026-03-19T13:40:58,,0.8763874173164368,0.8763874173164368,salamandra,en,de,de,Vandenberg_Air_Force_Base
entity,en,Basil,Basil,Basil,Basil,Basil,0.9,1.0,1.0,1.0,1.0,1.0,1.0,Basil,Basil,mt_vote,2026-03-19T12:47:52,,,,,en,en,en,Basil
entity,en,Basim_Qasim,Basim Qasim,Basim Qasim,Basim Qasim,Basim Qasim,0.9,1.0,1.0,1.0,1.0,1.0,1.0,Basim Qasim,Basim Qasim,mt_vote_revoted_gte_langfilter,2026-03-19T13:40:58,1.0,1.0,1.0,nllb,de,de,de,Basim_Qasim
entity,en,Batagor,Batagor,Batagor,Batagor,Batagor,0.9,1.0,1.0,1.0,1.0,1.0,1.0,Batagor,Batagor,mt_vote,2026-03-19T12:47:53,,,,,en,en,en,Batagor
entity,en,Batak,Batak,Batak language,Batak,Batak,0.9,0.5263,0.5263,1.0,0.0,0.0,1.0,Batak,Batak,mt_vote,2026-03-19T12:47:53,,,,,en,en,en,Batak
entity,en,Batalla_d'Antietam,Batalla d'Antietam,The Battle of Antietam,Battle of Antietam,Battle of Antietam,0.9,0.9,0.9,1.0,1.0,1.0,1.0,Battle of Antietam,Battle of Antietam,mt_vote,2026-03-19T12:47:53,,,,,en,en,en,Battle_of_Antietam
entity,en,Batalla_de_Cold_Harbor,Batalla de Cold Harbor,Battle of Cold Harbor,Battle of Cold Harbor,Battle of Cold Harbor,0.9,1.0,1.0,1.0,1.0,1.0,1.0,Battle of Cold Harbor,Battle of Cold Harbor,mt_vote,2026-03-19T12:47:54,,,,,en,en,en,Battle_of_Cold_Harbor
entity,en,Batalla_de_Mine_Run,Batalla de Mine Run,Battle of Mine Run,Battle of Mine Run,Battle of Mine Run,0.9,1.0,1.0,1.0,1.0,1.0,1.0,Battle of Mine Run,Battle of Mine Run,mt_vote,2026-03-19T12:47:54,,,,,en,en,en,Battle_of_Mine_Run
entity,en,Batalla_de_White_Oak_Swamp,Batalla de White Oak Swamp,Battle of White Oak Swamp,Battle of White Oak Swamp,Battle of White Oak Swamp,0.9,1.0,1.0,1.0,1.0,1.0,1.0,Battle of White Oak Swamp,Battle of White Oak Swamp,mt_vote,2026-03-19T12:47:55,,,,,en,en,en,Battle_of_White_Oak_Swamp
entity,en,Batalla_de_l'església_de_Salem,Batalla de l'església de Salem,Battle of Salem Church,Battle of Salem Church,Battle of Salem's Church,0.9,1.0,0.9565,0.9565,1.0,1.0,1.0,Battle of Salem Church,Battle of Salem Church,mt_vote,2026-03-19T12:47:55,,,,,en,en,en,Battle_of_Salem_Church
entity,en,Batalla_de_la_granja_de_Garnett_i_Golding,Batalla de la granja de Garnett i Golding,Battle of Garnett and Golding's Farm,Battle of Garnett and Golding Farm,Garnett's and Golding's Farm Battle,0.9,0.9714,0.7324,0.6957,1.0,0.0,0.0,Battle of Garnett and Golding's Farm,Battle of Garnett and Golding's Farm,mt_vote,2026-03-19T12:47:56,,,,,en,en,en,Battle_of_Garnett_and_Golding's_Farm
entity,en,Batchoykazakhstan._kgm,Batchoykazakhstan. kgm,Batchoykazakhstan. weight in kg,Batchoy,Batchoykazakhstan. kgm,0.9,0.0,0.0,0.0,0.0,0.0,0.0,Batchoykazakhstan. kgm,Batchoykazakhstan. kgm,mt_vote_revoted_gte_langfilter,2026-03-19T13:40:58,,,1.0,salamandra,en,en,xh,Batchoykazakhstan._kgm
entity,en,Batumi,Batumi,Batumi,Batumi,Batumi,0.9,1.0,1.0,1.0,1.0,1.0,1.0,Batumi,Batumi,mt_vote,2026-03-19T12:47:56,,,,,en,en,en,Batumi
entity,en,Baymax,Baymax,Baymax,Baymax,Baymax,0.9,1.0,1.0,1.0,1.0,1.0,1.0,Baymax,Baymax,mt_vote_revoted_gte_langfilter,2026-03-19T13:40:58,1.0,1.0,1.0,nllb,pl,pl,pl,Baymax
entity,en,Bebi_Dol,Bebi Dol,I drink pain,Bebi Dol,Bebi Dol,0.9,0.3,0.3,1.0,0.0,0.0,1.0,Bebi Dol,Bebi Dol,mt_vote,2026-03-19T12:47:57,,,,,en,en,en,Bebi_Dol
entity,en,Bedfordshire,Bedfordshire,Bedfordshire,Bedfordshire,Bedfordshire,0.9,1.0,1.0,1.0,1.0,1.0,1.0,Bedfordshire,Bedfordshire,mt_vote,2026-03-19T12:47:58,,,,,en,en,en,Bedfordshire
entity,en,Belgaum,Belgaum,Belgaum,Belgaum,Belgaum,0.9,1.0,1.0,1.0,1.0,1.0,1.0,Belgaum,Belgaum,mt_vote,2026-03-19T12:47:58,,,,,en,en,en,Belgaum
entity,en,Belgrad,Belgrad,Belgrade,Belgrade,Belgrade,0.9,1.0,1.0,1.0,1.0,1.0,1.0,Belgrade,Belgrade,mt_vote,2026-03-19T12:47:59,,,,,en,en,en,Belgrade
entity,en,Bella_Center,Bella Center,Bella Center,Bella Center,Bella Center,0.9,1.0,1.0,1.0,1.0,1.0,1.0,Bella Center,Bella Center,mt_vote_revoted_gte_langfilter,2026-03-19T13:40:58,1.0,1.0,1.0,nllb,it,it,it,Bella_Center
entity,en,Ben_Ramsey,Ben Ramsey,Ben Ramsey,Ben Ramsey,Ben Ramsey,0.9,1.0,1.0,1.0,1.0,1.0,1.0,Ben Ramsey,Ben Ramsey,mt_vote,2026-03-19T12:48:00,,,,,en,en,en,Ben_Ramsey
entity,en,Ben_Urich,Ben Urich,Ben Urich,Ben Urich,Ben Urich,0.9,1.0,1.0,1.0,1.0,1.0,1.0,Ben Urich,Ben Urich,mt_vote_revoted_gte_langfilter,2026-03-19T13:40:58,1.0,1.0,1.0,nllb,de,de,de,Ben_Urich
entity,en,Benito_Mussolini,Benito Mussolini,It was Benito Mussolini.,Benito Mussolini,Benito Mussolini,0.9,0.0,0.0,1.0,0.0,0.0,1.0,Benito Mussolini,Benito Mussolini,mt_vote_revoted_gte_langfilter,2026-03-19T13:40:58,,1.0,1.0,salamandra,en,it,it,Benito_Mussolini
entity,en,Benjamin_Urich,Benjamin Urich,It was Benjamin Urich.,Benjamin Urich,Benjamin Urich,0.9,0.0,0.0,1.0,0.0,0.0,1.0,Benjamin Urich,Benjamin Urich,mt_vote_revoted_gte_langfilter,2026-03-19T13:40:58,,1.0,1.0,salamandra,en,hr,hr,Benjamin_Urich
entity,en,Benny_Blanco,Benny Blanco,This is Benny Blanco.,Benny Blanco,Benny Blanco,0.9,0.0,0.0,1.0,0.0,0.0,1.0,Benny Blanco,Benny Blanco,mt_vote_revoted_gte_langfilter,2026-03-19T13:40:58,,1.0,1.0,salamandra,en,de,de,Benny_Blanco
entity,en,Benzina,Benzina,Gasoline,Gasoline,Gasoline,0.9,1.0,1.0,1.0,1.0,1.0,1.0,Gasoline,Gasoline,mt_vote,2026-03-19T12:48:03,,,,,en,en,en,Gasoline
entity,en,Berliner_AK_07,Berliner AK 07,German AK 07,Berliner AK 07,Berliner AK 07,0.9,0.6923,0.6923,1.0,0.0,0.0,1.0,Berliner AK 07,Berliner AK 07,mt_vote,2026-03-19T12:48:04,,,,,en,en,en,Berliner_AK_07
entity,en,Berlusca,Berlusca,Berlusca,Berlusconi,Berlusca,0.9,0.7778,1.0,0.7778,0.0,1.0,0.0,Berlusca,Berlusca,mt_vote,2026-03-19T12:48:04,,,,,en,en,en,Berlusca
entity,en,Berlín,Berlín,Berlin,Berlin,Berlin,0.9,1.0,1.0,1.0,1.0,1.0,1.0,Berlin,Berlin,mt_vote,2026-03-19T12:48:05,,,,,en,en,en,Berlin
entity,en,Bernard_Knowles,Bernard Knowles,Bernard Knowles,Bernard Knowles,Bernard Knowles,0.9,1.0,1.0,1.0,1.0,1.0,1.0,Bernard Knowles,Bernard Knowles,mt_vote,2026-03-19T12:48:05,,,,,en,en,en,Bernard_Knowles
entity,en,"Bethesda,_Maryland","Bethesda, Maryland","Bethesda, Maryland","Bethesda, Maryland","Bethesda, Maryland",0.9,1.0,1.0,1.0,1.0,1.0,1.0,"Bethesda, Maryland","Bethesda, Maryland",mt_vote,2026-03-19T12:48:06,,,,,en,en,en,"Bethesda,_Maryland"
entity,en,"Beverly_Hills,_Califòrnia","Beverly Hills, Califòrnia","Beverly Hills, California","Beverly Hills, CA","Beverly Hills, California",0.9,0.8095,1.0,0.8095,0.0,1.0,0.0,"Beverly Hills, California","Beverly Hills, California",mt_vote,2026-03-19T12:48:07,,,,,en,en,en,"Beverly_Hills,_California"
entity,en,"Bhaji,_bajji","Bhaji, bajji","Bhaji, bajji","Bhaji, bajji","Bhaji, bajji",0.9,1.0,1.0,1.0,1.0,1.0,1.0,"Bhaji, bajji","Bhaji, bajji",mt_vote_revoted_gte_langfilter,2026-03-19T13:40:58,1.0000001192092896,1.0000001192092896,1.0000001192092896,nllb,mt,mt,mt,"Bhaji,_bajji"
entity,en,Bhajji,Bhajji,Bhajji,Bhajji,Bhajji,0.9,1.0,1.0,1.0,1.0,1.0,1.0,Bhajji,Bhajji,mt_vote_revoted_gte_langfilter,2026-03-19T13:40:58,1.0,1.0,1.0,nllb,mt,mt,mt,Bhajji
entity,en,Bhangra_(música),Bhangra (música),Bhangra (music),Bhangra (music) – Wikipedia,Bhangra (music),0.9,0.7143,1.0,0.7143,0.0,1.0,0.0,Bhangra (music),Bhangra (music),mt_vote,2026-03-19T12:48:09,,,,,en,en,en,Bhangra_(music)
entity,en,Bianca_Castafiore,Bianca Castafiore,Bianca Castafiore,Bianca Castafiore,Bianca Castafiore,0.9,1.0,1.0,1.0,1.0,1.0,1.0,Bianca Castafiore,Bianca Castafiore,mt_vote_revoted_gte_langfilter,2026-03-19T13:40:58,1.0,1.0,1.0,nllb,it,it,it,Bianca_Castafiore
entity,en,Bibbo_Bibbowski,Bibbo Bibbowski,This is Bibbo Bibbowski.,Bibbo Bibbowski,Bibbo Bibbowski,0.9,0.0,0.0,1.0,0.0,0.0,1.0,Bibbo Bibbowski,Bibbo Bibbowski,mt_vote_revoted_gte_langfilter,2026-03-19T13:40:58,,1.0,1.0,salamandra,en,cs,cs,Bibbo_Bibbowski
entity,en,Big_12_Conference,Big 12 Conference,Big 12 Conference,Big 12 Conference,Big 12 Conference,0.9,1.0,1.0,1.0,1.0,1.0,1.0,Big 12 Conference,Big 12 Conference,mt_vote_revoted_gte_langfilter,2026-03-19T13:40:58,1.0,1.0,1.0,nllb,de,de,de,Big_12_Conference
entity,en,Big_Hero_6_(pel·lícula),Big Hero 6 (pel·lícula),Big Hero 6 (film),Big Hero 6 (film),Big Hero 6 (movie),0.9,1.0,0.8,0.8,1.0,0.0,0.0,Big Hero 6 (film),Big Hero 6 (film),mt_vote_revoted_gte_langfilter,2026-03-19T13:40:58,0.953386664390564,0.953386664390564,0.9600046873092652,nllb,es,es,es,Big_Hero_6_(film)
entity,en,Bill_Everett,Bill Everett,Bill Everett,Bill Everett,Bill Everett,0.9,1.0,1.0,1.0,1.0,1.0,1.0,Bill Everett,Bill Everett,mt_vote_revoted_gte_langfilter,2026-03-19T13:40:58,1.0000001192092896,1.0000001192092896,1.0000001192092896,nllb,mt,mt,mt,Bill_Everett
entity,en,Bill_Oddie,Bill Oddie,Bill Oddie,Bill Oddie,Bill Oddie,0.9,1.0,1.0,1.0,1.0,1.0,1.0,Bill Oddie,Bill Oddie,mt_vote,2026-03-19T12:48:14,,,,,en,en,en,Bill_Oddie
entity,en,Billy_Iuso,Billy Iuso,Billy Iuso,Billy Iuso,Billy Iuso,0.9,1.0,1.0,1.0,1.0,1.0,1.0,Billy Iuso,Billy Iuso,mt_vote,2026-03-19T12:48:14,,,,,en,en,en,Billy_Iuso
entity,en,Binali_Yıldırım,Binali Yıldırım,Binali Yıldırım,Binali Yıldırım,Binali Yildirim,0.9,1.0,0.8,0.8,1.0,0.0,0.0,Binali Yıldırım,Binali Yıldırım,mt_vote_revoted_gte_langfilter,2026-03-19T13:40:58,1.0,1.0,0.6963587999343872,nllb,tr,tr,it,Binali_Yıldırım
entity,en,Bionico,Bionico,Bionically,Bionico,Bionic,0.9,0.0,0.0,0.9231,0.0,0.0,1.0,Bionico,Bionico,mt_vote_revoted_gte_langfilter,2026-03-19T13:40:58,,1.0,0.827346682548523,madlad,en,it,it,Bionico
entity,en,Bird,Bird,Bird,Bird,Bird,0.9,1.0,1.0,1.0,1.0,1.0,1.0,Bird,Bird,mt_vote,2026-03-19T12:48:16,,,,,en,en,en,Bird
entity,en,Birmingham,Birmingham,Birmingham,Birmingham,Birmingham,0.9,1.0,1.0,1.0,1.0,1.0,1.0,Birmingham,Birmingham,mt_vote,2026-03-19T12:48:16,,,,,en,en,en,Birmingham
entity,en,Blackburn_Rovers,Blackburn Rovers,Played for Blackburn Rovers,Blackburn Rovers F.C.,Blackburn Rovers,0.9,0.6667,0.7442,0.8649,0.0,0.0,0.0,Blackburn Rovers,Blackburn Rovers,mt_vote,2026-03-19T12:48:17,,,,,en,en,en,Blackburn_Rovers
entity,en,Blackpool,Blackpool,Blackpool,Blackpool,Blackpool,0.9,1.0,1.0,1.0,1.0,1.0,1.0,Blackpool,Blackpool,mt_vote,2026-03-19T12:48:17,,,,,en,en,en,Blackpool
entity,en,Blackpool_FC,Blackpool FC,Blackpool FC,Blackpool F.C.,Blackpool FC,0.9,0.9231,1.0,0.9231,1.0,1.0,1.0,Blackpool FC,Blackpool FC,mt_vote,2026-03-19T12:48:18,,,,,en,en,en,Blackpool_FC
entity,en,Blaenau_Ffestiniog,Blaenau Ffestiniog,Blaenau Ffestiniog,Blaenau Ffestiniog,Blaenau Ffestiniog,0.9,1.0,1.0,1.0,1.0,1.0,1.0,Blaenau Ffestiniog,Blaenau Ffestiniog,mt_vote_revoted_gte_langfilter,2026-03-19T13:40:58,1.0000001192092896,1.0000001192092896,1.0000001192092896,nllb,lt,lt,lt,Blaenau_Ffestiniog
entity,en,Blanc_americà,Blanc americà,White American,American White,American White,0.9,0.5714,0.5714,1.0,0.0,0.0,1.0,American White,American White,mt_vote,2026-03-19T12:48:20,,,,,en,en,en,American_White
entity,en,Blanc_sud-africà,Blanc sud-africà,White South African,South African White,White South African,0.9,0.6842,1.0,0.6842,0.0,1.0,0.0,White South African,White South African,mt_vote,2026-03-19T12:48:20,,,,,en,en,en,White_South_African
entity,en,"Blau,_blanc_i_taronja","Blau, blanc i taronja","Blue, white and orange","Blue, White and Orange","Blue, white and orange",0.9,1.0,1.0,1.0,1.0,1.0,1.0,"Blue, white and orange","Blue, white and orange",mt_vote,2026-03-19T12:48:21,,,,,en,en,en,"Blue,_white_and_orange"
entity,en,Blockbuster_(comicsCharacter),Blockbuster (comicsCharacter),Blockbuster (comic book character),Blockbuster (comics Character),Blockbuster (comicsCharacter),0.9,0.0,0.0,0.9831,0.0,0.0,1.0,Blockbuster (comicsCharacter),Blockbuster (comicsCharacter),mt_vote_revoted_gte_langfilter,2026-03-19T13:40:58,,0.996848464012146,1.0,salamandra,en,et,et,Blockbuster_(comicsCharacter)
entity,en,"Bloomington,_Maryland","Bloomington, Maryland","Bloomington, Maryland","Bloomington, Maryland","Bloomington, Maryland",0.9,1.0,1.0,1.0,1.0,1.0,1.0,"Bloomington, Maryland","Bloomington, Maryland",mt_vote,2026-03-19T12:48:23,,,,,en,en,en,"Bloomington,_Maryland"
entity,en,Bloomsbury,Bloomsbury,Bloomsbury,Bloomsbury,Bloomsbury,0.9,1.0,1.0,1.0,1.0,1.0,1.0,Bloomsbury,Bloomsbury,mt_vote,2026-03-19T12:48:23,,,,,en,en,en,Bloomsbury
entity,en,Blue,Blue,Blue,Blue,Blue,0.9,1.0,1.0,1.0,1.0,1.0,1.0,Blue,Blue,mt_vote,2026-03-19T12:48:24,,,,,en,en,en,Blue
entity,en,Bo_Bibbowski,Bo Bibbowski,This is Bo Bibbowski.,Bo Bibbowski,Bo Bibbowski,0.9,0.7273,0.7273,1.0,0.0,0.0,1.0,Bo Bibbowski,Bo Bibbowski,mt_vote,2026-03-19T12:48:24,,,,,en,en,en,Bo_Bibbowski
entity,en,Bob_McNair,Bob McNair,Bob McNair,Bob McNair,Bob McNair,0.9,1.0,1.0,1.0,1.0,1.0,1.0,Bob McNair,Bob McNair,mt_vote,2026-03-19T12:48:25,,,,,en,en,en,Bob_McNair
entity,en,Bobina,Bobina,Coil,Coil,Coil,0.9,1.0,1.0,1.0,1.0,1.0,1.0,Coil,Coil,mt_vote,2026-03-19T12:48:25,,,,,en,en,en,Coil
entity,en,Bodhrán,Bodhrán,Bodhrán,Bodhrán,Bodhrán,0.9,1.0,1.0,1.0,1.0,1.0,1.0,Bodhrán,Bodhrán,mt_vote_revoted_gte_langfilter,2026-03-19T13:40:58,1.000000238418579,1.000000238418579,1.000000238418579,nllb,hu,hu,hu,Bodhrán
entity,en,Boeing_C-17_Globemaster_III,Boeing C-17 Globemaster III,This is a Boeing C-17 Globemaster III.,Boeing C-17 Globemaster III,Boeing C-17 Globemaster III,0.9,0.0,0.0,1.0,0.0,0.0,1.0,Boeing C-17 Globemaster III,Boeing C-17 Globemaster III,mt_vote_revoted_gte_langfilter,2026-03-19T13:40:58,,1.0000001192092896,1.0000001192092896,salamandra,en,de,de,Boeing_C-17_Globemaster_III
entity,en,Bolonya,Bolonya,Bologna,Bologna,Bologna,0.9,1.0,1.0,1.0,1.0,1.0,1.0,Bologna,Bologna,mt_vote,2026-03-19T12:48:28,,,,,en,en,en,Bologna
entity,en,Bolt_(personatge_de_còmics),Bolt (personatge de còmics),Bolt (comic book character),Bolt (comic character),Bolt (comic character),0.9,0.898,0.898,1.0,0.0,0.0,1.0,Bolt (comic character),Bolt (comic character),mt_vote,2026-03-19T12:48:29,,,,,en,en,en,Bolt_(comic_character)
entity,en,Bombai,Bombai,Bombay,Bombay,Bombay,0.9,1.0,1.0,1.0,1.0,1.0,1.0,Bombay,Bombay,mt_vote,2026-03-19T12:48:29,,,,,en,en,en,Bombay
entity,en,Bootleg_Series_Volume_1:_The_Quine_Tapes_(en_anglès).,Bootleg Series Volume 1: The Quine Tapes (en anglès).,Bootleg Series Volume 1: The Quine Tapes (also known as Bootleg Series Volume 1: The Quine Tapes).,Bootleg Series Volume 1: The Quine Tapes.,Bootleg Series Volume 1: The Quine Tapes.,0.9,0.5899,0.5899,1.0,0.0,0.0,1.0,Bootleg Series Volume 1: The Quine Tapes.,Bootleg Series Volume 1: The Quine Tapes.,mt_vote,2026-03-19T12:48:31,,,,,en,en,en,Bootleg_Series_Volume_1:_The_Quine_Tapes.
entity,en,Boris_Johnson,Boris Johnson,Boris Johnson,Boris Johnson,Boris Johnson,0.9,1.0,1.0,1.0,1.0,1.0,1.0,Boris Johnson,Boris Johnson,mt_vote,2026-03-19T12:48:31,,,,,en,en,en,Boris_Johnson
entity,en,Boston,Boston,Boston,Boston,Boston,0.9,1.0,1.0,1.0,1.0,1.0,1.0,Boston,Boston,mt_vote_revoted_gte_langfilter,2026-03-19T13:40:59,1.0,1.0,1.0,nllb,fi,fi,fi,Boston
entity,en,Boston_Bruins,Boston Bruins,Boston Bruins,Boston Bruins,Boston Bruins,0.9,1.0,1.0,1.0,1.0,1.0,1.0,Boston Bruins,Boston Bruins,mt_vote_revoted_gte_langfilter,2026-03-19T13:40:59,1.0,1.0,1.0,nllb,fi,fi,fi,Boston_Bruins
entity,en,Bozo_l'Home_de_Ferro,Bozo l'Home de Ferro,Bozo the Iron Man,Bozo the Iron Man,Bozo the Iron Man,0.9,1.0,1.0,1.0,1.0,1.0,1.0,Bozo the Iron Man,Bozo the Iron Man,mt_vote,2026-03-19T12:48:33,,,,,en,en,en,Bozo_the_Iron_Man
entity,en,Brandon_Carter,Brandon Carter,This is Brandon Carter.,Brandon Carter,Brandon Carter,0.9,0.0,0.0,1.0,0.0,0.0,1.0,Brandon Carter,Brandon Carter,mt_vote_revoted_gte_langfilter,2026-03-19T13:40:59,,0.9999999403953552,0.9999999403953552,salamandra,en,de,de,Brandon_Carter
entity,en,Brandon_Sanderson,Brandon Sanderson,This is Brandon Sanderson.,Brandon Sanderson,Brandon Sanderson,0.9,0.0,0.0,1.0,0.0,0.0,1.0,Brandon Sanderson,Brandon Sanderson,mt_vote_revoted_gte_langfilter,2026-03-19T13:40:59,,1.0,1.0,salamandra,en,sv,sv,Brandon_Sanderson
entity,en,Brandoncanada._kgm,Brandoncanada. kgm,Brandon canada. the pound.,Brandon,Brandoncanada. kgm,0.9,0.0,0.0,0.0,0.0,0.0,0.0,Brandoncanada. kgm,Brandoncanada. kgm,mt_vote_revoted_gte_langfilter,2026-03-19T13:40:59,,,1.0000001192092896,salamandra,en,en,es,Brandoncanada._kgm
entity,en,Brasil,Brasil,Brazil,Brazil. 1996,Brazil,0.9,0.6667,1.0,0.6667,0.0,1.0,0.0,Brazil,Brazil,mt_vote_revoted_gte_langfilter,2026-03-19T13:40:59,0.9828917980194092,0.7999668121337891,0.9828917980194092,salamandra,it,it,it,Brazil
entity,en,Brasil_sub-17,Brasil sub-17,Brazil U-17,Brazil U-17,Brazil U-17,0.9,1.0,1.0,1.0,1.0,1.0,1.0,Brazil U-17,Brazil U-17,mt_vote_revoted_gte_langfilter,2026-03-19T13:40:59,0.9791056513786316,0.9791056513786316,0.9791056513786316,nllb,it,it,it,Brazil_U-17
entity,en,Brasil_sub-20,Brasil sub-20,Brazil U-20,Brazil U-20,Brazil U20,0.9,1.0,0.9524,0.9524,1.0,1.0,1.0,Brazil U-20,Brazil U-20,mt_vote_revoted_gte_langfilter,2026-03-19T13:40:59,0.9586741924285888,0.9586741924285888,0.9532987475395204,nllb,it,it,it,Brazil_U-20
entity,en,Brasília,Brasília,Brazil,Brasília,Brasilia,0.9,0.5714,0.7143,0.875,0.0,0.0,0.0,Brasília,Brasília,mt_vote_revoted_gte_langfilter,2026-03-19T13:40:59,0.8385249376296997,1.0,0.9083618521690368,madlad,it,ga,pt,Brasília
entity,en,Breaz_Valer_Daniel,Breaz Valer Daniel,Breaz Valer and Daniel,Breaz Valer Daniel,Breaz Valer Daniel,0.9,0.0,0.0,1.0,0.0,0.0,1.0,Breaz Valer Daniel,Breaz Valer Daniel,mt_vote_revoted_gte_langfilter,2026-03-19T13:40:59,,1.0,1.0,salamandra,en,pl,pl,Breaz_Valer_Daniel
entity,en,Brentford_FC,Brentford FC,Brentford F.C.,Brentford F.C.,Brentford FC,0.9,1.0,0.9231,0.9231,1.0,1.0,1.0,Brentford F.C.,Brentford F.C.,mt_vote,2026-03-19T12:48:39,,,,,en,en,en,Brentford_F.C.
entity,en,Brian_Kelly_(compositor_i_pianista),Brian Kelly (compositor i pianista),Brian Kelly (composer and pianist),Brian Kelly (composer and pianist),Brian Kelly (composer and pianist),0.9,1.0,1.0,1.0,1.0,1.0,1.0,Brian Kelly (composer and pianist),Brian Kelly (composer and pianist),mt_vote,2026-03-19T12:48:40,,,,,en,en,en,Brian_Kelly_(composer_and_pianist)
entity,en,Brian_Robertson_(trombonista),Brian Robertson (trombonista),Brian Robertson (trombonist) also known as Brian Robertson,Brian Robertson (trombonist),Brian Robertson (trombonist),0.9,0.6512,0.6512,1.0,0.0,0.0,1.0,Brian Robertson (trombonist),Brian Robertson (trombonist),mt_vote,2026-03-19T12:48:41,,,,,en,en,en,Brian_Robertson_(trombonist)
entity,en,Brooklyn,Brooklyn,Brooklyn,Brooklyn,Brooklyn,0.9,1.0,1.0,1.0,1.0,1.0,1.0,Brooklyn,Brooklyn,mt_vote,2026-03-19T12:48:42,,,,,en,en,en,Brooklyn
entity,en,"Brussels,_Bèlgica","Brussels, Bèlgica","Brussels, Belgium","Brussels, Belgium","Brussels, Belgium",0.9,1.0,1.0,1.0,1.0,1.0,1.0,"Brussels, Belgium","Brussels, Belgium",mt_vote_revoted_gte_langfilter,2026-03-19T13:40:59,0.9913281202316284,0.9913281202316284,0.9913281202316284,nllb,it,it,it,"Brussels,_Belgium"
entity,en,Brussel·les,Brussel·les,Brussels,Brussels,Brussels,0.9,1.0,1.0,1.0,1.0,1.0,1.0,Brussels,Brussels,mt_vote,2026-03-19T12:48:43,,,,,en,en,en,Brussels
entity,en,Bryning_Lane,Bryning Lane,Bryning Lane,Bryning Lane,Bryning Lane,0.9,1.0,1.0,1.0,1.0,1.0,1.0,Bryning Lane,Bryning Lane,mt_vote,2026-03-19T12:48:44,,,,,en,en,en,Bryning_Lane
entity,en,Bucarest,Bucarest,Bucharest,Bucharest,Bucharest,0.9,1.0,1.0,1.0,1.0,1.0,1.0,Bucharest,Bucharest,mt_vote,2026-03-19T12:48:44,,,,,en,en,en,Bucharest
entity,en,Budapest,Budapest,Budapest,Budapest,Budapest,0.9,1.0,1.0,1.0,1.0,1.0,1.0,Budapest,Budapest,mt_vote,2026-03-19T12:48:44,,,,,en,en,en,Budapest
entity,en,Buena_Vista_Distribution,Buena Vista Distribution,Produced by Buena Vista Distribution,Buena Vista Distribution,Buena Vista Distribution,0.9,0.8,0.8,1.0,0.0,0.0,1.0,Buena Vista Distribution,Buena Vista Distribution,mt_vote,2026-03-19T12:48:45,,,,,en,en,en,Buena_Vista_Distribution
entity,en,Buenos_Aires,Buenos Aires,The city of Buenos Aires,Buenos Aires,Buenos Aires,0.9,0.0,0.0,1.0,0.0,0.0,1.0,Buenos Aires,Buenos Aires,mt_vote_revoted_gte_langfilter,2026-03-19T13:40:59,,1.0,1.0,salamandra,en,es,es,Buenos_Aires
entity,en,"Buffalo,_Nova_York","Buffalo, Nova York","Buffalo, N.Y.","Buffalo, NY","Buffalo, New York",0.9,0.9167,0.7333,0.7857,1.0,0.0,0.0,"Buffalo, NY","Buffalo, NY",mt_vote_revoted_gte_langfilter,2026-03-19T13:40:59,0.9589109420776368,0.9759679436683656,0.9942768812179564,madlad,de,de,de,"Buffalo,_NY"
entity,en,Buick,Buick,Buick,Buick,Buick,0.9,1.0,1.0,1.0,1.0,1.0,1.0,Buick,Buick,mt_vote,2026-03-19T12:48:47,,,,,en,en,en,Buick
entity,en,Bundelkhand,Bundelkhand,Bundelkhand,Bundelkhand,Bundelkhand,0.9,1.0,1.0,1.0,1.0,1.0,1.0,Bundelkhand,Bundelkhand,mt_vote_revoted_gte_langfilter,2026-03-19T13:40:59,1.0,1.0,1.0,nllb,xh,xh,xh,Bundelkhand
entity,en,"Burbank,_Califòrnia","Burbank, Califòrnia","Burbank, California","Burbank, CA","Burbank, California",0.9,0.7333,1.0,0.7333,0.0,1.0,0.0,"Burbank, California","Burbank, California",mt_vote,2026-03-19T12:48:48,,,,,en,en,en,"Burbank,_California"
entity,en,"Burlington,_Vermont","Burlington, Vermont","This is Burlington, Vermont.","Burlington, VT","Burlington, Vermont",0.9,0.0,0.0,0.0,0.0,0.0,0.0,"Burlington, Vermont","Burlington, Vermont",mt_vote_revoted_gte_langfilter,2026-03-19T13:40:59,,,1.0,salamandra,en,en,de,"Burlington,_Vermont"
entity,en,Bury_FC,Bury FC,Bury FC,Bury F.C.,Bury FC,0.9,0.875,1.0,0.875,0.0,1.0,0.0,Bury FC,Bury FC,mt_vote,2026-03-19T12:48:49,,,,,en,en,en,Bury_FC
entity,en,Buxton,Buxton,Buxton,Buxton,Buxton,0.9,1.0,1.0,1.0,1.0,1.0,1.0,Buxton,Buxton,mt_vote_revoted_gte_langfilter,2026-03-19T13:40:59,1.0,1.0,1.0,nllb,fr,fr,fr,Buxton
entity,en,Buzz_Aldrin,Buzz Aldrin,Buzz Aldrin,Buzz Aldrin,Buzz Aldrin,0.9,1.0,1.0,1.0,1.0,1.0,1.0,Buzz Aldrin,Buzz Aldrin,mt_vote,2026-03-19T12:48:51,,,,,en,en,en,Buzz_Aldrin
entity,en,Byron_Brown,Byron Brown,Byron Brown,Byron Brown,Byron Brown,0.9,1.0,1.0,1.0,1.0,1.0,1.0,Byron Brown,Byron Brown,mt_vote_revoted_gte_langfilter,2026-03-19T13:40:59,1.0000001192092896,1.0000001192092896,1.0000001192092896,nllb,es,es,es,Byron_Brown
entity,en,Bèlgica,Bèlgica,Belgium,Belgium,Belgium,0.9,1.0,1.0,1.0,1.0,1.0,1.0,Belgium,Belgium,mt_vote_revoted_gte_langfilter,2026-03-19T13:40:59,0.9676114320755004,0.9676114320755004,0.9676114320755004,nllb,it,it,it,Belgium
entity,en,C._Woods,C. Woods,C. Woods,C. Woods,C. Woods,0.9,1.0,1.0,1.0,1.0,1.0,1.0,C. Woods,C. Woods,mt_vote,2026-03-19T12:48:52,,,,,en,en,en,C._Woods
entity,en,CD_FAS,CD FAS,CD FAS,CD FAS,CD FAS,0.9,1.0,1.0,1.0,1.0,1.0,1.0,CD FAS,CD FAS,mt_vote,2026-03-19T12:48:53,,,,,en,en,en,CD_FAS
entity,en,CD_Águila,CD Águila,CD by Aguila,CD Águila,CD Águila,0.9,0.0,0.0,1.0,0.0,0.0,1.0,CD Águila,CD Águila,mt_vote_revoted_gte_langfilter,2026-03-19T13:40:59,,1.0,1.0,salamandra,en,hu,hu,CD_Águila
entity,en,CEOConstellation_name_(optional),CEOConstellation name (optional),CEOConstellation name (optional),CEO,CEOConstellation name (optional),0.9,0.0,1.0,0.0,0.0,1.0,0.0,CEOConstellation name (optional),CEOConstellation name (optional),mt_vote_revoted_gte_langfilter,2026-03-19T13:40:59,1.0,,1.0,salamandra,nl,en,nl,CEOConstellation_name_(optional)
entity,en,CRBL,CRBL,C.R.B.L.,CRBL,CRBL,0.9,0.6667,0.6667,1.0,0.0,0.0,1.0,CRBL,CRBL,mt_vote,2026-03-19T12:48:55,,,,,en,en,en,CRBL
entity,en,Calcio_Catania,Calcio Catania,Calcio Catania,Calcio Catania,Calcio Catania,0.9,1.0,1.0,1.0,1.0,1.0,1.0,Calcio Catania,Calcio Catania,mt_vote_revoted_gte_langfilter,2026-03-19T13:40:59,1.0000001192092896,1.0000001192092896,1.0000001192092896,nllb,es,es,es,Calcio_Catania
entity,en,Calent_(acabat_de_fer)_o_fred,Calent (acabat de fer) o fred,Hot (just made) or cold,Hot (freshly frozen) or cold,Hot (freshly made) or cold,0.9,0.6667,0.8163,0.8519,0.0,0.0,0.0,Hot (freshly made) or cold,Hot (freshly made) or cold,mt_vote,2026-03-19T12:48:57,,,,,en,en,en,Hot_(freshly_made)_or_cold
entity,en,Calenta_o_freda,Calenta o freda,Hot or cold,Hot or cold,Hot or cold,0.9,1.0,1.0,1.0,1.0,1.0,1.0,Hot or cold,Hot or cold,mt_vote,2026-03-19T12:48:58,,,,,en,en,en,Hot_or_cold
entity,en,Calibre_44,Calibre 44,It's a .44 caliber.,Calibre 44,44 calibre,0.9,0.0,0.0,0.0,0.0,0.0,0.0,Calibre 44,Calibre 44,mt_vote_revoted_gte_langfilter,2026-03-19T13:40:59,,1.0,,madlad,en,es,en,Calibre_44
entity,en,Califòrnia,Califòrnia,California,California,California,0.9,1.0,1.0,1.0,1.0,1.0,1.0,California,California,mt_vote,2026-03-19T12:48:59,,,,,en,en,en,California
entity,en,Califòrnia_37_(àlbum_de_Train),Califòrnia 37 (àlbum de Train),California 37 (album by Train),California 37 (Train album),California 37 (album by Train),0.9,0.0,0.0,0.0,0.0,0.0,0.0,California 37 (Train album),California 37 (Train album),mt_vote_revoted_gte_langfilter,2026-03-19T13:40:59,,0.9431749582290648,,madlad,en,pl,en,California_37_(Train_album)
entity,en,Cambra_de_Representants_(Països_Baixos),Cambra de Representants (Països Baixos),House of Representatives (Netherlands),House of Representatives (Netherlands),House of Representatives (Netherlands),0.9,1.0,1.0,1.0,1.0,1.0,1.0,House of Representatives (Netherlands),House of Representatives (Netherlands),mt_vote,2026-03-19T12:49:01,,,,,en,en,en,House_of_Representatives_(Netherlands)
entity,en,Cambra_de_Representants_de_Nou_Mèxic,Cambra de Representants de Nou Mèxic,New Mexico House of Representatives,New Mexico House of Representatives,New Mexico House of Representatives,0.9,1.0,1.0,1.0,1.0,1.0,1.0,New Mexico House of Representatives,New Mexico House of Representatives,mt_vote,2026-03-19T12:49:02,,,,,en,en,en,New_Mexico_House_of_Representatives
entity,en,Cambra_de_Representants_dels_Estats_Units,Cambra de Representants dels Estats Units,United States House of Representatives,United States House of Representatives,United States House of Representatives,0.9,1.0,1.0,1.0,1.0,1.0,1.0,United States House of Representatives,United States House of Representatives,mt_vote,2026-03-19T12:49:02,,,,,en,en,en,United_States_House_of_Representatives
entity,en,Cammell_Laird,Cammell Laird,Cammell Laird,Cammell Laird,Cammell Laird,0.9,1.0,1.0,1.0,1.0,1.0,1.0,Cammell Laird,Cammell Laird,mt_vote,2026-03-19T12:49:03,,,,,en,en,en,Cammell_Laird
entity,en,Campanya_d'Àfrica_Oriental_(Segona_Guerra_Mundial),Campanya d'Àfrica Oriental (Segona Guerra Mundial),East African Campaign (World War II),East Africa Campaign (World War II),East African Campaign (World War II),0.9,0.9859,1.0,0.9859,1.0,1.0,1.0,East African Campaign (World War II),East African Campaign (World War II),mt_vote,2026-03-19T12:49:04,,,,,en,en,en,East_African_Campaign_(World_War_II)
entity,en,Campanya_de_la_Península,Campanya de la Península,Campaign of the Peninsula,Peninsula Campaign,Peninsula Campaign,0.9,0.0,0.0,1.0,0.0,0.0,1.0,Peninsula Campaign,Peninsula Campaign,mt_vote_revoted_gte_langfilter,2026-03-19T13:40:59,,0.896806001663208,0.896806001663208,salamandra,en,ms,ms,Peninsula_Campaign
entity,en,Campanya_terrestre,Campanya terrestre,Land Campaign,Ground Campaign,Campaign on Land,0.9,0.0,0.0,0.0,0.0,0.0,0.0,Ground Campaign,Ground Campaign,mt_vote_revoted_gte_langfilter,2026-03-19T13:40:59,,0.8616896867752075,,madlad,en,de,en,Ground_Campaign
entity,en,Campionat_Brasiler_Sèrie_C,Campionat Brasiler Sèrie C,Brazilian championship Série C,Campeonato Brasileiro Série C,Brazilian Championship Series C,0.9,0.5085,0.9508,0.5,0.0,1.0,0.0,Brazilian championship Série C,Brazilian championship Série C,mt_vote_revoted_gte_langfilter,2026-03-19T13:40:59,0.9411139488220216,0.940650761127472,0.8953521251678467,nllb,fr,pt,it,Brazilian_championship_Série_C
entity,en,Campionat_uruguaià_de_futbol,Campionat uruguaià de futbol,Uruguayan football championship,Uruguayan Football Championship,Uruguayan Football Championship,0.9,1.0,1.0,1.0,1.0,1.0,1.0,Uruguayan football championship,Uruguayan football championship,mt_vote,2026-03-19T12:49:07,,,,,en,en,en,Uruguayan_football_championship
entity,en,Canadiens_de_Montréal,Canadiens de Montréal,Montreal Canadiens,Montreal Canadiens,Montreal Canadiens,0.9,1.0,1.0,1.0,1.0,1.0,1.0,Montreal Canadiens,Montreal Canadiens,mt_vote_revoted_gte_langfilter,2026-03-19T13:40:59,0.9236441850662231,0.9236441850662231,0.9236441850662231,nllb,de,de,de,Montreal_Canadiens
entity,en,Canadà,Canadà,Canada,Canada,Canada,0.9,1.0,1.0,1.0,1.0,1.0,1.0,Canada,Canada,mt_vote,2026-03-19T12:49:08,,,,,en,en,en,Canada
entity,en,Canceller_federal_de_Suïssa,Canceller federal de Suïssa,Federal Chancellor of Switzerland,Federal Chancellor of Switzerland,Federal Chancellor of Switzerland,0.9,1.0,1.0,1.0,1.0,1.0,1.0,Federal Chancellor of Switzerland,Federal Chancellor of Switzerland,mt_vote,2026-03-19T12:49:09,,,,,en,en,en,Federal_Chancellor_of_Switzerland
entity,en,Candela_suau,Candela suau,Soft candle,Soft Candle,Soft candle,0.9,1.0,1.0,1.0,1.0,1.0,1.0,Soft candle,Soft candle,mt_vote,2026-03-19T12:49:09,,,,,en,en,en,Soft_candle
entity,en,"Cansalada,_salsitxa.","Cansalada, salsitxa.","The salad, the sausage.","Bacon, sausage.","Bacon, sausage.",0.9,0.0,0.0,1.0,0.0,0.0,1.0,"Bacon, sausage.","Bacon, sausage.",mt_vote_revoted_gte_langfilter,2026-03-19T13:40:59,,0.7119669914245605,0.7119669914245605,salamandra,en,lt,lt,"Bacon,_sausage."
entity,en,"Canyon,_Texas","Canyon, Texas","Canyon, Texas","Canyon, Texas","Canyon, Texas",0.9,1.0,1.0,1.0,1.0,1.0,1.0,"Canyon, Texas","Canyon, Texas",mt_vote,2026-03-19T12:49:11,,,,,en,en,en,"Canyon,_Texas"
entity,en,Cap_al_sud_per_teixits,Cap al sud per teixits,Headed south for tissues,South for fabrics,Towards the south for textiles,0.9,0.5854,0.6296,0.5106,0.0,0.0,0.0,Headed south for tissues,Headed south for tissues,mt_vote,2026-03-19T12:49:12,,,,,en,en,en,Headed_south_for_tissues
entity,en,Cap_de_l'Estat_Major_de_Defensa_(Nigèria),Cap de l'Estat Major de Defensa (Nigèria),Chief of the Defence Staff (Nigeria),Chief of Defence Staff (Nigeria),Chief of Defence Staff (Nigeria),0.9,0.9412,0.9412,1.0,1.0,1.0,1.0,Chief of Defence Staff (Nigeria),Chief of Defence Staff (Nigeria),mt_vote,2026-03-19T12:49:13,,,,,en,en,en,Chief_of_Defence_Staff_(Nigeria)
entity,en,Cap_de_l'Oficina_d'Astronautes,Cap de l'Oficina d'Astronautes,Head of the Astronaut Office,Head of the Astronaut Office,Chief of the Astronaut Office,0.9,1.0,0.9123,0.9123,1.0,1.0,1.0,Head of the Astronaut Office,Head of the Astronaut Office,mt_vote,2026-03-19T12:49:14,,,,,en,en,en,Head_of_the_Astronaut_Office
entity,en,Capitoli_Estatal_de_Califòrnia,Capitoli Estatal de Califòrnia,State Capitol of California,California State Capitol,California State Capitol,0.9,0.0,0.0,1.0,0.0,0.0,1.0,California State Capitol,California State Capitol,mt_vote_revoted_gte_langfilter,2026-03-19T13:40:59,,0.9410719275474548,0.9410719275474548,salamandra,en,pl,pl,California_State_Capitol
entity,en,Capitoli_dels_Estats_Units,Capitoli dels Estats Units,United States Capitol,United States Capitol,United States Capitol,0.9,1.0,1.0,1.0,1.0,1.0,1.0,United States Capitol,United States Capitol,mt_vote,2026-03-19T12:49:15,,,,,en,en,en,United_States_Capitol
entity,en,Caranguejos,Caranguejos,Crabs,Crabs,Crabs,0.9,1.0,1.0,1.0,1.0,1.0,1.0,Crabs,Crabs,mt_vote,2026-03-19T12:49:15,,,,,en,en,en,Crabs
entity,en,Carl_Alvar_Wirtanen,Carl Alvar Wirtanen,This is Carl Alvar Wirtanen,Carl Alvar Wirtanen,Carl Alvar Wirtanen,0.9,0.8261,0.8261,1.0,0.0,0.0,1.0,Carl Alvar Wirtanen,Carl Alvar Wirtanen,mt_vote,2026-03-19T12:49:16,,,,,en,en,en,Carl_Alvar_Wirtanen
entity,en,Carles_Puigdemont_i_Casamajó,Carles Puigdemont i Casamajó,Carles Puigdemont and Casamajó,Carles Puigdemont i Casamajó,Carles Puigdemont i Casamajó,0.9,0.0,0.0,1.0,0.0,0.0,1.0,Carles Puigdemont i Casamajó,Carles Puigdemont i Casamajó,mt_vote_revoted_gte_langfilter,2026-03-19T13:40:59,,1.0,1.0,salamandra,en,ca,ca,Carles_Puigdemont_i_Casamajó
entity,en,Carlo_Abarth,Carlo Abarth,Carlo Abarth,Carlo Abarth,Carlo Abarth,0.9,1.0,1.0,1.0,1.0,1.0,1.0,Carlo Abarth,Carlo Abarth,mt_vote_revoted_gte_langfilter,2026-03-19T13:40:59,1.0,1.0,1.0,nllb,es,es,es,Carlo_Abarth
entity,en,Carmine_Infantino,Carmine Infantino,Carmine Infantino,Carmine Infantino,Carmine Infantino,0.9,1.0,1.0,1.0,1.0,1.0,1.0,Carmine Infantino,Carmine Infantino,mt_vote_revoted_gte_langfilter,2026-03-19T13:40:59,1.0,1.0,1.0,nllb,it,it,it,Carmine_Infantino
entity,en,"Carn_de_boví_molat,_tapioca,_fideus,_vermicelli_de_arròs,_caldo_de_carn_de_boví,_kailan,_selleri,_verdures_salines,_escalots_frits","Carn de boví molat, tapioca, fideus, vermicelli de arròs, caldo de carn de boví, kailan, selleri, verdures salines, escalots frits","Ground beef, tapioca, noodles, rice vermicelli, beef broth, kalan, celery, salted vegetables and fried shallots","Ground beef, tapioca, noodles, rice vermicelli, beef broth, kailan, celery, salted vegetables, fried scallions","Minced beef, tapioca, noodles, rice vermicelli, beef broth, kailan, celery, salted vegetables, fried shallots",0.9,0.9502,0.9364,0.9406,1.0,1.0,1.0,"Ground beef, tapioca, noodles, rice vermicelli, beef broth, kailan, celery, salted vegetables, fried scallions","Ground beef, tapioca, noodles, rice vermicelli, beef broth, kailan, celery, salted vegetables, fried scallions",mt_vote,2026-03-19T12:49:22,,,,,en,en,en,"Ground_beef,_tapioca,_noodles,_rice_vermicelli,_beef_broth,_kailan,_celery,_salted_vegetables,_fried_scallions"
entity,en,Carn_de_porc,Carn de porc,Pork,Pork,Pork,0.9,1.0,1.0,1.0,1.0,1.0,1.0,Pork,Pork,mt_vote,2026-03-19T12:49:22,,,,,en,en,en,Pork
entity,en,Carn_picada,Carn picada,Minced meat,Minced meat,Minced meat,0.9,1.0,1.0,1.0,1.0,1.0,1.0,Minced meat,Minced meat,mt_vote,2026-03-19T12:49:23,,,,,en,en,en,Minced_meat
entity,en,Carnival_Corporation_&_plc,Carnival Corporation & plc,Carnival Corporation and plc,Carnival Corporation & plc,Carnival Corporation & plc,0.9,0.9259,0.9259,1.0,1.0,1.0,1.0,Carnival Corporation & plc,Carnival Corporation & plc,mt_vote,2026-03-19T12:49:24,,,,,en,en,en,Carnival_Corporation_&_plc
entity,en,Carns_triturades,Carns triturades,Crushed meat,Ground meats,Minced meat,0.9,0.0,0.0,0.0,0.0,0.0,0.0,Ground meats,Ground meats,mt_vote_revoted_gte_langfilter,2026-03-19T13:40:59,,0.8011891841888428,,madlad,en,de,en,Ground_meats
entity,en,Carpi_F.C._1909_(italià),Carpi F.C. 1909 (italià),Carpi F.C. 1909 (Italian),Carpi F.C. 1909 (Italian),Carpi F.C. 1909 (Italian),0.9,1.0,1.0,1.0,1.0,1.0,1.0,Carpi F.C. 1909 (Italian),Carpi F.C. 1909 (Italian),mt_vote_revoted_gte_langfilter,2026-03-19T13:40:59,0.9930990934371948,0.9930990934371948,0.9930990934371948,nllb,it,it,it,Carpi_F.C._1909_(Italian)
entity,en,Carrarese_Calcio,Carrarese Calcio,Carrarese Calcio,Carrarese Calcio,Carrarese Calcio,0.9,1.0,1.0,1.0,1.0,1.0,1.0,Carrarese Calcio,Carrarese Calcio,mt_vote_revoted_gte_langfilter,2026-03-19T13:40:59,1.0,1.0,1.0,nllb,it,it,it,Carrarese_Calcio
entity,en,"Carrer_de_Diagonal,_11","Carrer de Diagonal, 11","Street of Diagonal, 11","Carrer de Diagonal, 11","Diagonal Street, 11",0.9,0.0,0.0,0.0,0.0,0.0,0.0,"Carrer de Diagonal, 11","Carrer de Diagonal, 11",mt_vote_revoted_gte_langfilter,2026-03-19T13:40:59,,1.0,,madlad,en,fr,en,"Carrer_de_Diagonal,_11"
entity,en,Carrer_del_Capitoli_Sud,Carrer del Capitoli Sud,South Capitol Street,Carrer del Capitoli Sud,Calle del Capitolio Sur,0.9,0.0,0.0,0.8261,0.0,0.0,0.0,Carrer del Capitoli Sud,Carrer del Capitoli Sud,mt_vote_revoted_gte_langfilter,2026-03-19T13:40:59,,1.0000001192092896,0.9305159449577332,madlad,en,ca,it,Carrer_del_Capitoli_Sud
entity,en,Carrie_Lam_(polític),Carrie Lam (polític),Carrie Lam (politician),Carrie Lam (politician),Carrie Lam (politician),0.9,1.0,1.0,1.0,1.0,1.0,1.0,Carrie Lam (politician),Carrie Lam (politician),mt_vote_revoted_gte_langfilter,2026-03-19T13:40:59,0.9686598181724548,0.9686598181724548,0.9686598181724548,nllb,ro,ro,ro,Carrie_Lam_(politician)
entity,en,Carter_constant,Carter constant,Carter is constant,Carter constant,Carter constant,0.9,0.0,0.0,1.0,0.0,0.0,1.0,Carter constant,Carter constant,mt_vote_revoted_gte_langfilter,2026-03-19T13:40:59,,1.0000001192092896,1.0000001192092896,salamandra,en,de,de,Carter_constant
entity,en,Casa_Asher_i_Mary_Isabelle_Richardson,Casa Asher i Mary Isabelle Richardson,House of Asher and Mary Isabelle Richardson,Casa Asher and Mary Isabelle Richardson,Asher House and Mary Isabelle Richardson,0.9,0.878,0.8193,0.8608,0.0,0.0,0.0,Casa Asher and Mary Isabelle Richardson,Casa Asher and Mary Isabelle Richardson,mt_vote,2026-03-19T12:49:31,,,,,en,en,en,Casa_Asher_and_Mary_Isabelle_Richardson
entity,en,Casa_de_la_Cultura_Baixa,Casa de la Cultura Baixa,House of the Low Culture,Casa de la Cultura Baixa,Casa de la Cultura Baja,0.9,0.0,0.0,0.9362,0.0,0.0,1.0,Casa de la Cultura Baixa,Casa de la Cultura Baixa,mt_vote_revoted_gte_langfilter,2026-03-19T13:40:59,,1.000000238418579,0.9612107872962952,madlad,en,ca,es,Casa_de_la_Cultura_Baixa
entity,en,Casar-se_amb_Banilow,Casar-se amb Banilow,Marrying Banilow,Marrying Banilow,Marrying Banilow,0.9,1.0,1.0,1.0,1.0,1.0,1.0,Marrying Banilow,Marrying Banilow,mt_vote,2026-03-19T12:49:32,,,,,en,en,en,Marrying_Banilow
entity,en,Casey_Ribicoff,Casey Ribicoff,This is Casey Ribicoff.,Casey Ribicoff,Casey Ribicoff,0.9,0.7568,0.7568,1.0,0.0,0.0,1.0,Casey Ribicoff,Casey Ribicoff,mt_vote,2026-03-19T12:49:33,,,,,en,en,en,Casey_Ribicoff
entity,en,Castle_(novel·la),Castle (novel·la),Castle (novel),Castle (novel),Castle (novel),0.9,1.0,1.0,1.0,1.0,1.0,1.0,Castle (novel),Castle (novel),mt_vote,2026-03-19T12:49:34,,,,,en,en,en,Castle_(novel)
entity,en,Catalunya,Catalunya,Catalonia,Catalunya,Catalonia,0.9,0.0,0.0,0.0,0.0,0.0,0.0,Catalunya,Catalunya,mt_vote_revoted_gte_langfilter,2026-03-19T13:40:59,,1.0,,madlad,en,id,en,Catalunya
entity,en,Caterpillar_Tractor_Company,Caterpillar Tractor Company,The Caterpillar Tractor Company,Caterpillar Tractor Company,Caterpillar Tractor Company,0.9,0.0,0.0,1.0,0.0,0.0,1.0,Caterpillar Tractor Company,Caterpillar Tractor Company,mt_vote_revoted_gte_langfilter,2026-03-19T13:40:59,,1.0,1.0,salamandra,en,it,it,Caterpillar_Tractor_Company
entity,en,Cavall_de_rodes,Cavall de rodes,Horse on wheels,Wheeled Horse,Horse with wheels,0.9,0.3571,0.8125,0.4,0.0,0.0,0.0,Horse on wheels,Horse on wheels,mt_vote,2026-03-19T12:49:36,,,,,en,en,en,Horse_on_wheels
entity,en,"Ceba,_all,_pebre_negre,_chili.","Ceba, all, pebre negre, chili.","Onion, garlic, black pepper and chili.","Onions, garlic, black pepper, chili.","Onion, garlic, black pepper, chili.",0.9,0.9189,0.9315,0.9859,1.0,1.0,1.0,"Onion, garlic, black pepper, chili.","Onion, garlic, black pepper, chili.",mt_vote,2026-03-19T12:49:37,,,,,en,en,en,"Onion,_garlic,_black_pepper,_chili."
entity,en,Cecil_Parker,Cecil Parker,This is Cecil Parker.,Cecil Parker,Cecil Parker,0.9,0.7273,0.7273,1.0,0.0,0.0,1.0,Cecil Parker,Cecil Parker,mt_vote,2026-03-19T12:49:38,,,,,en,en,en,Cecil_Parker
entity,en,Cecil_Schwabe,Cecil Schwabe,Cecil Schwabe,Cecil Schwabe,Cecil Schwabe,0.9,1.0,1.0,1.0,1.0,1.0,1.0,Cecil Schwabe,Cecil Schwabe,mt_vote_revoted_gte_langfilter,2026-03-19T13:40:59,1.0,1.0,1.0,nllb,de,de,de,Cecil_Schwabe
entity,en,Celeriac,Celeriac,Celery,Celeriac,Celeriac,0.9,0.0,0.0,1.0,0.0,0.0,1.0,Celeriac,Celeriac,mt_vote_revoted_gte_langfilter,2026-03-19T13:40:59,,1.0,1.0,salamandra,en,tr,tr,Celeriac
entity,en,Central_Español,Central Español,Central Spanish,Central Spanish,Central Español,0.9,0.0,0.0,0.0,0.0,0.0,0.0,Central Español,Central Español,mt_vote_revoted_gte_langfilter,2026-03-19T13:40:59,,,1.0000001192092896,salamandra,en,en,es,Central_Español
entity,en,Centre_(hoquei_sobre_gel),Centre (hoquei sobre gel),Center (ice hockey),Centre (ice hockey),Centre (ice hockey),0.9,0.0,0.0,1.0,0.0,0.0,1.0,Centre (ice hockey),Centre (ice hockey),mt_vote_revoted_gte_langfilter,2026-03-19T13:40:59,,0.8636895418167114,0.8636895418167114,salamandra,en,fr,fr,Centre_(ice_hockey)
entity,en,Centre_de_convencions_Asilomar,Centre de convencions Asilomar,Asilomar convention center,Asilomar Convention Center,Asilomar Convention Center,0.9,1.0,1.0,1.0,1.0,1.0,1.0,Asilomar convention center,Asilomar convention center,mt_vote_revoted_gte_langfilter,2026-03-19T13:40:59,0.9625519514083862,0.9287182688713074,0.9287182688713074,nllb,ro,es,es,Asilomar_convention_center
entity,en,Centre_de_la_xarxa_GMA,Centre de la xarxa GMA,Centre of the GMA network,GMA Network Center,Centre of the GMA network,0.9,0.5116,1.0,0.5116,0.0,1.0,0.0,Centre of the GMA network,Centre of the GMA network,mt_vote,2026-03-19T12:49:42,,,,,en,en,en,Centre_of_the_GMA_network
entity,en,Cesena,Cesena,Cesena,Cesena,Cesena,0.9,1.0,1.0,1.0,1.0,1.0,1.0,Cesena,Cesena,mt_vote_revoted_gte_langfilter,2026-03-19T13:40:59,1.0000001192092896,1.0000001192092896,1.0000001192092896,nllb,sv,sv,sv,Cesena
entity,en,Chameleon_Circuit_(banda),Chameleon Circuit (banda),Chameleon Circuit (band),Chameleon Circuit (band),Chameleon Circuit (band),0.9,1.0,1.0,1.0,1.0,1.0,1.0,Chameleon Circuit (band),Chameleon Circuit (band),mt_vote_revoted_gte_langfilter,2026-03-19T13:40:59,0.8995833396911621,0.8995833396911621,0.8995833396911621,nllb,fr,fr,fr,Chameleon_Circuit_(band)
entity,en,Charles_Elkin_Mathews,Charles Elkin Mathews,Charles Elkin Mathews,Charles Elkin Mathews,Charles Elkin Mathews,0.9,1.0,1.0,1.0,1.0,1.0,1.0,Charles Elkin Mathews,Charles Elkin Mathews,mt_vote_revoted_gte_langfilter,2026-03-19T13:40:59,1.0,1.0,1.0,nllb,es,es,es,Charles_Elkin_Mathews
entity,en,Charles_Michel,Charles Michel,Charles Michel,Charles Michel,Charles Michel,0.9,1.0,1.0,1.0,1.0,1.0,1.0,Charles Michel,Charles Michel,mt_vote_revoted_gte_langfilter,2026-03-19T13:40:59,1.0000001192092896,1.0000001192092896,1.0000001192092896,nllb,fr,fr,fr,Charles_Michel
entity,en,"Charleston,_Virgínia_Occidental","Charleston, Virgínia Occidental","Charleston, West Virginia","Charleston, WV","Charleston, West Virginia",0.9,0.7179,1.0,0.7179,0.0,1.0,0.0,"Charleston, West Virginia","Charleston, West Virginia",mt_vote,2026-03-19T12:49:45,,,,,en,en,en,"Charleston,_West_Virginia"
entity,en,Charlie_Colin,Charlie Colin,Charlie Colin,Charlie Colin,Charlie Colin,0.9,1.0,1.0,1.0,1.0,1.0,1.0,Charlie Colin,Charlie Colin,mt_vote_revoted_gte_langfilter,2026-03-19T13:40:59,1.0000001192092896,1.0000001192092896,1.0000001192092896,nllb,de,de,de,Charlie_Colin
entity,en,Charlie_McDonnell,Charlie McDonnell,This is Charlie McDonnell.,Charlie McDonnell,Charlie McDonnell,0.9,0.0,0.0,1.0,0.0,0.0,1.0,Charlie McDonnell,Charlie McDonnell,mt_vote_revoted_gte_langfilter,2026-03-19T13:40:59,,1.0000001192092896,1.0000001192092896,salamandra,en,it,it,Charlie_McDonnell
entity,en,Charlottetown,Charlottetown,Charlottetown,Charlottetown,Charlottetown,0.9,1.0,1.0,1.0,1.0,1.0,1.0,Charlottetown,Charlottetown,mt_vote,2026-03-19T12:49:47,,,,,en,en,en,Charlottetown
entity,en,Chelsea_FC,Chelsea FC,Chelsea FC,Chelsea F.C.,Chelsea FC,0.9,0.9091,1.0,0.9091,1.0,1.0,1.0,Chelsea FC,Chelsea FC,mt_vote,2026-03-19T12:49:48,,,,,en,en,en,Chelsea_FC
entity,en,Chennai,Chennai,Chennai,Chennai,Chennai,0.9,1.0,1.0,1.0,1.0,1.0,1.0,Chennai,Chennai,mt_vote_revoted_gte_langfilter,2026-03-19T13:40:59,1.0000001192092896,1.0000001192092896,1.0000001192092896,nllb,de,de,de,Chennai
entity,en,Chesterfield_FC,Chesterfield FC,Chesterfield FC,Chesterfield FC,Chesterfield FC,0.9,1.0,1.0,1.0,1.0,1.0,1.0,Chesterfield FC,Chesterfield FC,mt_vote,2026-03-19T12:49:49,,,,,en,en,en,Chesterfield_FC
entity,en,Chiang_Kai-shek,Chiang Kai-shek,Chiang Kai-shek,Chiang Kai-shek,Chiang Kai-shek,0.9,1.0,1.0,1.0,1.0,1.0,1.0,Chiang Kai-shek,Chiang Kai-shek,mt_vote_revoted_gte_langfilter,2026-03-19T13:40:59,1.0,1.0,1.0,nllb,id,id,id,Chiang_Kai-shek
entity,en,Chicago,Chicago,Chicago,Chicago,Chicago,0.9,1.0,1.0,1.0,1.0,1.0,1.0,Chicago,Chicago,mt_vote,2026-03-19T12:49:50,,,,,en,en,en,Chicago
entity,en,Chicharrón_(plat),Chicharrón (plat),Chicharrón (dish),Chicharrón (dish),Chicharrón (meal),0.9,1.0,0.7647,0.7647,1.0,0.0,0.0,Chicharrón (dish),Chicharrón (dish),mt_vote_revoted_gte_langfilter,2026-03-19T13:40:59,0.8941910266876221,0.8941910266876221,0.887671947479248,nllb,es,es,es,Chicharrón_(dish)
entity,en,Chieti_Calcio,Chieti Calcio,Chieti Calcio,Chieti Calcio,Chieti Calcio,0.9,1.0,1.0,1.0,1.0,1.0,1.0,Chieti Calcio,Chieti Calcio,mt_vote_revoted_gte_langfilter,2026-03-19T13:40:59,1.0,1.0,1.0,nllb,es,es,es,Chieti_Calcio
entity,en,Chinabank,Chinabank,Chinabank,Chinabank,Chinabank,0.9,1.0,1.0,1.0,1.0,1.0,1.0,Chinabank,Chinabank,mt_vote_revoted_gte_langfilter,2026-03-19T13:40:59,1.0000001192092896,1.0000001192092896,1.0000001192092896,nllb,es,es,es,Chinabank
entity,en,"Chișinău,_Moldàvia","Chișinău, Moldàvia","Chișinău, the capital of Moldova","Chișinău, Republic of Moldova","Chisinau, Moldova",0.9,0.7541,0.6122,0.6522,0.0,0.0,0.0,"Chișinău, Republic of Moldova","Chișinău, Republic of Moldova",mt_vote_revoted_gte_langfilter,2026-03-19T13:40:59,0.9236645698547364,0.9732875823974608,0.955828845500946,madlad,la,ro,lt,"Chișinău,_Republic_of_Moldova"
entity,en,Chris_Patten,Chris Patten,This is Chris Patten.,Chris Patten,Chris Patten,0.9,0.7273,0.7273,1.0,0.0,0.0,1.0,Chris Patten,Chris Patten,mt_vote,2026-03-19T12:49:54,,,,,en,en,en,Chris_Patten
entity,en,Christian_Burns,Christian Burns,Christian Burns,Christian Burns,Christian Burns,0.9,1.0,1.0,1.0,1.0,1.0,1.0,Christian Burns,Christian Burns,mt_vote_revoted_gte_langfilter,2026-03-19T13:40:59,1.0000001192092896,1.0000001192092896,1.0000001192092896,nllb,de,de,de,Christian_Burns
entity,en,Christian_Heinrich_Friedrich_Peters,Christian Heinrich Friedrich Peters,He was the father of Christian Heinrich Friedrich Peters.,Christian Heinrich Friedrich Peters,Christian Heinrich Friedrich Peters,0.9,0.0,0.0,1.0,0.0,0.0,1.0,Christian Heinrich Friedrich Peters,Christian Heinrich Friedrich Peters,mt_vote_revoted_gte_langfilter,2026-03-19T13:40:59,,1.0,1.0,salamandra,en,de,de,Christian_Heinrich_Friedrich_Peters
entity,en,Christian_Panucci,Christian Panucci,Christian Panucci,Christian Panucci,Christian Panucci,0.9,1.0,1.0,1.0,1.0,1.0,1.0,Christian Panucci,Christian Panucci,mt_vote,2026-03-19T12:49:56,,,,,en,en,en,Christian_Panucci
entity,en,Christmas_pudding,Christmas pudding,Christmas pudding,Christmas pudding,Christmas pudding,0.9,1.0,1.0,1.0,1.0,1.0,1.0,Christmas pudding,Christmas pudding,mt_vote,2026-03-19T12:49:57,,,,,en,en,en,Christmas_pudding
entity,en,Christopher_Taylor_(polític),Christopher Taylor (polític),Christopher Taylor (politician),Christopher Taylor (politician),Christopher Taylor (politician),0.9,1.0,1.0,1.0,1.0,1.0,1.0,Christopher Taylor (politician),Christopher Taylor (politician),mt_vote,2026-03-19T12:49:57,,,,,en,en,en,Christopher_Taylor_(politician)
entity,en,Chrysler,Chrysler,Chrysler,Chrysler,Chrysler,0.9,1.0,1.0,1.0,1.0,1.0,1.0,Chrysler,Chrysler,mt_vote,2026-03-19T12:49:58,,,,,en,en,en,Chrysler
entity,en,Chrysler_Newport,Chrysler Newport,The Chrysler Newport,Chrysler Newport,Chrysler Newport,0.9,0.0,0.0,1.0,0.0,0.0,1.0,Chrysler Newport,Chrysler Newport,mt_vote_revoted_gte_langfilter,2026-03-19T13:40:59,,1.0000001192092896,1.0000001192092896,salamandra,en,sv,sv,Chrysler_Newport
entity,en,Chuck_Fletcher,Chuck Fletcher,Chuck Fletcher,Chuck Fletcher,Chuck Fletcher,0.9,1.0,1.0,1.0,1.0,1.0,1.0,Chuck Fletcher,Chuck Fletcher,mt_vote,2026-03-19T12:49:59,,,,,en,en,en,Chuck_Fletcher
entity,en,Cinemax,Cinemax,Cinemax,Cinemax,Cinemax,0.9,1.0,1.0,1.0,1.0,1.0,1.0,Cinemax,Cinemax,mt_vote,2026-03-19T12:49:59,,,,,en,en,en,Cinemax
entity,en,Ciro_Pérez,Ciro Pérez,This is Ciro Pérez.,Ciro Pérez,Ciro Pérez,0.9,0.6897,0.6897,1.0,0.0,0.0,1.0,Ciro Pérez,Ciro Pérez,mt_vote_revoted_gte_langfilter,2026-03-19T13:40:59,0.9290562272071838,1.0000001192092896,1.0000001192092896,salamandra,br,fr,fr,Ciro_Pérez
entity,en,Ciudad_Ayala,Ciudad Ayala,City of Ayala,Ciudad Ayala,Ciudad Ayala,0.9,0.0,0.0,1.0,0.0,0.0,1.0,Ciudad Ayala,Ciudad Ayala,mt_vote_revoted_gte_langfilter,2026-03-19T13:40:59,,0.9999998807907104,0.9999998807907104,salamandra,en,es,es,Ciudad_Ayala
entity,en,Ciutat_de_Mèxic,Ciutat de Mèxic,Mexico City,Mexico City,Mexico City,0.9,1.0,1.0,1.0,1.0,1.0,1.0,Mexico City,Mexico City,mt_vote_revoted_gte_langfilter,2026-03-19T13:40:59,0.8924648761749268,0.8924648761749268,0.8924648761749268,nllb,it,it,it,Mexico_City
entity,en,"Ciutat_de_Nova_York,_Nova_York","Ciutat de Nova York, Nova York","City of New York, New York","New York City, New York","New York City, New York",0.9,0.7347,0.7347,1.0,0.0,0.0,1.0,"New York City, New York","New York City, New York",mt_vote,2026-03-19T12:50:02,,,,,en,en,en,"New_York_City,_New_York"
entity,en,"Ciutat_de_Nova_York,_Nova_York,_EUA","Ciutat de Nova York, Nova York, EUA","City of New York, New York, U.S.A.","New York City, New York, USA","New York City, New York, USA",0.9,0.7419,0.7419,1.0,0.0,0.0,1.0,"New York City, New York, USA","New York City, New York, USA",mt_vote,2026-03-19T12:50:03,,,,,en,en,en,"New_York_City,_New_York,_USA"
entity,en,Ciutat_del_Cap,Ciutat del Cap,Cape Town,Cape Town,Cape Town,0.9,1.0,1.0,1.0,1.0,1.0,1.0,Cape Town,Cape Town,mt_vote,2026-03-19T12:50:04,,,,,en,en,en,Cape_Town
entity,en,Ciutats_de_les_Filipines,Ciutats de les Filipines,Cities in the Philippines,Cities of the Philippines,Cities of the Philippines,0.9,0.92,0.92,1.0,1.0,1.0,1.0,Cities of the Philippines,Cities of the Philippines,mt_vote,2026-03-19T12:50:04,,,,,en,en,en,Cities_of_the_Philippines
entity,en,Ciències_administratives_trimestralment,Ciències administratives trimestralment,Administrative sciences quarterly,Administrative Sciences Quarterly,Administrative Sciences Quarterly,0.9,1.0,1.0,1.0,1.0,1.0,1.0,Administrative sciences quarterly,Administrative sciences quarterly,mt_vote_revoted_gte_langfilter,2026-03-19T13:40:59,0.8264175653457642,0.7848978042602539,0.7848978042602539,nllb,fr,de,de,Administrative_sciences_quarterly
entity,en,Claude_Bartolone,Claude Bartolone,It was Claude Bartolone.,Claude Bartolone,Claude Bartolone,0.9,0.8,0.8,1.0,0.0,0.0,1.0,Claude Bartolone,Claude Bartolone,mt_vote,2026-03-19T12:50:06,,,,,en,en,en,Claude_Bartolone
entity,en,"Clayton,_comtat_de_Winnebago,_Wisconsin","Clayton, comtat de Winnebago, Wisconsin","Clayton, county of Winnebago, Wisconsin","Clayton, Winnebago County, Wisconsin","Clayton, Winnebago County, Wisconsin",0.9,0.7733,0.7733,1.0,0.0,0.0,1.0,"Clayton, Winnebago County, Wisconsin","Clayton, Winnebago County, Wisconsin",mt_vote,2026-03-19T12:50:07,,,,,en,en,en,"Clayton,_Winnebago_County,_Wisconsin"
entity,en,Cleveland,Cleveland,Cleveland,Cleveland,Cleveland,0.9,1.0,1.0,1.0,1.0,1.0,1.0,Cleveland,Cleveland,mt_vote,2026-03-19T12:50:07,,,,,en,en,en,Cleveland
entity,en,"Cleveland,_Ohio_44114","Cleveland, Ohio 44114","This is Cleveland, Ohio 44114.","Cleveland, OH 44114","Cleveland, Ohio 44114",0.9,0.0,0.0,0.0,0.0,0.0,0.0,"Cleveland, Ohio 44114","Cleveland, Ohio 44114",mt_vote_revoted_gte_langfilter,2026-03-19T13:40:59,,,1.0,salamandra,en,en,es,"Cleveland,_Ohio_44114"
entity,en,Club_Esportiu_Al-Wakrah,Club Esportiu Al-Wakrah,Al-Wakrah Sports Club,Club Esportiu Al-Wakrah,Al-Wakrah Sports Club,0.9,0.0,0.0,0.0,0.0,0.0,0.0,Club Esportiu Al-Wakrah,Club Esportiu Al-Wakrah,mt_vote_revoted_gte_langfilter,2026-03-19T13:40:59,,1.0000001192092896,,madlad,en,eo,en,Club_Esportiu_Al-Wakrah
entity,en,Club_de_Futbol_Fylde,Club de Futbol Fylde,Fylde football club,Fylde Football Club,Fylde Football Club,0.9,1.0,1.0,1.0,1.0,1.0,1.0,Fylde football club,Fylde football club,mt_vote_revoted_gte_langfilter,2026-03-19T13:40:59,0.961298644542694,0.9460480213165284,0.9460480213165284,nllb,sv,sv,sv,Fylde_football_club
entity,en,Club_de_Futbol_d'Amsterdam_Ajax,Club de Futbol d'Amsterdam Ajax,Amsterdam football club Ajax,Amsterdam Ajax Football Club,Amsterdam Football Club Ajax,0.9,0.8214,1.0,0.8214,0.0,1.0,0.0,Amsterdam football club Ajax,Amsterdam football club Ajax,mt_vote,2026-03-19T12:50:11,,,,,en,en,en,Amsterdam_football_club_Ajax
entity,en,Club_de_Futbol_de_Blackpool,Club de Futbol de Blackpool,Blackpool football club,Blackpool Football Club,Blackpool Football Club,0.9,1.0,1.0,1.0,1.0,1.0,1.0,Blackpool football club,Blackpool football club,mt_vote,2026-03-19T12:50:12,,,,,en,en,en,Blackpool_football_club
entity,en,Club_de_Futbol_de_Coritiba,Club de Futbol de Coritiba,Coritiba football club,Coritiba Football Club,Coritiba Football Club,0.9,1.0,1.0,1.0,1.0,1.0,1.0,Coritiba football club,Coritiba football club,mt_vote,2026-03-19T12:50:13,,,,,en,en,en,Coritiba_football_club
entity,en,Club_sandwich,Club sandwich,Club sandwich,Club sandwich,Club sandwich,0.9,1.0,1.0,1.0,1.0,1.0,1.0,Club sandwich,Club sandwich,mt_vote_revoted_gte_langfilter,2026-03-19T13:40:59,1.0,1.0,1.0,nllb,pl,pl,pl,Club_sandwich
entity,en,Clyde_FC,Clyde FC,Clyde FC,Clyde FC,Clyde FC,0.9,1.0,1.0,1.0,1.0,1.0,1.0,Clyde FC,Clyde FC,mt_vote_revoted_gte_langfilter,2026-03-19T13:40:59,1.0000001192092896,1.0000001192092896,1.0000001192092896,nllb,da,da,da,Clyde_FC
entity,en,Coatbridge,Coatbridge,Coatbridge,Coatbridge,Coatbridge,0.9,1.0,1.0,1.0,1.0,1.0,1.0,Coatbridge,Coatbridge,mt_vote,2026-03-19T12:50:15,,,,,en,en,en,Coatbridge
entity,en,Colin_Powell,Colin Powell,Colin Powell,Colin Powell,Colin Powell,0.9,1.0,1.0,1.0,1.0,1.0,1.0,Colin Powell,Colin Powell,mt_vote,2026-03-19T12:50:15,,,,,en,en,en,Colin_Powell
entity,en,College_of_William_and_Mary,College of William and Mary,College of William and Mary,College of William and Mary,College of William and Mary,0.9,1.0,1.0,1.0,1.0,1.0,1.0,College of William and Mary,College of William and Mary,mt_vote,2026-03-19T12:50:16,,,,,en,en,en,College_of_William_and_Mary
entity,en,Colmore_Row,Colmore Row,Colmore Row,Colmore Row,Colmore Row,0.9,1.0,1.0,1.0,1.0,1.0,1.0,Colmore Row,Colmore Row,mt_vote,2026-03-19T12:50:17,,,,,en,en,en,Colmore_Row
entity,en,"Colmore_Row,_Birmingham,_Anglaterra","Colmore Row, Birmingham, Anglaterra","Colmore Row, Birmingham, England","Colmore Row, Birmingham, UK","Colmore Row, Birmingham, England",0.9,0.8475,1.0,0.8475,0.0,1.0,0.0,"Colmore Row, Birmingham, England","Colmore Row, Birmingham, England",mt_vote,2026-03-19T12:50:18,,,,,en,en,en,"Colmore_Row,_Birmingham,_England"
entity,en,Columbia_Records,Columbia Records,Columbia records,Columbia Records,Columbia Records,0.9,1.0,1.0,1.0,1.0,1.0,1.0,Columbia records,Columbia records,mt_vote,2026-03-19T12:50:18,,,,,en,en,en,Columbia_records
entity,en,"Columbus,_Ohio","Columbus, Ohio","Columbus, Ohio","Columbus, OH","Columbus, Ohio",0.9,0.9231,1.0,0.9231,1.0,1.0,1.0,"Columbus, Ohio","Columbus, Ohio",mt_vote,2026-03-19T12:50:19,,,,,en,en,en,"Columbus,_Ohio"
entity,en,Columbus_Blue_Jackets,Columbus Blue Jackets,The Columbus Blue Jackets,Columbus Blue Jackets,Columbus Blue Jackets,0.9,0.913,0.913,1.0,1.0,1.0,1.0,Columbus Blue Jackets,Columbus Blue Jackets,mt_vote,2026-03-19T12:50:20,,,,,en,en,en,Columbus_Blue_Jackets
entity,en,Colwyn_Bay_F.C.,Colwyn Bay F.C.,Colwyn Bay F.C.,Colwyn Bay F.C.,Colwyn Bay F.C.,0.9,1.0,1.0,1.0,1.0,1.0,1.0,Colwyn Bay F.C.,Colwyn Bay F.C.,mt_vote_revoted_gte_langfilter,2026-03-19T13:40:59,1.0,1.0,1.0,nllb,cy,cy,cy,Colwyn_Bay_F.C.
entity,en,Col·legi_d'Enginyeria_AWH,Col·legi d'Enginyeria AWH,College of Engineering AWH,AWH College of Engineering,AWH College of Engineering,0.9,0.8462,0.8462,1.0,0.0,0.0,1.0,AWH College of Engineering,AWH College of Engineering,mt_vote,2026-03-19T12:50:21,,,,,en,en,en,AWH_College_of_Engineering
entity,en,Colòmbia,Colòmbia,Colombia,Colombia,Colombia,0.9,1.0,1.0,1.0,1.0,1.0,1.0,Colombia,Colombia,mt_vote,2026-03-19T12:50:21,,,,,en,en,en,Colombia
entity,en,Commelínides,Commelínides,Commelinids,Commelinidae,Commelinididae,0.9,0.8696,0.8,0.9231,0.0,0.0,1.0,Commelinidae,Commelinidae,mt_vote_revoted_gte_langfilter,2026-03-19T13:40:59,0.8057785630226135,0.8188132047653198,0.8153581619262695,madlad,es,es,es,Commelinidae
entity,en,Companyia_Rover,Companyia Rover,Rover company,Rover Company,Rover Company,0.9,1.0,1.0,1.0,1.0,1.0,1.0,Rover company,Rover company,mt_vote,2026-03-19T12:50:23,,,,,en,en,en,Rover_company
entity,en,Complex_de_llançament_Spaceport_Florida_36,Complex de llançament Spaceport Florida 36,Launch complex Spaceport Florida 36,Spaceport Florida 36 Launch Complex,Spaceport Florida Launch Complex 36,0.9,0.5714,0.5714,0.9143,0.0,0.0,1.0,Spaceport Florida 36 Launch Complex,Spaceport Florida 36 Launch Complex,mt_vote,2026-03-19T12:50:24,,,,,en,en,en,Spaceport_Florida_36_Launch_Complex
entity,en,Complex_de_llançament_espacial_3_de_Vandenberg_AFB,Complex de llançament espacial 3 de Vandenberg AFB,Space Launch Complex 3 from Vandenberg AFB,Vandenberg AFB Space Launch Complex 3,Vandenberg AFB Space Launch Complex 3,0.9,0.0,0.0,1.0,0.0,0.0,1.0,Vandenberg AFB Space Launch Complex 3,Vandenberg AFB Space Launch Complex 3,mt_vote_revoted_gte_langfilter,2026-03-19T13:40:59,,0.9239195585250854,0.9239195585250854,salamandra,en,de,de,Vandenberg_AFB_Space_Launch_Complex_3
entity,en,Complex_de_llançament_espacial_de_la_Estació_de_la_Força_Aèria_de_Cape_Canaveral_17,Complex de llançament espacial de la Estació de la Força Aèria de Cape Canaveral 17,Space launch complex at Cape Canaveral Air Force Station 17,Cape Canaveral Air Force Station 17 Space Launch Complex,Cape Canaveral Air Force Station Space Launch Complex 17,0.9,0.6087,0.6087,0.9464,0.0,0.0,1.0,Cape Canaveral Air Force Station 17 Space Launch Complex,Cape Canaveral Air Force Station 17 Space Launch Complex,mt_vote,2026-03-19T12:50:26,,,,,en,en,en,Cape_Canaveral_Air_Force_Station_17_Space_Launch_Complex
entity,en,"Comtat_d'Adams,_Pennsylvania","Comtat d'Adams, Pennsylvania","Adams County, Pennsylvania","Adams County, Pennsylvania","Adams County, Pennsylvania",0.9,1.0,1.0,1.0,1.0,1.0,1.0,"Adams County, Pennsylvania","Adams County, Pennsylvania",mt_vote_revoted_gte_langfilter,2026-03-19T13:40:59,0.9383817911148072,0.9383817911148072,0.9383817911148072,nllb,vo,vo,vo,"Adams_County,_Pennsylvania"
entity,en,"Comtat_d'Alpena,_Michigan","Comtat d'Alpena, Michigan","County of Alpena, Michigan","Alpina County, Michigan","Alpena County, Michigan",0.9,0.0,0.0,0.9565,0.0,0.0,1.0,"Alpena County, Michigan","Alpena County, Michigan",mt_vote_revoted_gte_langfilter,2026-03-19T13:40:59,,0.8761962652206421,0.9444118738174438,salamandra,en,fr,fr,"Alpena_County,_Michigan"
entity,en,"Comtat_d'Andrews,_Texas","Comtat d'Andrews, Texas","Andrews County, Texas","Andrews County, Texas","Andrews County, Texas",0.9,1.0,1.0,1.0,1.0,1.0,1.0,"Andrews County, Texas","Andrews County, Texas",mt_vote_revoted_gte_langfilter,2026-03-19T13:40:59,0.9086458683013916,0.9086458683013916,0.9086458683013916,nllb,da,da,da,"Andrews_County,_Texas"
entity,en,"Comtat_d'Atlantic,_Nova_Jersey","Comtat d'Atlantic, Nova Jersey","Atlantic County, New Jersey","Atlantic County, New Jersey","Atlantic County, New Jersey",0.9,1.0,1.0,1.0,1.0,1.0,1.0,"Atlantic County, New Jersey","Atlantic County, New Jersey",mt_vote,2026-03-19T12:50:29,,,,,en,en,en,"Atlantic_County,_New_Jersey"
entity,en,"Comtat_d'Erie,_Nova_York","Comtat d'Erie, Nova York","County of Erie, New York","Erie County, New York","Erie County, New York",0.9,0.0,0.0,1.0,0.0,0.0,1.0,"Erie County, New York","Erie County, New York",mt_vote_revoted_gte_langfilter,2026-03-19T13:40:59,,0.8929734230041504,0.8929734230041504,salamandra,en,ro,ro,"Erie_County,_New_York"
entity,en,"Comtat_d'Essex,_Nova_Jersey","Comtat d'Essex, Nova Jersey","County of Essex, New Jersey","Essex County, New Jersey","Essex County, New Jersey",0.9,0.7059,0.7059,1.0,0.0,0.0,1.0,"Essex County, New Jersey","Essex County, New Jersey",mt_vote,2026-03-19T12:50:31,,,,,en,en,en,"Essex_County,_New_Jersey"
entity,en,"Comtat_d'Essex,_Nova_York","Comtat d'Essex, Nova York","County of Essex, New York","Essex County, New York","Essex County, New York",0.9,0.6809,0.6809,1.0,0.0,0.0,1.0,"Essex County, New York","Essex County, New York",mt_vote,2026-03-19T12:50:32,,,,,en,en,en,"Essex_County,_New_York"
entity,en,"Comtat_d'Orange,_Califòrnia","Comtat d'Orange, Califòrnia","County of Orange, California","Orange County, California","Orange County, California",0.9,0.6792,0.6792,1.0,0.0,0.0,1.0,"Orange County, California","Orange County, California",mt_vote,2026-03-19T12:50:32,,,,,en,en,en,"Orange_County,_California"
entity,en,"Comtat_d'Outagamie,_Wisconsin","Comtat d'Outagamie, Wisconsin","County of Outagamie, Wisconsin","Outagamie County, Wisconsin","Outagamie County, Wisconsin",0.9,0.0,0.0,1.0,0.0,0.0,1.0,"Outagamie County, Wisconsin","Outagamie County, Wisconsin",mt_vote_revoted_gte_langfilter,2026-03-19T13:40:59,,0.9513919353485109,0.9513919353485109,salamandra,en,pl,pl,"Outagamie_County,_Wisconsin"
entity,en,"Comtat_de_Benton,_Oregon","Comtat de Benton, Oregon","Benton County, Oregon","Benton County, Oregon","Benton County, Oregon",0.9,1.0,1.0,1.0,1.0,1.0,1.0,"Benton County, Oregon","Benton County, Oregon",mt_vote_revoted_gte_langfilter,2026-03-19T13:40:59,0.9438859224319458,0.9438859224319458,0.9438859224319458,nllb,it,it,it,"Benton_County,_Oregon"
entity,en,"Comtat_de_Bernalillo,_Nou_Mèxic","Comtat de Bernalillo, Nou Mèxic","Bernalillo County, New Mexico","Bernalillo County, New Mexico","Bernalillo County, New Mexico",0.9,1.0,1.0,1.0,1.0,1.0,1.0,"Bernalillo County, New Mexico","Bernalillo County, New Mexico",mt_vote_revoted_gte_langfilter,2026-03-19T13:40:59,0.9113450050354004,0.9113450050354004,0.9113450050354004,nllb,it,it,it,"Bernalillo_County,_New_Mexico"
entity,en,"Comtat_de_Carroll,_Maryland","Comtat de Carroll, Maryland","Carroll County, Maryland","Carroll County, Maryland","Carroll County, Maryland",0.9,1.0,1.0,1.0,1.0,1.0,1.0,"Carroll County, Maryland","Carroll County, Maryland",mt_vote,2026-03-19T12:50:36,,,,,en,en,en,"Carroll_County,_Maryland"
entity,en,"Comtat_de_Collin,_Texas","Comtat de Collin, Texas","Collin County, Texas","Collin County, Texas","Collin County, Texas",0.9,1.0,1.0,1.0,1.0,1.0,1.0,"Collin County, Texas","Collin County, Texas",mt_vote,2026-03-19T12:50:37,,,,,en,en,en,"Collin_County,_Texas"
entity,en,"Comtat_de_Contra_Costa,_Califòrnia","Comtat de Contra Costa, Califòrnia","County of Contra Costa, California","Contra Costa County, California","Contra Costa County, California",0.9,0.0,0.0,1.0,0.0,0.0,1.0,"Contra Costa County, California","Contra Costa County, California",mt_vote_revoted_gte_langfilter,2026-03-19T13:40:59,,0.9239073991775512,0.9239073991775512,salamandra,en,it,it,"Contra_Costa_County,_California"
entity,en,"Comtat_de_Cook,_Illinois","Comtat de Cook, Illinois","Cook County, Illinois is a county located in the U.S. state of Illinois.","Cook County, Illinois","Cook County, Illinois",0.9,0.0,0.0,1.0,0.0,0.0,1.0,"Cook County, Illinois","Cook County, Illinois",mt_vote_revoted_gte_langfilter,2026-03-19T13:40:59,,0.9070670008659364,0.9070670008659364,salamandra,en,fr,fr,"Cook_County,_Illinois"
entity,en,"Comtat_de_Cumberland,_Pennsylvania","Comtat de Cumberland, Pennsylvania","Cumberland County, Pennsylvania","Cumberland County, Pennsylvania","Cumberland County, Pennsylvania",0.9,1.0,1.0,1.0,1.0,1.0,1.0,"Cumberland County, Pennsylvania","Cumberland County, Pennsylvania",mt_vote,2026-03-19T12:50:39,,,,,en,en,en,"Cumberland_County,_Pennsylvania"
entity,en,"Comtat_de_Cuyahoga,_Ohio","Comtat de Cuyahoga, Ohio","Cuyahoga County, Ohio","Cuyahoga County, Ohio","Cuyahoga County, Ohio",0.9,1.0,1.0,1.0,1.0,1.0,1.0,"Cuyahoga County, Ohio","Cuyahoga County, Ohio",mt_vote_revoted_gte_langfilter,2026-03-19T13:40:59,0.9025472402572632,0.9025472402572632,0.9025472402572632,nllb,sv,sv,sv,"Cuyahoga_County,_Ohio"
entity,en,"Comtat_de_DeKalb,_Geòrgia","Comtat de DeKalb, Geòrgia","County of DeKalb, Georgia","DeKalb County, Georgia","DeKalb County, Georgia",0.9,0.6383,0.6383,1.0,0.0,0.0,1.0,"DeKalb County, Georgia","DeKalb County, Georgia",mt_vote,2026-03-19T12:50:41,,,,,en,en,en,"DeKalb_County,_Georgia"
entity,en,"Comtat_de_DeKalb,_Illinois","Comtat de DeKalb, Illinois","County of DeKalb, Illinois","DeKalb County, Illinois","DeKalb County, Illinois",0.9,0.0,0.0,1.0,0.0,0.0,1.0,"DeKalb County, Illinois","DeKalb County, Illinois",mt_vote_revoted_gte_langfilter,2026-03-19T13:40:59,,0.9124505519866944,0.9124505519866944,salamandra,en,fr,fr,"DeKalb_County,_Illinois"
entity,en,"Comtat_de_Dimmit,_Texas","Comtat de Dimmit, Texas","Dimmit County, Texas","Dimmit County, Texas","Dimmit County, Texas",0.9,1.0,1.0,1.0,1.0,1.0,1.0,"Dimmit County, Texas","Dimmit County, Texas",mt_vote_revoted_gte_langfilter,2026-03-19T13:40:59,0.9444855451583862,0.9444855451583862,0.9444855451583862,nllb,de,de,de,"Dimmit_County,_Texas"
entity,en,"Comtat_de_Dougherty,_Geòrgia","Comtat de Dougherty, Geòrgia","Dougherty County, Georgia","Dougherty County, Georgia","Dougherty County, Georgia",0.9,1.0,1.0,1.0,1.0,1.0,1.0,"Dougherty County, Georgia","Dougherty County, Georgia",mt_vote,2026-03-19T12:50:44,,,,,en,en,en,"Dougherty_County,_Georgia"
entity,en,"Comtat_de_Doña_Ana,_New_Mexico","Comtat de Doña Ana, New Mexico","Doña Ana County, New Mexico","Doña Ana County, New Mexico","Doña Ana County, New Mexico",0.9,1.0,1.0,1.0,1.0,1.0,1.0,"Doña Ana County, New Mexico","Doña Ana County, New Mexico",mt_vote_revoted_gte_langfilter,2026-03-19T13:40:59,0.9433909058570862,0.9433909058570862,0.9433909058570862,nllb,es,es,es,"Doña_Ana_County,_New_Mexico"
entity,en,"Comtat_de_DuPage,_Illinois","Comtat de DuPage, Illinois","County of DuPage, Illinois","DuPage County, Illinois","DuPage County, Illinois",0.9,0.0,0.0,1.0,0.0,0.0,1.0,"DuPage County, Illinois","DuPage County, Illinois",mt_vote_revoted_gte_langfilter,2026-03-19T13:40:59,,0.9187806248664856,0.9187806248664856,salamandra,en,fr,fr,"DuPage_County,_Illinois"
entity,en,"Comtat_de_Fountain,_Indiana","Comtat de Fountain, Indiana","Fountain County, Indiana","Fountain County, Indiana","Fountain County, Indiana",0.9,1.0,1.0,1.0,1.0,1.0,1.0,"Fountain County, Indiana","Fountain County, Indiana",mt_vote,2026-03-19T12:50:46,,,,,en,en,en,"Fountain_County,_Indiana"
entity,en,"Comtat_de_Franklin,_Pennsylvania","Comtat de Franklin, Pennsylvania","County of Franklin, Pennsylvania","Franklin County, Pennsylvania","Franklin County, Pennsylvania",0.9,0.0,0.0,1.0,0.0,0.0,1.0,"Franklin County, Pennsylvania","Franklin County, Pennsylvania",mt_vote_revoted_gte_langfilter,2026-03-19T13:40:59,,0.924179196357727,0.924179196357727,salamandra,en,vo,vo,"Franklin_County,_Pennsylvania"
entity,en,"Comtat_de_Frederick,_Maryland","Comtat de Frederick, Maryland","County of Frederick, Maryland","Frederick County, Maryland","Frederick County, Maryland",0.9,0.6909,0.6909,1.0,0.0,0.0,1.0,"Frederick County, Maryland","Frederick County, Maryland",mt_vote,2026-03-19T12:50:48,,,,,en,en,en,"Frederick_County,_Maryland"
entity,en,"Comtat_de_Fulton,_Geòrgia","Comtat de Fulton, Geòrgia","Fulton County, Georgia","Fulton County, Georgia","Fulton County, Georgia",0.9,1.0,1.0,1.0,1.0,1.0,1.0,"Fulton County, Georgia","Fulton County, Georgia",mt_vote,2026-03-19T12:50:49,,,,,en,en,en,"Fulton_County,_Georgia"
entity,en,"Comtat_de_Hays,_Texas","Comtat de Hays, Texas","Hays County, Texas","Hays County, Texas","Hays County, Texas",0.9,1.0,1.0,1.0,1.0,1.0,1.0,"Hays County, Texas","Hays County, Texas",mt_vote,2026-03-19T12:50:50,,,,,en,en,en,"Hays_County,_Texas"
entity,en,"Comtat_de_Jones,_Texas","Comtat de Jones, Texas","Jones County, Texas","Jones County, Texas","Jones County, Texas",0.9,1.0,1.0,1.0,1.0,1.0,1.0,"Jones County, Texas","Jones County, Texas",mt_vote_revoted_gte_langfilter,2026-03-19T13:40:59,0.916540503501892,0.916540503501892,0.916540503501892,nllb,es,es,es,"Jones_County,_Texas"
entity,en,"Comtat_de_Kendall,_Texas","Comtat de Kendall, Texas","Kendall County, Texas","Kendall County, Texas","Kendall County, Texas",0.9,1.0,1.0,1.0,1.0,1.0,1.0,"Kendall County, Texas","Kendall County, Texas",mt_vote,2026-03-19T12:50:51,,,,,en,en,en,"Kendall_County,_Texas"
entity,en,"Comtat_de_King,_Washington","Comtat de King, Washington","County of King, Washington","King County, Washington","King County, Washington",0.9,0.7347,0.7347,1.0,0.0,0.0,1.0,"King County, Washington","King County, Washington",mt_vote,2026-03-19T12:50:52,,,,,en,en,en,"King_County,_Washington"
entity,en,"Comtat_de_La_Crosse,_Wisconsin","Comtat de La Crosse, Wisconsin","County of La Crosse, Wisconsin","La Crosse County, Wisconsin","La Crosse County, Wisconsin",0.9,0.0,0.0,1.0,0.0,0.0,1.0,"La Crosse County, Wisconsin","La Crosse County, Wisconsin",mt_vote_revoted_gte_langfilter,2026-03-19T13:40:59,,0.9416660070419312,0.9416660070419312,salamandra,en,fr,fr,"La_Crosse_County,_Wisconsin"
entity,en,"Comtat_de_Lee,_Alabama","Comtat de Lee, Alabama","County of Lee, Alabama","Lee County, Alabama","Lee County, Alabama",0.9,0.7317,0.7317,1.0,0.0,0.0,1.0,"Lee County, Alabama","Lee County, Alabama",mt_vote,2026-03-19T12:50:53,,,,,en,en,en,"Lee_County,_Alabama"
entity,en,"Comtat_de_Linn,_Oregon","Comtat de Linn, Oregon","Linn County, Oregon","Linn County, Oregon","Linn County, Oregon",0.9,1.0,1.0,1.0,1.0,1.0,1.0,"Linn County, Oregon","Linn County, Oregon",mt_vote_revoted_gte_langfilter,2026-03-19T13:40:59,0.9331178069114684,0.9331178069114684,0.9331178069114684,nllb,mt,mt,mt,"Linn_County,_Oregon"
entity,en,"Comtat_de_Madison,_Indiana","Comtat de Madison, Indiana","Madison County, Indiana","Madison County, Indiana","Madison County, Indiana",0.9,1.0,1.0,1.0,1.0,1.0,1.0,"Madison County, Indiana","Madison County, Indiana",mt_vote,2026-03-19T12:50:55,,,,,en,en,en,"Madison_County,_Indiana"
entity,en,"Comtat_de_Pierce,_Washington","Comtat de Pierce, Washington","Located in Pierce County, Washington","Pierce County, Washington","Pierce County, Washington",0.9,0.8197,0.8197,1.0,0.0,0.0,1.0,"Pierce County, Washington","Pierce County, Washington",mt_vote,2026-03-19T12:50:56,,,,,en,en,en,"Pierce_County,_Washington"
entity,en,"Comtat_de_Potter,_Texas","Comtat de Potter, Texas","County of Potter, Texas","Potter County, Texas","Potter County, Texas",0.9,0.6047,0.6047,1.0,0.0,0.0,1.0,"Potter County, Texas","Potter County, Texas",mt_vote,2026-03-19T12:50:56,,,,,en,en,en,"Potter_County,_Texas"
entity,en,"Comtat_de_Randall,_Texas","Comtat de Randall, Texas","Randall County, Texas","Randall County, Texas","Randall County, Texas",0.9,1.0,1.0,1.0,1.0,1.0,1.0,"Randall County, Texas","Randall County, Texas",mt_vote,2026-03-19T12:50:57,,,,,en,en,en,"Randall_County,_Texas"
entity,en,"Comtat_de_Steuben,_Indiana","Comtat de Steuben, Indiana","County of Steuben, Indiana","Steuben County, Indiana","Steuben County, Indiana",0.9,0.0,0.0,1.0,0.0,0.0,1.0,"Steuben County, Indiana","Steuben County, Indiana",mt_vote_revoted_gte_langfilter,2026-03-19T13:40:59,,0.9498633742332458,0.9498633742332458,salamandra,en,de,de,"Steuben_County,_Indiana"
entity,en,"Comtat_de_Summit,_Ohio","Comtat de Summit, Ohio","Summit County, Ohio","Summit County, Ohio","Summit County, Ohio",0.9,1.0,1.0,1.0,1.0,1.0,1.0,"Summit County, Ohio","Summit County, Ohio",mt_vote_revoted_gte_langfilter,2026-03-19T13:40:59,0.9307129383087158,0.9307129383087158,0.9307129383087158,nllb,de,de,de,"Summit_County,_Ohio"
entity,en,"Comtat_de_Tarrant,_Texas","Comtat de Tarrant, Texas","Tarrant County, Texas","Tarrant County, Texas","Tarrant County, Texas",0.9,1.0,1.0,1.0,1.0,1.0,1.0,"Tarrant County, Texas","Tarrant County, Texas",mt_vote_revoted_gte_langfilter,2026-03-19T13:40:59,0.9486005306243896,0.9486005306243896,0.9486005306243896,nllb,lt,lt,lt,"Tarrant_County,_Texas"
entity,en,"Comtat_de_Taylor,_Texas","Comtat de Taylor, Texas","Taylor County, Texas","Taylor County, Texas","Taylor County, Texas",0.9,1.0,1.0,1.0,1.0,1.0,1.0,"Taylor County, Texas","Taylor County, Texas",mt_vote_revoted_gte_langfilter,2026-03-19T13:40:59,0.906488597393036,0.906488597393036,0.906488597393036,nllb,ro,ro,ro,"Taylor_County,_Texas"
entity,en,"Comtat_de_Travis,_Texas","Comtat de Travis, Texas","County of Travis, Texas","Travis County, Texas","Travis County, Texas",0.9,0.6047,0.6047,1.0,0.0,0.0,1.0,"Travis County, Texas","Travis County, Texas",mt_vote,2026-03-19T12:51:01,,,,,en,en,en,"Travis_County,_Texas"
entity,en,"Comtat_de_Washtenaw,_Michigan","Comtat de Washtenaw, Michigan","Washtenaw County, Michigan","Washtenaw County, Michigan","Washtenaw County, Michigan",0.9,1.0,1.0,1.0,1.0,1.0,1.0,"Washtenaw County, Michigan","Washtenaw County, Michigan",mt_vote_revoted_gte_langfilter,2026-03-19T13:40:59,0.9243816137313844,0.9243816137313844,0.9243816137313844,nllb,de,de,de,"Washtenaw_County,_Michigan"
entity,en,"Comtat_de_Wayne,_Michigan","Comtat de Wayne, Michigan","Wayne County, Michigan","Wayne County, Michigan","Wayne County, Michigan",0.9,1.0,1.0,1.0,1.0,1.0,1.0,"Wayne County, Michigan","Wayne County, Michigan",mt_vote_revoted_gte_langfilter,2026-03-19T13:40:59,0.9088071584701538,0.9088071584701538,0.9088071584701538,nllb,fr,fr,fr,"Wayne_County,_Michigan"
entity,en,"Comtat_de_Williamson,_Texas","Comtat de Williamson, Texas","Williamson County, Texas","Williamson County, Texas","Williamson County, Texas",0.9,1.0,1.0,1.0,1.0,1.0,1.0,"Williamson County, Texas","Williamson County, Texas",mt_vote,2026-03-19T12:51:03,,,,,en,en,en,"Williamson_County,_Texas"
entity,en,Comtat_del_Tirol,Comtat del Tirol,County of Tyrol,Tyrol County,County of Tyrol,0.9,0.4444,1.0,0.4444,0.0,1.0,0.0,County of Tyrol,County of Tyrol,mt_vote,2026-03-19T12:51:04,,,,,en,en,en,County_of_Tyrol
entity,en,Comunitat_de_Madrid,Comunitat de Madrid,Community of Madrid,Community of Madrid,Community of Madrid,0.9,1.0,1.0,1.0,1.0,1.0,1.0,Community of Madrid,Community of Madrid,mt_vote,2026-03-19T12:51:04,,,,,en,en,en,Community_of_Madrid
entity,en,Condecoració_Territorial,Condecoració Territorial,Territorial decoration,Condecoración Territorial,Territorial decoration,0.9,0.4681,1.0,0.4681,0.0,1.0,0.0,Territorial decoration,Territorial decoration,mt_vote_revoted_gte_langfilter,2026-03-19T13:40:59,0.9086456298828124,0.9663297533988952,0.9086456298828124,salamandra,es,gl,es,Territorial_decoration
entity,en,Conferència_de_Futbol_201415,Conferència de Futbol 201415,Conference football 201415,Football Conference 201415,201415 Football Conference,0.9,0.6538,0.3846,0.7308,0.0,0.0,0.0,Football Conference 201415,Football Conference 201415,mt_vote,2026-03-19T12:51:06,,,,,en,en,en,Football_Conference_201415
entity,en,Congrés_dels_Estats_Units,Congrés dels Estats Units,United States Congress,United States Congress,United States Congress,0.9,1.0,1.0,1.0,1.0,1.0,1.0,United States Congress,United States Congress,mt_vote,2026-03-19T12:51:07,,,,,en,en,en,United_States_Congress
entity,en,Connecticut,Connecticut,Connecticut,Connecticut,Connecticut,0.9,1.0,1.0,1.0,1.0,1.0,1.0,Connecticut,Connecticut,mt_vote,2026-03-19T12:51:07,,,,,en,en,en,Connecticut
entity,en,Consell_Provincial_de_l'Est,Consell Provincial de l'Est,Eastern Provincial Council,Eastern Provincial Council,Eastern Provincial Council,0.9,1.0,1.0,1.0,1.0,1.0,1.0,Eastern Provincial Council,Eastern Provincial Council,mt_vote_revoted_gte_langfilter,2026-03-19T13:40:59,0.9016631245613098,0.9016631245613098,0.9016631245613098,nllb,es,es,es,Eastern_Provincial_Council
entity,en,Consell_de_la_ciutat_i_el_comtat_de_Limerick,Consell de la ciutat i el comtat de Limerick,Limerick City and County Council,Limerick City and County Council,Limerick City and County Council,0.9,1.0,1.0,1.0,1.0,1.0,1.0,Limerick City and County Council,Limerick City and County Council,mt_vote,2026-03-19T12:51:09,,,,,en,en,en,Limerick_City_and_County_Council
entity,en,Contraalmirall_de_l'Armada_Argentina,Contraalmirall de l'Armada Argentina,Rear Admiral of the Argentine Navy,Rear Admiral of the Argentine Navy,Rear Admiral of the Argentine Navy,0.9,1.0,1.0,1.0,1.0,1.0,1.0,Rear Admiral of the Argentine Navy,Rear Admiral of the Argentine Navy,mt_vote,2026-03-19T12:51:10,,,,,en,en,en,Rear_Admiral_of_the_Argentine_Navy
entity,en,Cookie,Cookie,This is Cookie.,Cookie,Cookie,0.9,0.5714,0.5714,1.0,0.0,0.0,1.0,Cookie,Cookie,mt_vote,2026-03-19T12:51:10,,,,,en,en,en,Cookie
entity,en,Copenhaguen,Copenhaguen,Copenhagen,Copenhagen,Copenhagen,0.9,1.0,1.0,1.0,1.0,1.0,1.0,Copenhagen,Copenhagen,mt_vote_revoted_gte_langfilter,2026-03-19T13:40:59,0.9161311984062196,0.9161311984062196,0.9161311984062196,nllb,pt,pt,pt,Copenhagen
entity,en,Cor_Porpra,Cor Porpra,Color Purple,Color Purple,Purple Heart,0.9,1.0,0.0,0.0,1.0,0.0,0.0,Color Purple,Color Purple,mt_vote_revoted_gte_langfilter,2026-03-19T13:40:59,0.6647906303405762,0.6647906303405762,,nllb,ro,ro,en,Color_Purple
entity,en,Cornell_Big_Red,Cornell Big Red,Cornell Big Red,Cornell Big Red,Cornell Big Red,0.9,1.0,1.0,1.0,1.0,1.0,1.0,Cornell Big Red,Cornell Big Red,mt_vote_revoted_gte_langfilter,2026-03-19T13:40:59,1.0000001192092896,1.0000001192092896,1.0000001192092896,nllb,sv,sv,sv,Cornell_Big_Red
entity,en,"Corvallis,_Oregon","Corvallis, Oregon","Corvallis, Oregon","Corvallis, OR","Corvallis, Oregon",0.9,0.8667,1.0,0.8667,0.0,1.0,0.0,"Corvallis, Oregon","Corvallis, Oregon",mt_vote_revoted_gte_langfilter,2026-03-19T13:40:59,1.0,0.9736778736114502,1.0,salamandra,fi,fi,fi,"Corvallis,_Oregon"
entity,en,Costa_Crociere,Costa Crociere,Costa Crociere,Costa Cruises,Costa Crociere,0.9,0.7407,1.0,0.7407,0.0,1.0,0.0,Costa Crociere,Costa Crociere,mt_vote_revoted_gte_langfilter,2026-03-19T13:40:59,1.0000001192092896,0.9568805694580078,1.0000001192092896,salamandra,de,fr,de,Costa_Crociere
entity,en,Cottage_(formatge),Cottage (formatge),Cottage (cheese),Cottage (cheese),Cottage (cheese),0.9,1.0,1.0,1.0,1.0,1.0,1.0,Cottage (cheese),Cottage (cheese),mt_vote_revoted_gte_langfilter,2026-03-19T13:40:59,0.7672432661056519,0.7672432661056519,0.7672432661056519,nllb,sv,sv,sv,Cottage_(cheese)
entity,en,Cotxe_de_luxe,Cotxe de luxe,Luxury car,Luxury car,Luxury car,0.9,1.0,1.0,1.0,1.0,1.0,1.0,Luxury car,Luxury car,mt_vote,2026-03-19T12:51:15,,,,,en,en,en,Luxury_car
entity,en,Cotxe_de_luxe_de_mida_completa,Cotxe de luxe de mida completa,Full-size luxury car,Full-sized luxury car,Full-size luxury car,0.9,0.9756,1.0,0.9756,1.0,1.0,1.0,Full-size luxury car,Full-size luxury car,mt_vote,2026-03-19T12:51:15,,,,,en,en,en,Full-size_luxury_car
entity,en,Cotxe_de_mida_completa,Cotxe de mida completa,Full-size car,Full-size car,Full-size car,0.9,1.0,1.0,1.0,1.0,1.0,1.0,Full-size car,Full-size car,mt_vote,2026-03-19T12:51:16,,,,,en,en,en,Full-size_car
entity,en,County_Manager,County Manager,County Manager,County Manager,County Manager,0.9,1.0,1.0,1.0,1.0,1.0,1.0,County Manager,County Manager,mt_vote,2026-03-19T12:51:16,,,,,en,en,en,County_Manager
entity,en,Coupé,Coupé,Coupé,Cut,Coupé,0.9,0.0,1.0,0.0,0.0,1.0,0.0,Coupé,Coupé,mt_vote_revoted_gte_langfilter,2026-03-19T13:40:59,1.0000001192092896,,1.0000001192092896,salamandra,fr,en,fr,Coupé
entity,en,Coupé_de_dues_portes,Coupé de dues portes,Two-door coupe,Two-door cut-out,Two-door coupe,0.9,0.8,1.0,0.8,0.0,1.0,0.0,Two-door coupe,Two-door coupe,mt_vote_revoted_gte_langfilter,2026-03-19T13:40:59,0.810387372970581,0.796728789806366,0.810387372970581,salamandra,nl,nl,nl,Two-door_coupe
entity,en,Courcouronnes,Courcouronnes,Cornflakes,Courcouronnes,Courcouronnes,0.9,0.0,0.0,1.0,0.0,0.0,1.0,Courcouronnes,Courcouronnes,mt_vote_revoted_gte_langfilter,2026-03-19T13:40:59,,1.0,1.0,salamandra,en,fr,fr,Courcouronnes
entity,en,Coventry,Coventry,Coventry,Coventry,Coventry,0.9,1.0,1.0,1.0,1.0,1.0,1.0,Coventry,Coventry,mt_vote,2026-03-19T12:51:19,,,,,en,en,en,Coventry
entity,en,"Covington,_Indiana","Covington, Indiana","Located in Covington, Indiana","Covington, Indiana","Covington, Indiana",0.9,0.766,0.766,1.0,0.0,0.0,1.0,"Covington, Indiana","Covington, Indiana",mt_vote,2026-03-19T12:51:19,,,,,en,en,en,"Covington,_Indiana"
entity,en,Creu_Militar,Creu Militar,Military Cross,Military Cross,Military Cross,0.9,1.0,1.0,1.0,1.0,1.0,1.0,Military Cross,Military Cross,mt_vote,2026-03-19T12:51:20,,,,,en,en,en,Military_Cross
entity,en,Creu_de_Valor_(Polònia),Creu de Valor (Polònia),Cross of Valour (Poland),Cross of Valor (Poland),Cross of Valour (Poland),0.9,0.9787,1.0,0.9787,1.0,1.0,1.0,Cross of Valour (Poland),Cross of Valour (Poland),mt_vote,2026-03-19T12:51:21,,,,,en,en,en,Cross_of_Valour_(Poland)
entity,en,Creu_de_la_Independència,Creu de la Independència,Creed of Independence,Cross of Independence,Independence Cross,0.9,0.8571,0.6154,0.6154,0.0,0.0,0.0,Creed of Independence,Creed of Independence,mt_vote,2026-03-19T12:51:21,,,,,en,en,en,Creed_of_Independence
entity,en,Crewe_Alexandra,Crewe Alexandra,Crewe Alexandra,Crewe Alexandra,Crewe Alexandra,0.9,1.0,1.0,1.0,1.0,1.0,1.0,Crewe Alexandra,Crewe Alexandra,mt_vote_revoted_gte_langfilter,2026-03-19T13:40:59,1.000000238418579,1.000000238418579,1.000000238418579,nllb,mg,mg,mg,Crewe_Alexandra
entity,en,Crida_Demòcrata_Cristiana,Crida Demòcrata Cristiana,Call of the Christian Democrat,Christian Democratic Appeal,Christian Democratic Appeal,0.9,0.6316,0.6316,1.0,0.0,0.0,1.0,Christian Democratic Appeal,Christian Democratic Appeal,mt_vote,2026-03-19T12:51:22,,,,,en,en,en,Christian_Democratic_Appeal
entity,en,Crucial_Blast,Crucial Blast,Crucial Blast,Crucial Blast,Crucial Blast,0.9,1.0,1.0,1.0,1.0,1.0,1.0,Crucial Blast,Crucial Blast,mt_vote,2026-03-19T12:51:23,,,,,en,en,en,Crucial_Blast
entity,en,Críona_Ní_Dhálaigh,Críona Ní Dhálaigh,Criona Ní Dhálaigh,Críona Ní Dhálaigh,Críona Ní Dhálaigh,0.9,0.9444,0.9444,1.0,1.0,1.0,1.0,Críona Ní Dhálaigh,Críona Ní Dhálaigh,mt_vote_revoted_gte_langfilter,2026-03-19T13:40:59,0.8867146968841553,1.0000001192092896,1.0000001192092896,madlad,cs,ga,ga,Críona_Ní_Dhálaigh
entity,en,Cubanelle,Cubanelle,Cubanelle,Cubanelle,Cubanelle,0.9,1.0,1.0,1.0,1.0,1.0,1.0,Cubanelle,Cubanelle,mt_vote_revoted_gte_langfilter,2026-03-19T13:40:59,1.0,1.0,1.0,nllb,it,it,it,Cubanelle
entity,en,Cuernavaca,Cuernavaca,Cornflakes,Cuernavaca,Cuernavaca,0.9,0.4,0.4,1.0,0.0,0.0,1.0,Cuernavaca,Cuernavaca,mt_vote,2026-03-19T12:51:25,,,,,en,en,en,Cuernavaca
entity,en,Cuina_javanesa,Cuina javanesa,Javanese cuisine,The Javanese Cuisine,Javanese cuisine,0.9,0.0,1.0,0.0,0.0,1.0,0.0,Javanese cuisine,Javanese cuisine,mt_vote_revoted_gte_langfilter,2026-03-19T13:40:59,0.8426018953323364,,0.8426018953323364,salamandra,ro,en,ro,Javanese_cuisine
entity,en,Cuina_malaia,Cuina malaia,Malaysian cuisine,The Malay cuisine,Malay cuisine,0.9,0.0,0.8667,0.0,0.0,0.0,0.0,Malay cuisine,Malay cuisine,mt_vote_revoted_gte_langfilter,2026-03-19T13:40:59,0.8913415670394897,,0.920851707458496,salamandra,it,en,it,Malay_cuisine
entity,en,Cuinar_plàtan,Cuinar plàtan,Cooking bananas,Cooking Banana,Cooking Banana,0.9,0.0,0.0,0.0,0.0,0.0,0.0,Cooking bananas,Cooking bananas,mt_vote_revoted_gte_langfilter,2026-03-19T13:40:59,0.6339972019195557,,,nllb,lv,en,en,Cooking_bananas
entity,en,Cultivar_l'_excel·_lència,Cultivar l' excel· lència,Cultivating Excellence,Cultivating Excellence,Cultivating excellence,0.9,1.0,1.0,1.0,1.0,1.0,1.0,Cultivating excellence,Cultivating excellence,mt_vote_revoted_gte_langfilter,2026-03-19T13:40:59,0.8135197758674622,0.8135197758674622,0.8412978053092957,salamandra,de,de,de,Cultivating_excellence
entity,en,Curitiba,Curitiba,Curitiba,Curitiba,Curitiba,0.9,1.0,1.0,1.0,1.0,1.0,1.0,Curitiba,Curitiba,mt_vote,2026-03-19T12:51:28,,,,,en,en,en,Curitiba
entity,en,Cyril_Bruce,Cyril Bruce,Cyril Bruce,Cyril Bruce,Cyril Bruce,0.9,1.0,1.0,1.0,1.0,1.0,1.0,Cyril Bruce,Cyril Bruce,mt_vote,2026-03-19T12:51:29,,,,,en,en,en,Cyril_Bruce
entity,en,Cyril_Frankel,Cyril Frankel,Cyril Frankel,Cyril Frankel,Cyril Frankel,0.9,1.0,1.0,1.0,1.0,1.0,1.0,Cyril Frankel,Cyril Frankel,mt_vote,2026-03-19T12:51:30,,,,,en,en,en,Cyril_Frankel
entity,en,Cyril_Ramaphosa,Cyril Ramaphosa,Cyril Ramaphosa,Cyril Ramaphosa,Cyril Ramaphosa,0.9,1.0,1.0,1.0,1.0,1.0,1.0,Cyril Ramaphosa,Cyril Ramaphosa,mt_vote,2026-03-19T12:51:30,,,,,en,en,en,Cyril_Ramaphosa
entity,en,"Cyrus_Vance,_Jr.","Cyrus Vance, Jr.","This is Cyrus Vance, Jr.","Cyrus Vance, Jr.","Cyrus Vance, Jr.",0.9,0.8,0.8,1.0,0.0,0.0,1.0,"Cyrus Vance, Jr.","Cyrus Vance, Jr.",mt_vote,2026-03-19T12:51:31,,,,,en,en,en,"Cyrus_Vance,_Jr."
entity,en,Cármen_Lúcia,Cármen Lúcia,Carmen Lúcia,Cármen Lúcia,Carmen Lucia,0.9,0.9167,0.0,0.0,1.0,0.0,0.0,Cármen Lúcia,Cármen Lúcia,mt_vote_revoted_gte_langfilter,2026-03-19T13:40:59,0.8985995650291443,1.000000238418579,,madlad,sk,ga,en,Cármen_Lúcia
entity,en,Câmpia_Turzii,Câmpia Turzii,Campi Turzii,Campia Turzii,Câmpia Turzii,0.9,0.96,0.88,0.9231,1.0,0.0,1.0,Câmpia Turzii,Câmpia Turzii,mt_vote_revoted_gte_langfilter,2026-03-19T13:40:59,0.8711751699447632,0.8602811098098755,1.000000238418579,salamandra,pl,pl,ro,Câmpia_Turzii
entity,en,"DL1,_DL2,_DL3","DL1, DL2, DL3","DL1, DL2, DL3","DL1, DL2, DL3","DL1, DL2, DL3",0.9,1.0,1.0,1.0,1.0,1.0,1.0,"DL1, DL2, DL3","DL1, DL2, DL3",mt_vote,2026-03-19T12:51:34,,,,,en,en,en,"DL1,_DL2,_DL3"
entity,en,"Dale,_Wisconsin","Dale, Wisconsin","Dale, Wisconsin","Dale, Wisconsin","Dale, Wisconsin",0.9,1.0,1.0,1.0,1.0,1.0,1.0,"Dale, Wisconsin","Dale, Wisconsin",mt_vote,2026-03-19T12:51:34,,,,,en,en,en,"Dale,_Wisconsin"
entity,en,Dale_Tallon,Dale Tallon,It was Dale Tallon.,Dale Tallon,Dale Tallon,0.9,0.0,0.0,1.0,0.0,0.0,1.0,Dale Tallon,Dale Tallon,mt_vote_revoted_gte_langfilter,2026-03-19T13:40:59,,1.0,1.0,salamandra,en,it,it,Dale_Tallon
entity,en,Dallas,Dallas,Dallas is,Dallas,Dallas,0.9,0.0,0.0,1.0,0.0,0.0,1.0,Dallas,Dallas,mt_vote_revoted_gte_langfilter,2026-03-19T13:40:59,,1.0,1.0,salamandra,en,it,it,Dallas
entity,en,"Damon_Wayans,_Jr.","Damon Wayans, Jr.","Damon Wayans, Jr.","Damon Wayans, Jr.","Damon Wayans, Jr.",0.9,1.0,1.0,1.0,1.0,1.0,1.0,"Damon Wayans, Jr.","Damon Wayans, Jr.",mt_vote_revoted_gte_langfilter,2026-03-19T13:40:59,1.0,1.0,1.0,nllb,id,id,id,"Damon_Wayans,_Jr."
entity,en,Dan_Horrigan,Dan Horrigan,Dan Horrigan,Dan Horrigan,Dan Horrigan,0.9,1.0,1.0,1.0,1.0,1.0,1.0,Dan Horrigan,Dan Horrigan,mt_vote,2026-03-19T12:51:37,,,,,en,en,en,Dan_Horrigan
entity,en,Dan_Mishkin,Dan Mishkin,Dan Mishkin,Dan Mishkin,Dan Mishkin,0.9,1.0,1.0,1.0,1.0,1.0,1.0,Dan Mishkin,Dan Mishkin,mt_vote,2026-03-19T12:51:38,,,,,en,en,en,Dan_Mishkin
entity,en,Dan_Quinn_(futbol_americà),Dan Quinn (futbol americà),Dan Quinn (football player),Dan Quinn (American football),Dan Quinn (American football),0.9,0.7143,0.7143,1.0,0.0,0.0,1.0,Dan Quinn (American football),Dan Quinn (American football),mt_vote,2026-03-19T12:51:38,,,,,en,en,en,Dan_Quinn_(American_football)
entity,en,Dane_Whitman,Dane Whitman,Dane whitman,Dane Whitman,Dane Whitman,0.9,1.0,1.0,1.0,1.0,1.0,1.0,Dane whitman,Dane whitman,mt_vote,2026-03-19T12:51:39,,,,,en,en,en,Dane_whitman
entity,en,Dane_Whitman_Black_Knight_(personatge_de_còmic),Dane Whitman Black Knight (personatge de còmic),Dane Whitman Black Knight (comic book character),Dane Whitman Black Knight (comic character),Dane Whitman Black Knight (comic book character),0.9,0.9451,1.0,0.9451,1.0,1.0,1.0,Dane Whitman Black Knight (comic book character),Dane Whitman Black Knight (comic book character),mt_vote,2026-03-19T12:51:40,,,,,en,en,en,Dane_Whitman_Black_Knight_(comic_book_character)
entity,en,Daniel_Gould_Fowle,Daniel Gould Fowle,Daniel Gould Fowle,Daniel Gould Fowle,Daniel Gould Fowle,0.9,1.0,1.0,1.0,1.0,1.0,1.0,Daniel Gould Fowle,Daniel Gould Fowle,mt_vote,2026-03-19T12:51:41,,,,,en,en,en,Daniel_Gould_Fowle
entity,en,Daniel_Martínez_(polític),Daniel Martínez (polític),Daniel Martínez (politician),Daniel Martínez (politician),Daniel Martínez (politician),0.9,1.0,1.0,1.0,1.0,1.0,1.0,Daniel Martínez (politician),Daniel Martínez (politician),mt_vote_revoted_gte_langfilter,2026-03-19T13:40:59,0.9621654748916626,0.9621654748916626,0.9621654748916626,nllb,es,es,es,Daniel_Martínez_(politician)
entity,en,Daniel_Webster,Daniel Webster,This is Daniel Webster.,Daniel Webster,Daniel Webster,0.9,0.0,0.0,1.0,0.0,0.0,1.0,Daniel Webster,Daniel Webster,mt_vote_revoted_gte_langfilter,2026-03-19T13:40:59,,1.0,1.0,salamandra,en,fr,fr,Daniel_Webster
entity,en,Daniele_Zoratto,Daniele Zoratto,This is Daniele Zoratto.,Daniele Zoratto,Daniele Zoratto,0.9,0.0,0.0,1.0,0.0,0.0,1.0,Daniele Zoratto,Daniele Zoratto,mt_vote_revoted_gte_langfilter,2026-03-19T13:40:59,,1.0000001192092896,1.0000001192092896,salamandra,en,it,it,Daniele_Zoratto
entity,en,Danielle_Harris,Danielle Harris,This is Danielle Harris.,Danielle Harris,Danielle Harris,0.9,0.0,0.0,1.0,0.0,0.0,1.0,Danielle Harris,Danielle Harris,mt_vote_revoted_gte_langfilter,2026-03-19T13:40:59,,1.0,1.0,salamandra,en,fr,fr,Danielle_Harris
entity,en,"Darien,_Connecticut","Darien, Connecticut","Darien, from Connecticut","Darien, Connecticut","Darien, Connecticut",0.9,0.0,0.0,1.0,0.0,0.0,1.0,"Darien, Connecticut","Darien, Connecticut",mt_vote_revoted_gte_langfilter,2026-03-19T13:40:59,,1.0000001192092896,1.0000001192092896,salamandra,en,de,de,"Darien,_Connecticut"
entity,en,Darinka_Dentcheva,Darinka Dentcheva,This is Darinka Dentcheva.,Darinka Dencheva,Darinka Dentcheva,0.9,0.0,0.0,0.9697,0.0,0.0,1.0,Darinka Dentcheva,Darinka Dentcheva,mt_vote_revoted_gte_langfilter,2026-03-19T13:40:59,,0.9842936992645264,1.0,salamandra,en,da,da,Darinka_Dentcheva
entity,en,Darlington,Darlington,This is Darlington.,Darlington,Darlington,0.9,0.6897,0.6897,1.0,0.0,0.0,1.0,Darlington,Darlington,mt_vote,2026-03-19T12:51:46,,,,,en,en,en,Darlington
entity,en,Das_Lied_der_Deutschen,Das Lied der Deutschen,Das Lied der Deutschen (The song of the German people),The Song of the Germans,Das Lied der Deutschen,0.9,0.0,0.0,0.0,0.0,0.0,0.0,Das Lied der Deutschen,Das Lied der Deutschen,mt_vote_revoted_gte_langfilter,2026-03-19T13:40:59,,,0.9999998807907104,salamandra,en,en,de,Das_Lied_der_Deutschen
entity,en,Dave_Challinor,Dave Challinor,Dave Challinor,Dave Challinor,Dave Challinor,0.9,1.0,1.0,1.0,1.0,1.0,1.0,Dave Challinor,Dave Challinor,mt_vote,2026-03-19T12:51:47,,,,,en,en,en,Dave_Challinor
entity,en,Dave_Laughlin,Dave Laughlin,Dave Laughlin,Dave Laughlin,Dave Laughlin,0.9,1.0,1.0,1.0,1.0,1.0,1.0,Dave Laughlin,Dave Laughlin,mt_vote,2026-03-19T12:51:48,,,,,en,en,en,Dave_Laughlin
entity,en,David_Cameron,David Cameron,This is David Cameron.,David Cameron,David Cameron,0.9,0.0,0.0,1.0,0.0,0.0,1.0,David Cameron,David Cameron,mt_vote_revoted_gte_langfilter,2026-03-19T13:40:59,,1.0000001192092896,1.0000001192092896,salamandra,en,sv,sv,David_Cameron
entity,en,David_Randolph_Scott,David Randolph Scott,This is David Randolph Scott.,David Randolph Scott,David Randolph Scott,0.9,0.8163,0.8163,1.0,0.0,0.0,1.0,David Randolph Scott,David Randolph Scott,mt_vote,2026-03-19T12:51:49,,,,,en,en,en,David_Randolph_Scott
entity,en,David_Sainsbury,David Sainsbury,This is David Sainsbury.,David Sainsbury,David Sainsbury,0.9,0.0,0.0,1.0,0.0,0.0,1.0,David Sainsbury,David Sainsbury,mt_vote_revoted_gte_langfilter,2026-03-19T13:40:59,,1.0,1.0,salamandra,en,sv,sv,David_Sainsbury
entity,en,David_Weber,David Weber,This is David Weber.,David Weber,David Weber,0.9,0.0,0.0,1.0,0.0,0.0,1.0,David Weber,David Weber,mt_vote_revoted_gte_langfilter,2026-03-19T13:40:59,,1.0,1.0,salamandra,en,de,de,David_Weber
entity,en,Dayton_Dutch_Lions,Dayton Dutch Lions,Dayton Dutch Lions,Dayton Dutch Lions,Dayton Dutch Lions,0.9,1.0,1.0,1.0,1.0,1.0,1.0,Dayton Dutch Lions,Dayton Dutch Lions,mt_vote,2026-03-19T12:51:51,,,,,en,en,en,Dayton_Dutch_Lions
entity,en,DeSoto_(automòbil),DeSoto (automòbil),DeSoto (motorcycle),DeSoto (car),DeSoto (car),0.9,0.6452,0.6452,1.0,0.0,0.0,1.0,DeSoto (car),DeSoto (car),mt_vote,2026-03-19T12:51:52,,,,,en,en,en,DeSoto_(car)
entity,en,DeSoto_Firedome,DeSoto Firedome,The DeSoto Firedome,DeSoto Firedome,DeSoto Firedome,0.9,0.8824,0.8824,1.0,0.0,0.0,1.0,DeSoto Firedome,DeSoto Firedome,mt_vote,2026-03-19T12:51:53,,,,,en,en,en,DeSoto_Firedome
entity,en,DeSoto_a_mida,DeSoto a mida,DeSoto to measure,Custom DeSoto,DeSoto in size,0.9,0.0,0.0,0.0,0.0,0.0,0.0,DeSoto in size,DeSoto in size,mt_vote_revoted_gte_langfilter,2026-03-19T13:40:59,,,0.8524909019470215,salamandra,en,en,it,DeSoto_in_size
entity,en,Debbie_Wasserman_Schultz,Debbie Wasserman Schultz,This is Debbie Wasserman Schultz.,Debbie Wasserman Schultz,Debbie Wasserman Schultz,0.9,0.0,0.0,1.0,0.0,0.0,1.0,Debbie Wasserman Schultz,Debbie Wasserman Schultz,mt_vote_revoted_gte_langfilter,2026-03-19T13:40:59,,1.0,1.0,salamandra,en,de,de,Debbie_Wasserman_Schultz
entity,en,Defensor_(futbol),Defensor (futbol),Defender (soccer),Defender (soccer),Defender (football),0.9,1.0,0.6667,0.6667,1.0,0.0,0.0,Defender (soccer),Defender (soccer),mt_vote_revoted_gte_langfilter,2026-03-19T13:40:59,0.923880696296692,0.923880696296692,0.928101658821106,nllb,de,de,de,Defender_(soccer)
entity,en,Defunció,Defunció,Deceased,Death,Death,0.9,0.4615,0.4615,1.0,0.0,0.0,1.0,Death,Death,mt_vote,2026-03-19T12:51:56,,,,,en,en,en,Death
entity,en,Deixa_que_es_reprodueixi,Deixa que es reprodueixi,Let it reproduce.,Let Play,Leave it to play,0.9,0.4,0.4242,0.6667,0.0,0.0,0.0,Leave it to play,Leave it to play,mt_vote,2026-03-19T12:51:56,,,,,en,en,en,Leave_it_to_play
entity,en,Delfino_Pescara,Delfino Pescara,Delfino fish,Delfino Pescara,Delfino Pescara,0.9,0.6667,0.6667,1.0,0.0,0.0,1.0,Delfino Pescara,Delfino Pescara,mt_vote_revoted_gte_langfilter,2026-03-19T13:40:59,0.7991983890533447,1.0,1.0,salamandra,it,it,it,Delfino_Pescara
entity,en,Delta_II,Delta II,The Delta II,Delta II,Delta II,0.9,0.0,0.0,1.0,0.0,0.0,1.0,Delta II,Delta II,mt_vote_revoted_gte_langfilter,2026-03-19T13:40:59,,1.0,1.0,salamandra,en,fi,fi,Delta_II
entity,en,"Demak_Jaya,_Jalan_Bako,_Kuching,_Sarawak","Demak Jaya, Jalan Bako, Kuching, Sarawak","Demak Jaya, Jalan Bako, Kuching, Sarawak This is a list of places in Sarawak.","Demak Jaya, Jalan Bako, Kuching, Sarawak","Demak Jaya, Jalan Bako, Kuching, Sarawak",0.9,0.0,0.0,1.0,0.0,0.0,1.0,"Demak Jaya, Jalan Bako, Kuching, Sarawak","Demak Jaya, Jalan Bako, Kuching, Sarawak",mt_vote_revoted_gte_langfilter,2026-03-19T13:40:59,,1.0000001192092896,1.0000001192092896,salamandra,en,tl,tl,"Demak_Jaya,_Jalan_Bako,_Kuching,_Sarawak"
entity,en,Demo_2004_(àlbum_Year_of_No_Light),Demo 2004 (àlbum Year of No Light),Demo 2004 (from the album Year of No Light),Demo 2004 (album Year of No Light),Demo 2004 (Year of No Light album),0.9,0.8831,0.7273,0.8235,0.0,0.0,0.0,Demo 2004 (album Year of No Light),Demo 2004 (album Year of No Light),mt_vote,2026-03-19T12:52:00,,,,,en,en,en,Demo_2004_(album_Year_of_No_Light)
entity,en,"Denham,_Buckinghamshire","Denham, Buckinghamshire","This is Denham, Buckinghamshire","Denham, Buckinghamshire","Denham, Buckinghamshire",0.9,0.0,0.0,1.0,0.0,0.0,1.0,"Denham, Buckinghamshire","Denham, Buckinghamshire",mt_vote_revoted_gte_langfilter,2026-03-19T13:40:59,,1.0,1.0,salamandra,en,de,de,"Denham,_Buckinghamshire"
entity,en,Dennis_William_Sciama,Dennis William Sciama,Dennis William Sciama,Dennis William Sciama,Dennis William Sciama,0.9,1.0,1.0,1.0,1.0,1.0,1.0,Dennis William Sciama,Dennis William Sciama,mt_vote,2026-03-19T12:52:02,,,,,en,en,en,Dennis_William_Sciama
entity,en,Denzil_Antonio,Denzil Antonio,This is Denzil Antonio.,Denzil Antonio,Denzil Antonio,0.9,0.0,0.0,1.0,0.0,0.0,1.0,Denzil Antonio,Denzil Antonio,mt_vote_revoted_gte_langfilter,2026-03-19T13:40:59,,1.0,1.0,salamandra,en,it,it,Denzil_Antonio
entity,en,Departament_d'Antioquia,Departament d'Antioquia,Department of Antioch,Departamento de Antioquia,Department of Antioquia,0.9,0.0,0.0,0.0,0.0,0.0,0.0,Departamento de Antioquia,Departamento de Antioquia,mt_vote_revoted_gte_langfilter,2026-03-19T13:40:59,,0.9765725135803224,,madlad,en,pt,en,Departamento_de_Antioquia
entity,en,Departament_flamenc_de_Mobilitat_i_Obras_Públiques,Departament flamenc de Mobilitat i Obras Públiques,Flemish Department of Mobility and Public Works,Flemish Department of Mobility and Public Works,Flemish Department of Mobility and Public Works,0.9,1.0,1.0,1.0,1.0,1.0,1.0,Flemish Department of Mobility and Public Works,Flemish Department of Mobility and Public Works,mt_vote,2026-03-19T12:52:04,,,,,en,en,en,Flemish_Department_of_Mobility_and_Public_Works
entity,en,Deptford,Deptford,Deptford,Deptford,Deptford,0.9,1.0,1.0,1.0,1.0,1.0,1.0,Deptford,Deptford,mt_vote,2026-03-19T12:52:05,,,,,en,en,en,Deptford
entity,en,Deram_Records,Deram Records,It was released by Deram Records.,Deram Records,Deram Records,0.9,0.0,0.0,1.0,0.0,0.0,1.0,Deram Records,Deram Records,mt_vote_revoted_gte_langfilter,2026-03-19T13:40:59,,1.0,1.0,salamandra,en,de,de,Deram_Records
entity,en,Derbyshire,Derbyshire,Derbyshire,Derbyshire,Derbyshire,0.9,1.0,1.0,1.0,1.0,1.0,1.0,Derbyshire,Derbyshire,mt_vote_revoted_gte_langfilter,2026-03-19T13:40:59,1.0000001192092896,1.0000001192092896,1.0000001192092896,nllb,de,de,de,Derbyshire
entity,en,Derbyshire_Dales,Derbyshire Dales,Derbyshire Dales,Derbyshire Dales,Derbyshire Dales,0.9,1.0,1.0,1.0,1.0,1.0,1.0,Derbyshire Dales,Derbyshire Dales,mt_vote_revoted_gte_langfilter,2026-03-19T13:40:59,1.0000001192092896,1.0000001192092896,1.0000001192092896,nllb,fr,fr,fr,Derbyshire_Dales
entity,en,Desembre_de_2008,Desembre de 2008,December of 2008,December 2008,December 2008,0.9,0.8966,0.8966,1.0,0.0,0.0,1.0,December 2008,December 2008,mt_vote,2026-03-19T12:52:07,,,,,en,en,en,December_2008
entity,en,Detroit,Detroit,Detroit,Detroit,Detroit,0.9,1.0,1.0,1.0,1.0,1.0,1.0,Detroit,Detroit,mt_vote_revoted_gte_langfilter,2026-03-19T13:40:59,1.0000001192092896,1.0000001192092896,1.0000001192092896,nllb,fr,fr,fr,Detroit
entity,en,"Deșteaptă-te,_române!","Deșteaptă-te, române!","Whoa, whoa, whoa, whoa, whoa, whoa, whoa, whoa, whoa!","Wake up, Romanians!","Wake up, Romanian!",0.9,0.2222,0.2254,0.973,0.0,0.0,1.0,"Wake up, Romanians!","Wake up, Romanians!",mt_vote,2026-03-19T12:52:09,,,,,en,en,en,"Wake_up,_Romanians!"
entity,en,Diagrama_de_Penrose-Carter,Diagrama de Penrose-Carter,The Penrose-Carter diagram is an example of such a diagram.,Penrose-Carter Diagram,Penrose-Carter diagram,0.9,0.0,0.0,0.0,0.0,0.0,0.0,Penrose-Carter diagram,Penrose-Carter diagram,mt_vote_revoted_gte_langfilter,2026-03-19T13:40:59,,,0.9432551860809326,salamandra,en,en,de,Penrose-Carter_diagram
entity,en,Diane_Duane,Diane Duane,Diane Duane,Diane Duane,Diane Duane,0.9,1.0,1.0,1.0,1.0,1.0,1.0,Diane Duane,Diane Duane,mt_vote_revoted_gte_langfilter,2026-03-19T13:40:59,0.9999999403953552,0.9999999403953552,0.9999999403953552,nllb,pl,pl,pl,Diane_Duane
entity,en,Dianne_Feinstein,Dianne Feinstein,Dianne Feinstein,Dianne Feinstein,Dianne Feinstein,0.9,1.0,1.0,1.0,1.0,1.0,1.0,Dianne Feinstein,Dianne Feinstein,mt_vote_revoted_gte_langfilter,2026-03-19T13:40:59,1.0,1.0,1.0,nllb,de,de,de,Dianne_Feinstein
entity,en,Dick_Dillin,Dick Dillin,Dick Dillin,Dick Dillin,Dick Dillin,0.9,1.0,1.0,1.0,1.0,1.0,1.0,Dick Dillin,Dick Dillin,mt_vote,2026-03-19T12:52:12,,,,,en,en,en,Dick_Dillin
entity,en,Die_Wacht_am_Rhein,Die Wacht am Rhein,The Wacht on the Rhine,The Watch on the Rhine,Die Wacht am Rhein,0.9,0.0,0.0,0.0,0.0,0.0,0.0,Die Wacht am Rhein,Die Wacht am Rhein,mt_vote_revoted_gte_langfilter,2026-03-19T13:40:59,,,1.0000001192092896,salamandra,en,en,de,Die_Wacht_am_Rhein
entity,en,Diego_Santilli,Diego Santilli,It was Diego Santilli.,Diego Santilli,Diego Santilli,0.9,0.7778,0.7778,1.0,0.0,0.0,1.0,Diego Santilli,Diego Santilli,mt_vote,2026-03-19T12:52:14,,,,,en,en,en,Diego_Santilli
entity,en,Diemen,Diemen,Diemen,Diemen,Diemen,0.9,1.0,1.0,1.0,1.0,1.0,1.0,Diemen,Diemen,mt_vote_revoted_gte_langfilter,2026-03-19T13:40:59,1.0,1.0,1.0,nllb,de,de,de,Diemen
entity,en,Dieter_Hecking,Dieter Hecking,Dieter Hecking,Dieter Hecking,Dieter Hecking,0.9,1.0,1.0,1.0,1.0,1.0,1.0,Dieter Hecking,Dieter Hecking,mt_vote_revoted_gte_langfilter,2026-03-19T13:41:00,1.0000001192092896,1.0000001192092896,1.0000001192092896,nllb,de,de,de,Dieter_Hecking
entity,en,"Digify,_Inc.","Digify, Inc.","Digify, Inc.","Digify, Inc.","Digify, Inc.",0.9,1.0,1.0,1.0,1.0,1.0,1.0,"Digify, Inc.","Digify, Inc.",mt_vote,2026-03-19T12:52:16,,,,,en,en,en,"Digify,_Inc."
entity,en,Dijon,Dijon,He says,Dijon,Dijon,0.9,0.0,0.0,1.0,0.0,0.0,1.0,Dijon,Dijon,mt_vote_revoted_gte_langfilter,2026-03-19T13:41:00,,1.0000001192092896,1.0000001192092896,salamandra,en,mt,mt,Dijon
entity,en,Diliman,Diliman,Diliman,Diliman,Diliman,0.9,1.0,1.0,1.0,1.0,1.0,1.0,Diliman,Diliman,mt_vote,2026-03-19T12:52:17,,,,,en,en,en,Diliman
entity,en,Dinamarca,Dinamarca,Denmark,Denmark. 1996,Denmark,0.9,0.7,1.0,0.7,0.0,1.0,0.0,Denmark,Denmark,mt_vote_revoted_gte_langfilter,2026-03-19T13:41:00,0.9800090789794922,0.8148759603500366,0.9800090789794922,salamandra,tr,tr,tr,Denmark
entity,en,Disc_d'Odeon,Disc d'Odeon,Disc by Odeon,Odeon Disc,Odeon disc,0.9,0.0,0.0,0.0,0.0,0.0,0.0,Odeon disc,Odeon disc,mt_vote_revoted_gte_langfilter,2026-03-19T13:41:00,,,0.9363141059875488,salamandra,en,en,de,Odeon_disc
entity,en,Discos_Osmosys,Discos Osmosys,Osmosis records,Osmosys discs,Osmosys discs,0.9,0.0,0.0,1.0,0.0,0.0,1.0,Osmosys discs,Osmosys discs,mt_vote_revoted_gte_langfilter,2026-03-19T13:41:00,,0.9406582117080688,0.9406582117080688,salamandra,en,fr,fr,Osmosys_discs
entity,en,Disseny_de_motor_davanter,Disseny de motor davanter,Front engine design,Front Engine Design,Front engine design,0.9,0.0,1.0,0.0,0.0,1.0,0.0,Front engine design,Front engine design,mt_vote_revoted_gte_langfilter,2026-03-19T13:41:00,0.8139066696166992,,0.8139066696166992,salamandra,fr,en,fr,Front_engine_design
entity,en,Districte_11_de_l'Assemblea_Estatal_de_Califòrnia,Districte 11 de l'Assemblea Estatal de Califòrnia,Eleventh district of the California State Assembly,California State Assembly District 11,California State Assembly District 11,0.9,0.5747,0.5747,1.0,0.0,0.0,1.0,California State Assembly District 11,California State Assembly District 11,mt_vote,2026-03-19T12:52:20,,,,,en,en,en,California_State_Assembly_District_11
entity,en,Districtes_històrics_dels_Estats_Units,Districtes històrics dels Estats Units,Historic districts of the United States,Historic districts of the United States,Historic Districts of the United States,0.9,1.0,1.0,1.0,1.0,1.0,1.0,Historic districts of the United States,Historic districts of the United States,mt_vote,2026-03-19T12:52:21,,,,,en,en,en,Historic_districts_of_the_United_States
entity,en,Dnipropetrovsk,Dnipropetrovsk,Dnipropetrovsk,Dnipropetrovsk,Dnipropetrovsk,0.9,1.0,1.0,1.0,1.0,1.0,1.0,Dnipropetrovsk,Dnipropetrovsk,mt_vote,2026-03-19T12:52:22,,,,,en,en,en,Dnipropetrovsk
entity,en,Dodge,Dodge,Dodge,Dodge,Dodge,0.9,1.0,1.0,1.0,1.0,1.0,1.0,Dodge,Dodge,mt_vote,2026-03-19T12:52:22,,,,,en,en,en,Dodge
entity,en,Dodge_Coronet,Dodge Coronet,The Dodge Coronet,Dodge Coronet,Dodge Coronet,0.9,0.8667,0.8667,1.0,0.0,0.0,1.0,Dodge Coronet,Dodge Coronet,mt_vote,2026-03-19T12:52:23,,,,,en,en,en,Dodge_Coronet
entity,en,Dodge_Custom_Royal,Dodge Custom Royal,This is a Dodge Custom Royal.,Dodge Custom Royal,Dodge Custom Royal,0.9,0.766,0.766,1.0,0.0,0.0,1.0,Dodge Custom Royal,Dodge Custom Royal,mt_vote,2026-03-19T12:52:24,,,,,en,en,en,Dodge_Custom_Royal
entity,en,Dodge_Suburban,Dodge Suburban,Dodge Suburban,Dodge Suburban,Dodge Suburban,0.9,1.0,1.0,1.0,1.0,1.0,1.0,Dodge Suburban,Dodge Suburban,mt_vote,2026-03-19T12:52:24,,,,,en,en,en,Dodge_Suburban
entity,en,Dodge_de_1955,Dodge de 1955,Dodge from 1955,1955 Dodge,1955 Dodge,0.9,0.4,0.4,1.0,0.0,0.0,1.0,1955 Dodge,1955 Dodge,mt_vote,2026-03-19T12:52:25,,,,,en,en,en,1955_Dodge
entity,en,Doesburg,Doesburg,Doesburg,Doesburg,Doesburg,0.9,1.0,1.0,1.0,1.0,1.0,1.0,Doesburg,Doesburg,mt_vote,2026-03-19T12:52:26,,,,,en,en,en,Doesburg
entity,en,Don_Guardian,Don Guardian,Don the Guardian,Don Guardian,Don Guardian,0.9,0.8571,0.8571,1.0,0.0,0.0,1.0,Don Guardian,Don Guardian,mt_vote,2026-03-19T12:52:26,,,,,en,en,en,Don_Guardian
entity,en,Don_Sweeney,Don Sweeney,Don Sweeney,Don Sweeney,Don Sweeney,0.9,1.0,1.0,1.0,1.0,1.0,1.0,Don Sweeney,Don Sweeney,mt_vote,2026-03-19T12:52:27,,,,,en,en,en,Don_Sweeney
entity,en,Don_Tripp,Don Tripp,Don Tripp,Don Tripp,Don Tripp,0.9,1.0,1.0,1.0,1.0,1.0,1.0,Don Tripp,Don Tripp,mt_vote,2026-03-19T12:52:28,,,,,en,en,en,Don_Tripp
entity,en,Donabate,Donabate,Donated,Donabate,Donabate,0.9,0.8,0.8,1.0,0.0,0.0,1.0,Donabate,Donabate,mt_vote,2026-03-19T12:52:28,,,,,en,en,en,Donabate
entity,en,Donal_O'Ceallaigh,Donal O'Ceallaigh,Donal O'Ceallaigh,Donal O'Ceallaigh,Donal O'Ceallaigh,0.9,1.0,1.0,1.0,1.0,1.0,1.0,Donal O'Ceallaigh,Donal O'Ceallaigh,mt_vote,2026-03-19T12:52:29,,,,,en,en,en,Donal_O'Ceallaigh
entity,en,Donald_J._Irwin,Donald J. Irwin,This is Donald J. Irwin.,Donald J. Irwin,Donald J. Irwin,0.9,0.7692,0.7692,1.0,0.0,0.0,1.0,Donald J. Irwin,Donald J. Irwin,mt_vote,2026-03-19T12:52:30,,,,,en,en,en,Donald_J._Irwin
entity,en,Doris_Bures,Doris Bures,Doris Bures,Doris Bures,Doris Bures,0.9,1.0,1.0,1.0,1.0,1.0,1.0,Doris Bures,Doris Bures,mt_vote,2026-03-19T12:52:31,,,,,en,en,en,Doris_Bures
entity,en,"Dothan,_Alabama","Dothan, Alabama","This is Dothan, Alabama.","Dothan, Alabama","Dothan, Alabama",0.9,0.7692,0.7692,1.0,0.0,0.0,1.0,"Dothan, Alabama","Dothan, Alabama",mt_vote,2026-03-19T12:52:31,,,,,en,en,en,"Dothan,_Alabama"
entity,en,Doug_Moench,Doug Moench,Doug Moench,Doug Moench,Doug Moench,0.9,1.0,1.0,1.0,1.0,1.0,1.0,Doug Moench,Doug Moench,mt_vote,2026-03-19T12:52:32,,,,,en,en,en,Doug_Moench
entity,en,Douglas_R._Oberhelman,Douglas R. Oberhelman,Written and directed by Douglas R. Oberhelman,Douglas R. Oberhelman,Douglas R. Oberhelman,0.9,0.0,0.0,1.0,0.0,0.0,1.0,Douglas R. Oberhelman,Douglas R. Oberhelman,mt_vote_revoted_gte_langfilter,2026-03-19T13:41:00,,0.9999999403953552,0.9999999403953552,salamandra,en,de,de,Douglas_R._Oberhelman
entity,en,Dr._G._P._Prabhukumar,Dr. G. P. Prabhukumar,Dr. G. P. Prabhukumar,Dr. G. P. Prabhukumar,Dr. G. P. Prabhukumar,0.9,1.0,1.0,1.0,1.0,1.0,1.0,Dr. G. P. Prabhukumar,Dr. G. P. Prabhukumar,mt_vote_revoted_gte_langfilter,2026-03-19T13:41:00,1.0,1.0,1.0,nllb,id,id,id,Dr._G._P._Prabhukumar
entity,en,Drake_Stevens,Drake Stevens,This is Drake Stevens.,Drake Stevens,Drake Stevens,0.9,0.0,0.0,1.0,0.0,0.0,1.0,Drake Stevens,Drake Stevens,mt_vote_revoted_gte_langfilter,2026-03-19T13:41:00,,1.0,1.0,salamandra,en,sl,sl,Drake_Stevens
entity,en,Drew_Caldwell,Drew Caldwell,Drew Caldwell,Drew Caldwell,Drew Caldwell,0.9,1.0,1.0,1.0,1.0,1.0,1.0,Drew Caldwell,Drew Caldwell,mt_vote_revoted_gte_langfilter,2026-03-19T13:41:00,1.000000238418579,1.000000238418579,1.000000238418579,nllb,et,et,et,Drew_Caldwell
entity,en,Drogheda_United_F.C.,Drogheda United F.C.,Drogheda United F.C.,Drogheda United F.C.,Drogheda United F.C.,0.9,1.0,1.0,1.0,1.0,1.0,1.0,Drogheda United F.C.,Drogheda United F.C.,mt_vote,2026-03-19T12:52:36,,,,,en,en,en,Drogheda_United_F.C.
entity,en,Drogues,Drogues,Drugs,Drugs,Drugs,0.9,1.0,1.0,1.0,1.0,1.0,1.0,Drugs,Drugs,mt_vote,2026-03-19T12:52:37,,,,,en,en,en,Drugs
entity,en,Dublín,Dublín,Dublin,Dublin,Dublin,0.9,1.0,1.0,1.0,1.0,1.0,1.0,Dublin,Dublin,mt_vote,2026-03-19T12:52:37,,,,,en,en,en,Dublin
entity,en,Dublín_(districte_electoral_del_Parlament_Europeu),Dublín (districte electoral del Parlament Europeu),Dublin (European Parliament constituency),Dublin (European Parliament constituency),Dublin (European Parliament constituency),0.9,1.0,1.0,1.0,1.0,1.0,1.0,Dublin (European Parliament constituency),Dublin (European Parliament constituency),mt_vote,2026-03-19T12:52:38,,,,,en,en,en,Dublin_(European_Parliament_constituency)
entity,en,Ducati,Ducati,Ducati,Ducati,Ducati,0.9,1.0,1.0,1.0,1.0,1.0,1.0,Ducati,Ducati,mt_vote,2026-03-19T12:52:39,,,,,en,en,en,Ducati
entity,en,Duhok_SC,Duhok SC,Duhok SC,Duhok SC,Duhok SC,0.9,1.0,1.0,1.0,1.0,1.0,1.0,Duhok SC,Duhok SC,mt_vote_revoted_gte_langfilter,2026-03-19T13:41:00,0.9999998807907104,0.9999998807907104,0.9999998807907104,nllb,de,de,de,Duhok_SC
entity,en,Duncan_Rouleau,Duncan Rouleau,Duncan Rouleau,Duncan Rouleau,Duncan Rouleau,0.9,1.0,1.0,1.0,1.0,1.0,1.0,Duncan Rouleau,Duncan Rouleau,mt_vote,2026-03-19T12:52:40,,,,,en,en,en,Duncan_Rouleau
entity,en,"Dunwoody,_Geòrgia","Dunwoody, Geòrgia","Dunwoody, Georgia","Dunwoody, GA","Dunwoody, Georgia",0.9,0.8276,1.0,0.8276,0.0,1.0,0.0,"Dunwoody, Georgia","Dunwoody, Georgia",mt_vote,2026-03-19T12:52:41,,,,,en,en,en,"Dunwoody,_Georgia"
entity,en,Dušan_Ivković,Dušan Ivković,Dušan Ivković was born,Dušan Ivković,Dušan Ivković,0.9,0.7429,0.7429,1.0,0.0,0.0,1.0,Dušan Ivković,Dušan Ivković,mt_vote_revoted_gte_langfilter,2026-03-19T13:41:00,0.9054132699966432,0.9999999403953552,0.9999999403953552,salamandra,hr,hr,hr,Dušan_Ivković
entity,en,Dwight_David_Eisenhower,Dwight David Eisenhower,Dwight David Eisenhower,Dwight D. Eisenhower,Dwight David Eisenhower,0.9,0.8837,1.0,0.8837,0.0,1.0,0.0,Dwight David Eisenhower,Dwight David Eisenhower,mt_vote_revoted_gte_langfilter,2026-03-19T13:41:00,1.0000001192092896,0.9829343557357788,1.0000001192092896,salamandra,de,de,de,Dwight_David_Eisenhower
entity,en,Dáil_Eireann,Dáil Eireann,Dáil Eireann,Dáil Eireann,Dáil Eireann,0.9,1.0,1.0,1.0,1.0,1.0,1.0,Dáil Eireann,Dáil Eireann,mt_vote_revoted_gte_langfilter,2026-03-19T13:41:00,1.0000001192092896,1.0000001192092896,1.0000001192092896,nllb,is,is,is,Dáil_Eireann
entity,en,E-Vinyl,E-Vinyl,E-Vinyl,E-Vinyl,E-Vinyl,0.9,1.0,1.0,1.0,1.0,1.0,1.0,E-Vinyl,E-Vinyl,mt_vote,2026-03-19T12:52:44,,,,,en,en,en,E-Vinyl
entity,en,E._Wells,E. Wells,E. Wells,E. Wells,E. Wells,0.9,1.0,1.0,1.0,1.0,1.0,1.0,E. Wells,E. Wells,mt_vote,2026-03-19T12:52:45,,,,,en,en,en,E._Wells
entity,en,E11,E11,E11,E11,E11,0.9,1.0,1.0,1.0,1.0,1.0,1.0,E11,E11,mt_vote,2026-03-19T12:52:45,,,,,en,en,en,E11
entity,en,EGBF,EGBF,EGBF,EGBF,EGBF,0.9,1.0,1.0,1.0,1.0,1.0,1.0,EGBF,EGBF,mt_vote,2026-03-19T12:52:46,,,,,en,en,en,EGBF
entity,en,ELA-3,ELA-3,She's three.,ELA-3,ELA-3,0.9,0.1176,0.1176,1.0,0.0,0.0,1.0,ELA-3,ELA-3,mt_vote,2026-03-19T12:52:46,,,,,en,en,en,ELA-3
entity,en,EMI_Records,EMI Records,EMI records,EMI Records,EMI Records,0.9,1.0,1.0,1.0,1.0,1.0,1.0,EMI records,EMI records,mt_vote,2026-03-19T12:52:47,,,,,en,en,en,EMI_records
entity,en,ENAIRE,ENAIRE,It's the first time.,ENAIRE,ENAIRE,0.9,0.3077,0.3077,1.0,0.0,0.0,1.0,ENAIRE,ENAIRE,mt_vote,2026-03-19T12:52:47,,,,,en,en,en,ENAIRE
entity,en,ESA_i_Arianespace,ESA i Arianespace,ESA and Arianespace,ESA and Arianespace,ESA and Arianespace,0.9,1.0,1.0,1.0,1.0,1.0,1.0,ESA and Arianespace,ESA and Arianespace,mt_vote,2026-03-19T12:52:48,,,,,en,en,en,ESA_and_Arianespace
entity,en,Eagle_Award_(comics),Eagle Award (comics),Eagle Award (comics),Eagle Award (comics),Eagle Award (comics),0.9,1.0,1.0,1.0,1.0,1.0,1.0,Eagle Award (comics),Eagle Award (comics),mt_vote_revoted_gte_langfilter,2026-03-19T13:41:00,1.0,1.0,1.0,nllb,it,it,it,Eagle_Award_(comics)
entity,en,Eberhard_van_der_Laan,Eberhard van der Laan,He was the son of Eberhard van der Laan,Eberhard van der Laan,Eberhard van der Laan,0.9,0.0,0.0,1.0,0.0,0.0,1.0,Eberhard van der Laan,Eberhard van der Laan,mt_vote_revoted_gte_langfilter,2026-03-19T13:41:00,,1.0000001192092896,1.0000001192092896,salamandra,en,nl,nl,Eberhard_van_der_Laan
entity,en,Ed_Lee_(polític),Ed Lee (polític),Ed Lee (politician),Ed Lee (politician),Ed Lee (politician),0.9,1.0,1.0,1.0,1.0,1.0,1.0,Ed Lee (politician),Ed Lee (politician),mt_vote,2026-03-19T12:52:51,,,,,en,en,en,Ed_Lee_(politician)
entity,en,Edifici_del_Banc_Nacional_de_Canvis,Edifici del Banc Nacional de Canvis,Building of the National Exchange Bank,Banco Nacional de Cambios Building,National Exchange Bank Building,0.9,0.0,0.0,0.0,0.0,0.0,0.0,Banco Nacional de Cambios Building,Banco Nacional de Cambios Building,mt_vote_revoted_gte_langfilter,2026-03-19T13:41:00,,0.9430885314941406,,madlad,en,es,en,Banco_Nacional_de_Cambios_Building
entity,en,Edifici_intel·ligent,Edifici intel·ligent,Smart building,Smart building,Smart building,0.9,1.0,1.0,1.0,1.0,1.0,1.0,Smart building,Smart building,mt_vote,2026-03-19T12:52:52,,,,,en,en,en,Smart_building
entity,en,Edmund_J._Davis,Edmund J. Davis,This is Edmund J. Davis.,Edmund J. Davis,Edmund J. Davis,0.9,0.0,0.0,1.0,0.0,0.0,1.0,Edmund J. Davis,Edmund J. Davis,mt_vote_revoted_gte_langfilter,2026-03-19T13:41:00,,0.9999999403953552,0.9999999403953552,salamandra,en,de,de,Edmund_J._Davis
entity,en,Edwin_E._Aldrin_Jr.,Edwin E. Aldrin Jr.,Edwin E. Aldrin Jr.,Edwin E. Aldrin Jr.,Edwin E Aldrin Jr.,0.9,1.0,0.973,0.973,1.0,1.0,1.0,Edwin E. Aldrin Jr.,Edwin E. Aldrin Jr.,mt_vote_revoted_gte_langfilter,2026-03-19T13:41:00,1.0000001192092896,1.0000001192092896,0.9940052032470704,nllb,sv,sv,sv,Edwin_E._Aldrin_Jr.
entity,en,Edwin_Eugene_Aldrin_Jr.,Edwin Eugene Aldrin Jr.,Edwin Eugene Aldrin Jr.,"Edwin Eugene Aldrin, Jr.",Edwin Eugene Aldrin Jr.,0.9,0.9787,1.0,0.9787,1.0,1.0,1.0,Edwin Eugene Aldrin Jr.,Edwin Eugene Aldrin Jr.,mt_vote_revoted_gte_langfilter,2026-03-19T13:41:00,1.0,0.9949744939804076,1.0,nllb,da,da,da,Edwin_Eugene_Aldrin_Jr.
entity,en,Efxenoupoligreece__prefectures._kgm,Efxenoupoligreece prefectures. kgm,Efxenoupoligreece prefectures. kgm,Efxenoupoli,Efxenoupoligreece prefectures. kgm,0.9,0.0,1.0,0.0,0.0,1.0,0.0,Efxenoupoligreece prefectures. kgm,Efxenoupoligreece prefectures. kgm,mt_vote_revoted_gte_langfilter,2026-03-19T13:41:00,1.0000001192092896,,1.0000001192092896,salamandra,ro,en,ro,Efxenoupoligreece_prefectures._kgm
entity,en,"Egg_Harbor_Township,_Nova_Jersey","Egg Harbor Township, Nova Jersey","Egg Harbor Township, New Jersey","Egg Harbor Township, NJ","Egg Harbor Township, New Jersey",0.9,0.8519,1.0,0.8519,0.0,1.0,0.0,"Egg Harbor Township, New Jersey","Egg Harbor Township, New Jersey",mt_vote,2026-03-19T12:52:56,,,,,en,en,en,"Egg_Harbor_Township,_New_Jersey"
entity,en,El_Fylde,El Fylde,The Fylde,El Fylde,The Fylde,0.9,0.0,0.0,0.0,0.0,0.0,0.0,El Fylde,El Fylde,mt_vote_revoted_gte_langfilter,2026-03-19T13:41:00,,1.0,,madlad,en,es,en,El_Fylde
entity,en,El_Senyor_dels_Anells,El Senyor dels Anells,The Lord of the Rings,The Lord of the Rings,The Lord of the Rings,0.9,1.0,1.0,1.0,1.0,1.0,1.0,The Lord of the Rings,The Lord of the Rings,mt_vote,2026-03-19T12:52:58,,,,,en,en,en,The_Lord_of_the_Rings
entity,en,El_Silmaríl·lion,El Silmaríl·lion,The Silmarillion,The Silmarillion,The Silmarillion,0.9,1.0,1.0,1.0,1.0,1.0,1.0,The Silmarillion,The Silmarillion,mt_vote,2026-03-19T12:52:58,,,,,en,en,en,The_Silmarillion
entity,en,El_canal_verd,El canal verd,The Green Channel,The Green Channel,The Green Channel,0.9,1.0,1.0,1.0,1.0,1.0,1.0,The Green Channel,The Green Channel,mt_vote,2026-03-19T12:52:59,,,,,en,en,en,The_Green_Channel
entity,en,El_cap_Bodley,El cap Bodley,Head of Bodley,Head Bodley.,Chief Bodley,0.9,0.0,0.0,0.75,0.0,0.0,0.0,Head Bodley.,Head Bodley.,mt_vote_revoted_gte_langfilter,2026-03-19T13:41:00,,0.8800960183143616,0.8609933853149414,madlad,en,cs,cs,Head_Bodley.
entity,en,El_retorn_del_rei,El retorn del rei,The Return of the King,The Return of the King,The Return of the King,0.9,1.0,1.0,1.0,1.0,1.0,1.0,The Return of the King,The Return of the King,mt_vote,2026-03-19T12:53:00,,,,,en,en,en,The_Return_of_the_King
entity,en,Elisabet_II_del_Regne_Unit,Elisabet II del Regne Unit,Elizabeth II of the United Kingdom,Elizabeth II of the United Kingdom,Elizabeth II of the United Kingdom,0.9,1.0,1.0,1.0,1.0,1.0,1.0,Elizabeth II of the United Kingdom,Elizabeth II of the United Kingdom,mt_vote,2026-03-19T12:53:01,,,,,en,en,en,Elizabeth_II_of_the_United_Kingdom
entity,en,Elizabeth_Garrett,Elizabeth Garrett,This is Elizabeth Garrett.,Elizabeth Garrett,Elizabeth Garrett,0.9,0.7907,0.7907,1.0,0.0,0.0,1.0,Elizabeth Garrett,Elizabeth Garrett,mt_vote,2026-03-19T12:53:02,,,,,en,en,en,Elizabeth_Garrett
entity,en,"Ellington,_Wisconsin","Ellington, Wisconsin","Ellington, Wisconsin","Ellington, Wisconsin","Ellington, Wisconsin",0.9,1.0,1.0,1.0,1.0,1.0,1.0,"Ellington, Wisconsin","Ellington, Wisconsin",mt_vote,2026-03-19T12:53:02,,,,,en,en,en,"Ellington,_Wisconsin"
entity,en,Elliot_See,Elliot See,Elliot See,Elliot See,Elliot See,0.9,1.0,1.0,1.0,1.0,1.0,1.0,Elliot See,Elliot See,mt_vote_revoted_gte_langfilter,2026-03-19T13:41:00,1.0000001192092896,1.0000001192092896,1.0000001192092896,nllb,it,it,it,Elliot_See
entity,en,Els_brasilers_al_Japó,Els brasilers al Japó,Brazilians in Japan,Brazilians in Japan,Brazilians in Japan,0.9,1.0,1.0,1.0,1.0,1.0,1.0,Brazilians in Japan,Brazilians in Japan,mt_vote,2026-03-19T12:53:04,,,,,en,en,en,Brazilians_in_Japan
entity,en,Els_erbs_d'ulls_negres,Els erbs d'ulls negres,Black-eyed herbs,The black-eyed herbs,Black-eyed grass,0.9,0.8889,0.8125,0.7222,0.0,0.0,0.0,Black-eyed herbs,Black-eyed herbs,mt_vote,2026-03-19T12:53:05,,,,,en,en,en,Black-eyed_herbs
entity,en,Els_magos_a_la_guerra,Els magos a la guerra,The Magicians at War,Wizards at War,Wizards at War,0.9,0.5294,0.5294,1.0,0.0,0.0,1.0,Wizards at War,Wizards at War,mt_vote,2026-03-19T12:53:05,,,,,en,en,en,Wizards_at_War
entity,en,Els_mecànics.,Els mecànics.,The mechanics.,The mechanics.,The mechanics.,0.9,1.0,1.0,1.0,1.0,1.0,1.0,The mechanics.,The mechanics.,mt_vote,2026-03-19T12:53:06,,,,,en,en,en,The_mechanics.
entity,en,Els_nens_imaginen_una_nació,Els nens imaginen una nació,Children imagine a nation,Children imagine a nation,Children imagine a nation,0.9,1.0,1.0,1.0,1.0,1.0,1.0,Children imagine a nation,Children imagine a nation,mt_vote,2026-03-19T12:53:06,,,,,en,en,en,Children_imagine_a_nation
entity,en,Els_vietnamites_al_Japó,Els vietnamites al Japó,Vietnamese in Japan,Vietnamese in Japan,Vietnamese in Japan,0.9,1.0,1.0,1.0,1.0,1.0,1.0,Vietnamese in Japan,Vietnamese in Japan,mt_vote,2026-03-19T12:53:07,,,,,en,en,en,Vietnamese_in_Japan
entity,en,Emile_Roemer,Emile Roemer,This is Emile Roemer.,Emile Roemer,Emile Roemer,0.9,0.7273,0.7273,1.0,0.0,0.0,1.0,Emile Roemer,Emile Roemer,mt_vote,2026-03-19T12:53:08,,,,,en,en,en,Emile_Roemer
entity,en,Empoli_F.C._(italià),Empoli F.C. (italià),Empoli F.C. (Italian),Empoli F.C. (Italian),Empoli F.C. (Italian),0.9,1.0,1.0,1.0,1.0,1.0,1.0,Empoli F.C. (Italian),Empoli F.C. (Italian),mt_vote_revoted_gte_langfilter,2026-03-19T13:41:00,0.9884044528007508,0.9884044528007508,0.9884044528007508,nllb,it,it,it,Empoli_F.C._(Italian)
entity,en,En_servei,En servei,In service,In Service,In service,0.9,1.0,1.0,1.0,1.0,1.0,1.0,In service,In service,mt_vote,2026-03-19T12:53:09,,,,,en,en,en,In_service
entity,en,Enda_Kenny,Enda Kenny,Go to Kenny.,Enda Kenny,Enda Kenny,0.9,0.0,0.0,1.0,0.0,0.0,1.0,Enda Kenny,Enda Kenny,mt_vote_revoted_gte_langfilter,2026-03-19T13:41:00,,0.9999998807907104,0.9999998807907104,salamandra,en,es,es,Enda_Kenny
entity,en,Endavant_(futbol),Endavant (futbol),Forward (soccer),Forward (soccer),Forward (football),0.9,1.0,0.6471,0.6471,1.0,0.0,0.0,Forward (soccer),Forward (soccer),mt_vote,2026-03-19T12:53:11,,,,,en,en,en,Forward_(soccer)
entity,en,Enregistraments_d'Encantament_de_Besos,Enregistraments d'Encantament de Besos,Enchantment of Kisses recordings,Encantament de Besos recordings,Beso's Enchantment Recordings,0.9,0.0,0.0,0.0,0.0,0.0,0.0,Encantament de Besos recordings,Encantament de Besos recordings,mt_vote_revoted_gte_langfilter,2026-03-19T13:41:00,,0.9430643320083618,,madlad,en,ca,en,Encantament_de_Besos_recordings
entity,en,Enrique_Peña_Nieto,Enrique Peña Nieto,Enrique Peña Nieto is a Spanish politician.,Enrique Peña Nieto,Enrique Peña Nieto,0.9,0.5902,0.5902,1.0,0.0,0.0,1.0,Enrique Peña Nieto,Enrique Peña Nieto,mt_vote_revoted_gte_langfilter,2026-03-19T13:41:00,0.8594059944152832,1.0,1.0,salamandra,es,es,es,Enrique_Peña_Nieto
entity,en,Equip_nacional_de_futbol_de_Geòrgia,Equip nacional de futbol de Geòrgia,Georgia national football team,Georgia national football team,Georgia national football team,0.9,1.0,1.0,1.0,1.0,1.0,1.0,Georgia national football team,Georgia national football team,mt_vote,2026-03-19T12:53:13,,,,,en,en,en,Georgia_national_football_team
entity,en,Equip_nacional_de_futbol_de_Jamaica,Equip nacional de futbol de Jamaica,Jamaica national football team,Jamaica national football team,Jamaica national football team,0.9,1.0,1.0,1.0,1.0,1.0,1.0,Jamaica national football team,Jamaica national football team,mt_vote,2026-03-19T12:53:14,,,,,en,en,en,Jamaica_national_football_team
entity,en,Equip_nacional_de_futbol_de_la_Unió_Soviètica,Equip nacional de futbol de la Unió Soviètica,National football team of the Soviet Union,Soviet Union national football team,Soviet Union national football team,0.9,0.5714,0.5714,1.0,0.0,0.0,1.0,Soviet Union national football team,Soviet Union national football team,mt_vote,2026-03-19T12:53:14,,,,,en,en,en,Soviet_Union_national_football_team
entity,en,Equip_nacional_de_futbol_sub-17_de_Trinidad_i_Tobago,Equip nacional de futbol sub-17 de Trinidad i Tobago,Trinidad and Tobago national under-17 football team,Trinidad and Tobago national under-17 football team,Trinidad and Tobago national under-17 football team,0.9,1.0,1.0,1.0,1.0,1.0,1.0,Trinidad and Tobago national under-17 football team,Trinidad and Tobago national under-17 football team,mt_vote,2026-03-19T12:53:15,,,,,en,en,en,Trinidad_and_Tobago_national_under-17_football_team
entity,en,Equipa_nacional_de_futbol_d'El_Salvador,Equipa nacional de futbol d'El Salvador,El Salvador national football team,El Salvador national football team,El Salvador national football team,0.9,1.0,1.0,1.0,1.0,1.0,1.0,El Salvador national football team,El Salvador national football team,mt_vote_revoted_gte_langfilter,2026-03-19T13:41:00,0.9472070932388306,0.9472070932388306,0.9472070932388306,nllb,ca,ca,ca,El_Salvador_national_football_team
entity,en,Equipa_nacional_de_futbol_d'Iraq,Equipa nacional de futbol d'Iraq,Iraq national football team,Iraq national football team,Iraq national football team,0.9,1.0,1.0,1.0,1.0,1.0,1.0,Iraq national football team,Iraq national football team,mt_vote,2026-03-19T12:53:17,,,,,en,en,en,Iraq_national_football_team
entity,en,Equipa_nacional_de_futbol_de_Trinidad_i_Tobago,Equipa nacional de futbol de Trinidad i Tobago,Trinidad and Tobago national football team,Trinidad and Tobago national football team,Trinidad and Tobago national football team,0.9,1.0,1.0,1.0,1.0,1.0,1.0,Trinidad and Tobago national football team,Trinidad and Tobago national football team,mt_vote,2026-03-19T12:53:18,,,,,en,en,en,Trinidad_and_Tobago_national_football_team
entity,en,Equipa_nacional_de_futbol_sub-23_d'Iraq,Equipa nacional de futbol sub-23 d'Iraq,Iraq national under-23 football team,Iraq national under-23 football team,Iraq U23 national football team,0.9,1.0,0.806,0.806,1.0,0.0,0.0,Iraq national under-23 football team,Iraq national under-23 football team,mt_vote,2026-03-19T12:53:19,,,,,en,en,en,Iraq_national_under-23_football_team
entity,en,Eredivisie_2014-15,Eredivisie 2014-15,The Eredivisie 2014-15 season,2014–15 Eredivisie,Eredivisie 2014-15,0.9,0.0,0.0,0.5556,0.0,0.0,0.0,Eredivisie 2014-15,Eredivisie 2014-15,mt_vote_revoted_gte_langfilter,2026-03-19T13:41:00,,0.9773625135421752,1.0000001192092896,salamandra,en,de,de,Eredivisie_2014-15
entity,en,Eric_Flint,Eric Flint,Eric Flint,Eric Flint,Eric Flint,0.9,1.0,1.0,1.0,1.0,1.0,1.0,Eric Flint,Eric Flint,mt_vote,2026-03-19T12:53:20,,,,,en,en,en,Eric_Flint
entity,en,"Eric_Flint,_Virginia_DeMarce,_et_al.","Eric Flint, Virginia DeMarce, et al.","Eric Flint, Virginia DeMarce, and others.","Eric Flint, Virginia DeMarce, et al.","Eric Flint, Virginia DeMarce, et al.",0.9,0.0,0.0,1.0,0.0,0.0,1.0,"Eric Flint, Virginia DeMarce, et al.","Eric Flint, Virginia DeMarce, et al.",mt_vote_revoted_gte_langfilter,2026-03-19T13:41:00,,1.0,1.0,salamandra,en,fr,fr,"Eric_Flint,_Virginia_DeMarce,_et_al."
entity,en,Ernie_Colón,Ernie Colón,Ernie Columbus was a Spanish explorer.,Ernie Colón,Ernie Colón,0.9,0.0,0.0,1.0,0.0,0.0,1.0,Ernie Colón,Ernie Colón,mt_vote_revoted_gte_langfilter,2026-03-19T13:41:00,,1.0000001192092896,1.0000001192092896,salamandra,en,es,es,Ernie_Colón
entity,en,"Errata,_Mississipí","Errata, Mississipí","Errata, Mississippian","Errata, Mississippi","Errata, Mississippi",0.9,0.95,0.95,1.0,1.0,1.0,1.0,"Errata, Mississippi","Errata, Mississippi",mt_vote,2026-03-19T12:53:23,,,,,en,en,en,"Errata,_Mississippi"
entity,en,Escola_Mason_de_Negocis,Escola Mason de Negocis,Mason School of Business,Mason Business School,Mason School of Business,0.9,0.6222,1.0,0.6222,0.0,1.0,0.0,Mason School of Business,Mason School of Business,mt_vote,2026-03-19T12:53:24,,,,,en,en,en,Mason_School_of_Business
entity,en,Escola_d'Arts_Aplicades_de_Stuttgart,Escola d'Arts Aplicades de Stuttgart,School of Applied Arts in Stuttgart,Stuttgart School of Applied Arts,Stuttgart School of Applied Arts,0.9,0.6567,0.6567,1.0,0.0,0.0,1.0,Stuttgart School of Applied Arts,Stuttgart School of Applied Arts,mt_vote,2026-03-19T12:53:25,,,,,en,en,en,Stuttgart_School_of_Applied_Arts
entity,en,Escola_d'Empreses_i_Ciències_Socials_de_la_Universitat_d'Aarhus,Escola d'Empreses i Ciències Socials de la Universitat d'Aarhus,School of Business and Social Sciences at Aarhus University,Aarhus University School of Business and Social Sciences,Aarhus University School of Business and Social Sciences,0.9,0.6609,0.6609,1.0,0.0,0.0,1.0,Aarhus University School of Business and Social Sciences,Aarhus University School of Business and Social Sciences,mt_vote,2026-03-19T12:53:26,,,,,en,en,en,Aarhus_University_School_of_Business_and_Social_Sciences
entity,en,Escòcia,Escòcia,Scotland,Scotland,Scotland,0.9,1.0,1.0,1.0,1.0,1.0,1.0,Scotland,Scotland,mt_vote,2026-03-19T12:53:26,,,,,en,en,en,Scotland
entity,en,Escòcia_U19,Escòcia U19,Scotland U19,Scotland U19,Scotland U19,0.9,1.0,1.0,1.0,1.0,1.0,1.0,Scotland U19,Scotland U19,mt_vote,2026-03-19T12:53:27,,,,,en,en,en,Scotland_U19
entity,en,Escòcia_U21,Escòcia U21,Scotland U21,Scotland U21,Scotland U21,0.9,1.0,1.0,1.0,1.0,1.0,1.0,Scotland U21,Scotland U21,mt_vote,2026-03-19T12:53:28,,,,,en,en,en,Scotland_U21
entity,en,Església_Baptista,Església Baptista,Baptist Church,Baptist Church,Baptist Church,0.9,1.0,1.0,1.0,1.0,1.0,1.0,Baptist Church,Baptist Church,mt_vote,2026-03-19T12:53:28,,,,,en,en,en,Baptist_Church
entity,en,Església_d'Anglaterra,Església d'Anglaterra,Church of England,Church of England,Church of England,0.9,1.0,1.0,1.0,1.0,1.0,1.0,Church of England,Church of England,mt_vote,2026-03-19T12:53:29,,,,,en,en,en,Church_of_England
entity,en,Església_de_Dinamarca,Església de Dinamarca,Church of Denmark,Church of Denmark,Church of Denmark,0.9,1.0,1.0,1.0,1.0,1.0,1.0,Church of Denmark,Church of Denmark,mt_vote,2026-03-19T12:53:29,,,,,en,en,en,Church_of_Denmark
entity,en,"Espades,_Dublín","Espades, Dublín","Swords, Dublin","Espades, Dublin","Swords, Dublin",0.9,0.0,0.0,0.0,0.0,0.0,0.0,"Espades, Dublin","Espades, Dublin",mt_vote_revoted_gte_langfilter,2026-03-19T13:41:00,,0.9560560584068298,,madlad,en,es,en,"Espades,_Dublin"
entity,en,Espanya,Espanya,Spain,Spain,Spain,0.9,1.0,1.0,1.0,1.0,1.0,1.0,Spain,Spain,mt_vote,2026-03-19T12:53:30,,,,,en,en,en,Spain
entity,en,Esparta_Praga,Esparta Praga,Sparta and Prague,Sparta Prague,Sparta Prague,0.9,0.8667,0.8667,1.0,0.0,0.0,1.0,Sparta Prague,Sparta Prague,mt_vote,2026-03-19T12:53:31,,,,,en,en,en,Sparta_Prague
entity,en,Espen_Lind,Espen Lind,Espen Lind,Espen Lind,Espen Lind,0.9,1.0,1.0,1.0,1.0,1.0,1.0,Espen Lind,Espen Lind,mt_vote_revoted_gte_langfilter,2026-03-19T13:41:00,1.0,1.0,1.0,nllb,es,es,es,Espen_Lind
entity,en,Espera_un_miracle,Espera un miracle,He expects a miracle.,Wait for a miracle,Wait for a miracle,0.9,0.5641,0.5641,1.0,0.0,0.0,1.0,Wait for a miracle,Wait for a miracle,mt_vote,2026-03-19T12:53:32,,,,,en,en,en,Wait_for_a_miracle
entity,en,Espionatge_(equip_de_producció),Espionatge (equip de producció),Espionage (production team),Spying (production team),Espionage (production team),0.9,0.902,1.0,0.902,1.0,1.0,1.0,Espionage (production team),Espionage (production team),mt_vote,2026-03-19T12:53:33,,,,,en,en,en,Espionage_(production_team)
entity,en,Estableix_el_color_de_fons_de_la_barra_d'_eines,Estableix el color de fons de la barra d' eines,Sets the background color of the toolbar,Sets the background color of the toolbar,Sets the background color of the toolbar,0.9,1.0,1.0,1.0,1.0,1.0,1.0,Sets the background color of the toolbar,Sets the background color of the toolbar,mt_vote,2026-03-19T12:53:34,,,,,en,en,en,Sets_the_background_color_of_the_toolbar
entity,en,Estació_de_la_Força_Aèria_de_Cape_Canaveral,Estació de la Força Aèria de Cape Canaveral,Cape Canaveral Air Force Station,Cape Canaveral Air Force Station,Cape Canaveral Air Force Station,0.9,1.0,1.0,1.0,1.0,1.0,1.0,Cape Canaveral Air Force Station,Cape Canaveral Air Force Station,mt_vote,2026-03-19T12:53:35,,,,,en,en,en,Cape_Canaveral_Air_Force_Station
entity,en,Estació_de_la_Força_Aèria_de_Kheria,Estació de la Força Aèria de Kheria,Kheria Air Force Station,Kheria Air Force Station,Kheria Air Force Station,0.9,1.0,1.0,1.0,1.0,1.0,1.0,Kheria Air Force Station,Kheria Air Force Station,mt_vote,2026-03-19T12:53:36,,,,,en,en,en,Kheria_Air_Force_Station
entity,en,Estadi_Armando_Picchi,Estadi Armando Picchi,Armando Picchi Stadium is the home ground of Armando Picchi.,Estadi Armando Picchi,Armando Picchi Stadium,0.9,0.0,0.0,0.6512,0.0,0.0,0.0,Estadi Armando Picchi,Estadi Armando Picchi,mt_vote_revoted_gte_langfilter,2026-03-19T13:41:00,,1.0,0.9631378650665284,madlad,en,pt,it,Estadi_Armando_Picchi
entity,en,Estadi_Broadwood,Estadi Broadwood,Broadwood Stadium,Broadwood Stadium,Broadwood Stadium,0.9,1.0,1.0,1.0,1.0,1.0,1.0,Broadwood Stadium,Broadwood Stadium,mt_vote,2026-03-19T12:53:37,,,,,en,en,en,Broadwood_Stadium
entity,en,Estadi_Erosi_Manjgaladze,Estadi Erosi Manjgaladze,Erosi Manjgaladze Stadium is the home ground of Erosi Manjgaladze.,Erosi Manjgaladze Stadium,Erosi Manjgaladze Stadium,0.9,0.0,0.0,1.0,0.0,0.0,1.0,Erosi Manjgaladze Stadium,Erosi Manjgaladze Stadium,mt_vote_revoted_gte_langfilter,2026-03-19T13:41:00,,0.9511101245880128,0.9511101245880128,salamandra,en,sl,sl,Erosi_Manjgaladze_Stadium
entity,en,Estadi_John_Sessions,Estadi John Sessions,John Sessions Stadium,John Sessions Stadium,John Sessions Stadium,0.9,1.0,1.0,1.0,1.0,1.0,1.0,John Sessions Stadium,John Sessions Stadium,mt_vote,2026-03-19T12:53:39,,,,,en,en,en,John_Sessions_Stadium
entity,en,Estadi_Olímpic_(Atenes),Estadi Olímpic (Atenes),Olympic Stadium (Athens),Olympic Stadium (Athens),Olympic Stadium (Athens),0.9,1.0,1.0,1.0,1.0,1.0,1.0,Olympic Stadium (Athens),Olympic Stadium (Athens),mt_vote,2026-03-19T12:53:40,,,,,en,en,en,Olympic_Stadium_(Athens)
entity,en,Estadi_d'Addis_Abeba,Estadi d'Addis Abeba,Stadium of Addis Ababa,Addis Ababa Stadium,Addis Ababa Stadium,0.9,0.5366,0.5366,1.0,0.0,0.0,1.0,Addis Ababa Stadium,Addis Ababa Stadium,mt_vote,2026-03-19T12:53:40,,,,,en,en,en,Addis_Ababa_Stadium
entity,en,Estadio_Jorge_Calero_Suárez,Estadio Jorge Calero Suárez,It is currently used mostly for football matches and is the home stadium of Jorge Calero Suárez.,Estadio Jorge Calero Suárez,Estadio Jorge Calero Suárez,0.9,0.0,0.0,1.0,0.0,0.0,1.0,Estadio Jorge Calero Suárez,Estadio Jorge Calero Suárez,mt_vote_revoted_gte_langfilter,2026-03-19T13:41:00,,1.0,1.0,salamandra,en,pt,pt,Estadio_Jorge_Calero_Suárez
entity,en,Estat_d'Israel,Estat d'Israel,State of Israel,State of Israel,State of Israel,0.9,1.0,1.0,1.0,1.0,1.0,1.0,State of Israel,State of Israel,mt_vote,2026-03-19T12:53:42,,,,,en,en,en,State_of_Israel
entity,en,Estat_del_Níger,Estat del Níger,State of Niger,State of Niger,Niger State,0.9,0.0,0.0,0.0,0.0,0.0,0.0,Niger State,Niger State,mt_vote_revoted_gte_langfilter,2026-03-19T13:41:00,,,0.9033711552619934,salamandra,en,en,da,Niger_State
entity,en,Estats_Units_d'Amèrica,Estats Units d'Amèrica,United States of America,United States of America,United States of America,0.9,1.0,1.0,1.0,1.0,1.0,1.0,United States of America,United States of America,mt_vote,2026-03-19T12:53:43,,,,,en,en,en,United_States_of_America
entity,en,Estats_de_Mèxic,Estats de Mèxic,States of Mexico,States of Mexico,States of Mexico,0.9,1.0,1.0,1.0,1.0,1.0,1.0,States of Mexico,States of Mexico,mt_vote,2026-03-19T12:53:44,,,,,en,en,en,States_of_Mexico
entity,en,Esteghlal_Ahvaz_FC,Esteghlal Ahvaz FC,He played for Esteghlal Ahvaz FC.,Esteghlal Ahvaz FC,Esteghlal Ahvaz FC,0.9,0.0,0.0,1.0,0.0,0.0,1.0,Esteghlal Ahvaz FC,Esteghlal Ahvaz FC,mt_vote_revoted_gte_langfilter,2026-03-19T13:41:00,,1.0,1.0,salamandra,en,es,es,Esteghlal_Ahvaz_FC
entity,en,Estocolm,Estocolm,The city of Stockholm,Stockholm,Stockholm,0.9,0.6,0.6,1.0,0.0,0.0,1.0,Stockholm,Stockholm,mt_vote,2026-03-19T12:53:45,,,,,en,en,en,Stockholm
entity,en,"Estrella_de_l'oficial_""Parasol""","Estrella de l'oficial ""Parasol""","Star of the official ""Umbrella""","Star of the officer ""Parasol""","Star of the official ""Parasol""",0.9,0.7333,0.8197,0.9153,0.0,0.0,1.0,"Star of the officer ""Parasol""","Star of the officer ""Parasol""",mt_vote,2026-03-19T12:53:46,,,,,en,en,en,"Star_of_the_officer_""Parasol"""
entity,en,Estructura_del_menjar_italià,Estructura del menjar italià,Structure of Italian food,Italian Food Structure,The Structure of Italian Food,0.9,0.0,0.0,0.0,0.0,0.0,0.0,Italian Food Structure,Italian Food Structure,mt_vote_revoted_gte_langfilter,2026-03-19T13:41:00,,0.9102960824966432,,madlad,en,it,en,Italian_Food_Structure
entity,en,Estudis_Bíblics_Units,Estudis Bíblics Units,United Bible Students,United Bible Studies,United Bible Studies,0.9,0.0,0.0,1.0,0.0,0.0,1.0,United Bible Studies,United Bible Studies,mt_vote_revoted_gte_langfilter,2026-03-19T13:41:00,,0.8499595522880554,0.8499595522880554,salamandra,en,de,de,United_Bible_Studies
entity,en,Estádio_Municipal_Coaracy_da_Mata_Fonseca,Estádio Municipal Coaracy da Mata Fonseca,Municipal Stadium Coaracy da Mata Fonseca,Estádio Municipal Coaracy da Mata Fonseca,Estádio Municipal Coaracy da Mata Fonseca,0.9,0.8049,0.8049,1.0,0.0,0.0,1.0,Estádio Municipal Coaracy da Mata Fonseca,Estádio Municipal Coaracy da Mata Fonseca,mt_vote_revoted_gte_langfilter,2026-03-19T13:41:00,0.9893353581428528,1.0000001192092896,1.0000001192092896,salamandra,pt,gl,gl,Estádio_Municipal_Coaracy_da_Mata_Fonseca
entity,en,Estíria,Estíria,Styria,Styria,Styria,0.9,1.0,1.0,1.0,1.0,1.0,1.0,Styria,Styria,mt_vote,2026-03-19T12:53:49,,,,,en,en,en,Styria
entity,en,Etiòpia,Etiòpia,Ethiopia,Ethiopia,Ethiopia,0.9,1.0,1.0,1.0,1.0,1.0,1.0,Ethiopia,Ethiopia,mt_vote,2026-03-19T12:53:50,,,,,en,en,en,Ethiopia
entity,en,Eurolliga_de_bàsquet,Eurolliga de bàsquet,Euroleague of basketball,Euroleague Basketball,Euroleague Basketball,0.9,0.9333,0.9333,1.0,1.0,1.0,1.0,Euroleague Basketball,Euroleague Basketball,mt_vote,2026-03-19T12:53:50,,,,,en,en,en,Euroleague_Basketball
entity,en,Europa,Europa,Europe,Europe,Europe,0.9,1.0,1.0,1.0,1.0,1.0,1.0,Europe,Europe,mt_vote,2026-03-19T12:53:51,,,,,en,en,en,Europe
entity,en,Eva_Perón,Eva Perón,Eva Perón is a Spanish actress.,Eva Perón,Eva Perón,0.9,0.45,0.45,1.0,0.0,0.0,1.0,Eva Perón,Eva Perón,mt_vote_revoted_gte_langfilter,2026-03-19T13:41:00,0.8830063343048096,1.0000001192092896,1.0000001192092896,salamandra,ga,es,es,Eva_Perón
entity,en,Evànguelos_Venizelos,Evànguelos Venizelos,Evangelists and Venizelos,Evànguelos Venizelos,Evangelos Venizelos,0.9,0.0,0.0,0.9231,0.0,0.0,1.0,Evànguelos Venizelos,Evànguelos Venizelos,mt_vote_revoted_gte_langfilter,2026-03-19T13:41:00,,1.0000001192092896,0.8967976570129395,madlad,en,ca,es,Evànguelos_Venizelos
entity,en,Explosió_de_bacon,Explosió de bacon,Bacon explosion,Bacon Blast,Bacon Explosion,0.9,0.6154,1.0,0.6154,0.0,1.0,0.0,Bacon explosion,Bacon explosion,mt_vote_revoted_gte_langfilter,2026-03-19T13:41:00,0.9560720920562744,0.8520069122314453,0.9355305433273317,nllb,es,es,es,Bacon_explosion
entity,en,Exèrcit_de_Nigèria,Exèrcit de Nigèria,Nigerian Army,Nigerian Army,Nigerian Army,0.9,1.0,1.0,1.0,1.0,1.0,1.0,Nigerian Army,Nigerian Army,mt_vote_revoted_gte_langfilter,2026-03-19T13:41:00,0.8976986408233643,0.8976986408233643,0.8976986408233643,nllb,de,de,de,Nigerian_Army
entity,en,Exèrcit_de_la_Unió,Exèrcit de la Unió,Union Army,Union Army,Union Army,0.9,1.0,1.0,1.0,1.0,1.0,1.0,Union Army,Union Army,mt_vote,2026-03-19T12:53:54,,,,,en,en,en,Union_Army
entity,en,Exèrcit_dels_Estats_Units_d'Amèrica,Exèrcit dels Estats Units d'Amèrica,United States Army,United States Army,United States Army,0.9,1.0,1.0,1.0,1.0,1.0,1.0,United States Army,United States Army,mt_vote,2026-03-19T12:53:54,,,,,en,en,en,United_States_Army
entity,en,F._Vilas,F. Vilas,F. Villas,F. Vilas,F. Vilas,0.9,0.0,0.0,0.0,0.0,0.0,0.0,F. Villas,F. Villas,mt_vote_revoted_gte_langfilter,2026-03-19T13:41:00,0.879275918006897,,,nllb,it,en,en,F._Villas
entity,en,FC_Admira_Wacker_Mödling,FC Admira Wacker Mödling,FC Admira and Wacker Mödling,FC Admira Wacker Mödling,FC Admira Wacker Mödling,0.9,0.9231,0.9231,1.0,1.0,1.0,1.0,FC Admira Wacker Mödling,FC Admira Wacker Mödling,mt_vote_revoted_gte_langfilter,2026-03-19T13:41:00,0.9616907835006714,1.0,1.0,madlad,sv,vo,vo,FC_Admira_Wacker_Mödling
entity,en,FC_Barcelona_1908.,FC Barcelona 1908.,FC Barcelona from 1908.,FC Barcelona 1908.,FC Barcelona 1908.,0.9,0.0,0.0,1.0,0.0,0.0,1.0,FC Barcelona 1908.,FC Barcelona 1908.,mt_vote_revoted_gte_langfilter,2026-03-19T13:41:00,,1.0,1.0,salamandra,en,es,es,FC_Barcelona_1908.
entity,en,FC_Central,FC Central,FC Central,FC Central,FC Central,0.9,1.0,1.0,1.0,1.0,1.0,1.0,FC Central,FC Central,mt_vote,2026-03-19T12:53:58,,,,,en,en,en,FC_Central
entity,en,FC_Dallas,FC Dallas,FC Dallas,FC Dallas,FC Dallas,0.9,1.0,1.0,1.0,1.0,1.0,1.0,FC Dallas,FC Dallas,mt_vote_revoted_gte_langfilter,2026-03-19T13:41:00,0.9999999403953552,0.9999999403953552,0.9999999403953552,nllb,it,it,it,FC_Dallas
entity,en,FC_Dinamo_Moscou,FC Dinamo Moscou,FC Dinamo Moscow,FC Dinamo Moscow,FC Dinamo Moscow,0.9,1.0,1.0,1.0,1.0,1.0,1.0,FC Dinamo Moscow,FC Dinamo Moscow,mt_vote_revoted_gte_langfilter,2026-03-19T13:41:00,0.9854425191879272,0.9854425191879272,0.9854425191879272,nllb,lt,lt,lt,FC_Dinamo_Moscow
entity,en,FC_Inter_de_Milà,FC Inter de Milà,FC Inter from Milan,FC Inter Milan,FC Inter Milan,0.9,0.0,0.0,1.0,0.0,0.0,1.0,FC Inter Milan,FC Inter Milan,mt_vote_revoted_gte_langfilter,2026-03-19T13:41:00,,0.979823112487793,0.979823112487793,salamandra,en,it,it,FC_Inter_Milan
entity,en,FC_Karpaty_Lviv,FC Karpaty Lviv,FC Karpaty Lviv,FC Karpaty Lviv,FC Karpaty Lviv,0.9,1.0,1.0,1.0,1.0,1.0,1.0,FC Karpaty Lviv,FC Karpaty Lviv,mt_vote,2026-03-19T12:54:00,,,,,en,en,en,FC_Karpaty_Lviv
entity,en,FC_Kuban_Krasnodar,FC Kuban Krasnodar,He played for FC Kuban Krasnodar.,FC Kuban Krasnodar,FC Kuban Krasnodar,0.9,0.0,0.0,1.0,0.0,0.0,1.0,FC Kuban Krasnodar,FC Kuban Krasnodar,mt_vote_revoted_gte_langfilter,2026-03-19T13:41:00,,1.0,1.0,salamandra,en,id,id,FC_Kuban_Krasnodar
entity,en,FC_Rubin_Kazan,FC Rubin Kazan,FC Rubin Kazan,FC Rubin Kazan,FC Rubin Kazan,0.9,1.0,1.0,1.0,1.0,1.0,1.0,FC Rubin Kazan,FC Rubin Kazan,mt_vote_revoted_gte_langfilter,2026-03-19T13:41:00,1.0,1.0,1.0,nllb,eu,eu,eu,FC_Rubin_Kazan
entity,en,FC_Spartak_Moscou,FC Spartak Moscou,FC Spartak Moscow,FC Spartak Moscow,FC Spartak Moscow,0.9,1.0,1.0,1.0,1.0,1.0,1.0,FC Spartak Moscow,FC Spartak Moscow,mt_vote,2026-03-19T12:54:03,,,,,en,en,en,FC_Spartak_Moscow
entity,en,FC_Terek_Grozny,FC Terek Grozny,FC Terek Grozny is a football club based in Grozny.,FC Terek Grozny,FC Terek Grozny,0.9,0.0,0.0,1.0,0.0,0.0,1.0,FC Terek Grozny,FC Terek Grozny,mt_vote_revoted_gte_langfilter,2026-03-19T13:41:00,,1.0,1.0,salamandra,en,pl,pl,FC_Terek_Grozny
entity,en,FC_Torpedo_Moscou,FC Torpedo Moscou,FC Torpedo Moscow,FC Torpedo Moscow,FC Torpedo Moscow,0.9,1.0,1.0,1.0,1.0,1.0,1.0,FC Torpedo Moscow,FC Torpedo Moscow,mt_vote_revoted_gte_langfilter,2026-03-19T13:41:00,0.9867270588874816,0.9867270588874816,0.9867270588874816,nllb,es,es,es,FC_Torpedo_Moscow
entity,en,FC_Zestafoni,FC Zestafoni,FC Zestafoni,FC Zestafoni,FC Zestafoni,0.9,1.0,1.0,1.0,1.0,1.0,1.0,FC Zestafoni,FC Zestafoni,mt_vote_revoted_gte_langfilter,2026-03-19T13:41:00,1.0,1.0,1.0,nllb,de,de,de,FC_Zestafoni
entity,en,FIMIConstellation_name_(optional),FIMIConstellation name (optional),FIMIConstellation name (optional),FIMI,FIMIConstellation name (optional),0.9,0.0,1.0,0.0,0.0,1.0,0.0,FIMIConstellation name (optional),FIMIConstellation name (optional),mt_vote_revoted_gte_langfilter,2026-03-19T13:41:00,1.0,,1.0,salamandra,nl,en,nl,FIMIConstellation_name_(optional)
entity,en,FK_Amkar_Perm,FK Amkar Perm,FK Amkar Perm,FC Amkar Perm,FK Amkar Perm,0.9,0.9231,1.0,0.9231,1.0,1.0,1.0,FK Amkar Perm,FK Amkar Perm,mt_vote,2026-03-19T12:54:07,,,,,en,en,en,FK_Amkar_Perm
entity,en,FK_Austria_Wien,FK Austria Wien,FK Austria Wien,FK Austria Wien,FK Austria Wien,0.9,1.0,1.0,1.0,1.0,1.0,1.0,FK Austria Wien,FK Austria Wien,mt_vote,2026-03-19T12:54:07,,,,,en,en,en,FK_Austria_Wien
entity,en,FK_Karabakh_Agdam,FK Karabakh Agdam,FK Karabakh Agdam,FK Karabakh Agdam,FK Karabakh Agdam,0.9,1.0,1.0,1.0,1.0,1.0,1.0,FK Karabakh Agdam,FK Karabakh Agdam,mt_vote_revoted_gte_langfilter,2026-03-19T13:41:00,1.0000001192092896,1.0000001192092896,1.0000001192092896,nllb,eu,eu,eu,FK_Karabakh_Agdam
entity,en,FK_Mughan_(anglès),FK Mughan (anglès),FK Mughan (English),FK Mughan (English),FK Mughan (English),0.9,1.0,1.0,1.0,1.0,1.0,1.0,FK Mughan (English),FK Mughan (English),mt_vote,2026-03-19T12:54:09,,,,,en,en,en,FK_Mughan_(English)
entity,en,FK_Tom_Tomsk,FK Tom Tomsk,FK Tom Tomsk,FC Tom Tomsk,FK Tom Tomsk,0.9,0.9167,1.0,0.9167,1.0,1.0,1.0,FK Tom Tomsk,FK Tom Tomsk,mt_vote,2026-03-19T12:54:10,,,,,en,en,en,FK_Tom_Tomsk
entity,en,FSV_Zwickau,FSV Zwickau,"FSV Zwickau is a football club based in Zwickau, Germany.",FSV Zwickau,FSV Zwickau,0.9,0.0,0.0,1.0,0.0,0.0,1.0,FSV Zwickau,FSV Zwickau,mt_vote_revoted_gte_langfilter,2026-03-19T13:41:00,,0.9999998807907104,0.9999998807907104,salamandra,en,de,de,FSV_Zwickau
entity,en,Faber_i_Faber,Faber i Faber,Faber and Faber,Faber and Faber,Faber and Faber,0.9,1.0,1.0,1.0,1.0,1.0,1.0,Faber and Faber,Faber and Faber,mt_vote,2026-03-19T12:54:12,,,,,en,en,en,Faber_and_Faber
entity,en,"Fall_Creek_Township,_comtat_de_Madison,_Indiana","Fall Creek Township, comtat de Madison, Indiana","Fall Creek Township, Madison County, Indiana","Fall Creek Township, Madison County, Indiana","Fall Creek Township, Madison County, Indiana",0.9,1.0,1.0,1.0,1.0,1.0,1.0,"Fall Creek Township, Madison County, Indiana","Fall Creek Township, Madison County, Indiana",mt_vote,2026-03-19T12:54:13,,,,,en,en,en,"Fall_Creek_Township,_Madison_County,_Indiana"
entity,en,Falluja,Falluja,Failure,Fallujah,Falluja,0.9,0.5333,0.5714,0.9333,0.0,0.0,1.0,Fallujah,Fallujah,mt_vote,2026-03-19T12:54:13,,,,,en,en,en,Fallujah
entity,en,Familiar,Familiar,Familiar,Family,Familiar,0.9,0.0,1.0,0.0,0.0,1.0,0.0,Familiar,Familiar,mt_vote_revoted_gte_langfilter,2026-03-19T13:41:00,1.0000001192092896,,1.0000001192092896,salamandra,es,en,es,Familiar
entity,en,Fang_del_sud,Fang del sud,Fang of the South,South Fang,Southern clay,0.9,0.3704,0.3333,0.6087,0.0,0.0,0.0,South Fang,South Fang,mt_vote,2026-03-19T12:54:14,,,,,en,en,en,South_Fang
entity,en,Fantasia_(gènere),Fantasia (gènere),Fantasia (genre),Fantasy (genre),Fantasy (genre),0.9,0.9032,0.9032,1.0,1.0,1.0,1.0,Fantasia (genre),Fantasia (genre),mt_vote_revoted_gte_langfilter,2026-03-19T13:41:00,0.8411008715629578,0.7583500146865845,0.7583500146865845,nllb,es,es,es,Fantasia_(genre)
entity,en,Farina_de_gram,Farina de gram,Gram flour,Gram flour,Gram flour,0.9,1.0,1.0,1.0,1.0,1.0,1.0,Gram flour,Gram flour,mt_vote,2026-03-19T12:54:16,,,,,en,en,en,Gram_flour
entity,en,"Farina_de_gram,_verdures","Farina de gram, verdures","Wheat flour, vegetables","Grain flour, vegetables","Gram flour, vegetables",0.9,0.0,0.0,0.9333,0.0,0.0,1.0,"Gram flour, vegetables","Gram flour, vegetables",mt_vote_revoted_gte_langfilter,2026-03-19T13:41:00,,0.7836982011795044,0.8116855025291443,salamandra,en,de,de,"Gram_flour,_vegetables"
entity,en,"Farrar,_Straus_i_Giroux","Farrar, Straus i Giroux","Farrar, Straus and Giroux","Farrar, Straus and Giroux","Farrar, Straus and Giroux",0.9,1.0,1.0,1.0,1.0,1.0,1.0,"Farrar, Straus and Giroux","Farrar, Straus and Giroux",mt_vote,2026-03-19T12:54:18,,,,,en,en,en,"Farrar,_Straus_and_Giroux"
entity,en,Fava_de_ronyó,Fava de ronyó,It was kidney beans.,Kidney bean,Fava beans,0.9,0.0,0.0,0.0,0.0,0.0,0.0,Fava beans,Fava beans,mt_vote_revoted_gte_langfilter,2026-03-19T13:41:00,,,0.7551299333572388,salamandra,en,en,fi,Fava_beans
entity,en,Faversham,Faversham,Faversham,Faversham,Faversham,0.9,1.0,1.0,1.0,1.0,1.0,1.0,Faversham,Faversham,mt_vote,2026-03-19T12:54:19,,,,,en,en,en,Faversham
entity,en,"Faversham,_Kent,_Anglaterra","Faversham, Kent, Anglaterra","Faversham, Kent, England","Faversham, Kent, UK","Faversham, Kent, England",0.9,0.7907,1.0,0.7907,0.0,1.0,0.0,"Faversham, Kent, England","Faversham, Kent, England",mt_vote,2026-03-19T12:54:20,,,,,en,en,en,"Faversham,_Kent,_England"
entity,en,Fawkham,Fawkham,Fawkham,Fawkham,Fawkham,0.9,1.0,1.0,1.0,1.0,1.0,1.0,Fawkham,Fawkham,mt_vote,2026-03-19T12:54:20,,,,,en,en,en,Fawkham
entity,en,Federació_Internacional_de_Tennis,Federació Internacional de Tennis,The International Tennis Federation is the governing body for the sport of tennis.,International Tennis Federation,International Tennis Federation,0.9,0.5487,0.5487,1.0,0.0,0.0,1.0,International Tennis Federation,International Tennis Federation,mt_vote,2026-03-19T12:54:21,,,,,en,en,en,International_Tennis_Federation
entity,en,Felip_I_de_Bèlgica,Felip I de Bèlgica,Philip I of Belgium,Philip I of Belgium,Philip I of Belgium,0.9,1.0,1.0,1.0,1.0,1.0,1.0,Philip I of Belgium,Philip I of Belgium,mt_vote,2026-03-19T12:54:22,,,,,en,en,en,Philip_I_of_Belgium
entity,en,Felip_VI_d'Espanya,Felip VI d'Espanya,Philip VI of Spain,Felipe VI of Spain,Felipe VI of Spain,0.9,0.8333,0.8333,1.0,0.0,0.0,1.0,Felipe VI of Spain,Felipe VI of Spain,mt_vote,2026-03-19T12:54:22,,,,,en,en,en,Felipe_VI_of_Spain
entity,en,Felipe_González_Márquez,Felipe González Márquez,Spanish writer Felipe González Márquez,Felipe González Márquez,Felipe González Márquez,0.9,0.7541,0.7541,1.0,0.0,0.0,1.0,Felipe González Márquez,Felipe González Márquez,mt_vote_revoted_gte_langfilter,2026-03-19T13:41:00,0.8995266556739807,1.0,1.0,salamandra,hu,hu,hu,Felipe_González_Márquez
entity,en,Felipe_Gozon,Felipe Gozon,Felipe of Gozon,Felipe Gozon,Felipe Gozon,0.9,0.0,0.0,1.0,0.0,0.0,1.0,Felipe Gozon,Felipe Gozon,mt_vote_revoted_gte_langfilter,2026-03-19T13:41:00,,1.000000238418579,1.000000238418579,salamandra,en,pl,pl,Felipe_Gozon
entity,en,Ferencvárosi_TC,Ferencvárosi TC,Ferencvárosi TC also known as Ferencvárosi,Ferencvárosi TC,Ferencvárosi TC,0.9,0.5263,0.5263,1.0,0.0,0.0,1.0,Ferencvárosi TC,Ferencvárosi TC,mt_vote_revoted_gte_langfilter,2026-03-19T13:41:00,0.94502055644989,0.9999999403953552,0.9999999403953552,salamandra,se,hu,hu,Ferencvárosi_TC
entity,en,Festival_de_Roadburn,Festival de Roadburn,Roadburn Festival,Roadburn Festival,Roadburn Festival,0.9,1.0,1.0,1.0,1.0,1.0,1.0,Roadburn Festival,Roadburn Festival,mt_vote,2026-03-19T12:54:25,,,,,en,en,en,Roadburn_Festival
entity,en,Fiat_Croma,Fiat Croma,The Fiat Croma,Fiat Croma,Fiat Croma,0.9,0.8333,0.8333,1.0,0.0,0.0,1.0,Fiat Croma,Fiat Croma,mt_vote,2026-03-19T12:54:26,,,,,en,en,en,Fiat_Croma
entity,en,Filipines,Filipines,Philippines,Philippines 0.001 0.001 0.001 0.001 0.001 0.001 0.001 0.001 0.001 0.001 0.001 0.001 0.001 0.001 0.001 0.00,Philippines,0.9,0.0,0.0,0.0,0.0,0.0,0.0,Philippines 0.001 0.001 0.001 0.001 0.001 0.001 0.001 0.001 0.001 0.001 0.001 0.001 0.001 0.001 0.001 0.00,Philippines 0.001 0.001 0.001 0.001 0.001 0.001 0.001 0.001 0.001 0.001 0.001 0.001 0.001 0.001 0.001 0.00,mt_vote_revoted_gte_langfilter,2026-03-19T13:41:00,,0.7974146008491516,,madlad,en,es,en,Philippines_0.001_0.001_0.001_0.001_0.001_0.001_0.001_0.001_0.001_0.001_0.001_0.001_0.001_0.001_0.001_0.00
entity,en,Filipinos_al_Japó,Filipinos al Japó,Filipinos in Japan,Filipinos in Japan,Filipinos in Japan,0.9,1.0,1.0,1.0,1.0,1.0,1.0,Filipinos in Japan,Filipinos in Japan,mt_vote_revoted_gte_langfilter,2026-03-19T13:41:00,0.955269455909729,0.955269455909729,0.955269455909729,nllb,es,es,es,Filipinos_in_Japan
entity,en,Filipinos_xinesos,Filipinos xinesos,Chinese Filipinos,Chinese Filipino,Chinese Filipinos,0.9,0.9697,1.0,0.9697,1.0,1.0,1.0,Chinese Filipinos,Chinese Filipinos,mt_vote,2026-03-19T12:54:30,,,,,en,en,en,Chinese_Filipinos
entity,en,Finlàndia,Finlàndia,Finland,Finland,Finland,0.9,1.0,1.0,1.0,1.0,1.0,1.0,Finland,Finland,mt_vote,2026-03-19T12:54:30,,,,,en,en,en,Finland
entity,en,First_Vienna_FC,First Vienna FC,First Vienna FC,First Vienna FC,First Vienna FC,0.9,1.0,1.0,1.0,1.0,1.0,1.0,First Vienna FC,First Vienna FC,mt_vote_revoted_gte_langfilter,2026-03-19T13:41:00,1.0000001192092896,1.0000001192092896,1.0000001192092896,nllb,fi,fi,fi,First_Vienna_FC
entity,en,Flanders,Flanders,Flanders,Flanders,Flanders,0.9,1.0,1.0,1.0,1.0,1.0,1.0,Flanders,Flanders,mt_vote_revoted_gte_langfilter,2026-03-19T13:41:00,1.0000001192092896,1.0000001192092896,1.0000001192092896,nllb,sv,sv,sv,Flanders
entity,en,Flibbertigibbet,Flibbertigibbet,Flibbertigibbet,Flibbertigibbet,Flibbertigibbet,0.9,1.0,1.0,1.0,1.0,1.0,1.0,Flibbertigibbet,Flibbertigibbet,mt_vote_revoted_gte_langfilter,2026-03-19T13:41:00,1.0,1.0,1.0,nllb,de,de,de,Flibbertigibbet
entity,en,Florida_Gators,Florida Gators,Florida Gators,Florida Gators,Florida Gators,0.9,1.0,1.0,1.0,1.0,1.0,1.0,Florida Gators,Florida Gators,mt_vote_revoted_gte_langfilter,2026-03-19T13:41:00,1.000000238418579,1.000000238418579,1.000000238418579,nllb,es,es,es,Florida_Gators
entity,en,Florida_Panthers,Florida Panthers,Florida Panthers,Florida Panthers,Florida Panthers,0.9,1.0,1.0,1.0,1.0,1.0,1.0,Florida Panthers,Florida Panthers,mt_vote,2026-03-19T12:54:34,,,,,en,en,en,Florida_Panthers
entity,en,Fort_Campbell,Fort Campbell,Fort Campbell,Fort Campbell,Fort Campbell,0.9,1.0,1.0,1.0,1.0,1.0,1.0,Fort Campbell,Fort Campbell,mt_vote,2026-03-19T12:54:34,,,,,en,en,en,Fort_Campbell
entity,en,"Fort_Campbell,_KY,_va_créixer_a_Dothan,_AL","Fort Campbell, KY, va créixer a Dothan, AL","Fort Campbell, KY, grew up in Dothan, AL","Fort Campbell, KY, grew up in Dothan, AL","Fort Campbell, KY, grew up in Dothan, AL",0.9,1.0,1.0,1.0,1.0,1.0,1.0,"Fort Campbell, KY, grew up in Dothan, AL","Fort Campbell, KY, grew up in Dothan, AL",mt_vote,2026-03-19T12:54:36,,,,,en,en,en,"Fort_Campbell,_KY,_grew_up_in_Dothan,_AL"
entity,en,"Fort_Worth,_Texas","Fort Worth, Texas","Fort Worth, Texas","Fort Worth, TX","Fort Worth, Texas",0.9,0.9032,1.0,0.9032,1.0,1.0,1.0,"Fort Worth, Texas","Fort Worth, Texas",mt_vote,2026-03-19T12:54:36,,,,,en,en,en,"Fort_Worth,_Texas"
entity,en,Força_Aèria_Nigeriana,Força Aèria Nigeriana,Nigerian Air Force,Nigerian Air Force,Nigerian Air Force,0.9,1.0,1.0,1.0,1.0,1.0,1.0,Nigerian Air Force,Nigerian Air Force,mt_vote_revoted_gte_langfilter,2026-03-19T13:41:00,0.9525642395019532,0.9525642395019532,0.9525642395019532,nllb,de,de,de,Nigerian_Air_Force
entity,en,Força_Aèria_dels_Estats_Units_d'Amèrica,Força Aèria dels Estats Units d'Amèrica,United States Air Force,United States Air Force,United States Air Force,0.9,1.0,1.0,1.0,1.0,1.0,1.0,United States Air Force,United States Air Force,mt_vote,2026-03-19T12:54:38,,,,,en,en,en,United_States_Air_Force
entity,en,Força_Aèria_Índia,Força Aèria Índia,Indian Air Force,Indian Air Force,Indian Air Force,0.9,1.0,1.0,1.0,1.0,1.0,1.0,Indian Air Force,Indian Air Force,mt_vote,2026-03-19T12:54:38,,,,,en,en,en,Indian_Air_Force
entity,en,Francis_G._Slay,Francis G. Slay,Francis G. Slay,Francis G. Slay,Francis G. Slay,0.9,1.0,1.0,1.0,1.0,1.0,1.0,Francis G. Slay,Francis G. Slay,mt_vote,2026-03-19T12:54:39,,,,,en,en,en,Francis_G._Slay
entity,en,Francisco_Franco_Bahamonde,Francisco Franco Bahamonde,Spanish writer Francisco Franco Bahamonde,Francisco Franco Bahamonde,Francisco Franco Bahamonde,0.9,0.7761,0.7761,1.0,0.0,0.0,1.0,Francisco Franco Bahamonde,Francisco Franco Bahamonde,mt_vote_revoted_gte_langfilter,2026-03-19T13:41:00,0.9381965398788452,1.0,1.0,salamandra,es,es,es,Francisco_Franco_Bahamonde
entity,en,Frangipane,Frangipane,Frangipane,Frangipane,Frangipane,0.9,1.0,1.0,1.0,1.0,1.0,1.0,Frangipane,Frangipane,mt_vote,2026-03-19T12:54:40,,,,,en,en,en,Frangipane
entity,en,Frank_Borman,Frank Borman,Frank Borman,Frank Borman,Frank Borman,0.9,1.0,1.0,1.0,1.0,1.0,1.0,Frank Borman,Frank Borman,mt_vote,2026-03-19T12:54:41,,,,,en,en,en,Frank_Borman
entity,en,Frank_Giustra,Frank Giustra,It was Frank Giustra.,Frank Giustra,Frank Giustra,0.9,0.0,0.0,1.0,0.0,0.0,1.0,Frank Giustra,Frank Giustra,mt_vote_revoted_gte_langfilter,2026-03-19T13:41:00,,1.0,1.0,salamandra,en,lt,lt,Frank_Giustra
entity,en,Frank_Jackson,Frank Jackson,This is Frank Jackson.,Frank Jackson,Frank Jackson,0.9,0.7429,0.7429,1.0,0.0,0.0,1.0,Frank Jackson,Frank Jackson,mt_vote,2026-03-19T12:54:42,,,,,en,en,en,Frank_Jackson
entity,en,Frank_de_Boer,Frank de Boer,Frank of the Boer,Frank de Boer,Frank de Boer,0.9,0.0,0.0,1.0,0.0,0.0,1.0,Frank de Boer,Frank de Boer,mt_vote_revoted_gte_langfilter,2026-03-19T13:41:00,,0.9999999403953552,0.9999999403953552,salamandra,en,nl,nl,Frank_de_Boer
entity,en,Franklin_D._Roosevelt,Franklin D. Roosevelt,Franklin D. Roosevelt,Franklin D. Roosevelt,Franklin D. Roosevelt,0.9,1.0,1.0,1.0,1.0,1.0,1.0,Franklin D. Roosevelt,Franklin D. Roosevelt,mt_vote_revoted_gte_langfilter,2026-03-19T13:41:00,1.0,1.0,1.0,nllb,de,de,de,Franklin_D._Roosevelt
entity,en,França,França,France,France,France,0.9,1.0,1.0,1.0,1.0,1.0,1.0,France,France,mt_vote,2026-03-19T12:54:44,,,,,en,en,en,France
entity,en,"França,_Estats_Units_o_la_Xina","França, Estats Units o la Xina","France, the United States or China","France, United States or China","France, United States or China",0.9,0.9375,0.9375,1.0,1.0,1.0,1.0,"France, United States or China","France, United States or China",mt_vote,2026-03-19T12:54:44,,,,,en,en,en,"France,_United_States_or_China"
entity,en,François_Hollande,François Hollande,French Prime Minister François Hollande,François Hollande,François Hollande,0.9,0.6071,0.6071,1.0,0.0,0.0,1.0,François Hollande,François Hollande,mt_vote_revoted_gte_langfilter,2026-03-19T13:41:00,0.9204619526863098,1.0,1.0,salamandra,pt,pt,pt,François_Hollande
entity,en,"Frederick,_Maryland","Frederick, Maryland","Frederick, Maryland","Frederick, Maryland","Frederick, Maryland",0.9,1.0,1.0,1.0,1.0,1.0,1.0,"Frederick, Maryland","Frederick, Maryland",mt_vote,2026-03-19T12:54:46,,,,,en,en,en,"Frederick,_Maryland"
entity,en,Friedrichshafen,Friedrichshafen,The city of Friedrichshafen,Friedrichshafen,Friedrichshafen,0.9,0.0,0.0,1.0,0.0,0.0,1.0,Friedrichshafen,Friedrichshafen,mt_vote_revoted_gte_langfilter,2026-03-19T13:41:00,,1.0,1.0,salamandra,en,de,de,Friedrichshafen
entity,en,"Fruita_picada,_crema_agra,_llet_condensada,_granola,_coco_ratllat,_panses","Fruita picada, crema agra, llet condensada, granola, coco ratllat, panses","Chopped fruit, sour cream, condensed milk, granola, shredded coconut, pancakes","Chopped fruit, sour cream, condensed milk, granola, grated coconut, raisins","Chopped fruit, sour cream, condensed milk, granola, shredded coconut, raisins",0.9,0.8889,0.9419,0.9474,0.0,1.0,1.0,"Chopped fruit, sour cream, condensed milk, granola, shredded coconut, pancakes","Chopped fruit, sour cream, condensed milk, granola, shredded coconut, pancakes",mt_vote,2026-03-19T12:54:49,,,,,en,en,en,"Chopped_fruit,_sour_cream,_condensed_milk,_granola,_shredded_coconut,_pancakes"
entity,en,Fruits_de_Mer_Records,Fruits de Mer Records,Fruits of Mer Records,Fruits de Mer Records,Fruits de Mer Records,0.9,0.0,0.0,1.0,0.0,0.0,1.0,Fruits de Mer Records,Fruits de Mer Records,mt_vote_revoted_gte_langfilter,2026-03-19T13:41:00,,1.0,1.0,salamandra,en,fr,fr,Fruits_de_Mer_Records
entity,en,Fuad_Masum,Fuad Masum,Fuad Masum,Fuad Masum,Fuad Masum,0.9,1.0,1.0,1.0,1.0,1.0,1.0,Fuad Masum,Fuad Masum,mt_vote,2026-03-19T12:54:50,,,,,en,en,en,Fuad_Masum
entity,en,Funk,Funk,Funk,Funk,Funk,0.9,1.0,1.0,1.0,1.0,1.0,1.0,Funk,Funk,mt_vote,2026-03-19T12:54:50,,,,,en,en,en,Funk
entity,en,Futbol_Club_Barcelona,Futbol Club Barcelona,"Football Club Barcelona is a football club based in Barcelona, Spain.",FC Barcelona,Football Club Barcelona,0.9,0.2963,0.5,0.6857,0.0,0.0,0.0,Football Club Barcelona,Football Club Barcelona,mt_vote,2026-03-19T12:54:51,,,,,en,en,en,Football_Club_Barcelona
entity,en,Fußball-Club_Sachsen_Leipzig_1990,Fußball-Club Sachsen Leipzig 1990,Fußball-Club Sachsen Leipzig from 1990,FC Sachsen Leipzig 1990,Football Club Sachsen Leipzig 1990,0.9,0.0,0.0,0.807,0.0,0.0,0.0,Football Club Sachsen Leipzig 1990,Football Club Sachsen Leipzig 1990,mt_vote_revoted_gte_langfilter,2026-03-19T13:41:00,,0.9786685705184937,0.9875253438949584,salamandra,en,de,de,Football_Club_Sachsen_Leipzig_1990
entity,en,GMA_Network_(empresa),GMA Network (empresa),GMA Network (company),GMA Network (company),GMA Network (company),0.9,1.0,1.0,1.0,1.0,1.0,1.0,GMA Network (company),GMA Network (company),mt_vote,2026-03-19T12:54:53,,,,,en,en,en,GMA_Network_(company)
entity,en,GMA_New_Media,GMA New Media,Produced by GMA New Media,GMA New Media,GMA New Media,0.9,0.6842,0.6842,1.0,0.0,0.0,1.0,GMA New Media,GMA New Media,mt_vote,2026-03-19T12:54:54,,,,,en,en,en,GMA_New_Media
entity,en,Gabriela_Michetti,Gabriela Michetti,This is Gabriela Michetti.,Gabriela Michetti,Gabriela Michetti,0.9,0.0,0.0,1.0,0.0,0.0,1.0,Gabriela Michetti,Gabriela Michetti,mt_vote_revoted_gte_langfilter,2026-03-19T13:41:00,,0.9999999403953552,0.9999999403953552,salamandra,en,pt,pt,Gabriela_Michetti
entity,en,Gadzhi_Gadzhiyev,Gadzhi Gadzhiyev,Gadzhi Gadzhiyev,Gadzhi Gadzhiyev,Gadzhi Gadzhiyev,0.9,1.0,1.0,1.0,1.0,1.0,1.0,Gadzhi Gadzhiyev,Gadzhi Gadzhiyev,mt_vote_revoted_gte_langfilter,2026-03-19T13:41:00,1.0000001192092896,1.0000001192092896,1.0000001192092896,nllb,sk,sk,sk,Gadzhi_Gadzhiyev
entity,en,Gale_Brewer,Gale Brewer,Gale Brewer,Gale Brewer,Gale Brewer,0.9,1.0,1.0,1.0,1.0,1.0,1.0,Gale Brewer,Gale Brewer,mt_vote_revoted_gte_langfilter,2026-03-19T13:41:00,1.0,1.0,1.0,nllb,it,it,it,Gale_Brewer
entity,en,Galàctic,Galàctic,Galactic,Galactic,Galactic,0.9,1.0,1.0,1.0,1.0,1.0,1.0,Galactic,Galactic,mt_vote,2026-03-19T12:54:57,,,,,en,en,en,Galactic
entity,en,Galícia_(Espanya),Galícia (Espanya),Galicia (Spain),Galicia (Spain),Galicia (Spain),0.9,1.0,1.0,1.0,1.0,1.0,1.0,Galicia (Spain),Galicia (Spain),mt_vote_revoted_gte_langfilter,2026-03-19T13:41:00,0.9133183360099792,0.9133183360099792,0.9133183360099792,nllb,es,es,es,Galicia_(Spain)
entity,en,Gange,Gange,Ganges,Gange,Gange,0.9,0.9091,0.9091,1.0,1.0,1.0,1.0,Gange,Gange,mt_vote,2026-03-19T12:54:58,,,,,en,en,en,Gange
entity,en,Gangsta_rap,Gangsta rap,Gangsta rap,Gangsta rap,Gangsta rap,0.9,1.0,1.0,1.0,1.0,1.0,1.0,Gangsta rap,Gangsta rap,mt_vote_revoted_gte_langfilter,2026-03-19T13:41:00,1.0000001192092896,1.0000001192092896,1.0000001192092896,nllb,da,da,da,Gangsta_rap
entity,en,Gardner_Fox,Gardner Fox,Gardner Fox,Gardner Fox,Gardner Fox,0.9,1.0,1.0,1.0,1.0,1.0,1.0,Gardner Fox,Gardner Fox,mt_vote,2026-03-19T12:54:59,,,,,en,en,en,Gardner_Fox
entity,en,Garth_Nix,Garth Nix,Garth Nix,Garth Nix,Garth Nix,0.9,1.0,1.0,1.0,1.0,1.0,1.0,Garth Nix,Garth Nix,mt_vote,2026-03-19T12:55:00,,,,,en,en,en,Garth_Nix
entity,en,Gary_Cohn_(còmic),Gary Cohn (còmic),Gary Cohn (comedian),Gary Cohn (comic),Gary Cohn (comic),0.9,0.8649,0.8649,1.0,0.0,0.0,1.0,Gary Cohn (comic),Gary Cohn (comic),mt_vote,2026-03-19T12:55:01,,,,,en,en,en,Gary_Cohn_(comic)
entity,en,"Gdynia,_Polònia","Gdynia, Polònia","Gdynia, Poland","Gdynia, Poland","Gdynia, Poland",0.9,1.0,1.0,1.0,1.0,1.0,1.0,"Gdynia, Poland","Gdynia, Poland",mt_vote,2026-03-19T12:55:01,,,,,en,en,en,"Gdynia,_Poland"
entity,en,Gelat,Gelat,Ice cream,Gelat,Ice cream,0.9,0.2857,1.0,0.2857,0.0,1.0,0.0,Ice cream,Ice cream,mt_vote,2026-03-19T12:55:02,,,,,en,en,en,Ice_cream
entity,en,Gene_Colan,Gene Colan,Gene Colan,Gene Colan,Gene Colan,0.9,1.0,1.0,1.0,1.0,1.0,1.0,Gene Colan,Gene Colan,mt_vote_revoted_gte_langfilter,2026-03-19T13:41:00,1.0,1.0,1.0,nllb,es,es,es,Gene_Colan
entity,en,Gener_del_2009,Gener del 2009,January 2009,January 2009,January 2009,0.9,1.0,1.0,1.0,1.0,1.0,1.0,January 2009,January 2009,mt_vote,2026-03-19T12:55:03,,,,,en,en,en,January_2009
entity,en,General_Dynamics,General Dynamics,General Dynamics,General Dynamics,General Dynamics,0.9,1.0,1.0,1.0,1.0,1.0,1.0,General Dynamics,General Dynamics,mt_vote,2026-03-19T12:55:04,,,,,en,en,en,General_Dynamics
entity,en,General_Dynamics_Barca_elèctrica,General Dynamics Barca elèctrica,General Dynamics Electric boat,General Dynamics Electric boat,General Dynamics Electric Boat,0.9,1.0,1.0,1.0,1.0,1.0,1.0,General Dynamics Electric boat,General Dynamics Electric boat,mt_vote,2026-03-19T12:55:04,,,,,en,en,en,General_Dynamics_Electric_boat
entity,en,General_Motors,General Motors,General Motors,General Motors,General Motors,0.9,1.0,1.0,1.0,1.0,1.0,1.0,General Motors,General Motors,mt_vote,2026-03-19T12:55:05,,,,,en,en,en,General_Motors
entity,en,Genoa_C.F.C.,Genoa C.F.C.,Genoa C.F.C.,Genoa C.F.C.,Genoa C.F.C.,0.9,1.0,1.0,1.0,1.0,1.0,1.0,Genoa C.F.C.,Genoa C.F.C.,mt_vote_revoted_gte_langfilter,2026-03-19T13:41:00,1.0,1.0,1.0,nllb,eu,eu,eu,Genoa_C.F.C.
entity,en,Gent_de_l'Índia,Gent de l'Índia,People of India,People of India,People of India,0.9,1.0,1.0,1.0,1.0,1.0,1.0,People of India,People of India,mt_vote,2026-03-19T12:55:06,,,,,en,en,en,People_of_India
entity,en,Geof_Bartz,Geof Bartz,Geof Bartz,Geof Bartz,Geof Bartz,0.9,1.0,1.0,1.0,1.0,1.0,1.0,Geof Bartz,Geof Bartz,mt_vote,2026-03-19T12:55:07,,,,,en,en,en,Geof_Bartz
entity,en,George_Allen_&_Unwin,George Allen & Unwin,George Allen and Unwin,George Allen & Unwin,George Allen & Unwin,0.9,0.0,0.0,1.0,0.0,0.0,1.0,George Allen & Unwin,George Allen & Unwin,mt_vote_revoted_gte_langfilter,2026-03-19T13:41:00,,1.0,1.0,salamandra,en,de,de,George_Allen_&_Unwin
entity,en,George_Brenner,George Brenner,This is George Brenner.,George Brenner,George Brenner,0.9,0.0,0.0,1.0,0.0,0.0,1.0,George Brenner,George Brenner,mt_vote_revoted_gte_langfilter,2026-03-19T13:41:00,,1.0,1.0,salamandra,en,fr,fr,George_Brenner
entity,en,George_Herbert_Walker_Bush,George Herbert Walker Bush,This is George Herbert Walker Bush.,George Herbert Walker Bush,George Herbert Walker Bush,0.9,0.0,0.0,1.0,0.0,0.0,1.0,George Herbert Walker Bush,George Herbert Walker Bush,mt_vote_revoted_gte_langfilter,2026-03-19T13:41:00,,1.0000001192092896,1.0000001192092896,salamandra,en,de,de,George_Herbert_Walker_Bush
entity,en,George_Kapitan,George Kapitan,George the Captain,George Kapitan,George Kapitan,0.9,0.75,0.75,1.0,0.0,0.0,1.0,George Kapitan,George Kapitan,mt_vote,2026-03-19T12:55:10,,,,,en,en,en,George_Kapitan
entity,en,George_MacDonald,George MacDonald,This is George MacDonald.,George MacDonald,George MacDonald,0.9,0.0,0.0,1.0,0.0,0.0,1.0,George MacDonald,George MacDonald,mt_vote_revoted_gte_langfilter,2026-03-19T13:41:00,,1.0000001192092896,1.0000001192092896,salamandra,en,et,et,George_MacDonald
entity,en,George_Monson,George Monson,George Monson,George Monson,George Monson,0.9,1.0,1.0,1.0,1.0,1.0,1.0,George Monson,George Monson,mt_vote,2026-03-19T12:55:11,,,,,en,en,en,George_Monson
entity,en,George_Richard_Pain,George Richard Pain,This is George Richard Pain.,George Richard Pain,George Richard Pain,0.9,0.0,0.0,1.0,0.0,0.0,1.0,George Richard Pain,George Richard Pain,mt_vote_revoted_gte_langfilter,2026-03-19T13:41:00,,1.0,1.0,salamandra,en,de,de,George_Richard_Pain
entity,en,George_Winkler,George Winkler,This is George Winkler.,George Winkler,George Winkler,0.9,0.7568,0.7568,1.0,0.0,0.0,1.0,George Winkler,George Winkler,mt_vote,2026-03-19T12:55:13,,,,,en,en,en,George_Winkler
entity,en,"Georgetown,_Texas","Georgetown, Texas","Georgetown, Texas","Georgetown, Texas","Georgetown, Texas",0.9,1.0,1.0,1.0,1.0,1.0,1.0,"Georgetown, Texas","Georgetown, Texas",mt_vote,2026-03-19T12:55:13,,,,,en,en,en,"Georgetown,_Texas"
entity,en,"Georgia,_Vermont","Georgia, Vermont",Georgia and Vermont,Georgia,"Georgia, Vermont",0.9,0.0,0.0,0.0,0.0,0.0,0.0,"Georgia, Vermont","Georgia, Vermont",mt_vote_revoted_gte_langfilter,2026-03-19T13:41:00,,,1.0,salamandra,en,en,de,"Georgia,_Vermont"
entity,en,Georgia_(estat_dels_Estats_Units),Georgia (estat dels Estats Units),Georgia (state of the United States),Georgia (U.S. state),Georgia (U.S. state),0.9,0.6071,0.6071,1.0,0.0,0.0,1.0,Georgia (U.S. state),Georgia (U.S. state),mt_vote,2026-03-19T12:55:15,,,,,en,en,en,Georgia_(U.S._state)
entity,en,Gerd_von_Rundstedt,Gerd von Rundstedt,This is Gerd von Rundstedt,Gerd von Rundstedt,Gerd von Rundstedt,0.9,0.0,0.0,1.0,0.0,0.0,1.0,Gerd von Rundstedt,Gerd von Rundstedt,mt_vote_revoted_gte_langfilter,2026-03-19T13:41:00,,1.0,1.0,salamandra,en,de,de,Gerd_von_Rundstedt
entity,en,Germans_Samuda,Germans Samuda,The Samuda brothers,Samuda Brothers,Samuda Brothers,0.9,0.8824,0.8824,1.0,0.0,0.0,1.0,Samuda Brothers,Samuda Brothers,mt_vote,2026-03-19T12:55:16,,,,,en,en,en,Samuda_Brothers
entity,en,Gettysburgusa._kgm,Gettysburgusa. kgm,"Gettysburg, by the way.",Gettysburg,Gettysburgusa. kgm,0.9,0.0,0.0,0.7143,0.0,0.0,0.0,Gettysburgusa. kgm,Gettysburgusa. kgm,mt_vote_revoted_gte_langfilter,2026-03-19T13:41:00,,0.7748205661773682,1.0,salamandra,en,fi,fi,Gettysburgusa._kgm
entity,en,Geòrgia,Geòrgia,Georgia,Georgia,Georgia,0.9,1.0,1.0,1.0,1.0,1.0,1.0,Georgia,Georgia,mt_vote,2026-03-19T12:55:17,,,,,en,en,en,Georgia
entity,en,Gilbert_Taylor,Gilbert Taylor,This is Gilbert Taylor.,Gilbert Taylor,Gilbert Taylor,0.9,0.7568,0.7568,1.0,0.0,0.0,1.0,Gilbert Taylor,Gilbert Taylor,mt_vote,2026-03-19T12:55:18,,,,,en,en,en,Gilbert_Taylor
entity,en,Giorgos_Kaminis,Giorgos Kaminis,Giorgos Kaminis,Giorgos Kaminis,Giorgos Kaminis,0.9,1.0,1.0,1.0,1.0,1.0,1.0,Giorgos Kaminis,Giorgos Kaminis,mt_vote_revoted_gte_langfilter,2026-03-19T13:41:00,1.0,1.0,1.0,nllb,lt,lt,lt,Giorgos_Kaminis
entity,en,Giovanni_Bertone,Giovanni Bertone,It was Giovanni Bertone.,Giovanni Bertone,Giovanni Bertone,0.9,0.0,0.0,1.0,0.0,0.0,1.0,Giovanni Bertone,Giovanni Bertone,mt_vote_revoted_gte_langfilter,2026-03-19T13:41:00,,1.0,1.0,salamandra,en,sk,sk,Giovanni_Bertone
entity,en,Giuseppe_Iachini,Giuseppe Iachini,It was designed by Giuseppe Iachini.,Giuseppe Iachini,Giuseppe Iachini,0.9,0.0,0.0,1.0,0.0,0.0,1.0,Giuseppe Iachini,Giuseppe Iachini,mt_vote_revoted_gte_langfilter,2026-03-19T13:41:00,,1.0,1.0,salamandra,en,lt,lt,Giuseppe_Iachini
entity,en,Glass_Tiger,Glass Tiger,Glass Tiger,Glass Tiger,Glass Tiger,0.9,1.0,1.0,1.0,1.0,1.0,1.0,Glass Tiger,Glass Tiger,mt_vote_revoted_gte_langfilter,2026-03-19T13:41:00,1.0,1.0,1.0,nllb,de,de,de,Glass_Tiger
entity,en,"Glen_Ridge,_Nova_Jersey","Glen Ridge, Nova Jersey","Glen Ridge, New Jersey","Glen Ridge, NJ","Glen Ridge, New Jersey",0.9,0.7778,1.0,0.7778,0.0,1.0,0.0,"Glen Ridge, New Jersey","Glen Ridge, New Jersey",mt_vote_revoted_gte_langfilter,2026-03-19T13:41:00,0.9836787581443788,0.9582455158233644,0.9836787581443788,salamandra,de,sl,de,"Glen_Ridge,_New_Jersey"
entity,en,Gordon_Marsden,Gordon Marsden,It was Gordon Marsden.,Gordon Marsden,Gordon Marsden,0.9,0.7778,0.7778,1.0,0.0,0.0,1.0,Gordon Marsden,Gordon Marsden,mt_vote,2026-03-19T12:55:22,,,,,en,en,en,Gordon_Marsden
entity,en,Goslar,Goslar,Goslar,Goslar,Goslar,0.9,1.0,1.0,1.0,1.0,1.0,1.0,Goslar,Goslar,mt_vote,2026-03-19T12:55:23,,,,,en,en,en,Goslar
entity,en,Goslarer_SC_08,Goslarer SC 08,Goslarer SC 08,Goslarer SC 08,Goslarer SC 08,0.9,1.0,1.0,1.0,1.0,1.0,1.0,Goslarer SC 08,Goslarer SC 08,mt_vote_revoted_gte_langfilter,2026-03-19T13:41:00,1.0000001192092896,1.0000001192092896,1.0000001192092896,nllb,da,da,da,Goslarer_SC_08
entity,en,Govern_Flamenc,Govern Flamenc,Flemish government,Flemish Government,Flemish Government,0.9,0.0,0.0,1.0,0.0,0.0,1.0,Flemish Government,Flemish Government,mt_vote_revoted_gte_langfilter,2026-03-19T13:41:00,,0.7354459762573242,0.7354459762573242,salamandra,en,et,et,Flemish_Government
entity,en,Govern_Insular_de_les_illes_Filipines,Govern Insular de les illes Filipines,Insular Government of the Philippine Islands,Islands Government of the Philippines,Government of the Philippine Islands,0.9,0.8395,0.9,0.7945,0.0,1.0,0.0,Insular Government of the Philippine Islands,Insular Government of the Philippine Islands,mt_vote,2026-03-19T12:55:25,,,,,en,en,en,Insular_Government_of_the_Philippine_Islands
entity,en,Govern_d'Addis_Abeba,Govern d'Addis Abeba,Government of Addis Ababa,Government of Addis Ababa,Addis Ababa Government,0.9,1.0,0.4681,0.4681,1.0,0.0,0.0,Government of Addis Ababa,Government of Addis Ababa,mt_vote,2026-03-19T12:55:26,,,,,en,en,en,Government_of_Addis_Ababa
entity,en,Govern_dirigit_pel_consell,Govern dirigit pel consell,Council-led government,Council-led government,Council-led government,0.9,1.0,1.0,1.0,1.0,1.0,1.0,Council-led government,Council-led government,mt_vote,2026-03-19T12:55:27,,,,,en,en,en,Council-led_government
entity,en,Governador,Governador,Governor,Governor,Governor,0.9,1.0,1.0,1.0,1.0,1.0,1.0,Governor,Governor,mt_vote,2026-03-19T12:55:27,,,,,en,en,en,Governor
entity,en,Governador_de_Connecticut,Governador de Connecticut,Governor of Connecticut,Governors of Connecticut,Governor of Connecticut,0.9,0.9787,1.0,0.9787,1.0,1.0,1.0,Governor of Connecticut,Governor of Connecticut,mt_vote,2026-03-19T12:55:28,,,,,en,en,en,Governor_of_Connecticut
entity,en,Governador_de_Texas,Governador de Texas,Governor of Texas,Governor of Texas,Governor of Texas,0.9,1.0,1.0,1.0,1.0,1.0,1.0,Governor of Texas,Governor of Texas,mt_vote,2026-03-19T12:55:29,,,,,en,en,en,Governor_of_Texas
entity,en,Graco_Ramírez,Graco Ramírez,Graco Ramirez,Graco Ramírez,Graco Ramírez,0.9,0.9231,0.9231,1.0,1.0,1.0,1.0,Graco Ramírez,Graco Ramírez,mt_vote_revoted_gte_langfilter,2026-03-19T13:41:00,0.9913623332977296,0.9999998807907104,0.9999998807907104,madlad,it,cs,cs,Graco_Ramírez
entity,en,Graeme_Garden,Graeme Garden,Graeme Garden,Graeme Garden,Graeme Garden,0.9,1.0,1.0,1.0,1.0,1.0,1.0,Graeme Garden,Graeme Garden,mt_vote_revoted_gte_langfilter,2026-03-19T13:41:00,1.0,1.0,1.0,nllb,de,de,de,Graeme_Garden
entity,en,Gran_Asunción,Gran Asunción,Greater Asunción,Gran Asunción,Gran Asunción,0.9,0.8276,0.8276,1.0,0.0,0.0,1.0,Gran Asunción,Gran Asunción,mt_vote_revoted_gte_langfilter,2026-03-19T13:41:00,0.913316249847412,1.0000001192092896,1.0000001192092896,salamandra,es,es,es,Gran_Asunción
entity,en,Gran_Bretanya,Gran Bretanya,Great Britain,Great Britain,Great Britain,0.9,1.0,1.0,1.0,1.0,1.0,1.0,Great Britain,Great Britain,mt_vote,2026-03-19T12:55:31,,,,,en,en,en,Great_Britain
entity,en,Gran_Manchester,Gran Manchester,Greater Manchester,Greater Manchester,Greater Manchester,0.9,1.0,1.0,1.0,1.0,1.0,1.0,Greater Manchester,Greater Manchester,mt_vote,2026-03-19T12:55:31,,,,,en,en,en,Greater_Manchester
entity,en,Gran_St._Louisusa._kgm,Gran St. Louisusa. kgm,The Great St. Louis.,Greater St. Louis,Grand St. Louisusa. kgm,0.9,0.8108,0.6512,0.65,0.0,0.0,0.0,The Great St. Louis.,The Great St. Louis.,mt_vote,2026-03-19T12:55:32,,,,,en,en,en,The_Great_St._Louis.
entity,en,"Grand_Chute,_Wisconsin","Grand Chute, Wisconsin","This is Grand Chute, Wisconsin.","Grand Chute, WI","Grand Chute, Wisconsin",0.9,0.6522,0.8302,0.8108,0.0,0.0,0.0,"Grand Chute, Wisconsin","Grand Chute, Wisconsin",mt_vote,2026-03-19T12:55:33,,,,,en,en,en,"Grand_Chute,_Wisconsin"
entity,en,Granit_vermell_i_marbre_blanc,Granit vermell i marbre blanc,Red granite and white marble,Red Granite and White Marble,Red granite and white marble,0.9,1.0,1.0,1.0,1.0,1.0,1.0,Red granite and white marble,Red granite and white marble,mt_vote,2026-03-19T12:55:34,,,,,en,en,en,Red_granite_and_white_marble
entity,en,Grantville_Gazette_II,Grantville Gazette II,This is Grantville Gazette II.,Grantville Gazette II,Grantville Gazette II,0.9,0.0,0.0,1.0,0.0,0.0,1.0,Grantville Gazette II,Grantville Gazette II,mt_vote_revoted_gte_langfilter,2026-03-19T13:41:00,,1.0000001192092896,1.0000001192092896,salamandra,en,fr,fr,Grantville_Gazette_II
entity,en,Grantville_Gazette_III,Grantville Gazette III,This is Grantville Gazette III.,Grantville Gazette III,Grantville Gazette III,0.9,0.0,0.0,1.0,0.0,0.0,1.0,Grantville Gazette III,Grantville Gazette III,mt_vote_revoted_gte_langfilter,2026-03-19T13:41:00,,1.0,1.0,salamandra,en,fr,fr,Grantville_Gazette_III
entity,en,Gravesend,Gravesend,Gravesend,Gravesend,Gravesend,0.9,1.0,1.0,1.0,1.0,1.0,1.0,Gravesend,Gravesend,mt_vote,2026-03-19T12:55:36,,,,,en,en,en,Gravesend
entity,en,Graz,Graz,Thank you,Graz,Graz,0.9,0.1538,0.1538,1.0,0.0,0.0,1.0,Graz,Graz,mt_vote,2026-03-19T12:55:36,,,,,en,en,en,Graz
entity,en,"Greene,_Maineusa._kgm","Greene, Maineusa. kgm","Greene, Maineuse. The weight.","Greene, Maine","Greene, Maineusa. kgm",0.9,0.0,0.0,0.0,0.0,0.0,0.0,"Greene, Maineusa. kgm","Greene, Maineusa. kgm",mt_vote_revoted_gte_langfilter,2026-03-19T13:41:00,,,0.9999998807907104,salamandra,en,en,fi,"Greene,_Maineusa._kgm"
entity,en,"Greenville,_Wisconsin","Greenville, Wisconsin","Greenville, Wisconsin","Greenville, WI","Greenville, Wisconsin",0.9,0.8,1.0,0.8,0.0,1.0,0.0,"Greenville, Wisconsin","Greenville, Wisconsin",mt_vote_revoted_gte_langfilter,2026-03-19T13:41:00,1.0,0.9544228315353394,1.0,salamandra,fr,fr,fr,"Greenville,_Wisconsin"
entity,en,Gregory_Allen,Gregory Allen,Gregory Allen,Gregory Allen,Gregory Allen,0.9,1.0,1.0,1.0,1.0,1.0,1.0,Gregory Allen,Gregory Allen,mt_vote,2026-03-19T12:55:39,,,,,en,en,en,Gregory_Allen
entity,en,Gregory_L._Fenves,Gregory L. Fenves,Gregory L. Fenves,Gregory L. Fenves,Gregory L. Fenves,0.9,1.0,1.0,1.0,1.0,1.0,1.0,Gregory L. Fenves,Gregory L. Fenves,mt_vote,2026-03-19T12:55:39,,,,,en,en,en,Gregory_L._Fenves
entity,en,Grenadier_Guards,Grenadier Guards,The Grenadier Guards,Grenadier Guards,Grenadier Guards,0.9,0.0,0.0,1.0,0.0,0.0,1.0,Grenadier Guards,Grenadier Guards,mt_vote_revoted_gte_langfilter,2026-03-19T13:41:00,,0.9999999403953552,0.9999999403953552,salamandra,en,de,de,Grenadier_Guards
entity,en,Greymachine,Greymachine,Greymachine,Greymachine,Greymachine,0.9,1.0,1.0,1.0,1.0,1.0,1.0,Greymachine,Greymachine,mt_vote_revoted_gte_langfilter,2026-03-19T13:41:00,1.0000001192092896,1.0000001192092896,1.0000001192092896,nllb,pl,pl,pl,Greymachine
entity,en,Grigori_Neüimin,Grigori Neüimin,Grigori Neüimin,Grigori Neymin,Grigori Neüimin,0.9,0.8966,1.0,0.8966,0.0,1.0,0.0,Grigori Neüimin,Grigori Neüimin,mt_vote_revoted_gte_langfilter,2026-03-19T13:41:00,1.0000001192092896,0.9479918479919434,1.0000001192092896,salamandra,et,fi,et,Grigori_Neüimin
entity,en,"Groton,_Connecticut","Groton, Connecticut","Groton, Connecticut","Groton, Connecticut","Groton, Connecticut",0.9,1.0,1.0,1.0,1.0,1.0,1.0,"Groton, Connecticut","Groton, Connecticut",mt_vote,2026-03-19T12:55:42,,,,,en,en,en,"Groton,_Connecticut"
entity,en,Grozni,Grozni,Grozny,Grozni,Grozny,0.9,0.8333,1.0,0.8333,0.0,1.0,0.0,Grozny,Grozny,mt_vote_revoted_gte_langfilter,2026-03-19T13:41:00,0.7560070753097534,1.0,0.7560070753097534,salamandra,pl,pl,pl,Grozny
entity,en,Grup_Schiphol,Grup Schiphol,Schiphol group,Grup Schiphol,Schiphol Group,0.9,0.5926,1.0,0.5926,0.0,1.0,0.0,Schiphol group,Schiphol group,mt_vote,2026-03-19T12:55:43,,,,,en,en,en,Schiphol_group
entity,en,Gruppo_Bertone,Gruppo Bertone,Group Bertone,Gruppo Bertone,Gruppo Bertone,0.9,0.0,0.0,1.0,0.0,0.0,1.0,Gruppo Bertone,Gruppo Bertone,mt_vote_revoted_gte_langfilter,2026-03-19T13:41:00,,1.0,1.0,salamandra,en,it,it,Gruppo_Bertone
entity,en,Grècia,Grècia,Greece,Greece,Greece,0.9,1.0,1.0,1.0,1.0,1.0,1.0,Greece,Greece,mt_vote,2026-03-19T12:55:44,,,,,en,en,en,Greece
entity,en,Guadalajara,Guadalajara,The city of Guadalajara,Guadalajara,Guadalajara,0.9,0.0,0.0,1.0,0.0,0.0,1.0,Guadalajara,Guadalajara,mt_vote_revoted_gte_langfilter,2026-03-19T13:41:00,,1.0,1.0,salamandra,en,es,es,Guadalajara
entity,en,Guaiana_Francesa,Guaiana Francesa,French Guiana,French Guiana 0.000000000000000000000000000000000000000000000000000000000000000000000000000000000000000000,French Guiana,0.9,0.0,0.0,0.0,0.0,0.0,0.0,French Guiana 0.000000000000000000000000000000000000000000000000000000000000000000000000000000000000000000,French Guiana 0.000000000000000000000000000000000000000000000000000000000000000000000000000000000000000000,mt_vote_revoted_gte_langfilter,2026-03-19T13:41:00,,0.7512345314025879,,madlad,en,pl,en,French_Guiana_0.000000000000000000000000000000000000000000000000000000000000000000000000000000000000000000
entity,en,Guanciale,Guanciale,Washcloth,Guanciale,Guanciale,0.9,0.0,0.0,1.0,0.0,0.0,1.0,Guanciale,Guanciale,mt_vote_revoted_gte_langfilter,2026-03-19T13:41:00,,0.9999999403953552,0.9999999403953552,salamandra,en,es,es,Guanciale
entity,en,Guarania_(música),Guarania (música),Guarania (music),Guarania (music) – Wikipedia,Guarania (music),0.9,0.7273,1.0,0.7273,0.0,1.0,0.0,Guarania (music),Guarania (music),mt_vote_revoted_gte_langfilter,2026-03-19T13:41:00,0.9880728721618652,0.9542716145515442,0.9880728721618652,salamandra,pl,pl,pl,Guarania_(music)
entity,en,Gubbio,Gubbio,Gubbio,Gubbio,Gubbio,0.9,1.0,1.0,1.0,1.0,1.0,1.0,Gubbio,Gubbio,mt_vote_revoted_gte_langfilter,2026-03-19T13:41:00,0.9999998807907104,0.9999998807907104,0.9999998807907104,nllb,mt,mt,mt,Gubbio
entity,en,Guerra_Civil_Russa,Guerra Civil Russa,Russian Civil War,Russian civil war,Russian Civil War,0.9,1.0,1.0,1.0,1.0,1.0,1.0,Russian Civil War,Russian Civil War,mt_vote,2026-03-19T12:55:50,,,,,en,en,en,Russian_Civil_War
entity,en,Guerra_Civil_dels_Estats_Units,Guerra Civil dels Estats Units,U.S. Civil War,United States Civil War,American Civil War,0.9,0.6486,0.625,0.5366,0.0,0.0,0.0,U.S. Civil War,U.S. Civil War,mt_vote,2026-03-19T12:55:50,,,,,en,en,en,U.S._Civil_War
entity,en,Guerra_Hispano-estatunidenca,Guerra Hispano-estatunidenca,Spanish-American War,Spanish–American War,Hispanic-American War,0.9,0.95,0.878,0.8293,1.0,0.0,0.0,Spanish-American War,Spanish-American War,mt_vote,2026-03-19T12:55:51,,,,,en,en,en,Spanish-American_War
entity,en,Guerra_d'Independència_dels_Estats_Units,Guerra d'Independència dels Estats Units,American War of Independence,United States War of Independence,American War of Independence,0.9,0.7213,1.0,0.6885,0.0,1.0,0.0,American War of Independence,American War of Independence,mt_vote,2026-03-19T12:55:52,,,,,en,en,en,American_War_of_Independence
entity,en,Guerra_de_Corea,Guerra de Corea,The Korean War,Korean War,Korean War,0.9,0.8333,0.8333,1.0,0.0,0.0,1.0,Korean War,Korean War,mt_vote,2026-03-19T12:55:52,,,,,en,en,en,Korean_War
entity,en,Guerra_polonesosoviètica,Guerra polonesosoviètica,Polish-Soviet War,Polish-Soviet War,Polish-Soviet War,0.9,1.0,1.0,1.0,1.0,1.0,1.0,Polish-Soviet War,Polish-Soviet War,mt_vote_revoted_gte_langfilter,2026-03-19T13:41:00,0.8706887364387512,0.8706887364387512,0.8706887364387512,nllb,mt,mt,mt,Polish-Soviet_War
entity,en,Guerres_índies,Guerres índies,Indian Wars,Indian Wars,Indian Wars,0.9,1.0,1.0,1.0,1.0,1.0,1.0,Indian Wars,Indian Wars,mt_vote,2026-03-19T12:55:54,,,,,en,en,en,Indian_Wars
entity,en,Gueórgui_Poltàvtxenko,Gueórgui Poltàvtxenko,Georgy Poltavchenko,Georgi Poltavchenko,Georgi Poltavchenko,0.9,0.0,0.0,1.0,0.0,0.0,1.0,Georgi Poltavchenko,Georgi Poltavchenko,mt_vote_revoted_gte_langfilter,2026-03-19T13:41:00,,0.8721180558204651,0.8721180558204651,salamandra,en,de,de,Georgi_Poltavchenko
entity,en,Gujarat,Gujarat,Gujarat,Gujarat,Gujarat,0.9,1.0,1.0,1.0,1.0,1.0,1.0,Gujarat,Gujarat,mt_vote_revoted_gte_langfilter,2026-03-19T13:41:00,0.9999999403953552,0.9999999403953552,0.9999999403953552,nllb,es,es,es,Gujarat
entity,en,Gulden_sud-alemany,Gulden sud-alemany,South German gulden,South German guilder,South German Gulden,0.9,0.0,0.0,0.0,0.0,0.0,0.0,South German guilder,South German guilder,mt_vote_revoted_gte_langfilter,2026-03-19T13:41:00,,0.7905046939849854,,madlad,en,de,en,South_German_guilder
entity,en,Gustavo_Poyet_Domínguez,Gustavo Poyet Domínguez,This is a list of all the different ways Gustavo Poyet Domínguez is credited in the database.,Gustavo Poyet Domínguez,Gustavo Poyet Domínguez,0.9,0.0,0.0,1.0,0.0,0.0,1.0,Gustavo Poyet Domínguez,Gustavo Poyet Domínguez,mt_vote_revoted_gte_langfilter,2026-03-19T13:41:00,,1.0,1.0,salamandra,en,cs,cs,Gustavo_Poyet_Domínguez
entity,en,Gábor_Kubatov,Gábor Kubatov,Gabor Kubatov,Gábor Kubatov,Gábor Kubatov,0.9,0.9231,0.9231,1.0,1.0,1.0,1.0,Gábor Kubatov,Gábor Kubatov,mt_vote_revoted_gte_langfilter,2026-03-19T13:41:00,0.9332497119903564,1.0,1.0,madlad,et,hu,hu,Gábor_Kubatov
entity,en,Gènova,Gènova,Genoa,Genoa,Genoa,0.9,1.0,1.0,1.0,1.0,1.0,1.0,Genoa,Genoa,mt_vote,2026-03-19T12:55:58,,,,,en,en,en,Genoa
entity,en,Gérard_Larcher,Gérard Larcher,Gérard Larcher,Gérard Larcher,Gérard Larcher,0.9,1.0,1.0,1.0,1.0,1.0,1.0,Gérard Larcher,Gérard Larcher,mt_vote_revoted_gte_langfilter,2026-03-19T13:41:00,1.0000001192092896,1.0000001192092896,1.0000001192092896,nllb,fr,fr,fr,Gérard_Larcher
entity,en,Göttingen,Göttingen,Göttingen,Göttingen,Göttingen,0.9,1.0,1.0,1.0,1.0,1.0,1.0,Göttingen,Göttingen,mt_vote_revoted_gte_langfilter,2026-03-19T13:41:00,1.000000238418579,1.000000238418579,1.000000238418579,nllb,sv,sv,sv,Göttingen
entity,en,HBO,HBO,HBO,HBO,HBO,0.9,1.0,1.0,1.0,1.0,1.0,1.0,HBO,HBO,mt_vote,2026-03-19T12:56:00,,,,,en,en,en,HBO
entity,en,"HBO_Est,_HBO_Oest","HBO Est, HBO Oest",HBO East and HBO West,"HBO East, HBO West","HBO East, HBO West",0.9,0.8718,0.8718,1.0,0.0,0.0,1.0,"HBO East, HBO West","HBO East, HBO West",mt_vote,2026-03-19T12:56:01,,,,,en,en,en,"HBO_East,_HBO_West"
entity,en,HOK_(empresa),HOK (empresa),HOK (company),HOK (company) - Wikipedia,HOK (company),0.9,0.6842,1.0,0.6842,0.0,1.0,0.0,HOK (company),HOK (company),mt_vote,2026-03-19T12:56:01,,,,,en,en,en,HOK_(company)
entity,en,HOK_SVE,HOK SVE,How are you?,HOK SVE,HOK SVE,0.9,0.4211,0.4211,1.0,0.0,0.0,1.0,HOK SVE,HOK SVE,mt_vote,2026-03-19T12:56:02,,,,,en,en,en,HOK_SVE
entity,en,HVAC,HVAC,HVAC,HVAC,HVAC,0.9,1.0,1.0,1.0,1.0,1.0,1.0,HVAC,HVAC,mt_vote,2026-03-19T12:56:02,,,,,en,en,en,HVAC
entity,en,Haarlemmermeer,Haarlemmermeer,The Haarlemmermeer,Haarlemmermeer,Haarlemmermeer,0.9,0.0,0.0,1.0,0.0,0.0,1.0,Haarlemmermeer,Haarlemmermeer,mt_vote_revoted_gte_langfilter,2026-03-19T13:41:00,,0.9999999403953552,0.9999999403953552,salamandra,en,nl,nl,Haarlemmermeer
entity,en,Habbaniyah,Habbaniyah,Habbaniyah,Habbaniyah,Habbaniyah,0.9,1.0,1.0,1.0,1.0,1.0,1.0,Habbaniyah,Habbaniyah,mt_vote_revoted_gte_langfilter,2026-03-19T13:41:00,1.0000001192092896,1.0000001192092896,1.0000001192092896,nllb,mt,mt,mt,Habbaniyah
entity,en,Haider_Al-Abadi,Haider Al-Abadi,Haider Al-Abadi,Haider al-Abadi,Haider Al-Abadi,0.9,1.0,1.0,1.0,1.0,1.0,1.0,Haider Al-Abadi,Haider Al-Abadi,mt_vote,2026-03-19T12:56:04,,,,,en,en,en,Haider_Al-Abadi
entity,en,Hailemariam_Desalegn,Hailemariam Desalegn,Halemariam Desalegn,Hailemariam Desalegn,Hailemariam Desalegn,0.9,0.9744,0.9744,1.0,1.0,1.0,1.0,Hailemariam Desalegn,Hailemariam Desalegn,mt_vote_revoted_gte_langfilter,2026-03-19T13:41:00,0.9632641077041626,1.0,1.0,madlad,it,it,it,Hailemariam_Desalegn
entity,en,Halimah_Yacob,Halimah Yacob,Halimah Yacob,Halimah Yacob,Halimah Yacob,0.9,1.0,1.0,1.0,1.0,1.0,1.0,Halimah Yacob,Halimah Yacob,mt_vote_revoted_gte_langfilter,2026-03-19T13:41:00,1.0,1.0,1.0,nllb,id,id,id,Halimah_Yacob
entity,en,Halton_Arp,Halton Arp,Halton Arp,Halton Arp,Halton Arp,0.9,1.0,1.0,1.0,1.0,1.0,1.0,Halton Arp,Halton Arp,mt_vote,2026-03-19T12:56:07,,,,,en,en,en,Halton_Arp
entity,en,Hamburger_SV,Hamburger SV,The Hamburger SV,Hamburger SV,Hamburger SV,0.9,0.0,0.0,1.0,0.0,0.0,1.0,Hamburger SV,Hamburger SV,mt_vote_revoted_gte_langfilter,2026-03-19T13:41:00,,1.0,1.0,salamandra,en,da,da,Hamburger_SV
entity,en,"Hamilton,_Lanarkshire_del_Sud","Hamilton, Lanarkshire del Sud","Hamilton, South Lanarkshire","Hamilton, South Lanarkshire","Hamilton, South Lanarkshire",0.9,1.0,1.0,1.0,1.0,1.0,1.0,"Hamilton, South Lanarkshire","Hamilton, South Lanarkshire",mt_vote,2026-03-19T12:56:08,,,,,en,en,en,"Hamilton,_South_Lanarkshire"
entity,en,Hamilton_Academical_FC,Hamilton Academical FC,Hamilton Academical FC,Hamilton Academical FC,Hamilton Academical FC,0.9,1.0,1.0,1.0,1.0,1.0,1.0,Hamilton Academical FC,Hamilton Academical FC,mt_vote,2026-03-19T12:56:09,,,,,en,en,en,Hamilton_Academical_FC
entity,en,Happy_Xmas_(War_Is_Over),Happy Xmas (War Is Over),Happy Xmas (War is Over),Happy Xmas (War is Over),Happy Xmas (War Is Over),0.9,0.0,0.0,0.0,0.0,0.0,0.0,Happy Xmas (War Is Over),Happy Xmas (War Is Over),mt_vote_revoted_gte_langfilter,2026-03-19T13:41:00,,,1.0,salamandra,en,en,lt,Happy_Xmas_(War_Is_Over)
entity,en,"Haputale,_Sri_Lanka","Haputale, Sri Lanka","Haputale, Sri Lanka",Haputale from Sri Lanka,"Haputale, Sri Lanka",0.9,0.8571,1.0,0.8571,0.0,1.0,0.0,"Haputale, Sri Lanka","Haputale, Sri Lanka",mt_vote,2026-03-19T12:56:11,,,,,en,en,en,"Haputale,_Sri_Lanka"
entity,en,Haputalezimbabwe__districts._kgm,Haputalezimbabwe districts. kgm,Haputalezimbabwe districts. kgm,Haputale,Haputalezimbabwe districts. kgm,0.9,0.0,1.0,0.0,0.0,1.0,0.0,Haputalezimbabwe districts. kgm,Haputalezimbabwe districts. kgm,mt_vote_revoted_gte_langfilter,2026-03-19T13:41:00,1.0,,1.0,salamandra,ro,en,ro,Haputalezimbabwe_districts._kgm
entity,en,Harbour_View_FC,Harbour View FC,Harbour View FC,Harbour View FC,Harbour View FC,0.9,1.0,1.0,1.0,1.0,1.0,1.0,Harbour View FC,Harbour View FC,mt_vote,2026-03-19T12:56:13,,,,,en,en,en,Harbour_View_FC
entity,en,Harcourt_(editor),Harcourt (editor),Harcourt (editor),Harcourt (editor),Harcourt (publisher),0.9,1.0,0.7027,0.7027,1.0,0.0,0.0,Harcourt (editor),Harcourt (editor),mt_vote,2026-03-19T12:56:14,,,,,en,en,en,Harcourt_(editor)
entity,en,Harold_French,Harold French,Harold French,Harold French,Harold French,0.9,1.0,1.0,1.0,1.0,1.0,1.0,Harold French,Harold French,mt_vote,2026-03-19T12:56:14,,,,,en,en,en,Harold_French
entity,en,"Harrietstown,_Nova_York","Harrietstown, Nova York","Harrietstown, N.Y.","Harrietstown, NY","Harrietstown, New York",0.9,0.9412,0.8,0.8421,1.0,0.0,0.0,"Harrietstown, N.Y.","Harrietstown, N.Y.",mt_vote,2026-03-19T12:56:15,,,,,en,en,en,"Harrietstown,_N.Y."
entity,en,Harry_Carey_(actor_nascut_el_1878),Harry Carey (actor nascut el 1878),Harry Carey (actor born 1878),Harry Carey (born 1878),Harry Carey (actor born 1878),0.9,0.8846,1.0,0.8846,0.0,1.0,0.0,Harry Carey (actor born 1878),Harry Carey (actor born 1878),mt_vote,2026-03-19T12:56:16,,,,,en,en,en,Harry_Carey_(actor_born_1878)
entity,en,Harry_Sahle,Harry Sahle,Harry Sahle,Harry Sahle,Harry Sahle,0.9,1.0,1.0,1.0,1.0,1.0,1.0,Harry Sahle,Harry Sahle,mt_vote_revoted_gte_langfilter,2026-03-19T13:41:01,1.0,1.0,1.0,nllb,de,de,de,Harry_Sahle
entity,en,Havering,Havering,Havering,Havering,Havering,0.9,1.0,1.0,1.0,1.0,1.0,1.0,Havering,Havering,mt_vote,2026-03-19T12:56:17,,,,,en,en,en,Havering
entity,en,Hayley_Mills,Hayley Mills,Hayley Mills,Hayley Mills,Hayley Mills,0.9,1.0,1.0,1.0,1.0,1.0,1.0,Hayley Mills,Hayley Mills,mt_vote,2026-03-19T12:56:18,,,,,en,en,en,Hayley_Mills
entity,en,Hearst_Castle,Hearst Castle,Hearst Castle,Hearst Castle,Hearst Castle,0.9,1.0,1.0,1.0,1.0,1.0,1.0,Hearst Castle,Hearst Castle,mt_vote,2026-03-19T12:56:19,,,,,en,en,en,Hearst_Castle
entity,en,Helicòpter_de_combat_lleuger_HAL,Helicòpter de combat lleuger HAL,Light fighter helicopter HAL,HAL Light Combat Helicopter,HAL Light Combat Helicopter,0.9,0.0,0.0,0.0,0.0,0.0,0.0,Light fighter helicopter HAL,Light fighter helicopter HAL,mt_vote_revoted_gte_langfilter,2026-03-19T13:41:01,0.9254682660102844,,,nllb,nl,en,en,Light_fighter_helicopter_HAL
entity,en,Helmut_Jahn,Helmut Jahn,Helmut Jahn,Helmut Jahn,Helmut Jahn,0.9,1.0,1.0,1.0,1.0,1.0,1.0,Helmut Jahn,Helmut Jahn,mt_vote_revoted_gte_langfilter,2026-03-19T13:41:01,0.9999999403953552,0.9999999403953552,0.9999999403953552,nllb,de,de,de,Helmut_Jahn
entity,en,Henry_Clay,Henry Clay,Henry Clay,Henry Clay,Henry Clay,0.9,1.0,1.0,1.0,1.0,1.0,1.0,Henry Clay,Henry Clay,mt_vote,2026-03-19T12:56:21,,,,,en,en,en,Henry_Clay
entity,en,Hergé,Hergé,Hergé,Hergé,Hergé,0.9,1.0,1.0,1.0,1.0,1.0,1.0,Hergé,Hergé,mt_vote_revoted_gte_langfilter,2026-03-19T13:41:01,1.0000001192092896,1.0000001192092896,1.0000001192092896,nllb,fr,fr,fr,Hergé
entity,en,Hessisch_Oldendorf,Hessisch Oldendorf,Hessisch Oldendorf French,Hessisch Oldendorf,Hessisch Oldendorf,0.9,0.8372,0.8372,1.0,0.0,0.0,1.0,Hessisch Oldendorf,Hessisch Oldendorf,mt_vote_revoted_gte_langfilter,2026-03-19T13:41:01,0.8957914113998413,1.0,1.0,salamandra,de,de,de,Hessisch_Oldendorf
entity,en,Hilario_Pérez,Hilario Pérez,This is Hilario Pérez.,Hilario Pérez,Hilario Pérez,0.9,0.7429,0.7429,1.0,0.0,0.0,1.0,Hilario Pérez,Hilario Pérez,mt_vote_revoted_gte_langfilter,2026-03-19T13:41:01,0.9474849104881288,1.0,1.0,salamandra,la,fr,fr,Hilario_Pérez
entity,en,Himne_de_Suïssa,Himne de Suïssa,National anthem of Switzerland,Anthem of Switzerland,Hymn of Switzerland,0.9,0.8235,0.6531,0.8,0.0,0.0,0.0,Anthem of Switzerland,Anthem of Switzerland,mt_vote,2026-03-19T12:56:24,,,,,en,en,en,Anthem_of_Switzerland
entity,en,Històries_curtes_de_DeMarce_a_The_Grantville_Gazettes,Històries curtes de DeMarce a The Grantville Gazettes,Short stories by DeMarce in The Grantville Gazettes,DeMarce's short stories at The Grantville Gazettes,Short stories by DeMarce in The Grantville Gazettes,0.9,0.7723,1.0,0.7723,0.0,1.0,0.0,Short stories by DeMarce in The Grantville Gazettes,Short stories by DeMarce in The Grantville Gazettes,mt_vote,2026-03-19T12:56:25,,,,,en,en,en,Short_stories_by_DeMarce_in_The_Grantville_Gazettes
entity,en,Hogaochina._kgm,Hogaochina. kgm,Hogaochina.,Hogao,Hogaochina. kgm,0.9,0.0,0.8462,0.0,0.0,0.0,0.0,Hogaochina. kgm,Hogaochina. kgm,mt_vote_revoted_gte_langfilter,2026-03-19T13:41:01,0.8374568223953247,,0.9999999403953552,salamandra,sv,en,sv,Hogaochina._kgm
entity,en,Hohne,Hohne,Hohne,Hohne,Hohne,0.9,1.0,1.0,1.0,1.0,1.0,1.0,Hohne,Hohne,mt_vote_revoted_gte_langfilter,2026-03-19T13:41:01,1.0,1.0,1.0,nllb,de,de,de,Hohne
entity,en,Homer_Elihu_Royce,Homer Elihu Royce,Homer Elihu Royce,Homer Elihu Royce,Homer Elihu Royce,0.9,1.0,1.0,1.0,1.0,1.0,1.0,Homer Elihu Royce,Homer Elihu Royce,mt_vote_revoted_gte_langfilter,2026-03-19T13:41:01,1.0,1.0,1.0,nllb,id,id,id,Homer_Elihu_Royce
entity,en,Honda,Honda,Honda,Honda,Honda,0.9,1.0,1.0,1.0,1.0,1.0,1.0,Honda,Honda,mt_vote,2026-03-19T12:56:27,,,,,en,en,en,Honda
entity,en,Honda_Accord,Honda Accord,The Honda Accord,Honda Accord,Honda Accord,0.9,0.0,0.0,1.0,0.0,0.0,1.0,Honda Accord,Honda Accord,mt_vote_revoted_gte_langfilter,2026-03-19T13:41:01,,1.0,1.0,salamandra,en,es,es,Honda_Accord
entity,en,Honey,Honey,Honey,Honey,Honey,0.9,1.0,1.0,1.0,1.0,1.0,1.0,Honey,Honey,mt_vote,2026-03-19T12:56:29,,,,,en,en,en,Honey
entity,en,Hong_Kong,Hong Kong,Hong Kong,Hong Kong,Hong Kong,0.9,1.0,1.0,1.0,1.0,1.0,1.0,Hong Kong,Hong Kong,mt_vote,2026-03-19T12:56:29,,,,,en,en,en,Hong_Kong
entity,en,Hong_Kong_britànic,Hong Kong britànic,British Hong Kong,British Hong Kong,British Hong Kong,0.9,1.0,1.0,1.0,1.0,1.0,1.0,British Hong Kong,British Hong Kong,mt_vote,2026-03-19T12:56:30,,,,,en,en,en,British_Hong_Kong
entity,en,Hongria,Hongria,Hungary,Hungary,Hungary,0.9,1.0,1.0,1.0,1.0,1.0,1.0,Hungary,Hungary,mt_vote_revoted_gte_langfilter,2026-03-19T13:41:01,0.973533034324646,0.973533034324646,0.973533034324646,nllb,id,id,id,Hungary
entity,en,Hook_'em_(mascota),Hook 'em (mascota),Hook 'em up,Hook 'em (mascot),Hook 'em (mascot),0.9,0.6429,0.6429,1.0,0.0,0.0,1.0,Hook 'em (mascot),Hook 'em (mascot),mt_vote,2026-03-19T12:56:31,,,,,en,en,en,Hook_'em_(mascot)
entity,en,Hora_Central_Europea,Hora Central Europea,Central European time,Central European Time,Central European Time,0.9,1.0,1.0,1.0,1.0,1.0,1.0,Central European time,Central European time,mt_vote,2026-03-19T12:56:32,,,,,en,en,en,Central_European_time
entity,en,Hora_d'Europa_de_l'Est,Hora d'Europa de l'Est,Eastern European time,Eastern European Time,East European Time,0.9,1.0,0.9231,0.9231,1.0,1.0,1.0,Eastern European time,Eastern European time,mt_vote,2026-03-19T12:56:33,,,,,en,en,en,Eastern_European_time
entity,en,Hora_d'estiu_del_Pacífic,Hora d'estiu del Pacífic,Pacific daylight saving time,Pacific Daylight Time,Pacific Daylight Time,0.9,0.8571,0.8571,1.0,0.0,0.0,1.0,Pacific Daylight Time,Pacific Daylight Time,mt_vote,2026-03-19T12:56:33,,,,,en,en,en,Pacific_Daylight_Time
entity,en,Hora_estàndard_del_Pacífic,Hora estàndard del Pacífic,Pacific standard time,Pacific Standard Time,Pacific Standard Time,0.9,1.0,1.0,1.0,1.0,1.0,1.0,Pacific standard time,Pacific standard time,mt_vote,2026-03-19T12:56:34,,,,,en,en,en,Pacific_standard_time
entity,en,Horacio_Rodríguez_Larreta,Horacio Rodríguez Larreta,This is Horacio Rodríguez Larreta,Horacio Rodríguez Larreta,Horacio Rodríguez Larreta,0.9,0.8621,0.8621,1.0,0.0,0.0,1.0,Horacio Rodríguez Larreta,Horacio Rodríguez Larreta,mt_vote_revoted_gte_langfilter,2026-03-19T13:41:01,0.9149256348609924,0.9999998807907104,0.9999998807907104,salamandra,es,es,es,Horacio_Rodríguez_Larreta
entity,en,Horari_d'estiu_de_l'Europa_Oriental,Horari d'estiu de l'Europa Oriental,Eastern European daylight saving time,Eastern European Daylight Saving Time,Eastern European Summer Time,0.9,0.0,0.0,0.0,0.0,0.0,0.0,Eastern European daylight saving time,Eastern European daylight saving time,mt_vote_revoted_gte_langfilter,2026-03-19T13:41:01,0.8001781105995178,,,nllb,id,en,en,Eastern_European_daylight_saving_time
entity,en,Hornchurch,Hornchurch,Hornchurch,Hornchurch,Hornchurch,0.9,1.0,1.0,1.0,1.0,1.0,1.0,Hornchurch,Hornchurch,mt_vote,2026-03-19T12:56:36,,,,,en,en,en,Hornchurch
entity,en,Hospital_d'Ampara,Hospital d'Ampara,Hospital of Ampara,Hospital d'Ampara,Hospital d'Ampara,0.9,0.0,0.0,1.0,0.0,0.0,1.0,Hospital d'Ampara,Hospital d'Ampara,mt_vote_revoted_gte_langfilter,2026-03-19T13:41:01,,1.0000001192092896,1.0000001192092896,salamandra,en,fr,fr,Hospital_d'Ampara
entity,en,"Hospital_de_Westminster,_Londres","Hospital de Westminster, Londres","Hospital of Westminster, London","Westminster Hospital, London","Westminster Hospital, London",0.9,0.6441,0.6441,1.0,0.0,0.0,1.0,"Westminster Hospital, London","Westminster Hospital, London",mt_vote,2026-03-19T12:56:38,,,,,en,en,en,"Westminster_Hospital,_London"
entity,en,Hot,Hot,Hot,Hot,Hot,0.9,1.0,1.0,1.0,1.0,1.0,1.0,Hot,Hot,mt_vote,2026-03-19T12:56:38,,,,,en,en,en,Hot
entity,en,Houston,Houston,Houston,Houston,Houston,0.9,1.0,1.0,1.0,1.0,1.0,1.0,Houston,Houston,mt_vote,2026-03-19T12:56:39,,,,,en,en,en,Houston
entity,en,Houston_Texans,Houston Texans,Houston Texans,Houston Texans,Houston Texans,0.9,1.0,1.0,1.0,1.0,1.0,1.0,Houston Texans,Houston Texans,mt_vote,2026-03-19T12:56:39,,,,,en,en,en,Houston_Texans
entity,en,Hubei,Hubei,Hubei,Hubei,Hubei,0.9,1.0,1.0,1.0,1.0,1.0,1.0,Hubei,Hubei,mt_vote_revoted_gte_langfilter,2026-03-19T13:41:01,1.0,1.0,1.0,nllb,de,de,de,Hubei
entity,en,Hugh_Hazzard,Hugh Hazzard,Hugh Hazzard,Hugh Hazzard,Hugh Hazzard,0.9,1.0,1.0,1.0,1.0,1.0,1.0,Hugh Hazzard,Hugh Hazzard,mt_vote,2026-03-19T12:56:41,,,,,en,en,en,Hugh_Hazzard
entity,en,Hugo_Sperrle,Hugo Sperrle,Hugo Sperrle,Hugo Sperrle,Hugo Sperrle,0.9,1.0,1.0,1.0,1.0,1.0,1.0,Hugo Sperrle,Hugo Sperrle,mt_vote_revoted_gte_langfilter,2026-03-19T13:41:01,1.0000001192092896,1.0000001192092896,1.0000001192092896,nllb,pl,pl,pl,Hugo_Sperrle
entity,en,Hull_City_AFC,Hull City AFC,Hull City AFC,Hull City AFC,Hull City AFC,0.9,1.0,1.0,1.0,1.0,1.0,1.0,Hull City AFC,Hull City AFC,mt_vote,2026-03-19T12:56:42,,,,,en,en,en,Hull_City_AFC
entity,en,"Humphrys,_Tennant_i_Dykes","Humphrys, Tennant i Dykes","Humphrys, Tennant and Dykes","Humphrys, Tennant and Dykes","Humphrys, Tennant and Dykes",0.9,1.0,1.0,1.0,1.0,1.0,1.0,"Humphrys, Tennant and Dykes","Humphrys, Tennant and Dykes",mt_vote,2026-03-19T12:56:43,,,,,en,en,en,"Humphrys,_Tennant_and_Dykes"
entity,en,Huskies_de_Connecticut,Huskies de Connecticut,Huskies from Connecticut,Connecticut Huskies,Connecticut Huskies,0.9,0.5116,0.5116,1.0,0.0,0.0,1.0,Connecticut Huskies,Connecticut Huskies,mt_vote,2026-03-19T12:56:44,,,,,en,en,en,Connecticut_Huskies
entity,en,Hypermarcas,Hypermarcas,Hypermarkets,Hypermarcas,Hypermarcas,0.9,0.7826,0.7826,1.0,0.0,0.0,1.0,Hypermarcas,Hypermarcas,mt_vote_revoted_gte_langfilter,2026-03-19T13:41:01,0.7940919399261475,1.0,1.0,salamandra,es,es,es,Hypermarcas
entity,en,Hèlsinki,Hèlsinki,The city of Helsinki,Helsinki,Helsinki,0.9,0.5714,0.5714,1.0,0.0,0.0,1.0,Helsinki,Helsinki,mt_vote,2026-03-19T12:56:45,,,,,en,en,en,Helsinki
entity,en,Héctor_Numa_Moraes,Héctor Numa Moraes,Hector Numa Moraes,Héctor Numa Moraes,Hector Numa Moraes,0.9,0.9444,1.0,0.9444,1.0,1.0,1.0,Héctor Numa Moraes,Héctor Numa Moraes,mt_vote_revoted_gte_langfilter,2026-03-19T13:41:01,0.9351688027381896,1.0,0.9351688027381896,madlad,pt,pt,pt,Héctor_Numa_Moraes
entity,en,Hüseyin_Bütüner_i_Hilmi_Güner,Hüseyin Bütüner i Hilmi Güner,Hüseyin Bütüner and Hilmi Güner,Hüseyin Bütüner and Hilmi Güner,Hüseyin Bütüner and Hilmi Güner,0.9,1.0,1.0,1.0,1.0,1.0,1.0,Hüseyin Bütüner and Hilmi Güner,Hüseyin Bütüner and Hilmi Güner,mt_vote_revoted_gte_langfilter,2026-03-19T13:41:01,0.9418538808822632,0.9418538808822632,0.9418538808822632,nllb,az,az,az,Hüseyin_Bütüner_and_Hilmi_Güner
entity,en,Idioma_alemany,Idioma alemany,German language,German language,German language,0.9,1.0,1.0,1.0,1.0,1.0,1.0,German language,German language,mt_vote_revoted_gte_langfilter,2026-03-19T13:41:01,0.924216330051422,0.924216330051422,0.924216330051422,nllb,es,es,es,German_language
entity,en,Idioma_filipí,Idioma filipí,Philippine language,Filipino language,Filipino,0.9,0.8333,0.0,0.0,0.0,0.0,0.0,Philippine language,Philippine language,mt_vote_revoted_gte_langfilter,2026-03-19T13:41:01,0.9350131750106812,0.934162139892578,,nllb,es,it,en,Philippine_language
entity,en,Idioma_holandès,Idioma holandès,Dutch language,Dutch language,Dutch language,0.9,1.0,1.0,1.0,1.0,1.0,1.0,Dutch language,Dutch language,mt_vote,2026-03-19T12:56:48,,,,,en,en,en,Dutch_language
entity,en,Idioma_irlandès,Idioma irlandès,Irish language,Irish language,Irish Teanga,0.9,0.0,0.0,0.0,0.0,0.0,0.0,Irish Teanga,Irish Teanga,mt_vote_revoted_gte_langfilter,2026-03-19T13:41:01,,,0.7359850406646729,salamandra,en,en,rw,Irish_Teanga
entity,en,Idioma_turc,Idioma turc,Turkish language,Turkish language,Turkish language,0.9,1.0,1.0,1.0,1.0,1.0,1.0,Turkish language,Turkish language,mt_vote,2026-03-19T12:56:49,,,,,en,en,en,Turkish_language
entity,en,Idioma_xinès,Idioma xinès,Chinese language,Chinese language,Chinese language,0.9,1.0,1.0,1.0,1.0,1.0,1.0,Chinese language,Chinese language,mt_vote_revoted_gte_langfilter,2026-03-19T13:41:01,0.9055518507957458,0.9055518507957458,0.9055518507957458,nllb,es,es,es,Chinese_language
entity,en,Illa_del_Príncep_Eduard,Illa del Príncep Eduard,Prince Edward Island,Prince Edward Island,Prince Edward Island,0.9,1.0,1.0,1.0,1.0,1.0,1.0,Prince Edward Island,Prince Edward Island,mt_vote,2026-03-19T12:56:50,,,,,en,en,en,Prince_Edward_Island
entity,en,Illinois,Illinois,Illinois,Illinois,Illinois,0.9,1.0,1.0,1.0,1.0,1.0,1.0,Illinois,Illinois,mt_vote_revoted_gte_langfilter,2026-03-19T13:41:01,1.000000238418579,1.000000238418579,1.000000238418579,nllb,fr,fr,fr,Illinois
entity,en,IlocanoName,IlocanoName,IlocanoName,Ilocano,Ilocano,0.9,0.7778,0.7778,1.0,0.0,0.0,1.0,Ilocano,Ilocano,mt_vote_revoted_gte_langfilter,2026-03-19T13:41:01,1.0,0.9359297156333924,0.9359297156333924,salamandra,it,it,it,Ilocano
entity,en,Imagine_(cançó_de_John_Lennon),Imagine (cançó de John Lennon),Imagine (song by John Lennon),Imagine (John Lennon song),Imagine (John Lennon song),0.9,0.0,0.0,1.0,0.0,0.0,1.0,Imagine (John Lennon song),Imagine (John Lennon song),mt_vote_revoted_gte_langfilter,2026-03-19T13:41:01,,0.8795509934425354,0.8795509934425354,salamandra,en,fr,fr,Imagine_(John_Lennon_song)
entity,en,Imagine_(àlbum_de_John_Lennon),Imagine (àlbum de John Lennon),Imagine (album by John Lennon),Imagine (John Lennon album),Imagine (John Lennon album),0.9,0.0,0.0,1.0,0.0,0.0,1.0,Imagine (John Lennon album),Imagine (John Lennon album),mt_vote_revoted_gte_langfilter,2026-03-19T13:41:01,,0.9029161930084229,0.9029161930084229,salamandra,en,fr,fr,Imagine_(John_Lennon_album)
entity,en,Imperi_Alemany,Imperi Alemany,German Empire,German Empire,German Empire,0.9,1.0,1.0,1.0,1.0,1.0,1.0,German Empire,German Empire,mt_vote,2026-03-19T12:56:54,,,,,en,en,en,German_Empire
entity,en,Imprimir_i_paperback,Imprimir i paperback,Print and paperback,Print and Paperback,Print and paperback,0.9,1.0,1.0,1.0,1.0,1.0,1.0,Print and paperback,Print and paperback,mt_vote,2026-03-19T12:56:54,,,,,en,en,en,Print_and_paperback
entity,en,Imst,Imst,Imst,Imst,Imst,0.9,1.0,1.0,1.0,1.0,1.0,1.0,Imst,Imst,mt_vote,2026-03-19T12:56:55,,,,,en,en,en,Imst
entity,en,In_God_We_Trust,In God We Trust,In God We Trust,In God We Trust,In God We Trust,0.9,1.0,1.0,1.0,1.0,1.0,1.0,In God We Trust,In God We Trust,mt_vote,2026-03-19T12:56:55,,,,,en,en,en,In_God_We_Trust
entity,en,Indi,Indi,Indian,Indi,Indian,0.9,0.8,1.0,0.8,0.0,1.0,0.0,Indian,Indian,mt_vote,2026-03-19T12:56:56,,,,,en,en,en,Indian
entity,en,Indiana,Indiana,Indiana,Indiana,Indiana,0.9,1.0,1.0,1.0,1.0,1.0,1.0,Indiana,Indiana,mt_vote,2026-03-19T12:56:56,,,,,en,en,en,Indiana
entity,en,Indianàpolis,Indianàpolis,Indianapolis,Indianapolis,Indianapolis,0.9,1.0,1.0,1.0,1.0,1.0,1.0,Indianapolis,Indianapolis,mt_vote,2026-03-19T12:56:57,,,,,en,en,en,Indianapolis
entity,en,Indonèsia,Indonèsia,Indonesia,Indonesia,Indonesia,0.9,1.0,1.0,1.0,1.0,1.0,1.0,Indonesia,Indonesia,mt_vote_revoted_gte_langfilter,2026-03-19T13:41:01,0.9679036140441896,0.9679036140441896,0.9679036140441896,nllb,es,es,es,Indonesia
entity,en,Indonèsia_i_Malàisia,Indonèsia i Malàisia,Indonesia and Malaysia,Indonesia and Malaysia,Indonesia and Malaysia,0.9,1.0,1.0,1.0,1.0,1.0,1.0,Indonesia and Malaysia,Indonesia and Malaysia,mt_vote,2026-03-19T12:56:58,,,,,en,en,en,Indonesia_and_Malaysia
entity,en,Infraero,Infraero,Infrared,Infraero,Infraero,0.9,0.0,0.0,0.0,0.0,0.0,0.0,Infrared,Infrared,mt_vote_revoted_gte_langfilter,2026-03-19T13:41:01,0.8083188533782959,,,nllb,ro,en,en,Infrared
entity,en,"Institut_Tècnic,_Kaduna","Institut Tècnic, Kaduna","Technical institute, Kaduna","Technical Institute, Kaduna","Technical Institute, Kaduna",0.9,1.0,1.0,1.0,1.0,1.0,1.0,"Technical Institute, Kaduna","Technical Institute, Kaduna",mt_vote_revoted_gte_langfilter,2026-03-19T13:41:01,0.9446232318878174,0.9481595754623412,0.9481595754623412,madlad,id,id,id,"Technical_Institute,_Kaduna"
entity,en,Institut_de_Paleobiologia_Roman_Kozłowski,Institut de Paleobiologia Roman Kozłowski,Institute of Paleobiology by Roman Kozłowski,Institute of Paleobiology Roman Kozłowski,Roman Kozłowski Institute of Paleobiology,0.9,0.9647,0.5882,0.6098,1.0,0.0,0.0,Institute of Paleobiology by Roman Kozłowski,Institute of Paleobiology by Roman Kozłowski,mt_vote,2026-03-19T12:57:00,,,,,en,en,en,Institute_of_Paleobiology_by_Roman_Kozłowski
entity,en,Institut_de_Tecnologia_Acharya,Institut de Tecnologia Acharya,Acharya Institute of Technology,Acharya Institute of Technology,Acharya Institute of Technology,0.9,1.0,1.0,1.0,1.0,1.0,1.0,Acharya Institute of Technology,Acharya Institute of Technology,mt_vote,2026-03-19T12:57:01,,,,,en,en,en,Acharya_Institute_of_Technology
entity,en,"Institut_de_Tecnologia_de_Massachusetts,_Sc.D._1963","Institut de Tecnologia de Massachusetts, Sc.D. 1963","Massachusetts Institute of Technology, Sc.D. 1963","Massachusetts Institute of Technology, Sc.D. 1963","Massachusetts Institute of Technology, Sc.D. 1963",0.9,1.0,1.0,1.0,1.0,1.0,1.0,"Massachusetts Institute of Technology, Sc.D. 1963","Massachusetts Institute of Technology, Sc.D. 1963",mt_vote,2026-03-19T12:57:02,,,,,en,en,en,"Massachusetts_Institute_of_Technology,_Sc.D._1963"
entity,en,Interscope_Geffen_A&M,Interscope Geffen A&M,Interscope and Geffen A&M,Interscope Geffen A&M,Interscope Geffen A&M,0.9,0.913,0.913,1.0,1.0,1.0,1.0,Interscope Geffen A&M,Interscope Geffen A&M,mt_vote_revoted_gte_langfilter,2026-03-19T13:41:01,0.9612125754356384,1.0,1.0,madlad,de,de,de,Interscope_Geffen_A&M
entity,en,Into_Battle_(novel·la),Into Battle (novel·la),Into Battle (novel),Into Battle (novel),Into Battle (novel),0.9,1.0,1.0,1.0,1.0,1.0,1.0,Into Battle (novel),Into Battle (novel),mt_vote_revoted_gte_langfilter,2026-03-19T13:41:01,0.9847716093063354,0.9847716093063354,0.9847716093063354,nllb,it,it,it,Into_Battle_(novel)
entity,en,Invasió_de_Grenada,Invasió de Grenada,Invasion of Grenada,Invasion of Grenada,Invasion of Grenada,0.9,1.0,1.0,1.0,1.0,1.0,1.0,Invasion of Grenada,Invasion of Grenada,mt_vote,2026-03-19T12:57:05,,,,,en,en,en,Invasion_of_Grenada
entity,en,Invasió_de_Panamà,Invasió de Panamà,Invasion of Panama,Invasion of Panama,Invasion of Panama,0.9,1.0,1.0,1.0,1.0,1.0,1.0,Invasion of Panama,Invasion of Panama,mt_vote,2026-03-19T12:57:06,,,,,en,en,en,Invasion_of_Panama
entity,en,Iraq,Iraq,Iraq,Iraq 0.001 0.001 0.001 0.001 0.001 0.001 0.001 0.001 0.001 0.001 0.001 0.001 0.001 0.001 0.001 0.00,Iraq,0.9,0.0,0.0,0.0,0.0,0.0,0.0,Iraq 0.001 0.001 0.001 0.001 0.001 0.001 0.001 0.001 0.001 0.001 0.001 0.001 0.001 0.001 0.001 0.00,Iraq 0.001 0.001 0.001 0.001 0.001 0.001 0.001 0.001 0.001 0.001 0.001 0.001 0.001 0.001 0.001 0.00,mt_vote_revoted_gte_langfilter,2026-03-19T13:41:01,,0.7642942667007446,,madlad,en,mt,en,Iraq_0.001_0.001_0.001_0.001_0.001_0.001_0.001_0.001_0.001_0.001_0.001_0.001_0.001_0.001_0.001_0.00
entity,en,Iraq_U20,Iraq U20,Iraq U20,Iraq U20,Iraq U20,0.9,1.0,1.0,1.0,1.0,1.0,1.0,Iraq U20,Iraq U20,mt_vote_revoted_gte_langfilter,2026-03-19T13:41:01,0.9999999403953552,0.9999999403953552,0.9999999403953552,nllb,mt,mt,mt,Iraq_U20
entity,en,Irlam_Town_F.C._(anglès),Irlam Town F.C. (anglès),Irlam Town F.C. (English),Irlam Town F.C.,Irlam Town F.C. (English),0.9,0.75,1.0,0.75,0.0,1.0,0.0,Irlam Town F.C. (English),Irlam Town F.C. (English),mt_vote,2026-03-19T12:57:10,,,,,en,en,en,Irlam_Town_F.C._(English)
entity,en,Irlanda,Irlanda,Ireland,Ireland. 1996,Ireland,0.9,0.7,1.0,0.7,0.0,1.0,0.0,Ireland,Ireland,mt_vote,2026-03-19T12:57:11,,,,,en,en,en,Ireland
entity,en,Isaac_Rojas,Isaac Rojas,This is Isaac Rojas.,Isaac Rojas,Isaac Rojas,0.9,0.0,0.0,1.0,0.0,0.0,1.0,Isaac Rojas,Isaac Rojas,mt_vote_revoted_gte_langfilter,2026-03-19T13:41:01,,1.0,1.0,salamandra,en,fi,fi,Isaac_Rojas
entity,en,Isidro_Metapán,Isidro Metapán,Isidro Metapán was born,Isidro Metapán,Isidro Metapán,0.9,0.7568,0.7568,1.0,0.0,0.0,1.0,Isidro Metapán,Isidro Metapán,mt_vote_revoted_gte_langfilter,2026-03-19T13:41:01,0.9624528884887696,1.0000001192092896,1.0000001192092896,salamandra,ga,cs,cs,Isidro_Metapán
entity,en,Isis_(grup),Isis (grup),Isis (group),Isis (band),Isis (group),0.9,0.6087,1.0,0.6087,0.0,1.0,0.0,Isis (group),Isis (group),mt_vote,2026-03-19T12:57:13,,,,,en,en,en,Isis_(group)
entity,en,Israel,Israel,Israel,Israel. 1996,Israel,0.9,0.6667,1.0,0.6667,0.0,1.0,0.0,Israel,Israel,mt_vote,2026-03-19T12:57:13,,,,,en,en,en,Israel
entity,en,Istanbul,Istanbul,The city of Istanbul,Istanbul,Istanbul,0.9,0.0,0.0,1.0,0.0,0.0,1.0,Istanbul,Istanbul,mt_vote_revoted_gte_langfilter,2026-03-19T13:41:01,,1.0,1.0,salamandra,en,mt,mt,Istanbul
entity,en,"Istanbul,_Turquia","Istanbul, Turquia","Istanbul, Turkey","Hotels in Istanbul, Turkey","Istanbul, Turkey",0.9,0.0,1.0,0.0,0.0,1.0,0.0,"Istanbul, Turkey","Istanbul, Turkey",mt_vote_revoted_gte_langfilter,2026-03-19T13:41:01,0.993883728981018,,0.993883728981018,salamandra,mt,en,mt,"Istanbul,_Turkey"
entity,en,Istanbulspor_AS,Istanbulspor AS,"Istanbulspor AS is a football club based in Istanbul, Turkey.",Istanbulspor,Istanbulspor AS,0.9,0.0,0.0,0.8889,0.0,0.0,0.0,Istanbulspor AS,Istanbulspor AS,mt_vote_revoted_gte_langfilter,2026-03-19T13:41:01,,0.9688138961791992,1.0,salamandra,en,mt,pt,Istanbulspor_AS
entity,en,It's_Great_to_Be_Young_(pel·lícula_de_1956),It's Great to Be Young (pel·lícula de 1956),It's Great to Be Young (1956),It's Great to Be Young (1956 film),It's Great to Be Young (1956 film),0.9,0.9206,0.9206,1.0,1.0,1.0,1.0,It's Great to Be Young (1956 film),It's Great to Be Young (1956 film),mt_vote,2026-03-19T12:57:17,,,,,en,en,en,It's_Great_to_Be_Young_(1956_film)
entity,en,Itzik_Braverman,Itzik Braverman,Itzik Braverman,Itzik Braverman,Itzik Braverman,0.9,1.0,1.0,1.0,1.0,1.0,1.0,Itzik Braverman,Itzik Braverman,mt_vote_revoted_gte_langfilter,2026-03-19T13:41:01,1.0000001192092896,1.0000001192092896,1.0000001192092896,nllb,de,de,de,Itzik_Braverman
entity,en,Itàlia,Itàlia,Italy,Italy,Italy,0.9,1.0,1.0,1.0,1.0,1.0,1.0,Italy,Italy,mt_vote,2026-03-19T12:57:18,,,,,en,en,en,Italy
entity,en,Itàlia_sub-16,Itàlia sub-16,Italy under-16s,Italy U-16,Italy U16,0.9,0.8,0.75,0.9474,0.0,0.0,1.0,Italy U-16,Italy U-16,mt_vote,2026-03-19T12:57:18,,,,,en,en,en,Italy_U-16
entity,en,Itàlia_sub-17,Itàlia sub-17,Italy under 17,Italy U-17,Italy U-17,0.9,0.75,0.75,1.0,0.0,0.0,1.0,Italy U-17,Italy U-17,mt_vote,2026-03-19T12:57:19,,,,,en,en,en,Italy_U-17
entity,en,Itàlia_sub-19,Itàlia sub-19,Italy under-19s,Italy U-19,Italy U19,0.9,0.8,0.75,0.9474,0.0,0.0,1.0,Italy U-19,Italy U-19,mt_vote,2026-03-19T12:57:20,,,,,en,en,en,Italy_U-19
entity,en,Iugoslàvia,Iugoslàvia,Yugoslavia and the former Yugoslav Republic of Macedonia,Yugoslavia,Yugoslavia,0.9,0.0,0.0,1.0,0.0,0.0,1.0,Yugoslavia,Yugoslavia,mt_vote_revoted_gte_langfilter,2026-03-19T13:41:01,,0.8965767621994019,0.8965767621994019,salamandra,en,lt,lt,Yugoslavia
entity,en,Iwan_P._Williams,Iwan P. Williams,Iwan P. Williams,Iwan P. Williams,Iwan P. Williams,0.9,1.0,1.0,1.0,1.0,1.0,1.0,Iwan P. Williams,Iwan P. Williams,mt_vote,2026-03-19T12:57:21,,,,,en,en,en,Iwan_P._Williams
entity,en,Ióssif_Stalin,Ióssif Stalin,Joseph Stalin,Joseph Stalin,Joseph Stalin,0.9,1.0,1.0,1.0,1.0,1.0,1.0,Joseph Stalin,Joseph Stalin,mt_vote,2026-03-19T12:57:22,,,,,en,en,en,Joseph_Stalin
entity,en,J._P._McManus,J. P. McManus,J. P. McManus,J. P. McManus,J. P. McManus,0.9,1.0,1.0,1.0,1.0,1.0,1.0,J. P. McManus,J. P. McManus,mt_vote,2026-03-19T12:57:22,,,,,en,en,en,J._P._McManus
entity,en,J._R._R._Tolkien,J. R. R. Tolkien,J. R. R. Tolkien,J. R. R. Tolkien,J. R. R. Tolkien,0.9,1.0,1.0,1.0,1.0,1.0,1.0,J. R. R. Tolkien,J. R. R. Tolkien,mt_vote,2026-03-19T12:57:23,,,,,en,en,en,J._R._R._Tolkien
entity,en,J._V._Jones,J. V. Jones,J. V. Jones,J. V. Jones,J. V. Jones,0.9,1.0,1.0,1.0,1.0,1.0,1.0,J. V. Jones,J. V. Jones,mt_vote_revoted_gte_langfilter,2026-03-19T13:41:01,1.0,1.0,1.0,nllb,es,es,es,J._V._Jones
entity,en,"J._W._""Bill""_Marriott","J. W. ""Bill"" Marriott","J. W. ""Bill"" Marriott","J. W. ""Bill"" Marriott","J. W. ""Bill"" Marriott",0.9,1.0,1.0,1.0,1.0,1.0,1.0,"J. W. ""Bill"" Marriott","J. W. ""Bill"" Marriott",mt_vote_revoted_gte_langfilter,2026-03-19T13:41:01,1.0,1.0,1.0,nllb,de,de,de,"J._W._""Bill""_Marriott"
entity,en,Jack_Kirby,Jack Kirby,Jack Kirby,Jack Kirby,Jack Kirby,0.9,1.0,1.0,1.0,1.0,1.0,1.0,Jack Kirby,Jack Kirby,mt_vote,2026-03-19T12:57:26,,,,,en,en,en,Jack_Kirby
entity,en,"Jacksonville,_Florida","Jacksonville, Florida","Jacksonville, Florida","Jacksonville, FL","Jacksonville, Florida",0.9,0.8649,1.0,0.8649,0.0,1.0,0.0,"Jacksonville, Florida","Jacksonville, Florida",mt_vote_revoted_gte_langfilter,2026-03-19T13:41:01,1.0,0.9599379301071168,1.0,salamandra,fr,fr,fr,"Jacksonville,_Florida"
entity,en,Jacksonville_Dolphins,Jacksonville Dolphins,He played for the Jacksonville Dolphins.,Jacksonville Dolphins,Jacksonville Dolphins,0.9,0.0,0.0,1.0,0.0,0.0,1.0,Jacksonville Dolphins,Jacksonville Dolphins,mt_vote_revoted_gte_langfilter,2026-03-19T13:41:01,,1.0,1.0,salamandra,en,fr,fr,Jacksonville_Dolphins
entity,en,Jacob_Bundsgaard,Jacob Bundsgaard,Jacob Bundsgaard,Jacob Bundsgaard,Jacob Bundsgaard,0.9,1.0,1.0,1.0,1.0,1.0,1.0,Jacob Bundsgaard,Jacob Bundsgaard,mt_vote_revoted_gte_langfilter,2026-03-19T13:41:01,1.0,1.0,1.0,nllb,nl,nl,nl,Jacob_Bundsgaard
entity,en,Jacob_Zuma,Jacob Zuma,Jacob Zuma,Jacob Zuma,Jacob Zuma,0.9,1.0,1.0,1.0,1.0,1.0,1.0,Jacob Zuma,Jacob Zuma,mt_vote_revoted_gte_langfilter,2026-03-19T13:41:01,1.0,1.0,1.0,nllb,de,de,de,Jacob_Zuma
entity,en,Jakarta,Jakarta,Jakarta,Jakarta,Jakarta,0.9,1.0,1.0,1.0,1.0,1.0,1.0,Jakarta,Jakarta,mt_vote,2026-03-19T12:57:29,,,,,en,en,en,Jakarta
entity,en,Jalisco,Jalisco,Jalisco,Jalisco,Jalisco,0.9,1.0,1.0,1.0,1.0,1.0,1.0,Jalisco,Jalisco,mt_vote,2026-03-19T12:57:29,,,,,en,en,en,Jalisco
entity,en,Jamaica,Jamaica,Jamaica,Jamaica. 1996,Jamaica,0.9,0.7,1.0,0.7,0.0,1.0,0.0,Jamaica,Jamaica,mt_vote,2026-03-19T12:57:30,,,,,en,en,en,Jamaica
entity,en,"James,_the_younger_Pain","James, the younger Pain","James, the younger Pain","James, the younger Pain","James, the younger Pain",0.9,1.0,1.0,1.0,1.0,1.0,1.0,"James, the younger Pain","James, the younger Pain",mt_vote,2026-03-19T12:57:31,,,,,en,en,en,"James,_the_younger_Pain"
entity,en,James_Craig_Watson,James Craig Watson,This is James Craig Watson.,James Craig Watson,James Craig Watson,0.9,0.8,0.8,1.0,0.0,0.0,1.0,James Craig Watson,James Craig Watson,mt_vote,2026-03-19T12:57:31,,,,,en,en,en,James_Craig_Watson
entity,en,James_Madison_Leach,James Madison Leach,James Madison Leach,James Madison Leach,James Madison Leach,0.9,1.0,1.0,1.0,1.0,1.0,1.0,James Madison Leach,James Madison Leach,mt_vote_revoted_gte_langfilter,2026-03-19T13:41:01,1.0000001192092896,1.0000001192092896,1.0000001192092896,nllb,fr,fr,fr,James_Madison_Leach
entity,en,"James_Pain_i_George_Richard_Pain,","James Pain i George Richard Pain,","James Pain and George Richard Pain,","James Pain and George Richard Pain,","James Pain and George Richard Pain,",0.9,1.0,1.0,1.0,1.0,1.0,1.0,"James Pain and George Richard Pain,","James Pain and George Richard Pain,",mt_vote,2026-03-19T12:57:33,,,,,en,en,en,"James_Pain_and_George_Richard_Pain,"
entity,en,James_Pallotta,James Pallotta,This is James Pallotta.,James Pallotta,James Pallotta,0.9,0.0,0.0,1.0,0.0,0.0,1.0,James Pallotta,James Pallotta,mt_vote_revoted_gte_langfilter,2026-03-19T13:41:01,,1.0,1.0,salamandra,en,fi,fi,James_Pallotta
entity,en,James_W._Reid_(polític),James W. Reid (polític),James W. Reid (politician),James W. Reid (politician),James W. Reid (politician),0.9,1.0,1.0,1.0,1.0,1.0,1.0,James W. Reid (politician),James W. Reid (politician),mt_vote_revoted_gte_langfilter,2026-03-19T13:41:01,0.964633584022522,0.964633584022522,0.964633584022522,nllb,es,es,es,James_W._Reid_(politician)
entity,en,Jamie_Chung,Jamie Chung,This is Jamie Chung.,Jamie Chung,Jamie Chung,0.9,0.0,0.0,1.0,0.0,0.0,1.0,Jamie Chung,Jamie Chung,mt_vote_revoted_gte_langfilter,2026-03-19T13:41:01,,1.0,1.0,salamandra,en,de,de,Jamie_Chung
entity,en,Jamie_Lawrence,Jamie Lawrence,It's called Jamie Lawrence.,Jamie Lawrence,Jamie Lawrence,0.9,0.0,0.0,1.0,0.0,0.0,1.0,Jamie Lawrence,Jamie Lawrence,mt_vote_revoted_gte_langfilter,2026-03-19T13:41:01,,0.9999999403953552,0.9999999403953552,salamandra,en,pl,pl,Jamie_Lawrence
entity,en,Jan_Duursema,Jan Duursema,This is Jan Duursema.,Jan Duursema,Jan Duursema,0.9,0.0,0.0,1.0,0.0,0.0,1.0,Jan Duursema,Jan Duursema,mt_vote_revoted_gte_langfilter,2026-03-19T13:41:01,,1.0,1.0,salamandra,en,et,et,Jan_Duursema
entity,en,"Janvier,_2014","Janvier, 2014","January, 2014","January, 2014","January, 2014",0.9,1.0,1.0,1.0,1.0,1.0,1.0,"January, 2014","January, 2014",mt_vote,2026-03-19T12:57:37,,,,,en,en,en,"January,_2014"
entity,en,Japó,Japó,Japan,Japan,Japan,0.9,1.0,1.0,1.0,1.0,1.0,1.0,Japan,Japan,mt_vote,2026-03-19T12:57:38,,,,,en,en,en,Japan
entity,en,Jarmo_Kekäläinen,Jarmo Kekäläinen,This is Jarmo Kekäläinen,Jarmo Kekäläinen,Jarmo Kekäläinen,0.9,0.8,0.8,1.0,0.0,0.0,1.0,Jarmo Kekäläinen,Jarmo Kekäläinen,mt_vote_revoted_gte_langfilter,2026-03-19T13:41:01,0.9221124649047852,1.0,1.0,salamandra,fi,fi,fi,Jarmo_Kekäläinen
entity,en,Jasperusa._kgm,Jasperusa. kgm,It's called Jasperusa.,Jasper,Jasperusa. kgm,0.9,0.0,0.0,0.0,0.0,0.0,0.0,Jasperusa. kgm,Jasperusa. kgm,mt_vote_revoted_gte_langfilter,2026-03-19T13:41:01,,,1.0000001192092896,salamandra,en,en,fi,Jasperusa._kgm
entity,en,Java,Java,Java,Java,Java,0.9,1.0,1.0,1.0,1.0,1.0,1.0,Java,Java,mt_vote,2026-03-19T12:57:40,,,,,en,en,en,Java
entity,en,Jean-Michel_Aulas,Jean-Michel Aulas,Jean-Michel Classes,Jean-Michel Aulas,Jean-Michel Aulas,0.9,0.8333,0.8333,1.0,0.0,0.0,1.0,Jean-Michel Aulas,Jean-Michel Aulas,mt_vote_revoted_gte_langfilter,2026-03-19T13:41:01,0.7476502656936646,1.0000001192092896,1.0000001192092896,salamandra,de,de,de,Jean-Michel_Aulas
entity,en,Jeff_Fisher,Jeff Fisher,Jeff Fisher,Jeff Fisher,Jeff Fisher,0.9,1.0,1.0,1.0,1.0,1.0,1.0,Jeff Fisher,Jeff Fisher,mt_vote,2026-03-19T12:57:41,,,,,en,en,en,Jeff_Fisher
entity,en,Jefferson_Davis,Jefferson Davis,Jefferson Davis,Jefferson Davis,Jefferson Davis,0.9,1.0,1.0,1.0,1.0,1.0,1.0,Jefferson Davis,Jefferson Davis,mt_vote,2026-03-19T12:57:41,,,,,en,en,en,Jefferson_Davis
entity,en,Jens_Härtel,Jens Härtel,This is Jens Härtel.,Jens Härtel,Jens Härtel,0.9,0.0,0.0,1.0,0.0,0.0,1.0,Jens Härtel,Jens Härtel,mt_vote_revoted_gte_langfilter,2026-03-19T13:41:01,,1.0000001192092896,1.0000001192092896,salamandra,en,sv,sv,Jens_Härtel
entity,en,"Jepson_Way,","Jepson Way,","The Jepson Way,","Jepson Way,","Jepson Way,",0.9,0.8462,0.8462,1.0,0.0,0.0,1.0,"Jepson Way,","Jepson Way,",mt_vote,2026-03-19T12:57:43,,,,,en,en,en,"Jepson_Way,"
entity,en,Jerry_Ordway,Jerry Ordway,Jerry Ordway,Jerry Ordway,Jerry Ordway,0.9,1.0,1.0,1.0,1.0,1.0,1.0,Jerry Ordway,Jerry Ordway,mt_vote,2026-03-19T12:57:44,,,,,en,en,en,Jerry_Ordway
entity,en,Jesús_Casillas_Romero,Jesús Casillas Romero,Jesus Casillas Romero,Jesús Casillas Romero,Jesus Casillas Romero,0.9,0.9524,1.0,0.9524,1.0,1.0,1.0,Jesús Casillas Romero,Jesús Casillas Romero,mt_vote_revoted_gte_langfilter,2026-03-19T13:41:01,0.9610238671302797,1.0,0.9610238671302797,madlad,es,ga,es,Jesús_Casillas_Romero
entity,en,Jill_Shilling,Jill Shilling,Jill Shilling,Jill Shilling,Jill Shilling,0.9,1.0,1.0,1.0,1.0,1.0,1.0,Jill Shilling,Jill Shilling,mt_vote,2026-03-19T12:57:45,,,,,en,en,en,Jill_Shilling
entity,en,Joachim_Gauck,Joachim Gauck,Joachim Gauck,Joachim Gauck,Joachim Gauck,0.9,1.0,1.0,1.0,1.0,1.0,1.0,Joachim Gauck,Joachim Gauck,mt_vote_revoted_gte_langfilter,2026-03-19T13:41:01,1.0,1.0,1.0,nllb,de,de,de,Joachim_Gauck
entity,en,Joan_Carles_I_d'Espanya,Joan Carles I d'Espanya,John Charles I of Spain,Juan Carlos I of Spain,Juan Carlos I of Spain,0.9,0.8444,0.8444,1.0,0.0,0.0,1.0,Juan Carlos I of Spain,Juan Carlos I of Spain,mt_vote,2026-03-19T12:57:46,,,,,en,en,en,Juan_Carlos_I_of_Spain
entity,en,"Joden_,_Godenzonen","Joden , Godenzonen",Joden and Godenzonen,"Jews, sons of God.","Joden, Godenzonen",0.9,0.0,0.0,0.0,0.0,0.0,0.0,"Joden, Godenzonen","Joden, Godenzonen",mt_vote_revoted_gte_langfilter,2026-03-19T13:41:01,,,0.9791410565376282,salamandra,en,en,de,"Joden,_Godenzonen"
entity,en,Joe_Vitt,Joe Vitt,Joe Vitt,Joe Vitt,Joe Vitt,0.9,1.0,1.0,1.0,1.0,1.0,1.0,Joe Vitt,Joe Vitt,mt_vote,2026-03-19T12:57:48,,,,,en,en,en,Joe_Vitt
entity,en,Johann_Schneider-Ammann,Johann Schneider-Ammann,He was born Johann Schneider-Ammann.,Johann Schneider-Ammann,Johann Schneider-Ammann,0.9,0.0,0.0,1.0,0.0,0.0,1.0,Johann Schneider-Ammann,Johann Schneider-Ammann,mt_vote_revoted_gte_langfilter,2026-03-19T13:41:01,,1.0,1.0,salamandra,en,de,de,Johann_Schneider-Ammann
entity,en,Johannesburg,Johannesburg,The city of Johannesburg,Johannesburg,Johannesburg,0.9,0.6667,0.6667,1.0,0.0,0.0,1.0,Johannesburg,Johannesburg,mt_vote,2026-03-19T12:57:49,,,,,en,en,en,Johannesburg
entity,en,John_Aman,John Aman,John Aman,John Aman,John Aman,0.9,1.0,1.0,1.0,1.0,1.0,1.0,John Aman,John Aman,mt_vote,2026-03-19T12:57:50,,,,,en,en,en,John_Aman
entity,en,John_Buscema,John Buscema,John Buscema,John Buscema,John Buscema,0.9,1.0,1.0,1.0,1.0,1.0,1.0,John Buscema,John Buscema,mt_vote,2026-03-19T12:57:51,,,,,en,en,en,John_Buscema
entity,en,John_Clancy_(polític_laborista),John Clancy (polític laborista),John Clancy (Labour politician),John Clancy (Labour politician),John Clancy (Labour politician),0.9,1.0,1.0,1.0,1.0,1.0,1.0,John Clancy (Labour politician),John Clancy (Labour politician),mt_vote_revoted_gte_langfilter,2026-03-19T13:41:01,0.9045193791389464,0.9045193791389464,0.9045193791389464,nllb,es,es,es,John_Clancy_(Labour_politician)
entity,en,John_Cowper_Powys,John Cowper Powys,John Cowper Powys,John Cowper Powys,John Cowper Powys,0.9,1.0,1.0,1.0,1.0,1.0,1.0,John Cowper Powys,John Cowper Powys,mt_vote,2026-03-19T12:57:53,,,,,en,en,en,John_Cowper_Powys
entity,en,John_Digweed,John Digweed,John Digweed,John Digweed,John Digweed,0.9,1.0,1.0,1.0,1.0,1.0,1.0,John Digweed,John Digweed,mt_vote,2026-03-19T12:57:53,,,,,en,en,en,John_Digweed
entity,en,John_Fitzgerald_Kennedy,John Fitzgerald Kennedy,This is John Fitzgerald Kennedy.,John Fitzgerald Kennedy,John Fitzgerald Kennedy,0.9,0.0,0.0,1.0,0.0,0.0,1.0,John Fitzgerald Kennedy,John Fitzgerald Kennedy,mt_vote_revoted_gte_langfilter,2026-03-19T13:41:01,,1.0,1.0,salamandra,en,eu,eu,John_Fitzgerald_Kennedy
entity,en,John_Geering,John Geering,John Geering,John Geering,John Geering,0.9,1.0,1.0,1.0,1.0,1.0,1.0,John Geering,John Geering,mt_vote_revoted_gte_langfilter,2026-03-19T13:41:01,1.0000001192092896,1.0000001192092896,1.0000001192092896,nllb,nl,nl,nl,John_Geering
entity,en,John_Lennon,John Lennon,John Lennon,John Lennon,John Lennon,0.9,1.0,1.0,1.0,1.0,1.0,1.0,John Lennon,John Lennon,mt_vote_revoted_gte_langfilter,2026-03-19T13:41:01,1.0,1.0,1.0,nllb,fr,fr,fr,John_Lennon
entity,en,John_Madin,John Madin,John Madin,John Madin,John Madin,0.9,1.0,1.0,1.0,1.0,1.0,1.0,John Madin,John Madin,mt_vote,2026-03-19T12:57:56,,,,,en,en,en,John_Madin
entity,en,John_Major,John Major,John Major,John Major,John Major,0.9,1.0,1.0,1.0,1.0,1.0,1.0,John Major,John Major,mt_vote,2026-03-19T12:57:57,,,,,en,en,en,John_Major
entity,en,John_Mills,John Mills,John Mills,John Mills,John Mills,0.9,1.0,1.0,1.0,1.0,1.0,1.0,John Mills,John Mills,mt_vote,2026-03-19T12:57:57,,,,,en,en,en,John_Mills
entity,en,John_N._Dempsey,John N. Dempsey,John N. Dempsey,John N. Dempsey,John N. Dempsey,0.9,1.0,1.0,1.0,1.0,1.0,1.0,John N. Dempsey,John N. Dempsey,mt_vote,2026-03-19T12:57:58,,,,,en,en,en,John_N._Dempsey
entity,en,John_Reith,John Reith,John Reith,John Reith,John Reith,0.9,1.0,1.0,1.0,1.0,1.0,1.0,John Reith,John Reith,mt_vote,2026-03-19T12:57:59,,,,,en,en,en,John_Reith
entity,en,John_Roberts,John Roberts,This is John Roberts.,John Roberts,John Roberts,0.9,0.7273,0.7273,1.0,0.0,0.0,1.0,John Roberts,John Roberts,mt_vote,2026-03-19T12:58:00,,,,,en,en,en,John_Roberts
entity,en,John_Sánchez,John Sánchez,John Sanchez,John Sánchez,John Sánchez,0.9,0.9167,0.9167,1.0,1.0,1.0,1.0,John Sánchez,John Sánchez,mt_vote_revoted_gte_langfilter,2026-03-19T13:41:01,0.9200035333633424,1.0000001192092896,1.0000001192092896,madlad,fr,hu,hu,John_Sánchez
entity,en,John_Wiley_&_Sons,John Wiley & Sons,John Wiley and Sons,John Wiley & Sons,John Wiley & Sons,0.9,0.8889,0.8889,1.0,0.0,0.0,1.0,John Wiley & Sons,John Wiley & Sons,mt_vote,2026-03-19T12:58:01,,,,,en,en,en,John_Wiley_&_Sons
entity,en,John_Wilkes_Booze,John Wilkes Booze,John Wilkes and Booze,John Wilkes Booze,John Wilkes Booze,0.9,0.0,0.0,1.0,0.0,0.0,1.0,John Wilkes Booze,John Wilkes Booze,mt_vote_revoted_gte_langfilter,2026-03-19T13:41:01,,1.000000238418579,1.000000238418579,salamandra,en,sl,sl,John_Wilkes_Booze
entity,en,John_van_den_Brom,John van den Brom,This is John van den Brom.,John van den Brom,John van den Brom,0.9,0.7907,0.7907,1.0,0.0,0.0,1.0,John van den Brom,John van den Brom,mt_vote_revoted_gte_langfilter,2026-03-19T13:41:01,0.8973658680915833,1.0000001192092896,1.0000001192092896,salamandra,nl,nl,nl,John_van_den_Brom
entity,en,Johnny_Colt,Johnny Colt,Johnny Colt,Johnny Colt,Johnny Colt,0.9,1.0,1.0,1.0,1.0,1.0,1.0,Johnny Colt,Johnny Colt,mt_vote_revoted_gte_langfilter,2026-03-19T13:41:01,1.0000001192092896,1.0000001192092896,1.0000001192092896,nllb,it,it,it,Johnny_Colt
entity,en,Johnny_Sansone,Johnny Sansone,Johnny Sansone,Johnny Sansone,Johnny Sansone,0.9,1.0,1.0,1.0,1.0,1.0,1.0,Johnny Sansone,Johnny Sansone,mt_vote,2026-03-19T12:58:03,,,,,en,en,en,Johnny_Sansone
entity,en,Johns_Hopkins_University_Press,Johns Hopkins University Press,It is published by Johns Hopkins University Press.,Johns Hopkins University Press,Johns Hopkins University Press,0.9,0.75,0.75,1.0,0.0,0.0,1.0,Johns Hopkins University Press,Johns Hopkins University Press,mt_vote,2026-03-19T12:58:04,,,,,en,en,en,Johns_Hopkins_University_Press
entity,en,Joko_Widodo,Joko Widodo,Joko Widodo,Joko Widodo,Joko Widodo,0.9,1.0,1.0,1.0,1.0,1.0,1.0,Joko Widodo,Joko Widodo,mt_vote_revoted_gte_langfilter,2026-03-19T13:41:01,1.0,1.0,1.0,nllb,es,es,es,Joko_Widodo
entity,en,Jon_Feltheimer,Jon Feltheimer,This is Jon Feltheimer.,Jon Feltheimer,Jon Feltheimer,0.9,0.7568,0.7568,1.0,0.0,0.0,1.0,Jon Feltheimer,Jon Feltheimer,mt_vote,2026-03-19T12:58:06,,,,,en,en,en,Jon_Feltheimer
entity,en,Jon_Valor,Jon Valor,Jon Valor,Jon Valor,Jon Valor,0.9,1.0,1.0,1.0,1.0,1.0,1.0,Jon Valor,Jon Valor,mt_vote_revoted_gte_langfilter,2026-03-19T13:41:01,1.0,1.0,1.0,nllb,es,es,es,Jon_Valor
entity,en,Jonathan_Mendelsohn,Jonathan Mendelsohn,This is Jonathan Mendelsohn.,Jonathan Mendelsohn,Jonathan Mendelsohn,0.9,0.8085,0.8085,1.0,0.0,0.0,1.0,Jonathan Mendelsohn,Jonathan Mendelsohn,mt_vote,2026-03-19T12:58:07,,,,,en,en,en,Jonathan_Mendelsohn
entity,en,Jonathan_Palmer,Jonathan Palmer,This is Jonathan Palmer.,Jonathan Palmer,Jonathan Palmer,0.9,0.7692,0.7692,1.0,0.0,0.0,1.0,Jonathan Palmer,Jonathan Palmer,mt_vote,2026-03-19T12:58:07,,,,,en,en,en,Jonathan_Palmer
entity,en,Jong_Ajax,Jong Ajax,Jong Ajax,Jong Ajax,Jong Ajax,0.9,1.0,1.0,1.0,1.0,1.0,1.0,Jong Ajax,Jong Ajax,mt_vote,2026-03-19T12:58:08,,,,,en,en,en,Jong_Ajax
entity,en,Jorge_Humberto_Rodríguez,Jorge Humberto Rodríguez,This is Jorge Humberto Rodríguez.,Jorge Humberto Rodríguez,Jorge Humberto Rodríguez,0.9,0.0,0.0,1.0,0.0,0.0,1.0,Jorge Humberto Rodríguez,Jorge Humberto Rodríguez,mt_vote_revoted_gte_langfilter,2026-03-19T13:41:01,,1.0,1.0,salamandra,en,es,es,Jorge_Humberto_Rodríguez
entity,en,Jorge_Orosmán_da_Silva_Echeverrito,Jorge Orosmán da Silva Echeverrito,Jorge Orosmán da Silva Echeverrito is a Spanish singer-songwriter.,Jorge Orosmán da Silva Echeverrito,Jorge Orosmán da Silva Echeverrito,0.9,0.68,0.68,1.0,0.0,0.0,1.0,Jorge Orosmán da Silva Echeverrito,Jorge Orosmán da Silva Echeverrito,mt_vote_revoted_gte_langfilter,2026-03-19T13:41:01,0.8898823261260986,0.9999999403953552,0.9999999403953552,salamandra,ga,ga,ga,Jorge_Orosmán_da_Silva_Echeverrito
entity,en,Josef_Klaus,Josef Klaus,It's called Josef Klaus.,Josef Klaus,Josef Klaus,0.9,0.0,0.0,1.0,0.0,0.0,1.0,Josef Klaus,Josef Klaus,mt_vote_revoted_gte_langfilter,2026-03-19T13:41:01,,1.0000001192092896,1.0000001192092896,salamandra,en,de,de,Josef_Klaus
entity,en,"Joseph_Robinette_Biden,_Jr.","Joseph Robinette Biden, Jr.","This is Joseph Robinette Biden, Jr.","Joseph Robinette Biden, Jr.",Joseph Robinette Biden Jr.,0.9,0.0,0.0,0.9811,0.0,0.0,1.0,"Joseph Robinette Biden, Jr.","Joseph Robinette Biden, Jr.",mt_vote_revoted_gte_langfilter,2026-03-19T13:41:01,,1.0000001192092896,0.992720365524292,madlad,en,de,de,"Joseph_Robinette_Biden,_Jr."
entity,en,Juan_Afara,Juan Afara,Juan Afara,Juan Afara,Juan Afara,0.9,1.0,1.0,1.0,1.0,1.0,1.0,Juan Afara,Juan Afara,mt_vote,2026-03-19T12:58:12,,,,,en,en,en,Juan_Afara
entity,en,Juan_Domingo_Perón,Juan Domingo Perón,Spanish writer Juan Domingo Perón,Juan Domingo Perón,Juan Domingo Perón,0.9,0.7059,0.7059,1.0,0.0,0.0,1.0,Juan Domingo Perón,Juan Domingo Perón,mt_vote_revoted_gte_langfilter,2026-03-19T13:41:01,0.8726731538772583,1.0,1.0,salamandra,es,es,es,Juan_Domingo_Perón
entity,en,Juan_Hortensio_Quijano,Juan Hortensio Quijano,Spanish writer Juan Hortensio Quijano,Juan Hortensio Quijano,Juan Hortensio Quijano,0.9,0.0,0.0,1.0,0.0,0.0,1.0,Juan Hortensio Quijano,Juan Hortensio Quijano,mt_vote_revoted_gte_langfilter,2026-03-19T13:41:01,,1.0,1.0,salamandra,en,lt,lt,Juan_Hortensio_Quijano
entity,en,Juan_Nolasco,Juan Nolasco,Juan Nolasco,Juan Nolasco,Juan Nolasco,0.9,1.0,1.0,1.0,1.0,1.0,1.0,Juan Nolasco,Juan Nolasco,mt_vote,2026-03-19T12:58:14,,,,,en,en,en,Juan_Nolasco
entity,en,Juha_Sipilä,Juha Sipilä,It's called Juha Sipilä.,Juha Sipilä,Juha Sipilä,0.9,0.6286,0.6286,1.0,0.0,0.0,1.0,Juha Sipilä,Juha Sipilä,mt_vote_revoted_gte_langfilter,2026-03-19T13:41:01,0.8725389242172241,1.0000001192092896,1.0000001192092896,salamandra,fi,et,et,Juha_Sipilä
entity,en,Julia_Morgan,Julia Morgan,This is Julia Morgan.,Julia Morgan,Julia Morgan,0.9,0.7273,0.7273,1.0,0.0,0.0,1.0,Julia Morgan,Julia Morgan,mt_vote,2026-03-19T12:58:16,,,,,en,en,en,Julia_Morgan
entity,en,Juliet_Mills,Juliet Mills,Juliet Mills,Juliet Mills,Juliet Mills,0.9,1.0,1.0,1.0,1.0,1.0,1.0,Juliet Mills,Juliet Mills,mt_vote_revoted_gte_langfilter,2026-03-19T13:41:01,1.0000001192092896,1.0000001192092896,1.0000001192092896,nllb,mt,mt,mt,Juliet_Mills
entity,en,Julius_Springer,Julius Springer,This is Julius Springer.,Julius Springer,Julius Springer,0.9,0.0,0.0,1.0,0.0,0.0,1.0,Julius Springer,Julius Springer,mt_vote_revoted_gte_langfilter,2026-03-19T13:41:01,,1.0,1.0,salamandra,en,no,no,Julius_Springer
entity,en,Juny_de_1981,Juny de 1981,June of 1981,June 1981,June 1981,0.9,0.0,0.0,1.0,0.0,0.0,1.0,June 1981,June 1981,mt_vote_revoted_gte_langfilter,2026-03-19T13:41:01,,0.9183498620986938,0.9183498620986938,salamandra,en,fr,fr,June_1981
entity,en,Justin_Whalin,Justin Whalin,Justin Whalin,Justin Whalin,Justin Whalin,0.9,1.0,1.0,1.0,1.0,1.0,1.0,Justin Whalin,Justin Whalin,mt_vote,2026-03-19T12:58:18,,,,,en,en,en,Justin_Whalin
entity,en,Jusuf_Kalla,Jusuf Kalla,Jusuf Kalla,Jusuf Kalla,Jusuf Kalla,0.9,1.0,1.0,1.0,1.0,1.0,1.0,Jusuf Kalla,Jusuf Kalla,mt_vote_revoted_gte_langfilter,2026-03-19T13:41:01,1.0000001192092896,1.0000001192092896,1.0000001192092896,nllb,de,de,de,Jusuf_Kalla
entity,en,Juventus_F.C.,Juventus F.C.,Juventus F.C.,Juventus F.C.,Juventus Football Club,0.9,1.0,0.0,0.0,1.0,0.0,0.0,Juventus F.C.,Juventus F.C.,mt_vote_revoted_gte_langfilter,2026-03-19T13:41:01,1.0,1.0,,nllb,fr,fr,en,Juventus_F.C.
entity,en,Jwaydan_Moyine,Jwaydan Moyine,Jwaydan Moyine,Jwaydan Moyine,Jwaydan Moyine,0.9,1.0,1.0,1.0,1.0,1.0,1.0,Jwaydan Moyine,Jwaydan Moyine,mt_vote,2026-03-19T12:58:21,,,,,en,en,en,Jwaydan_Moyine
entity,en,K-W_United_FC,K-W United FC,K-W United FC,K-W United FC,K-W United FC,0.9,1.0,1.0,1.0,1.0,1.0,1.0,K-W United FC,K-W United FC,mt_vote,2026-03-19T12:58:21,,,,,en,en,en,K-W_United_FC
entity,en,K2_(duo_de_les_germanes_Kovač),K2 (duo de les germanes Kovač),K2 (duo of the Kovač sisters),K2 (Kovač sisters duo),K2 (duo of Kovač sisters),0.9,0.0,0.0,0.766,0.0,0.0,0.0,K2 (duo of Kovač sisters),K2 (duo of Kovač sisters),mt_vote_revoted_gte_langfilter,2026-03-19T13:41:01,,0.9030914306640624,0.9220731854438782,salamandra,en,lt,la,K2_(duo_of_Kovač_sisters)
entity,en,KACY,KACY,KACY,KACY,KACY,0.9,1.0,1.0,1.0,1.0,1.0,1.0,KACY,KACY,mt_vote,2026-03-19T12:58:23,,,,,en,en,en,KACY
entity,en,Kabi,Kabi,Kabi,Kabi,Kabi,0.9,1.0,1.0,1.0,1.0,1.0,1.0,Kabi,Kabi,mt_vote,2026-03-19T12:58:23,,,,,en,en,en,Kabi
entity,en,Kaiser_Chiefs,Kaiser Chiefs,Kaiser Chiefs,Kaiser Chiefs,Kaiser Chiefs,0.9,1.0,1.0,1.0,1.0,1.0,1.0,Kaiser Chiefs,Kaiser Chiefs,mt_vote_revoted_gte_langfilter,2026-03-19T13:41:01,1.0,1.0,1.0,nllb,fr,fr,fr,Kaiser_Chiefs
entity,en,Karl_Kesel,Karl Kesel,Karl Kesel,Karl Kesel,Karl Kesel,0.9,1.0,1.0,1.0,1.0,1.0,1.0,Karl Kesel,Karl Kesel,mt_vote,2026-03-19T12:58:25,,,,,en,en,en,Karl_Kesel
entity,en,Karlsruhe,Karlsruhe,Karlsruhe,Karlsruhe,Karlsruhe,0.9,1.0,1.0,1.0,1.0,1.0,1.0,Karlsruhe,Karlsruhe,mt_vote_revoted_gte_langfilter,2026-03-19T13:41:01,1.0,1.0,1.0,nllb,de,de,de,Karlsruhe
entity,en,Karnataka,Karnataka,Karnataka,Karnataka,Karnataka,0.9,1.0,1.0,1.0,1.0,1.0,1.0,Karnataka,Karnataka,mt_vote_revoted_gte_langfilter,2026-03-19T13:41:01,1.0,1.0,1.0,nllb,sv,sv,sv,Karnataka
entity,en,Karysun_/_Any_sense_llum,Karysun / Any sense llum,Karysun / Year without light,Karysun / Year Without Light,Karysun / Year Without Light,0.9,1.0,1.0,1.0,1.0,1.0,1.0,Karysun / Year without light,Karysun / Year without light,mt_vote,2026-03-19T12:58:27,,,,,en,en,en,Karysun_/_Year_without_light
entity,en,Kashubian_language,Kashubian language,Kashubian language,Kashubian language,Kashubian language,0.9,1.0,1.0,1.0,1.0,1.0,1.0,Kashubian language,Kashubian language,mt_vote_revoted_gte_langfilter,2026-03-19T13:41:01,1.0000001192092896,1.0000001192092896,1.0000001192092896,nllb,es,es,es,Kashubian_language
entity,en,Kate_Hardie,Kate Hardie,Kate Hardie,Kate Hardie,Kate Hardie,0.9,1.0,1.0,1.0,1.0,1.0,1.0,Kate Hardie,Kate Hardie,mt_vote_revoted_gte_langfilter,2026-03-19T13:41:01,1.0000001192092896,1.0000001192092896,1.0000001192092896,nllb,de,de,de,Kate_Hardie
entity,en,Katowice,Katowice,Katowice,Katowice,Katowice,0.9,1.0,1.0,1.0,1.0,1.0,1.0,Katowice,Katowice,mt_vote_revoted_gte_langfilter,2026-03-19T13:41:01,1.0,1.0,1.0,nllb,pl,pl,pl,Katowice
entity,en,Kellamergh_Park,Kellamergh Park,Kellamergh Park,Kellamergh Park,Kellemergh Park,0.9,1.0,0.0,0.0,1.0,0.0,0.0,Kellamergh Park,Kellamergh Park,mt_vote_revoted_gte_langfilter,2026-03-19T13:41:01,1.0000001192092896,1.0000001192092896,,nllb,it,it,en,Kellamergh_Park
entity,en,Kelvin_Mao,Kelvin Mao,This is Kelvin Mao.,Kelvin Mao,Kelvin Mao,0.9,0.6897,0.6897,1.0,0.0,0.0,1.0,Kelvin Mao,Kelvin Mao,mt_vote,2026-03-19T12:58:30,,,,,en,en,en,Kelvin_Mao
entity,en,Kempe_Gowda_I,Kempe Gowda I,Kempe Gowda I,Kempe Gowda I,Kempe Gowda I,0.9,1.0,1.0,1.0,1.0,1.0,1.0,Kempe Gowda I,Kempe Gowda I,mt_vote,2026-03-19T12:58:31,,,,,en,en,en,Kempe_Gowda_I
entity,en,"Kenosha,_Wisconsin","Kenosha, Wisconsin","Kenosha, Wisconsin","Kenosha, Wisconsin","Kenosha, Wisconsin",0.9,1.0,1.0,1.0,1.0,1.0,1.0,"Kenosha, Wisconsin","Kenosha, Wisconsin",mt_vote_revoted_gte_langfilter,2026-03-19T13:41:01,1.0000001192092896,1.0000001192092896,1.0000001192092896,nllb,es,es,es,"Kenosha,_Wisconsin"
entity,en,Kent,Kent,Kent,Kent,Kent,0.9,1.0,1.0,1.0,1.0,1.0,1.0,Kent,Kent,mt_vote,2026-03-19T12:58:32,,,,,en,en,en,Kent
entity,en,Kerala,Kerala,Kerala,Kerala,Kerala,0.9,1.0,1.0,1.0,1.0,1.0,1.0,Kerala,Kerala,mt_vote,2026-03-19T12:58:33,,,,,en,en,en,Kerala
entity,en,Kevin_Eastman,Kevin Eastman,This is Kevin Eastman.,Kevin Eastman,Kevin Eastman,0.9,0.7429,0.7429,1.0,0.0,0.0,1.0,Kevin Eastman,Kevin Eastman,mt_vote,2026-03-19T12:58:33,,,,,en,en,en,Kevin_Eastman
entity,en,Khadija_Arib,Khadija Arib,Khadija Arib,Khadija Arib,Khadija Arib,0.9,1.0,1.0,1.0,1.0,1.0,1.0,Khadija Arib,Khadija Arib,mt_vote,2026-03-19T12:58:34,,,,,en,en,en,Khadija_Arib
entity,en,Khalid_Mahmood_(polític_britànic),Khalid Mahmood (polític britànic),Khalid Mahmood (British politician),Khalid Mahmood (British politician),Khalid Mahmood (British politician),0.9,1.0,1.0,1.0,1.0,1.0,1.0,Khalid Mahmood (British politician),Khalid Mahmood (British politician),mt_vote,2026-03-19T12:58:35,,,,,en,en,en,Khalid_Mahmood_(British_politician)
entity,en,"Kimberly,_Wisconsin","Kimberly, Wisconsin","Kimberly, Wisconsin","Kimberly, Wisconsin","Kimberly, Wisconsin",0.9,1.0,1.0,1.0,1.0,1.0,1.0,"Kimberly, Wisconsin","Kimberly, Wisconsin",mt_vote,2026-03-19T12:58:36,,,,,en,en,en,"Kimberly,_Wisconsin"
entity,en,Kingstonjamaica._kgm,Kingstonjamaica. kgm,Kingston from Jamaica.,Kingston,Kingstonjamaica. kgm,0.9,0.0,0.0,0.0,0.0,0.0,0.0,Kingstonjamaica. kgm,Kingstonjamaica. kgm,mt_vote_revoted_gte_langfilter,2026-03-19T13:41:01,,,1.0000001192092896,salamandra,en,en,bs,Kingstonjamaica._kgm
entity,en,Kinsealy,Kinsealy,Kinsealy,Kinsealy,Kinsealy,0.9,1.0,1.0,1.0,1.0,1.0,1.0,Kinsealy,Kinsealy,mt_vote,2026-03-19T12:58:37,,,,,en,en,en,Kinsealy
entity,en,Kirk_Joseph,Kirk Joseph,Kirk Joseph,Kirk Joseph,Kirk Joseph,0.9,1.0,1.0,1.0,1.0,1.0,1.0,Kirk Joseph,Kirk Joseph,mt_vote,2026-03-19T12:58:38,,,,,en,en,en,Kirk_Joseph
entity,en,Klaus_Iohannis,Klaus Iohannis,Klaus Iohannis,Klaus Iohannis,Klaus Iohannis,0.9,1.0,1.0,1.0,1.0,1.0,1.0,Klaus Iohannis,Klaus Iohannis,mt_vote_revoted_gte_langfilter,2026-03-19T13:41:01,1.0,1.0,1.0,nllb,de,de,de,Klaus_Iohannis
entity,en,Knightsbridge,Knightsbridge,Knightsbridge,Knightsbridge,Knightsbridge,0.9,1.0,1.0,1.0,1.0,1.0,1.0,Knightsbridge,Knightsbridge,mt_vote,2026-03-19T12:58:39,,,,,en,en,en,Knightsbridge
entity,en,"Knightsbridge,_Londres","Knightsbridge, Londres","This is Knightsbridge, London","Knightsbridge, London","Knightsbridge, London",0.9,0.84,0.84,1.0,0.0,0.0,1.0,"Knightsbridge, London","Knightsbridge, London",mt_vote,2026-03-19T12:58:40,,,,,en,en,en,"Knightsbridge,_London"
entity,en,Konstantinos_Mitsotakis,Konstantinos Mitsotakis,This is a list of all the different ways Konstantinos Mitsotakis is credited in the database.,Konstantinos Mitsotakis,Konstantinos Mitsotakis,0.9,0.0,0.0,1.0,0.0,0.0,1.0,Konstantinos Mitsotakis,Konstantinos Mitsotakis,mt_vote_revoted_gte_langfilter,2026-03-19T13:41:01,,0.9999998807907104,0.9999998807907104,salamandra,en,de,de,Konstantinos_Mitsotakis
entity,en,Kornelije_Kovač,Kornelije Kovač,This is Kornelije Kovač.,Kornelije Kovač,Kornelije Kovač,0.9,0.7692,0.7692,1.0,0.0,0.0,1.0,Kornelije Kovač,Kornelije Kovač,mt_vote_revoted_gte_langfilter,2026-03-19T13:41:01,0.9120267629623412,1.0,1.0,salamandra,hr,hr,hr,Kornelije_Kovač
entity,en,"Kourou,_Guiana_Francesa","Kourou, Guiana Francesa","Kourou, French Guiana","Kourou, French Guiana","Kourou, French Guiana",0.9,1.0,1.0,1.0,1.0,1.0,1.0,"Kourou, French Guiana","Kourou, French Guiana",mt_vote,2026-03-19T12:58:42,,,,,en,en,en,"Kourou,_French_Guiana"
entity,en,Kristina_Kovač,Kristina Kovač,This is Kristina Kovač.,Kristina Kovač,Kristina Kovač,0.9,0.0,0.0,1.0,0.0,0.0,1.0,Kristina Kovač,Kristina Kovač,mt_vote_revoted_gte_langfilter,2026-03-19T13:41:01,,1.0,1.0,salamandra,en,sl,sl,Kristina_Kovač
entity,en,Kuala_Lumpur,Kuala Lumpur,Kuala Lumpur,Kuala Lumpur,Kuala Lumpur,0.9,1.0,1.0,1.0,1.0,1.0,1.0,Kuala Lumpur,Kuala Lumpur,mt_vote_revoted_gte_langfilter,2026-03-19T13:41:01,1.0,1.0,1.0,nllb,de,de,de,Kuala_Lumpur
entity,en,Kuching,Kuching,Kuching,Kuching,Kuching,0.9,1.0,1.0,1.0,1.0,1.0,1.0,Kuching,Kuching,mt_vote,2026-03-19T12:58:44,,,,,en,en,en,Kuching
entity,en,Kuttikkattoor,Kuttikkattoor,This is Kuttikkattoor.,Kuttikkattoor,Kuttikkattoor,0.9,0.0,0.0,1.0,0.0,0.0,1.0,Kuttikkattoor,Kuttikkattoor,mt_vote_revoted_gte_langfilter,2026-03-19T13:41:01,,1.0,1.0,salamandra,en,mt,mt,Kuttikkattoor
entity,en,"Kway_teow,_llit_de_carn_de_vaca,_gula_Melaka,_fesols_negres_tallats,_secs,_agulles,_salsa_de_soja_fosca,_lengkuas,_salsa_d'ostre,_salsa_de_soja,_piment_i_oli_de_sésam","Kway teow, llit de carn de vaca, gula Melaka, fesols negres tallats, secs, agulles, salsa de soja fosca, lengkuas, salsa d'ostre, salsa de soja, piment i oli de sésam","Kway teow, beef bed, Melaka gula, chopped black beans, dried, needles, dark soy sauce, tongkuas, oyster sauce, soy sauce, pepper and sesame oil","Kway teow, beef bed, gula melaka, black beans cut, dried, needles, dark soy sauce, lengkuas, oyster sauce, soy sauce, pepper and sesame oil","Kway teow, beef noodle, gula melaka, dried chopped black beans, needles, dark soy sauce, lengkuas, oyster sauce, soy sauce, chili and sesame oil",0.9,0.9078,0.8432,0.8481,1.0,0.0,0.0,"Kway teow, beef bed, Melaka gula, chopped black beans, dried, needles, dark soy sauce, tongkuas, oyster sauce, soy sauce, pepper and sesame oil","Kway teow, beef bed, Melaka gula, chopped black beans, dried, needles, dark soy sauce, tongkuas, oyster sauce, soy sauce, pepper and sesame oil",mt_vote,2026-03-19T12:58:49,,,,,en,en,en,"Kway_teow,_beef_bed,_Melaka_gula,_chopped_black_beans,_dried,_needles,_dark_soy_sauce,_tongkuas,_oyster_sauce,_soy_sauce,_pepper_and_sesame_oil"
entity,en,Kōchi,Kōchi,Kōchi,Kōchi,Kochi,0.9,1.0,0.8,0.8,1.0,0.0,0.0,Kōchi,Kōchi,mt_vote_revoted_gte_langfilter,2026-03-19T13:41:01,1.0,1.0,0.6819915175437927,nllb,vi,vi,sv,Kōchi
entity,en,L'Escriptura_Secreta,L'Escriptura Secreta,The Secret Scripture,The secret writing,The Secret Scripture,0.9,0.7368,1.0,0.7368,0.0,1.0,0.0,The Secret Scripture,The Secret Scripture,mt_vote,2026-03-19T12:58:50,,,,,en,en,en,The_Secret_Scripture
entity,en,L'anglès_sense_llàgrimes,L'anglès sense llàgrimes,English Without Tears,English without tears,English Without Tears,0.9,1.0,1.0,1.0,1.0,1.0,1.0,English Without Tears,English Without Tears,mt_vote,2026-03-19T12:58:51,,,,,en,en,en,English_Without_Tears
entity,en,L'home_vell_sombria,L'home vell sombria,The dark old man,The dark old man,The old man in the shadow,0.9,1.0,0.5366,0.5366,1.0,0.0,0.0,The dark old man,The dark old man,mt_vote,2026-03-19T12:58:52,,,,,en,en,en,The_dark_old_man
entity,en,LASK_Linz,LASK Linz,Lask Linz,LASK Linz,LASK Linz,0.9,1.0,1.0,1.0,1.0,1.0,1.0,Lask Linz,Lask Linz,mt_vote,2026-03-19T12:58:52,,,,,en,en,en,Lask_Linz
entity,en,"La_Crosse,_Wisconsin","La Crosse, Wisconsin","La Crosse, Wisconsin","La Crosse, WI","La Crosse, Wisconsin",0.9,0.7879,1.0,0.7879,0.0,1.0,0.0,"La Crosse, Wisconsin","La Crosse, Wisconsin",mt_vote_revoted_gte_langfilter,2026-03-19T13:41:01,1.0,0.9548611640930176,1.0,salamandra,es,es,es,"La_Crosse,_Wisconsin"
entity,en,La_Germandat_de_l'Anell,La Germandat de l'Anell,The Fellowship of the Ring,The Fellowship of the Ring,The Fellowship of the Ring,0.9,1.0,1.0,1.0,1.0,1.0,1.0,The Fellowship of the Ring,The Fellowship of the Ring,mt_vote,2026-03-19T12:58:54,,,,,en,en,en,The_Fellowship_of_the_Ring
entity,en,"La_Paz,_Iloilo_City","La Paz, Iloilo City","La Paz, Iloilo City","La Paz, Iloilo City","La Paz, Iloilo City",0.9,1.0,1.0,1.0,1.0,1.0,1.0,"La Paz, Iloilo City","La Paz, Iloilo City",mt_vote_revoted_gte_langfilter,2026-03-19T13:41:01,1.0,1.0,1.0,nllb,eo,eo,eo,"La_Paz,_Iloilo_City"
entity,en,La_Progressive_Motion_Picture_Company,La Progressive Motion Picture Company,Produced by the Progressive Motion Picture Company,The Progressive Motion Picture Company,The Progressive Motion Picture Company,0.9,0.8636,0.8636,1.0,0.0,0.0,1.0,The Progressive Motion Picture Company,The Progressive Motion Picture Company,mt_vote,2026-03-19T12:58:55,,,,,en,en,en,The_Progressive_Motion_Picture_Company
entity,en,La_pedra_clau_violeta,La pedra clau violeta,The Purple Keystone,The Purple Keystone,The violet keystone,0.9,1.0,0.7895,0.7895,1.0,0.0,0.0,The Purple Keystone,The Purple Keystone,mt_vote,2026-03-19T12:58:56,,,,,en,en,en,The_Purple_Keystone
entity,en,La_veu_dels_aiguamolls_All-Stars,La veu dels aiguamolls All-Stars,The voice of the Swamp All-Stars,The Voice of the Wetlands All-Stars,The Voice of the Wetlands All-Stars,0.9,0.8358,0.8358,1.0,0.0,0.0,1.0,The Voice of the Wetlands All-Stars,The Voice of the Wetlands All-Stars,mt_vote,2026-03-19T12:58:57,,,,,en,en,en,The_Voice_of_the_Wetlands_All-Stars
entity,en,Laci,Laci,Lace,Laci,Laci,0.9,0.75,0.75,1.0,0.0,0.0,1.0,Laci,Laci,mt_vote,2026-03-19T12:58:58,,,,,en,en,en,Laci
entity,en,Lady_Anne_Monson,Lady Anne Monson,Lady Anne Monson,Lady Anne Monson,Lady Anne Monson,0.9,1.0,1.0,1.0,1.0,1.0,1.0,Lady Anne Monson,Lady Anne Monson,mt_vote_revoted_gte_langfilter,2026-03-19T13:41:01,1.0000001192092896,1.0000001192092896,1.0000001192092896,nllb,da,da,da,Lady_Anne_Monson
entity,en,"Lafayette_Township,_Madison_County,_Indiana","Lafayette Township, Madison County, Indiana","Lafayette Township, Madison County, Indiana","Lafayette Township, Madison County, Indiana","Lafayette Township, Madison County, Indiana",0.9,1.0,1.0,1.0,1.0,1.0,1.0,"Lafayette Township, Madison County, Indiana","Lafayette Township, Madison County, Indiana",mt_vote_revoted_gte_langfilter,2026-03-19T13:41:01,1.0,1.0,1.0,nllb,fr,fr,fr,"Lafayette_Township,_Madison_County,_Indiana"
entity,en,Lahore,Lahore,Lahore,Lahore,Lahore,0.9,1.0,1.0,1.0,1.0,1.0,1.0,Lahore,Lahore,mt_vote,2026-03-19T12:59:00,,,,,en,en,en,Lahore
entity,en,"Lake_Placid,_Nova_York","Lake Placid, Nova York","Lake Placid, NY","Lake Placid, NY","Lake Placid, New York",0.9,1.0,0.8333,0.8333,1.0,0.0,0.0,"Lake Placid, NY","Lake Placid, NY",mt_vote,2026-03-19T12:59:01,,,,,en,en,en,"Lake_Placid,_NY"
entity,en,"Lalbhai_Dalpatbhai_Campus,_prop_de_la_CEPT_University,_op._Gujarat_University,_University_Road","Lalbhai Dalpatbhai Campus, prop de la CEPT University, op. Gujarat University, University Road","Lalbhai Dalpatbhai Campus, located near CEPT University, op. Gujarat University, University Road","Lalbhai Dalpatbhai Campus, near CEPT University, op. Gujarat University, University Road","Lalbhai Dalpatbhai Campus, near CEPT University, op. Gujarat University, University Road",0.9,0.9565,0.9565,1.0,1.0,1.0,1.0,"Lalbhai Dalpatbhai Campus, near CEPT University, op. Gujarat University, University Road","Lalbhai Dalpatbhai Campus, near CEPT University, op. Gujarat University, University Road",mt_vote,2026-03-19T12:59:03,,,,,en,en,en,"Lalbhai_Dalpatbhai_Campus,_near_CEPT_University,_op._Gujarat_University,_University_Road"
entity,en,Lambien,Lambien,Lambien,Lambien,Lambien,0.9,1.0,1.0,1.0,1.0,1.0,1.0,Lambien,Lambien,mt_vote_revoted_gte_langfilter,2026-03-19T13:41:01,1.0,1.0,1.0,nllb,es,es,es,Lambien
entity,en,Lamborghini,Lamborghini,This is Lamborghini.,Lamborghini,Lamborghini,0.9,0.7097,0.7097,1.0,0.0,0.0,1.0,Lamborghini,Lamborghini,mt_vote,2026-03-19T12:59:04,,,,,en,en,en,Lamborghini
entity,en,Lancashire,Lancashire,Lancashire,Lancashire,Lancashire,0.9,1.0,1.0,1.0,1.0,1.0,1.0,Lancashire,Lancashire,mt_vote,2026-03-19T12:59:05,,,,,en,en,en,Lancashire
entity,en,"Lansing,_Michigan","Lansing, Michigan","Lansing, Michigan","Lansing, MI","Lansing, Michigan",0.9,0.0,1.0,0.0,0.0,1.0,0.0,"Lansing, Michigan","Lansing, Michigan",mt_vote_revoted_gte_langfilter,2026-03-19T13:41:01,1.0000001192092896,,1.0000001192092896,salamandra,fr,en,fr,"Lansing,_Michigan"
entity,en,Larry_Bolatinsky,Larry Bolatinsky,Larry Bolatinsky,Larry Bolatinsky,Larry Bolatinsky,0.9,1.0,1.0,1.0,1.0,1.0,1.0,Larry Bolatinsky,Larry Bolatinsky,mt_vote,2026-03-19T12:59:06,,,,,en,en,en,Larry_Bolatinsky
entity,en,Larry_Maguire,Larry Maguire,Larry Maguire,Larry Maguire,Larry Maguire,0.9,1.0,1.0,1.0,1.0,1.0,1.0,Larry Maguire,Larry Maguire,mt_vote,2026-03-19T12:59:07,,,,,en,en,en,Larry_Maguire
entity,en,Lars_Løkke_Rasmussen,Lars Løkke Rasmussen,This is Lars Løkke Rasmussen.,Lars Løkke Rasmussen,Lars Løkke Rasmussen,0.9,0.0,0.0,1.0,0.0,0.0,1.0,Lars Løkke Rasmussen,Lars Løkke Rasmussen,mt_vote_revoted_gte_langfilter,2026-03-19T13:41:01,,1.0,1.0,salamandra,en,nb,nb,Lars_Løkke_Rasmussen
entity,en,Laura_Boldrini,Laura Boldrini,It was Laura Boldrini.,Laura Boldrini,Laura Boldrini,0.9,0.7778,0.7778,1.0,0.0,0.0,1.0,Laura Boldrini,Laura Boldrini,mt_vote,2026-03-19T12:59:08,,,,,en,en,en,Laura_Boldrini
entity,en,Laurals,Laurals,Laurel trees,Laurals,Laurals,0.9,0.0,0.0,0.0,0.0,0.0,0.0,Laurel trees,Laurel trees,mt_vote_revoted_gte_langfilter,2026-03-19T13:41:01,0.7487095594406128,,,nllb,es,en,en,Laurel_trees
entity,en,Leeds_United,Leeds United,Leeds United,Leeds United FC,Leeds United,0.9,0.8889,1.0,0.8889,0.0,1.0,0.0,Leeds United,Leeds United,mt_vote,2026-03-19T12:59:09,,,,,en,en,en,Leeds_United
entity,en,Lega_Basket_Serie_A,Lega Basket Serie A,League of Basketball Serie A,Lega Basket Serie A,Lega Basket Serie A,0.9,0.0,0.0,1.0,0.0,0.0,1.0,Lega Basket Serie A,Lega Basket Serie A,mt_vote_revoted_gte_langfilter,2026-03-19T13:41:01,,1.0,1.0,salamandra,en,de,de,Lega_Basket_Serie_A
entity,en,Lega_Pro,Lega Pro,Pro league,Lega Pro,Lega Pro,0.9,0.0,0.0,1.0,0.0,0.0,1.0,Lega Pro,Lega Pro,mt_vote_revoted_gte_langfilter,2026-03-19T13:41:01,,1.0,1.0,salamandra,en,sl,sl,Lega_Pro
entity,en,Lega_Pro/A,Lega Pro/A,League Pro/A,Lega Pro/A,Lega Pro/A,0.9,0.0,0.0,1.0,0.0,0.0,1.0,Lega Pro/A,Lega Pro/A,mt_vote_revoted_gte_langfilter,2026-03-19T13:41:01,,1.0,1.0,salamandra,en,sl,sl,Lega_Pro/A
entity,en,Lega_Pro_2014-15,Lega Pro 2014-15,Pro league 2014-15,2014–15 Lega Pro Prima Divisione,Lega Pro 2014-15,0.9,0.0,0.0,0.375,0.0,0.0,0.0,Lega Pro 2014-15,Lega Pro 2014-15,mt_vote_revoted_gte_langfilter,2026-03-19T13:41:01,,0.8676666021347046,1.0,salamandra,en,it,sl,Lega_Pro_2014-15
entity,en,Legacy,Legacy,Legacy,Legacy,Legacy,0.9,1.0,1.0,1.0,1.0,1.0,1.0,Legacy,Legacy,mt_vote,2026-03-19T12:59:13,,,,,en,en,en,Legacy
entity,en,Legendes_Suburbanes,Legendes Suburbanes,Suburban legends,Legendes Suburbanes,Suburban Legends,0.9,0.5714,1.0,0.5714,0.0,1.0,0.0,Suburban Legends,Suburban Legends,mt_vote_revoted_gte_langfilter,2026-03-19T13:41:01,0.8822798728942871,1.0,0.9182886481285096,salamandra,nl,de,de,Suburban_Legends
entity,en,Legislatura_de_la_Ciutat_de_Buenos_Aires,Legislatura de la Ciutat de Buenos Aires,Legislature of the City of Buenos Aires,Legislature of the City of Buenos Aires,Legislature of the City of Buenos Aires,0.9,1.0,1.0,1.0,1.0,1.0,1.0,Legislature of the City of Buenos Aires,Legislature of the City of Buenos Aires,mt_vote,2026-03-19T12:59:15,,,,,en,en,en,Legislature_of_the_City_of_Buenos_Aires
entity,en,Legió_d'Honor,Legió d'Honor,Legion of Honour,Legion of Honor,Legion of Honor,0.9,0.9677,0.9677,1.0,1.0,1.0,1.0,Legion of Honor,Legion of Honor,mt_vote,2026-03-19T12:59:15,,,,,en,en,en,Legion_of_Honor
entity,en,Leinster,Leinster,Leinster,Leinster,Leinster,0.9,1.0,1.0,1.0,1.0,1.0,1.0,Leinster,Leinster,mt_vote_revoted_gte_langfilter,2026-03-19T13:41:01,1.0000001192092896,1.0000001192092896,1.0000001192092896,nllb,de,de,de,Leinster
entity,en,Lemper,Lemper,Remembering,Lemper,Lemper,0.9,0.0,0.0,0.0,0.0,0.0,0.0,Remembering,Remembering,mt_vote_revoted_gte_langfilter,2026-03-19T13:41:01,0.6360278129577637,,,nllb,de,en,en,Remembering
entity,en,Len_Wein,Len Wein,Len Wein,Len Wein,Len Wein,0.9,1.0,1.0,1.0,1.0,1.0,1.0,Len Wein,Len Wein,mt_vote_revoted_gte_langfilter,2026-03-19T13:41:01,1.0000001192092896,1.0000001192092896,1.0000001192092896,nllb,de,de,de,Len_Wein
entity,en,Leni_Robredo,Leni Robredo,This is Leni Robredo.,Leni Robredo,Leni Robredo,0.9,0.0,0.0,1.0,0.0,0.0,1.0,Leni Robredo,Leni Robredo,mt_vote_revoted_gte_langfilter,2026-03-19T13:41:01,,1.0,1.0,salamandra,en,es,es,Leni_Robredo
entity,en,"Leningrad,_URSS","Leningrad, URSS","This is Leningrad, USSR","Leningrad Oblast, USSR","Leningrad, USSR",0.9,0.6667,0.7895,0.8108,0.0,0.0,0.0,"Leningrad, USSR","Leningrad, USSR",mt_vote,2026-03-19T12:59:19,,,,,en,en,en,"Leningrad,_USSR"
entity,en,Les_Dues_Torres,Les Dues Torres,The Two Towers,The two towers,The Two Towers,0.9,1.0,1.0,1.0,1.0,1.0,1.0,The Two Towers,The Two Towers,mt_vote,2026-03-19T12:59:19,,,,,en,en,en,The_Two_Towers
entity,en,Les_banyes_de_la_felicitat,Les banyes de la felicitat,The Baths of Happiness,The horns of happiness,The horns of happiness,0.9,0.8636,0.8636,1.0,0.0,0.0,1.0,The horns of happiness,The horns of happiness,mt_vote,2026-03-19T12:59:20,,,,,en,en,en,The_horns_of_happiness
entity,en,Les_herbes_silvestres,Les herbes silvestres,The Wild Grass,Wild herbs,Wild herbs,0.9,0.5833,0.5833,1.0,0.0,0.0,1.0,Wild herbs,Wild herbs,mt_vote,2026-03-19T12:59:20,,,,,en,en,en,Wild_herbs
entity,en,Leszek_Borysiewicz,Leszek Borysiewicz,This is Leszek Borysiewicz.,Leszek Borysiewicz,Leszek Borysiewicz,0.9,0.0,0.0,1.0,0.0,0.0,1.0,Leszek Borysiewicz,Leszek Borysiewicz,mt_vote_revoted_gte_langfilter,2026-03-19T13:41:01,,1.0,1.0,salamandra,en,pl,pl,Leszek_Borysiewicz
entity,en,Lev_Trotski,Lev Trotski,This is Lev Trotsky.,Lev Trotsky,Lev Trotsky,0.9,0.0,0.0,1.0,0.0,0.0,1.0,Lev Trotsky,Lev Trotsky,mt_vote_revoted_gte_langfilter,2026-03-19T13:41:01,,0.9980853796005248,0.9980853796005248,salamandra,en,sl,sl,Lev_Trotsky
entity,en,Levan_Khomeriki,Levan Khomeriki,Levan Khomeriki,Levan Khomeriki,Levan Khomeriki,0.9,1.0,1.0,1.0,1.0,1.0,1.0,Levan Khomeriki,Levan Khomeriki,mt_vote_revoted_gte_langfilter,2026-03-19T13:41:01,1.0,1.0,1.0,nllb,nl,nl,nl,Levan_Khomeriki
entity,en,Lewis_Nockalls_Cottingham,Lewis Nockalls Cottingham,Lewis Nockalls from Cottingham,Lewis Nockalls Cottingham,Lewis Nockalls Cottingham,0.9,0.9091,0.9091,1.0,1.0,1.0,1.0,Lewis Nockalls Cottingham,Lewis Nockalls Cottingham,mt_vote,2026-03-19T12:59:23,,,,,en,en,en,Lewis_Nockalls_Cottingham
entity,en,Liberal_Demòcrates,Liberal Demòcrates,Liberal Democrats,Liberal Democrats,Liberal Democrats,0.9,1.0,1.0,1.0,1.0,1.0,1.0,Liberal Democrats,Liberal Democrats,mt_vote,2026-03-19T12:59:24,,,,,en,en,en,Liberal_Democrats
entity,en,Limó,Limó,Lemon,Limón,Lemon,0.9,0.0,0.0,0.0,0.0,0.0,0.0,Limón,Limón,mt_vote_revoted_gte_langfilter,2026-03-19T13:41:01,,0.8565013408660889,,madlad,en,es,en,Limón
entity,en,"Lincoln,_Nebraska","Lincoln, Nebraska","This is Lincoln, Nebraska.","Lincoln, Nebraska","Lincoln, Nebraska",0.9,0.0,0.0,1.0,0.0,0.0,1.0,"Lincoln, Nebraska","Lincoln, Nebraska",mt_vote_revoted_gte_langfilter,2026-03-19T13:41:01,,1.0,1.0,salamandra,en,sv,sv,"Lincoln,_Nebraska"
entity,en,Lincoln_Near-Earth_Asteroid_Research,Lincoln Near-Earth Asteroid Research,Lincoln near-Earth asteroid research,Lincoln Near-Earth Asteroid Research,Lincoln Near-Earth Asteroid Research,0.9,0.0,0.0,1.0,0.0,0.0,1.0,Lincoln Near-Earth Asteroid Research,Lincoln Near-Earth Asteroid Research,mt_vote_revoted_gte_langfilter,2026-03-19T13:41:01,,1.0000001192092896,1.0000001192092896,salamandra,en,fr,fr,Lincoln_Near-Earth_Asteroid_Research
entity,en,Lionsgate,Lionsgate,Lionsgate,Lionsgate,Lionsgate,0.9,1.0,1.0,1.0,1.0,1.0,1.0,Lionsgate,Lionsgate,mt_vote,2026-03-19T12:59:27,,,,,en,en,en,Lionsgate
entity,en,Liorna,Liorna,Holidays,Liorna,Livorno,0.9,0.0,0.0,0.0,0.0,0.0,0.0,Livorno,Livorno,mt_vote_revoted_gte_langfilter,2026-03-19T13:41:01,,,0.7022887468338013,salamandra,en,en,it,Livorno
entity,en,Lippincott_Williams_&_Wilkins,Lippincott Williams & Wilkins,Lippincott Williams and Wilkins,Lippincott Williams & Wilkins,Lippincott Williams & Wilkins,0.9,0.0,0.0,1.0,0.0,0.0,1.0,Lippincott Williams & Wilkins,Lippincott Williams & Wilkins,mt_vote_revoted_gte_langfilter,2026-03-19T13:41:01,,1.0,1.0,salamandra,en,nb,nb,Lippincott_Williams_&_Wilkins
entity,en,Liselotte_Grjebina,Liselotte Grjebina,This is Liselotte Grjebina.,Liselotte Grjebina,Liselotte Grjebina,0.9,0.0,0.0,1.0,0.0,0.0,1.0,Liselotte Grjebina,Liselotte Grjebina,mt_vote_revoted_gte_langfilter,2026-03-19T13:41:01,,1.0000001192092896,1.0000001192092896,salamandra,en,et,et,Liselotte_Grjebina
entity,en,Little_Chuteusa._kgm,Little Chuteusa. kgm,It's called Little Chuteusa.,Little Chute,Little Chuteusa. kgm,0.9,0.0,0.0,0.0,0.0,0.0,0.0,Little Chuteusa. kgm,Little Chuteusa. kgm,mt_vote_revoted_gte_langfilter,2026-03-19T13:41:01,,,1.0,salamandra,en,en,fi,Little_Chuteusa._kgm
entity,en,Live_Nation,Live Nation,This is Live Nation.,Live Nation,Live Nation,0.9,0.7097,0.7097,1.0,0.0,0.0,1.0,Live Nation,Live Nation,mt_vote,2026-03-19T12:59:30,,,,,en,en,en,Live_Nation
entity,en,Live_at_Roadburn_2008_(àlbum_Year_of_No_Light),Live at Roadburn 2008 (àlbum Year of No Light),Live at Roadburn 2008 (from the album Year of No Light),Live at Roadburn 2008 (album Year of No Light),Live at Roadburn 2008 (Year of No Light album),0.9,0.9109,0.7921,0.8696,1.0,0.0,0.0,Live at Roadburn 2008 (from the album Year of No Light),Live at Roadburn 2008 (from the album Year of No Light),mt_vote,2026-03-19T12:59:32,,,,,en,en,en,Live_at_Roadburn_2008_(from_the_album_Year_of_No_Light)
entity,en,"Livorno,_Itàlia","Livorno, Itàlia","Located in Livorno, Italy","Livorno, Province of Livorno","Livorno, Italy",0.9,0.0,0.0,0.0,0.0,0.0,0.0,"Livorno, Italy","Livorno, Italy",mt_vote_revoted_gte_langfilter,2026-03-19T13:41:01,,,0.9838242530822754,salamandra,en,en,it,"Livorno,_Italy"
entity,en,Livorno_Calcio_S.p.A.,Livorno Calcio S.p.A.,Livorno Calcio S.p.A. is a Spanish football club based in Livorno.,Livorno Calcio S.p.A.,Livorno Calcio S.p.A.,0.9,0.0,0.0,1.0,0.0,0.0,1.0,Livorno Calcio S.p.A.,Livorno Calcio S.p.A.,mt_vote_revoted_gte_langfilter,2026-03-19T13:41:01,,1.0,1.0,salamandra,en,it,it,Livorno_Calcio_S.p.A.
entity,en,"Llac_Saranac,_Nova_York","Llac Saranac, Nova York","Lake Saranac, NY","Lake Saranac, NY","Saranac Lake, New York",0.9,1.0,0.5789,0.5789,1.0,0.0,0.0,"Lake Saranac, NY","Lake Saranac, NY",mt_vote,2026-03-19T12:59:35,,,,,en,en,en,"Lake_Saranac,_NY"
entity,en,Llengua_anglesa,Llengua anglesa,English language,English,English,0.9,0.6087,0.6087,1.0,0.0,0.0,1.0,English,English,mt_vote_revoted_gte_langfilter,2026-03-19T13:41:01,0.8192704319953918,0.8309834599494934,0.8309834599494934,salamandra,it,it,it,English
entity,en,Llengua_balinga,Llengua balinga,Balinga language,Balinese language,Balinga language,0.9,0.8485,1.0,0.8485,0.0,1.0,0.0,Balinga language,Balinga language,mt_vote_revoted_gte_langfilter,2026-03-19T13:41:01,0.8355520963668823,0.7741217613220215,0.8355520963668823,salamandra,xh,es,xh,Balinga_language
entity,en,Llengua_danesa,Llengua danesa,Danish language,Danish,Danish language,0.9,0.5714,1.0,0.5714,0.0,1.0,0.0,Danish language,Danish language,mt_vote,2026-03-19T12:59:36,,,,,en,en,en,Danish_language
entity,en,Llengua_de_Cornualles,Llengua de Cornualles,Cornish language,Cornish language,Cornish language,0.9,1.0,1.0,1.0,1.0,1.0,1.0,Cornish language,Cornish language,mt_vote,2026-03-19T12:59:37,,,,,en,en,en,Cornish_language
entity,en,Llengua_eslava,Llengua eslava,Slavic language,Slavic Language,Slavic language,0.9,1.0,1.0,1.0,1.0,1.0,1.0,Slavic language,Slavic language,mt_vote,2026-03-19T12:59:37,,,,,en,en,en,Slavic_language
entity,en,Llengua_espanyola,Llengua espanyola,Spanish language,Spanish,Spanish language,0.9,0.6087,1.0,0.6087,0.0,1.0,0.0,Spanish language,Spanish language,mt_vote,2026-03-19T12:59:38,,,,,en,en,en,Spanish_language
entity,en,Llengua_faresa,Llengua faresa,Farsi language,Farsi,Faerese language,0.9,0.0,0.0,0.0,0.0,0.0,0.0,Faerese language,Faerese language,mt_vote_revoted_gte_langfilter,2026-03-19T13:41:01,,,0.8365564942359924,salamandra,en,en,es,Faerese_language
entity,en,Llengua_finlandesa,Llengua finlandesa,Finnish language,Finnish,Finnish language,0.9,0.6087,1.0,0.6087,0.0,1.0,0.0,Finnish language,Finnish language,mt_vote,2026-03-19T12:59:39,,,,,en,en,en,Finnish_language
entity,en,Llengua_francesa,Llengua francesa,French language,French language,French language,0.9,1.0,1.0,1.0,1.0,1.0,1.0,French language,French language,mt_vote,2026-03-19T12:59:39,,,,,en,en,en,French_language
entity,en,Llengua_grega,Llengua grega,Greek language,Greek,Greek language,0.9,0.5263,1.0,0.5263,0.0,1.0,0.0,Greek language,Greek language,mt_vote,2026-03-19T12:59:39,,,,,en,en,en,Greek_language
entity,en,Llengua_groenlandesa,Llengua groenlandesa,Greenlandic language,Greenlandic,Greenlandic,0.9,0.7097,0.7097,1.0,0.0,0.0,1.0,Greenlandic,Greenlandic,mt_vote,2026-03-19T12:59:40,,,,,en,en,en,Greenlandic
entity,en,Llengua_indonesiana,Llengua indonesiana,Indonesian language,Indonesian language,Indonesian language,0.9,1.0,1.0,1.0,1.0,1.0,1.0,Indonesian language,Indonesian language,mt_vote_revoted_gte_langfilter,2026-03-19T13:41:01,0.9080431461334229,0.9080431461334229,0.9080431461334229,nllb,es,es,es,Indonesian_language
entity,en,Llengua_italiana,Llengua italiana,Italian language,Italian language,Italian language,0.9,1.0,1.0,1.0,1.0,1.0,1.0,Italian language,Italian language,mt_vote_revoted_gte_langfilter,2026-03-19T13:41:01,0.9170973896980286,0.9170973896980286,0.9170973896980286,nllb,eo,eo,eo,Italian_language
entity,en,Llengua_navajo,Llengua navajo,Navajo language,Navajo,Navajo language,0.9,0.0,1.0,0.0,0.0,1.0,0.0,Navajo language,Navajo language,mt_vote_revoted_gte_langfilter,2026-03-19T13:41:01,0.8558448553085327,,0.8558448553085327,salamandra,es,en,es,Navajo_language
entity,en,Llengua_polonesa,Llengua polonesa,Polish language,Polish,Polish language,0.9,0.5714,1.0,0.5714,0.0,1.0,0.0,Polish language,Polish language,mt_vote,2026-03-19T12:59:42,,,,,en,en,en,Polish_language
entity,en,Llengua_russa,Llengua russa,Russian language,Russian,Russian language,0.9,0.0,1.0,0.0,0.0,1.0,0.0,Russian language,Russian language,mt_vote_revoted_gte_langfilter,2026-03-19T13:41:01,0.9082567095756532,,0.9082567095756532,salamandra,es,en,es,Russian_language
entity,en,Llengua_tamil,Llengua tamil,Tamil language,Tamil,Tamil language,0.9,0.5263,1.0,0.5263,0.0,1.0,0.0,Tamil language,Tamil language,mt_vote,2026-03-19T12:59:43,,,,,en,en,en,Tamil_language
entity,en,Llengua_vietnamita,Llengua vietnamita,Vietnamese language,Vietnamese language,Vietnamese,0.9,1.0,0.0,0.0,1.0,0.0,0.0,Vietnamese language,Vietnamese language,mt_vote_revoted_gte_langfilter,2026-03-19T13:41:01,0.9077921509742736,0.9077921509742736,,nllb,es,es,en,Vietnamese_language
entity,en,Llengües_kurdes,Llengües kurdes,Kurdish languages,Kurdish languages,Kurdish languages,0.9,1.0,1.0,1.0,1.0,1.0,1.0,Kurdish languages,Kurdish languages,mt_vote_revoted_gte_langfilter,2026-03-19T13:41:01,0.9161019325256348,0.9161019325256348,0.9161019325256348,nllb,de,de,de,Kurdish_languages
entity,en,Llengües_sami,Llengües sami,Sami languages,Sami languages,Sami languages,0.9,1.0,1.0,1.0,1.0,1.0,1.0,Sami languages,Sami languages,mt_vote,2026-03-19T12:59:44,,,,,en,en,en,Sami_languages
entity,en,Llibertat_de_l'ecologia_de_l'esquerra,Llibertat de l'ecologia de l'esquerra,Freedom from the ecology of the left,Freedom from Left Ecology,Ecological Freedom of the Left,0.9,0.7213,0.5758,0.5091,0.0,0.0,0.0,Freedom from the ecology of the left,Freedom from the ecology of the left,mt_vote,2026-03-19T12:59:45,,,,,en,en,en,Freedom_from_the_ecology_of_the_left
entity,en,Llibre_electrònic,Llibre electrònic,E-book,E-Book,E-book,0.9,1.0,1.0,1.0,1.0,1.0,1.0,E-book,E-book,mt_vote,2026-03-19T12:59:46,,,,,en,en,en,E-book
entity,en,Lliga_Nacional_Nord,Lliga Nacional Nord,National League North,Lliga Nacional Nord,Northern National League,0.9,0.0,0.0,0.0,0.0,0.0,0.0,Lliga Nacional Nord,Lliga Nacional Nord,mt_vote_revoted_gte_langfilter,2026-03-19T13:41:01,,1.0000001192092896,,madlad,en,es,en,Lliga_Nacional_Nord
entity,en,Lliga_alemanya_de_futbol,Lliga alemanya de futbol,German football league,German Football League,German Football League,0.9,1.0,1.0,1.0,1.0,1.0,1.0,German football league,German football league,mt_vote,2026-03-19T12:59:47,,,,,en,en,en,German_football_league
entity,en,Lliga_d'Universitats_d'Investigació_Europees,Lliga d'Universitats d'Investigació Europees,League of European research universities,League of European Research Universities,League of European Research Universities,0.9,1.0,1.0,1.0,1.0,1.0,1.0,League of European research universities,League of European research universities,mt_vote,2026-03-19T12:59:48,,,,,en,en,en,League_of_European_research_universities
entity,en,Lliga_finlandesa_de_futbol,Lliga finlandesa de futbol,Finnish Football League,Finnish Football League,Finnish Football League,0.9,1.0,1.0,1.0,1.0,1.0,1.0,Finnish Football League,Finnish Football League,mt_vote,2026-03-19T12:59:48,,,,,en,en,en,Finnish_Football_League
entity,en,Lliga_italiana_de_futbol,Lliga italiana de futbol,Italian football league,Italian Football League,Italian Football League,0.9,1.0,1.0,1.0,1.0,1.0,1.0,Italian football league,Italian football league,mt_vote,2026-03-19T12:59:49,,,,,en,en,en,Italian_football_league
entity,en,Lliga_jordana_de_futbol,Lliga jordana de futbol,Jordanian football league,Jordanian Football League,Jordanian Football League,0.9,1.0,1.0,1.0,1.0,1.0,1.0,Jordanian football league,Jordanian football league,mt_vote,2026-03-19T12:59:49,,,,,en,en,en,Jordanian_football_league
entity,en,Lliga_nacional_de_futbol_de_Rússia,Lliga nacional de futbol de Rússia,National football league of Russia,Russian National Football League,Russian National Football League,0.9,0.7273,0.7273,1.0,0.0,0.0,1.0,Russian National Football League,Russian National Football League,mt_vote,2026-03-19T12:59:50,,,,,en,en,en,Russian_National_Football_League
entity,en,Lliga_qatariana_de_futbol,Lliga qatariana de futbol,Qatari football league,Qatari Football League,Qatari Football League,0.9,1.0,1.0,1.0,1.0,1.0,1.0,Qatari football league,Qatari football league,mt_vote,2026-03-19T12:59:51,,,,,en,en,en,Qatari_football_league
entity,en,Llista_de_comtats_de_Texas,Llista de comtats de Texas,List of counties in Texas,List of counties in Texas,List of Texas Counties,0.9,1.0,0.6809,0.6809,1.0,0.0,0.0,List of counties in Texas,List of counties in Texas,mt_vote,2026-03-19T12:59:51,,,,,en,en,en,List_of_counties_in_Texas
entity,en,Lloc_de_concerts_i_esdeveniments,Lloc de concerts i esdeveniments,Place of concerts and events,Concert and Event Venue,Location for concerts and events,0.9,0.6667,0.8,0.6182,0.0,0.0,0.0,Place of concerts and events,Place of concerts and events,mt_vote,2026-03-19T12:59:52,,,,,en,en,en,Place_of_concerts_and_events
entity,en,Lloc_designat_pel_cens,Lloc designat pel cens,Census designated place,Census Designated Place,Census-designated place,0.9,0.0,0.0,0.0,0.0,0.0,0.0,Census designated place,Census designated place,mt_vote_revoted_gte_langfilter,2026-03-19T13:41:01,0.8607406616210938,,,nllb,fr,en,en,Census_designated_place
entity,en,Lluís_Miquel_Ramis_Montfort,Lluís Miquel Ramis Montfort,Louis Miquel Ramis was born in Montfort.,Lluís Miquel Ramis Montfort,Lluís Miquel Ramis Montfort,0.9,0.0,0.0,1.0,0.0,0.0,1.0,Lluís Miquel Ramis Montfort,Lluís Miquel Ramis Montfort,mt_vote_revoted_gte_langfilter,2026-03-19T13:41:01,,1.0,1.0,salamandra,en,ca,ca,Lluís_Miquel_Ramis_Montfort
entity,en,Lockheed_AC-130,Lockheed AC-130,Lockheed AC-130,Lockheed AC-130,Lockheed AC-130,0.9,1.0,1.0,1.0,1.0,1.0,1.0,Lockheed AC-130,Lockheed AC-130,mt_vote,2026-03-19T12:59:55,,,,,en,en,en,Lockheed_AC-130
entity,en,Lockheed_C-130_Hercules,Lockheed C-130 Hercules,Lockheed C-130 Hercules,Lockheed C-130 Hercules,Lockheed C-130 Hercules,0.9,1.0,1.0,1.0,1.0,1.0,1.0,Lockheed C-130 Hercules,Lockheed C-130 Hercules,mt_vote,2026-03-19T12:59:56,,,,,en,en,en,Lockheed_C-130_Hercules
entity,en,Lockheed_Martin,Lockheed Martin,Lockheed Martin,Lockheed Martin,Lockheed Martin,0.9,1.0,1.0,1.0,1.0,1.0,1.0,Lockheed Martin,Lockheed Martin,mt_vote,2026-03-19T12:59:56,,,,,en,en,en,Lockheed_Martin
entity,en,Lockheed_Martin_F-16_Fighting_Falcon,Lockheed Martin F-16 Fighting Falcon,Lockheed Martin F-16 Fighting Falcon,Lockheed Martin F-16 Fighting Falcon,Lockheed Martin F-16 Fighting Falcon,0.9,1.0,1.0,1.0,1.0,1.0,1.0,Lockheed Martin F-16 Fighting Falcon,Lockheed Martin F-16 Fighting Falcon,mt_vote,2026-03-19T12:59:58,,,,,en,en,en,Lockheed_Martin_F-16_Fighting_Falcon
entity,en,"Logan_Township,_comtat_de_Fountain,_Indiana","Logan Township, comtat de Fountain, Indiana","Logan Township, Fountain County, Indiana","Logan Township, Fountain County, Indiana","Logan Township, Fountain County, Indiana",0.9,1.0,1.0,1.0,1.0,1.0,1.0,"Logan Township, Fountain County, Indiana","Logan Township, Fountain County, Indiana",mt_vote_revoted_gte_langfilter,2026-03-19T13:41:02,0.9564123749732972,0.9564123749732972,0.9564123749732972,nllb,id,id,id,"Logan_Township,_Fountain_County,_Indiana"
entity,en,"Lompoc,_Califòrnia","Lompoc, Califòrnia","Lompoc, California","Lompoc, CA","Lompoc, California",0.9,0.7143,1.0,0.7143,0.0,1.0,0.0,"Lompoc, California","Lompoc, California",mt_vote,2026-03-19T12:59:59,,,,,en,en,en,"Lompoc,_California"
entity,en,Londres,Londres,London,London,London,0.9,1.0,1.0,1.0,1.0,1.0,1.0,London,London,mt_vote,2026-03-19T13:00:00,,,,,en,en,en,London
entity,en,Londrina,Londrina,Londrina,Londrina,Londrina,0.9,1.0,1.0,1.0,1.0,1.0,1.0,Londrina,Londrina,mt_vote_revoted_gte_langfilter,2026-03-19T13:41:02,1.0,1.0,1.0,nllb,mg,mg,mg,Londrina
entity,en,Longfield,Longfield,Longfield,Longfield,Longfield,0.9,1.0,1.0,1.0,1.0,1.0,1.0,Longfield,Longfield,mt_vote,2026-03-19T13:00:01,,,,,en,en,en,Longfield
entity,en,Los_Angeles,Los Angeles,Los Angeles,Los Angeles,Los Angeles,0.9,1.0,1.0,1.0,1.0,1.0,1.0,Los Angeles,Los Angeles,mt_vote_revoted_gte_langfilter,2026-03-19T13:41:02,1.0,1.0,1.0,nllb,es,es,es,Los_Angeles
entity,en,Los_Angeles_Herald-Examiner,Los Angeles Herald-Examiner,This is the Los Angeles Herald-Examiner.,Los Angeles Herald-Examiner,Los Angeles Herald-Examiner,0.9,0.0,0.0,1.0,0.0,0.0,1.0,Los Angeles Herald-Examiner,Los Angeles Herald-Examiner,mt_vote_revoted_gte_langfilter,2026-03-19T13:41:02,,1.0,1.0,salamandra,en,es,es,Los_Angeles_Herald-Examiner
entity,en,Los_Angeles_Memorial_Coliseum,Los Angeles Memorial Coliseum,The Los Angeles Memorial Coliseum,Los Angeles Memorial Coliseum,Los Angeles Memorial Coliseum,0.9,0.9355,0.9355,1.0,1.0,1.0,1.0,Los Angeles Memorial Coliseum,Los Angeles Memorial Coliseum,mt_vote,2026-03-19T13:00:03,,,,,en,en,en,Los_Angeles_Memorial_Coliseum
entity,en,Los_Angeles_Rams,Los Angeles Rams,Los Angeles Rams,Los Angeles Rams,Los Angeles Rams,0.9,1.0,1.0,1.0,1.0,1.0,1.0,Los Angeles Rams,Los Angeles Rams,mt_vote_revoted_gte_langfilter,2026-03-19T13:41:02,1.0,1.0,1.0,nllb,es,es,es,Los_Angeles_Rams
entity,en,Lotus_Eaters_(grup),Lotus Eaters (grup),Lotus Eaters (band),Lotus Eaters (band),Lotus Eaters (group),0.9,1.0,0.7692,0.7692,1.0,0.0,0.0,Lotus Eaters (band),Lotus Eaters (band),mt_vote,2026-03-19T13:00:05,,,,,en,en,en,Lotus_Eaters_(band)
entity,en,Lou_Reed,Lou Reed,Lou Reed,Lou Reed,Lou Reed,0.9,1.0,1.0,1.0,1.0,1.0,1.0,Lou Reed,Lou Reed,mt_vote,2026-03-19T13:00:05,,,,,en,en,en,Lou_Reed
entity,en,Louis_Levy,Louis Levy,Louis Levy,Louis Levy,Louis Levy,0.9,1.0,1.0,1.0,1.0,1.0,1.0,Louis Levy,Louis Levy,mt_vote,2026-03-19T13:00:06,,,,,en,en,en,Louis_Levy
entity,en,Love_American_Style_(àlbum),Love American Style (àlbum),Love American Style (released as an album),Love American Style (album),Love American Style (album),0.9,0.7826,0.7826,1.0,0.0,0.0,1.0,Love American Style (album),Love American Style (album),mt_vote,2026-03-19T13:00:07,,,,,en,en,en,Love_American_Style_(album)
entity,en,Luanda,Luanda,Luanda,Luanda,Luanda,0.9,1.0,1.0,1.0,1.0,1.0,1.0,Luanda,Luanda,mt_vote_revoted_gte_langfilter,2026-03-19T13:41:02,1.0,1.0,1.0,nllb,es,es,es,Luanda
entity,en,Lucian_Grainge,Lucian Grainge,Lucian Grainge,Lucian Grainge,Lucian Grainge,0.9,1.0,1.0,1.0,1.0,1.0,1.0,Lucian Grainge,Lucian Grainge,mt_vote_revoted_gte_langfilter,2026-03-19T13:41:02,1.0000001192092896,1.0000001192092896,1.0000001192092896,nllb,da,da,da,Lucian_Grainge
entity,en,Luciano_Spalletti,Luciano Spalletti,It was Luciano Spalletti.,Luciano Spalletti,Luciano Spalletti,0.9,0.0,0.0,1.0,0.0,0.0,1.0,Luciano Spalletti,Luciano Spalletti,mt_vote_revoted_gte_langfilter,2026-03-19T13:41:02,,1.0,1.0,salamandra,en,it,it,Luciano_Spalletti
entity,en,Lucky_Ajax,Lucky Ajax,Lucky Ajax,Lucky Ajax,Lucky Ajax,0.9,1.0,1.0,1.0,1.0,1.0,1.0,Lucky Ajax,Lucky Ajax,mt_vote_revoted_gte_langfilter,2026-03-19T13:41:02,1.0,1.0,1.0,nllb,cs,cs,cs,Lucky_Ajax
entity,en,"Lufkin,_Texas","Lufkin, Texas","Lufkin, Texas","Lufkin, Texas","Lufkin, Texas",0.9,1.0,1.0,1.0,1.0,1.0,1.0,"Lufkin, Texas","Lufkin, Texas",mt_vote_revoted_gte_langfilter,2026-03-19T13:41:02,1.0,1.0,1.0,nllb,de,de,de,"Lufkin,_Texas"
entity,en,Línia_de_la_Legió_del_Mérit.svg,Línia de la Legió del Mérit.svg,Line of the Legion of Merit.svg,Line of the Legion of Merit.svg,Legion of Merit Line.svg,0.9,1.0,0.6909,0.6909,1.0,0.0,0.0,Line of the Legion of Merit.svg,Line of the Legion of Merit.svg,mt_vote,2026-03-19T13:00:11,,,,,en,en,en,Line_of_the_Legion_of_Merit.svg
entity,en,M._Gaffey,M. Gaffey,M. Gaffey,Mr. Gaffey,M. Gaffey,0.9,0.9474,1.0,0.9474,1.0,1.0,1.0,M. Gaffey,M. Gaffey,mt_vote,2026-03-19T13:00:12,,,,,en,en,en,M._Gaffey
entity,en,MJJ,MJJ,MJJ,MJJ,MJJ,0.9,1.0,1.0,1.0,1.0,1.0,1.0,MJJ,MJJ,mt_vote,2026-03-19T13:00:13,,,,,en,en,en,MJJ
entity,en,MTU_Friedrichshafen,MTU Friedrichshafen,MTU Friedrichshafen is located in the city of Friedrichshafen.,MTU Friedrichshafen,MTU Friedrichshafen,0.9,0.0,0.0,1.0,0.0,0.0,1.0,MTU Friedrichshafen,MTU Friedrichshafen,mt_vote_revoted_gte_langfilter,2026-03-19T13:41:02,,1.0000001192092896,1.0000001192092896,salamandra,en,de,de,MTU_Friedrichshafen
entity,en,Maccabi_Asdod_BC,Maccabi Asdod BC,Maccabees of Ashdod BC,Maccabi Ashdod BC,Maccabi Ashdod BC,0.9,0.8205,0.8205,1.0,0.0,0.0,1.0,Maccabi Ashdod BC,Maccabi Ashdod BC,mt_vote,2026-03-19T13:00:14,,,,,en,en,en,Maccabi_Ashdod_BC
entity,en,Maccabi_Tel_Aviv_BC,Maccabi Tel Aviv BC,The Maccabees Tel Aviv BC,Maccabi Tel Aviv BC,Maccabi Tel Aviv BC,0.9,0.8182,0.8182,1.0,0.0,0.0,1.0,Maccabi Tel Aviv BC,Maccabi Tel Aviv BC,mt_vote,2026-03-19T13:00:15,,,,,en,en,en,Maccabi_Tel_Aviv_BC
entity,en,Maccabi_Tel_Aviv_FC,Maccabi Tel Aviv FC,"Maccabi Tel Aviv FC is a football club based in Tel Aviv, Israel.",Maccabi Tel Aviv FC,Maccabi Tel Aviv FC,0.9,0.4524,0.4524,1.0,0.0,0.0,1.0,Maccabi Tel Aviv FC,Maccabi Tel Aviv FC,mt_vote,2026-03-19T13:00:16,,,,,en,en,en,Maccabi_Tel_Aviv_FC
entity,en,Macmillan_Publishers,Macmillan Publishers,Macmillan Publishers,Macmillan Publishers,Macmillan Publishers,0.9,1.0,1.0,1.0,1.0,1.0,1.0,Macmillan Publishers,Macmillan Publishers,mt_vote_revoted_gte_langfilter,2026-03-19T13:41:02,1.0,1.0,1.0,nllb,tr,tr,tr,Macmillan_Publishers
entity,en,Madeleine_L'Engle,Madeleine L'Engle,Madeleine L'Engle,Madeleine L'Engle,Madeleine L'Engle,0.9,1.0,1.0,1.0,1.0,1.0,1.0,Madeleine L'Engle,Madeleine L'Engle,mt_vote_revoted_gte_langfilter,2026-03-19T13:41:02,1.0000001192092896,1.0000001192092896,1.0000001192092896,nllb,de,de,de,Madeleine_L'Engle
entity,en,"Madison,_Wisconsin","Madison, Wisconsin","Madison, Wisconsin","Madison, Wisconsin","Madison, Wisconsin",0.9,1.0,1.0,1.0,1.0,1.0,1.0,"Madison, Wisconsin","Madison, Wisconsin",mt_vote,2026-03-19T13:00:18,,,,,en,en,en,"Madison,_Wisconsin"
entity,en,Madrid,Madrid,Spanish,Madrid,Madrid,0.9,0.3077,0.3077,1.0,0.0,0.0,1.0,Madrid,Madrid,mt_vote,2026-03-19T13:00:19,,,,,en,en,en,Madrid
entity,en,"Madrid,_Paracuellos_de_Jarama,_San_Sebastián_de_los_Reyes_i_Alcobendas","Madrid, Paracuellos de Jarama, San Sebastián de los Reyes i Alcobendas","Madrid, Paracuellos de Jarama, San Sebastián de los Reyes and Alcobendas are also included.","Madrid, Paracuellos de Jarama, San Sebastián de los Reyes and Alcobendas","Madrid, Paracuellos de Jarama, San Sebastián de los Reyes and Alcobendas",0.9,0.8834,0.8834,1.0,0.0,0.0,1.0,"Madrid, Paracuellos de Jarama, San Sebastián de los Reyes and Alcobendas","Madrid, Paracuellos de Jarama, San Sebastián de los Reyes and Alcobendas",mt_vote_revoted_gte_langfilter,2026-03-19T13:41:02,0.9204558730125428,0.974879026412964,0.974879026412964,salamandra,es,es,es,"Madrid,_Paracuellos_de_Jarama,_San_Sebastián_de_los_Reyes_and_Alcobendas"
entity,en,Maduixa,Maduixa,Sturgeon,Strawberry,Strawberry,0.9,0.0,0.0,1.0,0.0,0.0,1.0,Strawberry,Strawberry,mt_vote_revoted_gte_langfilter,2026-03-19T13:41:02,,0.6155624389648438,0.6155624389648438,salamandra,en,pl,pl,Strawberry
entity,en,Maeve_Quinlan,Maeve Quinlan,Maeve Quinlan,Maeve Quinlan,Maeve Quinlan,0.9,1.0,1.0,1.0,1.0,1.0,1.0,Maeve Quinlan,Maeve Quinlan,mt_vote,2026-03-19T13:00:22,,,,,en,en,en,Maeve_Quinlan
entity,en,"Magdalene_College,_Cambridge_(anglès)","Magdalene College, Cambridge (anglès)","Magdalene College, Cambridge (English)","Magdalene College, Cambridge","Magdalene College, Cambridge (English)",0.9,0.0,1.0,0.0,0.0,1.0,0.0,"Magdalene College, Cambridge (English)","Magdalene College, Cambridge (English)",mt_vote_revoted_gte_langfilter,2026-03-19T13:41:02,0.959885835647583,,0.959885835647583,salamandra,it,en,it,"Magdalene_College,_Cambridge_(English)"
entity,en,Magik_(raper),Magik (raper),Magik (rapper) also known as Magik,Magik (rapper),Magik (rapper),0.9,0.5833,0.5833,1.0,0.0,0.0,1.0,Magik (rapper),Magik (rapper),mt_vote,2026-03-19T13:00:24,,,,,en,en,en,Magik_(rapper)
entity,en,"Mahé,_Índia","Mahé, Índia","Mahé, India","Flights to Mahé, India","Mahé, India",0.9,0.0,1.0,0.0,0.0,1.0,0.0,"Mahé, India","Mahé, India",mt_vote_revoted_gte_langfilter,2026-03-19T13:41:02,0.978182017803192,,0.978182017803192,salamandra,fr,en,fr,"Mahé,_India"
entity,en,Maiden_Castle_(novel·la),Maiden Castle (novel·la),Maiden Castle (novel),Maiden Castle (novel),Maiden Castle (novel),0.9,1.0,1.0,1.0,1.0,1.0,1.0,Maiden Castle (novel),Maiden Castle (novel),mt_vote_revoted_gte_langfilter,2026-03-19T13:41:02,0.9870132207870485,0.9870132207870485,0.9870132207870485,nllb,de,de,de,Maiden_Castle_(novel)
entity,en,Maig_1950_-_agost_1956,Maig 1950 - agost 1956,May 1950 to August 1956,May 1950 - August 1956,May 1950 - August 1956,0.9,0.9333,0.9333,1.0,1.0,1.0,1.0,May 1950 - August 1956,May 1950 - August 1956,mt_vote,2026-03-19T13:00:27,,,,,en,en,en,May_1950_-_August_1956
entity,en,Maine,Maine,Tomorrow,Maine,Maine,0.9,0.1538,0.1538,1.0,0.0,0.0,1.0,Maine,Maine,mt_vote,2026-03-19T13:00:27,,,,,en,en,en,Maine
entity,en,"Maka-Diyos,_Maka-Tao,_Makakalikasan_at_Makabansa","Maka-Diyos, Maka-Tao, Makakalikasan at Makabansa","Makaka-Diyos, Maka-Tao, Makakalikasan and Makabansa are also included.","Pro-God, Pro-Human, Pro-Nature and Pro-National","Maka-Diyos, Maka-Tao, Makakalikasan at Makabansa",0.9,0.0,0.0,0.0,0.0,0.0,0.0,"Maka-Diyos, Maka-Tao, Makakalikasan at Makabansa","Maka-Diyos, Maka-Tao, Makakalikasan at Makabansa",mt_vote_revoted_gte_langfilter,2026-03-19T13:41:02,,,1.0000001192092896,salamandra,en,en,tl,"Maka-Diyos,_Maka-Tao,_Makakalikasan_at_Makabansa"
entity,en,Makis_Voridis,Makis Voridis,This is Makis Voridis.,Makis Voridis,Makis Voridis,0.9,0.0,0.0,1.0,0.0,0.0,1.0,Makis Voridis,Makis Voridis,mt_vote_revoted_gte_langfilter,2026-03-19T13:41:02,,1.0000001192092896,1.0000001192092896,salamandra,en,de,de,Makis_Voridis
entity,en,Malaisia_Índia,Malaisia Índia,Malaysia India,Malaysia. 1996,Malaysia India,0.9,0.6429,1.0,0.6429,0.0,1.0,0.0,Malaysia India,Malaysia India,mt_vote,2026-03-19T13:00:30,,,,,en,en,en,Malaysia_India
entity,en,Malays_(grup_ètnic),Malays (grup ètnic),Malays (ethnic group),Malays (ethnic group),Malays (ethnic group),0.9,1.0,1.0,1.0,1.0,1.0,1.0,Malays (ethnic group),Malays (ethnic group),mt_vote,2026-03-19T13:00:31,,,,,en,en,en,Malays_(ethnic_group)
entity,en,Malik_Muhammad_Rafique_Rajwana,Malik Muhammad Rafique Rajwana,Malik Muhammad Rafique Rajwana,Malik Muhammad Rafique Rajwana,Malik Muhammad Rafique Rajwana,0.9,1.0,1.0,1.0,1.0,1.0,1.0,Malik Muhammad Rafique Rajwana,Malik Muhammad Rafique Rajwana,mt_vote_revoted_gte_langfilter,2026-03-19T13:41:02,1.0,1.0,1.0,nllb,fr,fr,fr,Malik_Muhammad_Rafique_Rajwana
entity,en,Malàisia,Malàisia,Malaysia,Malaysia,Malaysia,0.9,1.0,1.0,1.0,1.0,1.0,1.0,Malaysia,Malaysia,mt_vote,2026-03-19T13:00:33,,,,,en,en,en,Malaysia
entity,en,Mamnoon_Hussain,Mamnoon Hussain,Mamnoon Hussain,Mamnoon Hussain,Mamnoon Hussain,0.9,1.0,1.0,1.0,1.0,1.0,1.0,Mamnoon Hussain,Mamnoon Hussain,mt_vote,2026-03-19T13:00:33,,,,,en,en,en,Mamnoon_Hussain
entity,en,Mamífer,Mamífer,Other mammals,Mammals,Mammal,0.9,0.0,0.0,0.9231,0.0,0.0,1.0,Mammal,Mammal,mt_vote_revoted_gte_langfilter,2026-03-19T13:41:02,,0.7439950704574585,0.8008369207382202,salamandra,en,sv,sv,Mammal
entity,en,Manchester,Manchester,Manchester,Manchester,Manchester,0.9,1.0,1.0,1.0,1.0,1.0,1.0,Manchester,Manchester,mt_vote,2026-03-19T13:00:34,,,,,en,en,en,Manchester
entity,en,Manhattan,Manhattan,Manhattan,Manhattan,Manhattan,0.9,1.0,1.0,1.0,1.0,1.0,1.0,Manhattan,Manhattan,mt_vote,2026-03-19T13:00:35,,,,,en,en,en,Manhattan
entity,en,Manila,Manila,Manila,Manila,Manila,0.9,1.0,1.0,1.0,1.0,1.0,1.0,Manila,Manila,mt_vote,2026-03-19T13:00:35,,,,,en,en,en,Manila
entity,en,Manitoba,Manitoba,Manitoba,Manitoba,Manitoba,0.9,1.0,1.0,1.0,1.0,1.0,1.0,Manitoba,Manitoba,mt_vote,2026-03-19T13:00:36,,,,,en,en,en,Manitoba
entity,en,Mantecorp,Mantecorp,Mantecorp,Mantecorp,Mantecorp,0.9,1.0,1.0,1.0,1.0,1.0,1.0,Mantecorp,Mantecorp,mt_vote_revoted_gte_langfilter,2026-03-19T13:41:02,1.0,1.0,1.0,nllb,es,es,es,Mantecorp
entity,en,Manual_de_5_velocitats,Manual de 5 velocitats,Manual with 5 speeds,5-Speed Manual,5-speed manual,0.9,0.3529,0.3529,1.0,0.0,0.0,1.0,5-Speed Manual,5-Speed Manual,mt_vote,2026-03-19T13:00:37,,,,,en,en,en,5-Speed_Manual
entity,en,Manual_de_6_velocitats,Manual de 6 velocitats,Manual with 6 speeds,6-Speed Manual,6-speed manual,0.9,0.3529,0.3529,1.0,0.0,0.0,1.0,6-Speed Manual,6-Speed Manual,mt_vote,2026-03-19T13:00:38,,,,,en,en,en,6-Speed_Manual
entity,en,Manual_de_6_velocitats_(Getrag),Manual de 6 velocitats (Getrag),Manual with 6 speeds (Getrag),6-speed manual (Getrag),6-speed manual (Getrag),0.9,0.0,0.0,1.0,0.0,0.0,1.0,6-speed manual (Getrag),6-speed manual (Getrag),mt_vote_revoted_gte_langfilter,2026-03-19T13:41:02,,0.8334611654281616,0.8334611654281616,salamandra,en,de,de,6-speed_manual_(Getrag)
entity,en,Manuel_Valls,Manuel Valls,Manuel Valls,Manuel Valls,Manuel Valls,0.9,1.0,1.0,1.0,1.0,1.0,1.0,Manuel Valls,Manuel Valls,mt_vote,2026-03-19T13:00:39,,,,,en,en,en,Manuel_Valls
entity,en,"Maple_Ridge_Township,_comtat_d'Alpena,_Michigan","Maple Ridge Township, comtat d'Alpena, Michigan","Maple Ridge Township, Alpena County, Michigan","Maple Ridge Township, Alpine County, Michigan","Maple Ridge Township, Alpena County, Michigan",0.9,0.9556,1.0,0.9556,1.0,1.0,1.0,"Maple Ridge Township, Alpena County, Michigan","Maple Ridge Township, Alpena County, Michigan",mt_vote_revoted_gte_langfilter,2026-03-19T13:41:02,0.9779725670814514,0.963127374649048,0.9779725670814514,nllb,fr,fr,fr,"Maple_Ridge_Township,_Alpena_County,_Michigan"
entity,en,Margarida_II_de_Dinamarca,Margarida II de Dinamarca,Margaret II of Denmark,Margaret II of Denmark,Margrethe II of Denmark,0.9,1.0,0.9333,0.9333,1.0,1.0,1.0,Margaret II of Denmark,Margaret II of Denmark,mt_vote,2026-03-19T13:00:41,,,,,en,en,en,Margaret_II_of_Denmark
entity,en,Maria_Lourdes_Sereno,Maria Lourdes Sereno,Maria Lourdes Sereno was born,Maria Lourdes Sereno,Maria Lourdes Sereno,0.9,0.8163,0.8163,1.0,0.0,0.0,1.0,Maria Lourdes Sereno,Maria Lourdes Sereno,mt_vote,2026-03-19T13:00:42,,,,,en,en,en,Maria_Lourdes_Sereno
entity,en,"Marietta,_Ohio","Marietta, Ohio","Marietta, Ohio","Marietta, OH","Marietta, Ohio",0.9,0.9231,1.0,0.9231,1.0,1.0,1.0,"Marietta, Ohio","Marietta, Ohio",mt_vote_revoted_gte_langfilter,2026-03-19T13:41:02,1.0,0.9758328199386596,1.0,nllb,fi,fi,fi,"Marietta,_Ohio"
entity,en,Marina_nigeriana,Marina nigeriana,Nigerian Navy,Nigerian Navy,Nigerian Navy,0.9,1.0,1.0,1.0,1.0,1.0,1.0,Nigerian Navy,Nigerian Navy,mt_vote_revoted_gte_langfilter,2026-03-19T13:41:02,0.904442310333252,0.904442310333252,0.904442310333252,nllb,de,de,de,Nigerian_Navy
entity,en,Mario_Botta,Mario Botta,Mario Botta,Mario Botta,Mario Botta,0.9,1.0,1.0,1.0,1.0,1.0,1.0,Mario Botta,Mario Botta,mt_vote_revoted_gte_langfilter,2026-03-19T13:41:02,1.0,1.0,1.0,nllb,it,it,it,Mario_Botta
entity,en,Marius_Moga,Marius Moga,Marius Moga,Marius Moga,Marius Moga,0.9,1.0,1.0,1.0,1.0,1.0,1.0,Marius Moga,Marius Moga,mt_vote_revoted_gte_langfilter,2026-03-19T13:41:02,1.0,1.0,1.0,nllb,lt,lt,lt,Marius_Moga
entity,en,Marjorie_Farmer,Marjorie Farmer,Marjorie Farmer,Marjorie Farmer,Marjorie Farmer,0.9,1.0,1.0,1.0,1.0,1.0,1.0,Marjorie Farmer,Marjorie Farmer,mt_vote_revoted_gte_langfilter,2026-03-19T13:41:02,0.9999999403953552,0.9999999403953552,0.9999999403953552,nllb,sq,sq,sq,Marjorie_Farmer
entity,en,Mark_Desmond,Mark Desmond,This is Mark Desmond.,Mark Desmond,Mark Desmond,0.9,0.7273,0.7273,1.0,0.0,0.0,1.0,Mark Desmond,Mark Desmond,mt_vote,2026-03-19T13:00:46,,,,,en,en,en,Mark_Desmond
entity,en,Mark_Rutte,Mark Rutte,This is Mark Rutte.,Mark Rutte,Mark Rutte,0.9,0.6897,0.6897,1.0,0.0,0.0,1.0,Mark Rutte,Mark Rutte,mt_vote,2026-03-19T13:00:46,,,,,en,en,en,Mark_Rutte
entity,en,Mark_Sixma,Mark Sixma,This is Mark Sixma.,Mark Sixma,Mark Sixma,0.9,0.6897,0.6897,1.0,0.0,0.0,1.0,Mark Sixma,Mark Sixma,mt_vote,2026-03-19T13:00:47,,,,,en,en,en,Mark_Sixma
entity,en,Marriott_International,Marriott International,Marriott International was founded,Marriott International,Marriott International,0.9,0.0,0.0,1.0,0.0,0.0,1.0,Marriott International,Marriott International,mt_vote_revoted_gte_langfilter,2026-03-19T13:41:02,,1.0,1.0,salamandra,en,sv,sv,Marriott_International
entity,en,Marussi,Marussi,Marussi,Marussi,Marussi,0.9,1.0,1.0,1.0,1.0,1.0,1.0,Marussi,Marussi,mt_vote,2026-03-19T13:00:48,,,,,en,en,en,Marussi
entity,en,Marv_Wolfman,Marv Wolfman,Marv Wolfman,Marv Wolfman,Marv Wolfman,0.9,1.0,1.0,1.0,1.0,1.0,1.0,Marv Wolfman,Marv Wolfman,mt_vote_revoted_gte_langfilter,2026-03-19T13:41:02,1.0000001192092896,1.0000001192092896,1.0000001192092896,nllb,et,et,et,Marv_Wolfman
entity,en,Mary_Hayley_Bell,Mary Hayley Bell,Mary Hayley Bell,Mary Hayley Bell,Mary Hayley Bell,0.9,1.0,1.0,1.0,1.0,1.0,1.0,Mary Hayley Bell,Mary Hayley Bell,mt_vote,2026-03-19T13:00:50,,,,,en,en,en,Mary_Hayley_Bell
entity,en,Maryland,Maryland,Maryland,Maryland,Maryland,0.9,1.0,1.0,1.0,1.0,1.0,1.0,Maryland,Maryland,mt_vote,2026-03-19T13:00:50,,,,,en,en,en,Maryland
entity,en,"Marysville,_Ohio","Marysville, Ohio","Marysville, Ohio","Marysville, Ohio","Marysville, Ohio",0.9,1.0,1.0,1.0,1.0,1.0,1.0,"Marysville, Ohio","Marysville, Ohio",mt_vote_revoted_gte_langfilter,2026-03-19T13:41:02,1.0000001192092896,1.0000001192092896,1.0000001192092896,nllb,fr,fr,fr,"Marysville,_Ohio"
entity,en,Marysville_Auto_Plant,Marysville Auto Plant,Marysville car plant,Marysville Auto Plant,Marysville Auto Plant,0.9,0.878,0.878,1.0,0.0,0.0,1.0,Marysville Auto Plant,Marysville Auto Plant,mt_vote_revoted_gte_langfilter,2026-03-19T13:41:02,0.9600893259048462,1.0,1.0,salamandra,fr,it,it,Marysville_Auto_Plant
entity,en,Massachusetts,Massachusetts,Massachusetts,Massachusetts,Massachusetts,0.9,1.0,1.0,1.0,1.0,1.0,1.0,Massachusetts,Massachusetts,mt_vote,2026-03-19T13:00:52,,,,,en,en,en,Massachusetts
entity,en,Massimo_Drago,Massimo Drago,Massimo Drago,Massimo Drago,Massimo Drago,0.9,1.0,1.0,1.0,1.0,1.0,1.0,Massimo Drago,Massimo Drago,mt_vote_revoted_gte_langfilter,2026-03-19T13:41:02,1.0,1.0,1.0,nllb,lt,lt,lt,Massimo_Drago
entity,en,Mat,Mat,I'm going to kill you.,Mat,Mat,0.9,0.16,0.16,1.0,0.0,0.0,1.0,Mat,Mat,mt_vote,2026-03-19T13:00:53,,,,,en,en,en,Mat
entity,en,Matar_estrelles_de_rock,Matar estrelles de rock,Killing rock stars,Kill Rock Stars,Killing Rock Stars,0.9,0.9091,1.0,0.9091,1.0,1.0,1.0,Killing rock stars,Killing rock stars,mt_vote,2026-03-19T13:00:54,,,,,en,en,en,Killing_rock_stars
entity,en,"Matchstik,_Match,_Allan,_Forrester,_Alan,_Foster,_Forest_Matchstick,_Matchstix,_Allen_Forrest","Matchstik, Match, Allan, Forrester, Alan, Foster, Forest Matchstick, Matchstix, Allen Forrest","Matchstik, Match, Allan, Forrester, Alan, Foster, Forest Matchstick, Matchstix, Allen Forrest This is a list of all the different ways Forrest is credited in the database.","Matchstick, Match, Allan, Forrester, Alan, Foster, Forest Matchstick, Matchstix, Allen Forrest","Matchstick, Match, Allan, Forrester, Alan, Foster, Forest Matchstick, Matchstix, Allen Forrest",0.9,0.0,0.0,1.0,0.0,0.0,1.0,"Matchstick, Match, Allan, Forrester, Alan, Foster, Forest Matchstick, Matchstix, Allen Forrest","Matchstick, Match, Allan, Forrester, Alan, Foster, Forest Matchstick, Matchstix, Allen Forrest",mt_vote_revoted_gte_langfilter,2026-03-19T13:41:02,,0.9911235570907592,0.9911235570907592,salamandra,en,de,de,"Matchstick,_Match,_Allan,_Forrester,_Alan,_Foster,_Forest_Matchstick,_Matchstix,_Allen_Forrest"
entity,en,Materials_de_construcció,Materials de construcció,Building materials,Building Materials,Construction materials,0.9,1.0,0.65,0.65,1.0,0.0,0.0,Building materials,Building materials,mt_vote,2026-03-19T13:00:57,,,,,en,en,en,Building_materials
entity,en,Matteo_Renzi,Matteo Renzi,Matteo Renzi,Matteo Renzi,Matteo Renzi,0.9,1.0,1.0,1.0,1.0,1.0,1.0,Matteo Renzi,Matteo Renzi,mt_vote_revoted_gte_langfilter,2026-03-19T13:41:02,1.0,1.0,1.0,nllb,it,it,it,Matteo_Renzi
entity,en,Mauricio_Macri,Mauricio Macri,Mauricio Macri,Mauricio Macri,Mauricio Macri,0.9,1.0,1.0,1.0,1.0,1.0,1.0,Mauricio Macri,Mauricio Macri,mt_vote_revoted_gte_langfilter,2026-03-19T13:41:02,0.9999999403953552,0.9999999403953552,0.9999999403953552,nllb,es,es,es,Mauricio_Macri
entity,en,Max_Benedict,Max Benedict,Max Benedict,Max Benedict,Max Benedict,0.9,1.0,1.0,1.0,1.0,1.0,1.0,Max Benedict,Max Benedict,mt_vote_revoted_gte_langfilter,2026-03-19T13:41:02,1.0000001192092896,1.0000001192092896,1.0000001192092896,nllb,lt,lt,lt,Max_Benedict
entity,en,Max_Huiberts,Max Huiberts,Max Huiberts,Max Huiberts,Max Huiberts,0.9,1.0,1.0,1.0,1.0,1.0,1.0,Max Huiberts,Max Huiberts,mt_vote,2026-03-19T13:01:00,,,,,en,en,en,Max_Huiberts
entity,en,Maya_Rudolph,Maya Rudolph,Maya Rudolph,Maya Rudolph,Maya Rudolph,0.9,1.0,1.0,1.0,1.0,1.0,1.0,Maya Rudolph,Maya Rudolph,mt_vote_revoted_gte_langfilter,2026-03-19T13:41:02,1.0,1.0,1.0,nllb,tr,tr,tr,Maya_Rudolph
entity,en,McDonnell_Douglas_F-15_Eagle,McDonnell Douglas F-15 Eagle,The McDonnell Douglas F-15 Eagle is a fighter aircraft designed by McDonnell Douglas.,McDonnell Douglas F-15 Eagle,McDonnell Douglas F-15 Eagle,0.9,0.0,0.0,1.0,0.0,0.0,1.0,McDonnell Douglas F-15 Eagle,McDonnell Douglas F-15 Eagle,mt_vote_revoted_gte_langfilter,2026-03-19T13:41:02,,1.000000238418579,1.000000238418579,salamandra,en,cy,cy,McDonnell_Douglas_F-15_Eagle
entity,en,McVeagh_dels_mars_del_sud,McVeagh dels mars del sud,McVeagh of the South Seas,South Sea McVeagh,McVeagh of the Southern Seas,0.9,0.4286,0.9434,0.3111,0.0,1.0,0.0,McVeagh of the South Seas,McVeagh of the South Seas,mt_vote,2026-03-19T13:01:03,,,,,en,en,en,McVeagh_of_the_South_Seas
entity,en,Medalla_d'or_del_Departament_de_Comerç,Medalla d'or del Departament de Comerç,Gold medal of the Department of Commerce,Department of Commerce Gold Medal,Commercial Department Gold Medal,0.9,0.6027,0.5833,0.6462,0.0,0.0,0.0,Department of Commerce Gold Medal,Department of Commerce Gold Medal,mt_vote,2026-03-19T13:01:03,,,,,en,en,en,Department_of_Commerce_Gold_Medal
entity,en,Medalla_de_servei_distingit_(Marina_dels_Estats_Units),Medalla de servei distingit (Marina dels Estats Units),Distinguished Service Medal (United States Navy),Distinguished Service Medal (United States Navy),Distinguished Service Medal (United States Navy),0.9,1.0,1.0,1.0,1.0,1.0,1.0,Distinguished Service Medal (United States Navy),Distinguished Service Medal (United States Navy),mt_vote_revoted_gte_langfilter,2026-03-19T13:41:02,0.8721274137496948,0.8721274137496948,0.8721274137496948,nllb,it,it,it,Distinguished_Service_Medal_(United_States_Navy)
entity,en,Membre_de_la_Cambra_de_Representants_dels_Estats_Units_del_4è_districte_de_Connecticut,Membre de la Cambra de Representants dels Estats Units del 4è districte de Connecticut,Member of the United States House of Representatives from Connecticut's 4th district,Member of the United States House of Representatives for the 4th District of Connecticut,Member of the United States House of Representatives from the 4th District of Connecticut,0.9,0.814,0.8324,0.9831,0.0,0.0,1.0,Member of the United States House of Representatives for the 4th District of Connecticut,Member of the United States House of Representatives for the 4th District of Connecticut,mt_vote,2026-03-19T13:01:07,,,,,en,en,en,Member_of_the_United_States_House_of_Representatives_for_the_4th_District_of_Connecticut
entity,en,Membre_del_Parlament_per_Gravesham,Membre del Parlament per Gravesham,Member of Parliament for Gravesham,Member of Parliament for Gravesham,Member of Parliament for Gravesham,0.9,1.0,1.0,1.0,1.0,1.0,1.0,Member of Parliament for Gravesham,Member of Parliament for Gravesham,mt_vote,2026-03-19T13:01:07,,,,,en,en,en,Member_of_Parliament_for_Gravesham
entity,en,Membre_del_Senat,Membre del Senat,Member of the Senate,Member of the Senate,Member of Senate,0.9,1.0,0.8889,0.8889,1.0,0.0,0.0,Member of the Senate,Member of the Senate,mt_vote,2026-03-19T13:01:08,,,,,en,en,en,Member_of_the_Senate
entity,en,Membre_del_Senat_de_Connecticut_del_26è_districte,Membre del Senat de Connecticut del 26è districte,Member of the Connecticut Senate from the 26th district,Member of the Connecticut Senate from the 26th District,26th District Member of the Connecticut Senate,0.9,1.0,0.6337,0.6337,1.0,0.0,0.0,Member of the Connecticut Senate from the 26th district,Member of the Connecticut Senate from the 26th district,mt_vote,2026-03-19T13:01:09,,,,,en,en,en,Member_of_the_Connecticut_Senate_from_the_26th_district
entity,en,Membre_del_Senat_de_l'Estat_de_Texas_del_Districte_4_(Port_Arthur),Membre del Senat de l'Estat de Texas del Districte 4 (Port Arthur),Member of the Texas State Senate from District 4 (Port Arthur),Member of the Texas State Senate from District 4 (Port Arthur),Member of the Texas State Senate from District 4 (Port Arthur),0.9,1.0,1.0,1.0,1.0,1.0,1.0,Member of the Texas State Senate from District 4 (Port Arthur),Member of the Texas State Senate from District 4 (Port Arthur),mt_vote,2026-03-19T13:01:11,,,,,en,en,en,Member_of_the_Texas_State_Senate_from_District_4_(Port_Arthur)
entity,en,Memorial_dels_màrtirs_turcs_de_Bakú,Memorial dels màrtirs turcs de Bakú,Memorial to the Turkish Martyrs of Baku,Memorial to the Turkish Martyrs of Baku,Memorial of the Turkish Martyrs of Baku,0.9,1.0,0.9744,0.9744,1.0,1.0,1.0,Memorial to the Turkish Martyrs of Baku,Memorial to the Turkish Martyrs of Baku,mt_vote,2026-03-19T13:01:12,,,,,en,en,en,Memorial_to_the_Turkish_Martyrs_of_Baku
entity,en,"Menasha_(ciutat),_Wisconsin","Menasha (ciutat), Wisconsin","Menasha (city), Wisconsin","Menasha, Wisconsin","Menasha (city), Wisconsin",0.9,0.8372,1.0,0.8372,0.0,1.0,0.0,"Menasha (city), Wisconsin","Menasha (city), Wisconsin",mt_vote_revoted_gte_langfilter,2026-03-19T13:41:02,0.964834213256836,0.9550146460533142,0.964834213256836,salamandra,pt,lv,pt,"Menasha_(city),_Wisconsin"
entity,en,"Mendoza,_Argentina","Mendoza, Argentina","Mendoza, Argentina","Mendoza, Argentina","Mendoza, Argentina",0.9,1.0,1.0,1.0,1.0,1.0,1.0,"Mendoza, Argentina","Mendoza, Argentina",mt_vote_revoted_gte_langfilter,2026-03-19T13:41:02,1.0000001192092896,1.0000001192092896,1.0000001192092896,nllb,sl,sl,sl,"Mendoza,_Argentina"
entity,en,Mendrisio,Mendrisio,Mendrisio,Mendrisio,Mendrisio,0.9,1.0,1.0,1.0,1.0,1.0,1.0,Mendrisio,Mendrisio,mt_vote_revoted_gte_langfilter,2026-03-19T13:41:02,1.0000001192092896,1.0000001192092896,1.0000001192092896,nllb,lt,lt,lt,Mendrisio
entity,en,"Merengue,_gelat,_pastís_d'esponja_o_puding_de_Nadal","Merengue, gelat, pastís d'esponja o puding de Nadal","Meringue, ice cream, sponge cake or Christmas pudding","Merengue, ice cream, sponge cake or Christmas pudding","Merengue, ice cream, sponge cake or Christmas pudding",0.9,0.9811,0.9811,1.0,1.0,1.0,1.0,"Merengue, ice cream, sponge cake or Christmas pudding","Merengue, ice cream, sponge cake or Christmas pudding",mt_vote,2026-03-19T13:01:16,,,,,en,en,en,"Merengue,_ice_cream,_sponge_cake_or_Christmas_pudding"
entity,en,Meride,Meride,Merit,Meride,Meride,0.9,0.7273,0.7273,1.0,0.0,0.0,1.0,Meride,Meride,mt_vote,2026-03-19T13:01:16,,,,,en,en,en,Meride
entity,en,Mes_Kerman_FC,Mes Kerman FC,The month of Kerman FC,Mes Kerman FC,Mes Kerman FC,0.9,0.0,0.0,1.0,0.0,0.0,1.0,Mes Kerman FC,Mes Kerman FC,mt_vote_revoted_gte_langfilter,2026-03-19T13:41:02,,1.000000238418579,1.000000238418579,salamandra,en,de,de,Mes_Kerman_FC
entity,en,Mestís,Mestís,Mixed,Mestizo,Mestizo,0.9,0.0,0.0,1.0,0.0,0.0,1.0,Mestizo,Mestizo,mt_vote_revoted_gte_langfilter,2026-03-19T13:41:02,,0.8734304904937744,0.8734304904937744,salamandra,en,it,it,Mestizo
entity,en,Metapan,Metapan,Metaphan,Metapan,Metapan,0.9,0.9333,0.9333,1.0,1.0,1.0,1.0,Metapan,Metapan,mt_vote,2026-03-19T13:01:18,,,,,en,en,en,Metapan
entity,en,"Metapán,_El_Salvador","Metapán, El Salvador","Metapán, El Salvador This article is about the municipality in El Salvador.","Metapan, El Salvador","Metapan, El Salvador",0.9,0.0,0.0,1.0,0.0,0.0,1.0,"Metapan, El Salvador","Metapan, El Salvador",mt_vote_revoted_gte_langfilter,2026-03-19T13:41:02,,0.9792149066925048,0.9792149066925048,salamandra,en,es,es,"Metapan,_El_Salvador"
entity,en,Metro_Manila,Metro Manila,Metro Manila,Metro Manila,Metro Manila,0.9,1.0,1.0,1.0,1.0,1.0,1.0,Metro Manila,Metro Manila,mt_vote_revoted_gte_langfilter,2026-03-19T13:41:02,1.0000001192092896,1.0000001192092896,1.0000001192092896,nllb,it,it,it,Metro_Manila
entity,en,Mexicans,Mexicans,Mexicans,Mexicans,Mexicans,0.9,1.0,1.0,1.0,1.0,1.0,1.0,Mexicans,Mexicans,mt_vote,2026-03-19T13:01:20,,,,,en,en,en,Mexicans
entity,en,Meyer_Werft,Meyer Werft,Meyer Werft,Meyer Werft,Meyer Werft,0.9,1.0,1.0,1.0,1.0,1.0,1.0,Meyer Werft,Meyer Werft,mt_vote,2026-03-19T13:01:20,,,,,en,en,en,Meyer_Werft
entity,en,Michael_Burns,Michael Burns,Michael Burns,Michael Burns,Michael Burns,0.9,1.0,1.0,1.0,1.0,1.0,1.0,Michael Burns,Michael Burns,mt_vote_revoted_gte_langfilter,2026-03-19T13:41:02,1.0,1.0,1.0,nllb,de,de,de,Michael_Burns
entity,en,Michael_Rooker,Michael Rooker,This is Michael Rooker.,Michael Rooker,Michael Rooker,0.9,0.0,0.0,1.0,0.0,0.0,1.0,Michael Rooker,Michael Rooker,mt_vote_revoted_gte_langfilter,2026-03-19T13:41:02,,1.0000001192092896,1.0000001192092896,salamandra,en,de,de,Michael_Rooker
entity,en,Michael_Tinkham,Michael Tinkham,This is Michael Tinkham.,Michael Tinkham,Michael Tinkham,0.9,0.0,0.0,1.0,0.0,0.0,1.0,Michael Tinkham,Michael Tinkham,mt_vote_revoted_gte_langfilter,2026-03-19T13:41:02,,1.0000001192092896,1.0000001192092896,salamandra,en,de,de,Michael_Tinkham
entity,en,Michel_Temer,Michel Temer,It was Michel Temer.,Michel Temer,Michel Temer,0.9,0.0,0.0,1.0,0.0,0.0,1.0,Michel Temer,Michel Temer,mt_vote_revoted_gte_langfilter,2026-03-19T13:41:02,,1.0,1.0,salamandra,en,de,de,Michel_Temer
entity,en,Michele_Marcolini,Michele Marcolini,It was Michele Marcolini.,Michele Marcolini,Michele Marcolini,0.9,0.0,0.0,1.0,0.0,0.0,1.0,Michele Marcolini,Michele Marcolini,mt_vote_revoted_gte_langfilter,2026-03-19T13:41:02,,1.0000001192092896,1.0000001192092896,salamandra,en,de,de,Michele_Marcolini
entity,en,Michigan,Michigan,Michigan,Michigan,Michigan,0.9,1.0,1.0,1.0,1.0,1.0,1.0,Michigan,Michigan,mt_vote_revoted_gte_langfilter,2026-03-19T13:41:02,1.0000001192092896,1.0000001192092896,1.0000001192092896,nllb,fr,fr,fr,Michigan
entity,en,Mid-Atlantic_Regional_Spaceport,Mid-Atlantic Regional Spaceport,Mid-Atlantic Regional Spaceport,Mid-Atlantic Regional Spaceport,Mid-Atlantic Regional Spaceport,0.9,1.0,1.0,1.0,1.0,1.0,1.0,Mid-Atlantic Regional Spaceport,Mid-Atlantic Regional Spaceport,mt_vote,2026-03-19T13:01:25,,,,,en,en,en,Mid-Atlantic_Regional_Spaceport
entity,en,Mike_Akhigbe,Mike Akhigbe,This is Mike Akhigbe.,Mike Akhigbe,Mike Akhigbe,0.9,0.0,0.0,1.0,0.0,0.0,1.0,Mike Akhigbe,Mike Akhigbe,mt_vote_revoted_gte_langfilter,2026-03-19T13:41:02,,1.0,1.0,salamandra,en,xh,xh,Mike_Akhigbe
entity,en,Mike_Mularkey,Mike Mularkey,This is Mike Mularkey.,Mike Mularkey,Mike Mularkey,0.9,0.7429,0.7429,1.0,0.0,0.0,1.0,Mike Mularkey,Mike Mularkey,mt_vote,2026-03-19T13:01:26,,,,,en,en,en,Mike_Mularkey
entity,en,Mikulov,Mikulov,This is Mikulov.,Mikulov,Mikulov,0.9,0.6087,0.6087,1.0,0.0,0.0,1.0,Mikulov,Mikulov,mt_vote,2026-03-19T13:01:27,,,,,en,en,en,Mikulov
entity,en,Milan,Milan,Milan,Milan,Milan,0.9,1.0,1.0,1.0,1.0,1.0,1.0,Milan,Milan,mt_vote_revoted_gte_langfilter,2026-03-19T13:41:02,0.9999999403953552,0.9999999403953552,0.9999999403953552,nllb,it,it,it,Milan
entity,en,Milonga_(música),Milonga (música),Milonga (music),Milonga (music) – Wikipedia,Milonga (music),0.9,0.7143,1.0,0.7143,0.0,1.0,0.0,Milonga (music),Milonga (music),mt_vote_revoted_gte_langfilter,2026-03-19T13:41:02,0.9756625890731812,0.9428884983062744,0.9756625890731812,salamandra,xh,xh,xh,Milonga_(music)
entity,en,Minangkabau,Minangkabau,The Minangkabau,Minangkabau,Minangkabau,0.9,0.0,0.0,1.0,0.0,0.0,1.0,Minangkabau,Minangkabau,mt_vote_revoted_gte_langfilter,2026-03-19T13:41:02,,1.0,1.0,salamandra,en,de,de,Minangkabau
entity,en,Mindanao,Mindanao,Mindanao,Mindanao,Mindanao,0.9,1.0,1.0,1.0,1.0,1.0,1.0,Mindanao,Mindanao,mt_vote_revoted_gte_langfilter,2026-03-19T13:41:02,1.000000238418579,1.000000238418579,1.000000238418579,nllb,fr,fr,fr,Mindanao
entity,en,"Ministeri_d'_Economia,_Desenvolupament_i_Turisme_(Grècia)","Ministeri d' Economia, Desenvolupament i Turisme (Grècia)","Ministry of Economy, Development and Tourism (Greece)","Ministry of Economy, Development and Tourism (Greece)","Ministry of Economy, Development and Tourism (Greece)",0.9,1.0,1.0,1.0,1.0,1.0,1.0,"Ministry of Economy, Development and Tourism (Greece)","Ministry of Economy, Development and Tourism (Greece)",mt_vote,2026-03-19T13:01:30,,,,,en,en,en,"Ministry_of_Economy,_Development_and_Tourism_(Greece)"
entity,en,Ministeri_d'_Obres_Públiques_i_Transports_(Espanya),Ministeri d' Obres Públiques i Transports (Espanya),Ministry of Public Works and Transport (Spain),Ministry of Public Works and Transport (Spain),Ministry of Public Works and Transport (Spain),0.9,1.0,1.0,1.0,1.0,1.0,1.0,Ministry of Public Works and Transport (Spain),Ministry of Public Works and Transport (Spain),mt_vote,2026-03-19T13:01:32,,,,,en,en,en,Ministry_of_Public_Works_and_Transport_(Spain)
entity,en,"Ministeri_de_Salut,_Benestar_i_Esport_(Països_Baixos)","Ministeri de Salut, Benestar i Esport (Països Baixos)","Ministry of Health, Welfare and Sport (Netherlands)","Ministry of Health, Welfare and Sport (Netherlands)","Ministry of Health, Welfare and Sport (Netherlands)",0.9,1.0,1.0,1.0,1.0,1.0,1.0,"Ministry of Health, Welfare and Sport (Netherlands)","Ministry of Health, Welfare and Sport (Netherlands)",mt_vote,2026-03-19T13:01:33,,,,,en,en,en,"Ministry_of_Health,_Welfare_and_Sport_(Netherlands)"
entity,en,Ministeri_de_Salut_de_Grècia,Ministeri de Salut de Grècia,Ministry of Health of Greece,Ministry of Health of Greece,Greek Ministry of Health,0.9,1.0,0.6923,0.6923,1.0,0.0,0.0,Ministry of Health of Greece,Ministry of Health of Greece,mt_vote,2026-03-19T13:01:34,,,,,en,en,en,Ministry_of_Health_of_Greece
entity,en,Ministre_d'Adamawa,Ministre d'Adamawa,Minister of Adamawa,Minister of Adamawa,Minister of Adamawa,0.9,1.0,1.0,1.0,1.0,1.0,1.0,Minister of Adamawa,Minister of Adamawa,mt_vote,2026-03-19T13:01:34,,,,,en,en,en,Minister_of_Adamawa
entity,en,Ministre_de_Transport,Ministre de Transport,Minister of Transport,Minister of Transport,Minister of Transport,0.9,1.0,1.0,1.0,1.0,1.0,1.0,Minister of Transport,Minister of Transport,mt_vote,2026-03-19T13:01:35,,,,,en,en,en,Minister_of_Transport
entity,en,Minna,Minna,Minna,Minna,Minna,0.9,1.0,1.0,1.0,1.0,1.0,1.0,Minna,Minna,mt_vote,2026-03-19T13:01:35,,,,,en,en,en,Minna
entity,en,Minnesota_Wild,Minnesota Wild,The Minnesota Wild,Minnesota Wild,Minnesota Wild,0.9,0.0,0.0,1.0,0.0,0.0,1.0,Minnesota Wild,Minnesota Wild,mt_vote_revoted_gte_langfilter,2026-03-19T13:41:02,,1.0,1.0,salamandra,en,fr,fr,Minnesota_Wild
entity,en,Minotaure_IVConstellation_name_(optional),Minotaure IVConstellation name (optional),Minotaur IV Constellation name (optional),MINOTAURUS IV,Minotaure IVConstellation name (optional),0.9,0.0,0.9756,0.0,0.0,1.0,0.0,Minotaure IVConstellation name (optional),Minotaure IVConstellation name (optional),mt_vote_revoted_gte_langfilter,2026-03-19T13:41:02,0.9681233763694764,,1.0000001192092896,salamandra,nl,en,nl,Minotaure_IVConstellation_name_(optional)
entity,en,Minotaure_V,Minotaure V,The Minotaur V,Minotaur V,Minotaure V,0.9,0.8333,0.8,0.9524,0.0,0.0,1.0,Minotaur V,Minotaur V,mt_vote,2026-03-19T13:01:38,,,,,en,en,en,Minotaur_V
entity,en,"Miri,_Malàisia","Miri, Malàisia","Look at this, Malaysia.","Miri, Malaysia","Look, Malaysia",0.9,0.5946,0.7568,0.7143,0.0,0.0,0.0,"Look, Malaysia","Look, Malaysia",mt_vote,2026-03-19T13:01:38,,,,,en,en,en,"Look,_Malaysia"
entity,en,Mk44,Mk44,Mk44,Mk44,Mk44,0.9,1.0,1.0,1.0,1.0,1.0,1.0,Mk44,Mk44,mt_vote,2026-03-19T13:01:39,,,,,en,en,en,Mk44
entity,en,Mols,Mols,Flowers,Mols,Moles,0.9,0.3636,0.5,0.8889,0.0,0.0,0.0,Moles,Moles,mt_vote,2026-03-19T13:01:39,,,,,en,en,en,Moles
entity,en,Monarca_(banda),Monarca (banda),Monarch (band),Monarca (band) – Wikipedia,Monarch (band),0.9,0.0,0.0,0.0,0.0,0.0,0.0,Monarca (band) – Wikipedia,Monarca (band) – Wikipedia,mt_vote_revoted_gte_langfilter,2026-03-19T13:41:02,,0.9162569046020508,,madlad,en,it,en,Monarca_(band)_–_Wikipedia
entity,en,Mondelēz_International,Mondelēz International,Mondelez International is a Spanish multinational telecommunications company.,Mondelēz International,Mondelēz International,0.9,0.0,0.0,1.0,0.0,0.0,1.0,Mondelēz International,Mondelēz International,mt_vote_revoted_gte_langfilter,2026-03-19T13:41:02,,1.0000001192092896,1.0000001192092896,salamandra,en,lv,lv,Mondelēz_International
entity,en,"Monestir_de_Sant_Benet,_Adisham,_Haputhale,_Sri_Lanka","Monestir de Sant Benet, Adisham, Haputhale, Sri Lanka","Monastery of Saint Benedict, Adisham, Haputhale, Sri Lanka","St. Benedict Monastery, Adisham, Haputhale, Sri Lanka","St. Benedict's Monastery, Adisham, Haputhale, Sri Lanka",0.9,0.7207,0.708,0.9815,0.0,0.0,1.0,"St. Benedict Monastery, Adisham, Haputhale, Sri Lanka","St. Benedict Monastery, Adisham, Haputhale, Sri Lanka",mt_vote,2026-03-19T13:01:43,,,,,en,en,en,"St._Benedict_Monastery,_Adisham,_Haputhale,_Sri_Lanka"
entity,en,Monocacy_National_Battlefield,Monocacy National Battlefield,Monocacy National Battlefield,Monocacy National Battlefield,Monocacy National Battlefield,0.9,1.0,1.0,1.0,1.0,1.0,1.0,Monocacy National Battlefield,Monocacy National Battlefield,mt_vote,2026-03-19T13:01:44,,,,,en,en,en,Monocacy_National_Battlefield
entity,en,Monocotiledònia,Monocotiledònia,Monocotyledon,Monocotyledones,Monocotyledons,0.9,0.0,0.0,0.0,0.0,0.0,0.0,Monocotyledones,Monocotyledones,mt_vote_revoted_gte_langfilter,2026-03-19T13:41:02,,0.868152379989624,,madlad,en,es,en,Monocotyledones
entity,en,"Monroe_Township,_comtat_de_Madison,_Indiana","Monroe Township, comtat de Madison, Indiana","Monroe Township, Madison County, Indiana","Monroe Township, Madison County, Indiana","Monroe Township, Madison County, Indiana",0.9,1.0,1.0,1.0,1.0,1.0,1.0,"Monroe Township, Madison County, Indiana","Monroe Township, Madison County, Indiana",mt_vote_revoted_gte_langfilter,2026-03-19T13:41:02,0.966891348361969,0.966891348361969,0.966891348361969,nllb,nl,nl,nl,"Monroe_Township,_Madison_County,_Indiana"
entity,en,Montevideo,Montevideo,Montevideo,Montevideo,Montevideo,0.9,1.0,1.0,1.0,1.0,1.0,1.0,Montevideo,Montevideo,mt_vote_revoted_gte_langfilter,2026-03-19T13:41:02,1.0000001192092896,1.0000001192092896,1.0000001192092896,nllb,sl,sl,sl,Montevideo
entity,en,Montreal_Locomotive_Works,Montreal Locomotive Works,Montreal Locomotive Works,Montreal Locomotive Works,Montreal Locomotive Works,0.9,1.0,1.0,1.0,1.0,1.0,1.0,Montreal Locomotive Works,Montreal Locomotive Works,mt_vote_revoted_gte_langfilter,2026-03-19T13:41:02,1.0,1.0,1.0,nllb,es,es,es,Montreal_Locomotive_Works
entity,en,Monument_a_Atatürk_(Izmir),Monument a Atatürk (Izmir),Monument to Atatürk (Izmir),Monument to Atatürk (Izmir),Atatürk Monument (Izmir),0.9,1.0,0.6275,0.6275,1.0,0.0,0.0,Monument to Atatürk (Izmir),Monument to Atatürk (Izmir),mt_vote_revoted_gte_langfilter,2026-03-19T13:41:02,0.9724122881889344,0.9724122881889344,0.9722342491149902,nllb,tr,tr,tr,Monument_to_Atatürk_(Izmir)
entity,en,Morelos,Morelos,Morelos,Morelos,Morelos,0.9,1.0,1.0,1.0,1.0,1.0,1.0,Morelos,Morelos,mt_vote,2026-03-19T13:01:48,,,,,en,en,en,Morelos
entity,en,Moro,Moro,Moorish,Moro,Moro,0.9,0.5455,0.5455,1.0,0.0,0.0,1.0,Moro,Moro,mt_vote,2026-03-19T13:01:49,,,,,en,en,en,Moro
entity,en,Mort_en_una_granja_industrial,Mort en una granja industrial,Died on an industrial farm,Mort on an industrial farm,Death on an industrial farm,0.9,0.8462,0.9057,0.8679,0.0,1.0,0.0,Died on an industrial farm,Died on an industrial farm,mt_vote,2026-03-19T13:01:49,,,,,en,en,en,Died_on_an_industrial_farm
entity,en,Moscou,Moscou,Moscow,Moscow,Moscow,0.9,1.0,1.0,1.0,1.0,1.0,1.0,Moscow,Moscow,mt_vote,2026-03-19T13:01:50,,,,,en,en,en,Moscow
entity,en,"Moscou,_Rússia","Moscou, Rússia","Moscow, Russia","MOSCOW, RUSSIA","Moscow, Russia",0.9,1.0,1.0,1.0,1.0,1.0,1.0,"Moscow, Russia","Moscow, Russia",mt_vote,2026-03-19T13:01:51,,,,,en,en,en,"Moscow,_Russia"
entity,en,Motherwell_FC,Motherwell FC,Motherwell FC,Motherwell F.C.,Motherwell FC,0.9,0.9286,1.0,0.9286,1.0,1.0,1.0,Motherwell FC,Motherwell FC,mt_vote,2026-03-19T13:01:51,,,,,en,en,en,Motherwell_FC
entity,en,MotorSport_Vision,MotorSport Vision,MotorSport Vision is a motorcycle manufacturer.,MotorSport Vision,MotorSport Vision,0.9,0.5312,0.5312,1.0,0.0,0.0,1.0,MotorSport Vision,MotorSport Vision,mt_vote,2026-03-19T13:01:52,,,,,en,en,en,MotorSport_Vision
entity,en,Motor_AMC_V8,Motor AMC V8,AMC V8 engine,AMC V8 engine,AMC V8 Engine,0.9,1.0,1.0,1.0,1.0,1.0,1.0,AMC V8 engine,AMC V8 engine,mt_vote,2026-03-19T13:01:53,,,,,en,en,en,AMC_V8_engine
entity,en,Motor_AMC_en_línia_6,Motor AMC en línia 6,AMC engine in line 6,AMC Inline 6 Engine,AMC Motor Inline 6,0.9,0.5128,0.6842,0.6486,0.0,0.0,0.0,AMC Motor Inline 6,AMC Motor Inline 6,mt_vote,2026-03-19T13:01:54,,,,,en,en,en,AMC_Motor_Inline_6
entity,en,Motor_Honda_J,Motor Honda J,Honda J engine,Honda J engine,Honda J Engine,0.9,1.0,1.0,1.0,1.0,1.0,1.0,Honda J Engine,Honda J Engine,mt_vote_revoted_gte_langfilter,2026-03-19T13:41:02,0.9320383071899414,0.9320383071899414,0.9410356283187866,salamandra,es,es,es,Honda_J_Engine
entity,en,Motor_Honda_K,Motor Honda K,Honda K engine,Honda K engine,Honda K Engine,0.9,1.0,1.0,1.0,1.0,1.0,1.0,Honda K Engine,Honda K Engine,mt_vote_revoted_gte_langfilter,2026-03-19T13:41:02,0.9359180927276612,0.9359180927276612,0.9504027366638184,salamandra,es,es,es,Honda_K_Engine
entity,en,Motor_V12,Motor V12,V12 engine,V12 engine,V12 Engine,0.9,1.0,1.0,1.0,1.0,1.0,1.0,V12 engine,V12 engine,mt_vote,2026-03-19T13:01:55,,,,,en,en,en,V12_engine
entity,en,Motor_V6,Motor V6,V6 engine,V6 engine,V6 Engine,0.9,1.0,1.0,1.0,1.0,1.0,1.0,V6 engine,V6 engine,mt_vote,2026-03-19T13:01:56,,,,,en,en,en,V6_engine
entity,en,Motor_de_sis_directes,Motor de sis directes,Direct six-cylinder engine,Six-directional engine,Six-Direct Motor,0.9,0.0,0.0,0.0,0.0,0.0,0.0,Direct six-cylinder engine,Direct six-cylinder engine,mt_vote_revoted_gte_langfilter,2026-03-19T13:41:02,0.8530261516571045,,,nllb,da,en,en,Direct_six-cylinder_engine
entity,en,"Motor_de_vapor_Humphrys,_Tennant_i_Dykes_140hp","Motor de vapor Humphrys, Tennant i Dykes 140hp","Humphrys, Tennant and Dykes 140hp steam engine","Humphrys, Tennant and Dykes 140hp steam engine","Humphrys, Tennant and Dykes 140hp Steam Engine",0.9,1.0,1.0,1.0,1.0,1.0,1.0,"Humphrys, Tennant and Dykes 140hp steam engine","Humphrys, Tennant and Dykes 140hp steam engine",mt_vote,2026-03-19T13:01:58,,,,,en,en,en,"Humphrys,_Tennant_and_Dykes_140hp_steam_engine"
entity,en,Motor_en_línia_de_quatre,Motor en línia de quatre,Engine in-line four,Four-in-line engine,Four-cylinder in-line engine,0.9,0.4211,0.5106,0.8085,0.0,0.0,0.0,Engine in-line four,Engine in-line four,mt_vote_revoted_gte_langfilter,2026-03-19T13:41:02,0.895298182964325,0.886722207069397,0.8531812429428101,nllb,da,es,da,Engine_in-line_four
entity,en,"Motor_frontal,_tracció_davantera","Motor frontal, tracció davantera","Front engine, front wheel drive","Front motor, front-wheel drive","Front engine, front wheel drive",0.9,0.7869,1.0,0.7869,0.0,1.0,0.0,"Front engine, front wheel drive","Front engine, front wheel drive",mt_vote,2026-03-19T13:02:00,,,,,en,en,en,"Front_engine,_front_wheel_drive"
entity,en,Mulatu_Teschome,Mulatu Teschome,He is the son of Mulatu Teschome.,Mulatu Teschome,Mulatu Teschome,0.9,0.0,0.0,1.0,0.0,0.0,1.0,Mulatu Teschome,Mulatu Teschome,mt_vote_revoted_gte_langfilter,2026-03-19T13:41:02,,1.0,1.0,salamandra,en,de,de,Mulatu_Teschome
entity,en,Munster,Munster,Munster,Munster,Munster,0.9,1.0,1.0,1.0,1.0,1.0,1.0,Munster,Munster,mt_vote_revoted_gte_langfilter,2026-03-19T13:41:02,1.0,1.0,1.0,nllb,de,de,de,Munster
entity,en,"Mur_del_Nord,_Dublín","Mur del Nord, Dublín","Northern Wall, Dublin","Mur del Nord, Dublin","North Wall, Dublin",0.9,0.0,0.0,0.0,0.0,0.0,0.0,"Mur del Nord, Dublin","Mur del Nord, Dublin",mt_vote_revoted_gte_langfilter,2026-03-19T13:41:02,,0.9693740606307985,,madlad,en,es,en,"Mur_del_Nord,_Dublin"
entity,en,Museu_d'Art_d'Akita,Museu d'Art d'Akita,Akita Museum of Art,Akita Museum of Art,Akita Art Museum,0.9,0.0,0.0,0.0,0.0,0.0,0.0,Akita Art Museum,Akita Art Museum,mt_vote_revoted_gte_langfilter,2026-03-19T13:41:02,,,0.9593529105186462,salamandra,en,en,fr,Akita_Art_Museum
entity,en,Museu_d'Art_de_Riverside,Museu d'Art de Riverside,Riverside Museum of Art,Riverside Museum of Art,Riverside Art Museum,0.9,0.0,0.0,0.0,0.0,0.0,0.0,Riverside Art Museum,Riverside Art Museum,mt_vote_revoted_gte_langfilter,2026-03-19T13:41:02,,,0.9274967312812804,salamandra,en,en,fr,Riverside_Art_Museum
entity,en,Mèxic,Mèxic,Mexico,Mexico,Mexico,0.9,1.0,1.0,1.0,1.0,1.0,1.0,Mexico,Mexico,mt_vote,2026-03-19T13:02:04,,,,,en,en,en,Mexico
entity,en,Música_de_nova_onada,Música de nova onada,New wave music,New wave music,New wave music,0.9,1.0,1.0,1.0,1.0,1.0,1.0,New wave music,New wave music,mt_vote,2026-03-19T13:02:04,,,,,en,en,en,New_wave_music
entity,en,Música_hip_hop,Música hip hop,Hip hop music,Hip hop music,Hip hop music,0.9,1.0,1.0,1.0,1.0,1.0,1.0,Hip hop music,Hip hop music,mt_vote_revoted_gte_langfilter,2026-03-19T13:41:02,0.8869544267654419,0.8869544267654419,0.8869544267654419,nllb,nl,nl,nl,Hip_hop_music
entity,en,Música_popular_d'Irlanda,Música popular d'Irlanda,Popular music of Ireland,Irish folk music,Popular Music of Ireland,0.9,0.4,1.0,0.35,0.0,1.0,0.0,Popular music of Ireland,Popular music of Ireland,mt_vote,2026-03-19T13:02:05,,,,,en,en,en,Popular_music_of_Ireland
entity,en,Música_soul,Música soul,Soul music,Soul music,Soul music,0.9,1.0,1.0,1.0,1.0,1.0,1.0,Soul music,Soul music,mt_vote,2026-03-19T13:02:05,,,,,en,en,en,Soul_music
entity,en,Música_trance,Música trance,Trance music,Trance music,Trance music,0.9,1.0,1.0,1.0,1.0,1.0,1.0,Trance music,Trance music,mt_vote,2026-03-19T13:02:06,,,,,en,en,en,Trance_music
entity,en,NHL,NHL,NHL,National Hockey League,NHL,0.9,0.24,1.0,0.16,0.0,1.0,0.0,NHL,NHL,mt_vote,2026-03-19T13:02:06,,,,,en,en,en,NHL
entity,en,NRBQ,NRBQ,NRBQ,NRBQ,NRBQ,0.9,1.0,1.0,1.0,1.0,1.0,1.0,NRBQ,NRBQ,mt_vote,2026-03-19T13:02:07,,,,,en,en,en,NRBQ
entity,en,"NWC,_M.A._1957","NWC, M.A. 1957","NWC, M.A. 1957","NWC, M.A. 1957","NWC, M.A. 1957",0.9,1.0,1.0,1.0,1.0,1.0,1.0,"NWC, M.A. 1957","NWC, M.A. 1957",mt_vote,2026-03-19T13:02:08,,,,,en,en,en,"NWC,_M.A._1957"
entity,en,NZ289147,NZ289147,New Zealand 289147,NZ289147,NZ289147,0.9,0.6154,0.6154,1.0,0.0,0.0,1.0,NZ289147,NZ289147,mt_vote,2026-03-19T13:02:09,,,,,en,en,en,NZ289147
entity,en,"Nacional_a_Indonèsia,_però_més_específic_a_Java","Nacional a Indonèsia, però més específic a Java","National in Indonesia, but more specifically in Java","National to Indonesia, but more specific to Java","National in Indonesia, but more specific to Java",0.9,0.88,0.92,0.9583,0.0,1.0,1.0,"National in Indonesia, but more specifically in Java","National in Indonesia, but more specifically in Java",mt_vote,2026-03-19T13:02:10,,,,,en,en,en,"National_in_Indonesia,_but_more_specifically_in_Java"
entity,en,Najib_Razak,Najib Razak,Najib Razak,Najib Razak,Najib Razak,0.9,1.0,1.0,1.0,1.0,1.0,1.0,Najib Razak,Najib Razak,mt_vote_revoted_gte_langfilter,2026-03-19T13:41:02,1.0000001192092896,1.0000001192092896,1.0000001192092896,nllb,rw,rw,rw,Najib_Razak
entity,en,Narendra_Modi,Narendra Modi,Narendra Modi,Narendra Modi,Narendra Modi,0.9,1.0,1.0,1.0,1.0,1.0,1.0,Narendra Modi,Narendra Modi,mt_vote_revoted_gte_langfilter,2026-03-19T13:41:02,1.0000001192092896,1.0000001192092896,1.0000001192092896,nllb,mg,mg,mg,Narendra_Modi
entity,en,Nasa,Nasa,The Nasa,Nasa,Nasa,0.9,0.6667,0.6667,1.0,0.0,0.0,1.0,Nasa,Nasa,mt_vote,2026-03-19T13:02:12,,,,,en,en,en,Nasa
entity,en,"Nashville,_Tennessee","Nashville, Tennessee","Nashville, Tennessee","Nashville, TN","Nashville, Tennessee",0.9,0.7879,1.0,0.7879,0.0,1.0,0.0,"Nashville, Tennessee","Nashville, Tennessee",mt_vote_revoted_gte_langfilter,2026-03-19T13:41:02,1.0000001192092896,0.973612666130066,1.0000001192092896,salamandra,da,da,da,"Nashville,_Tennessee"
entity,en,Natiu_americà,Natiu americà,Native American,Native American,Native American,0.9,1.0,1.0,1.0,1.0,1.0,1.0,Native American,Native American,mt_vote,2026-03-19T13:02:13,,,,,en,en,en,Native_American
entity,en,Naufragat.,Naufragat.,Shipwrecked.,Shipwrecked.,Cast away.,0.9,1.0,0.2727,0.2727,1.0,0.0,0.0,Shipwrecked.,Shipwrecked.,mt_vote,2026-03-19T13:02:14,,,,,en,en,en,Shipwrecked.
entity,en,Nawaz_Sharif,Nawaz Sharif,Nawaz Sharif,Nawaz Sharif,Nawaz Sharif,0.9,1.0,1.0,1.0,1.0,1.0,1.0,Nawaz Sharif,Nawaz Sharif,mt_vote_revoted_gte_langfilter,2026-03-19T13:41:02,0.9999998807907104,0.9999998807907104,0.9999998807907104,nllb,hu,hu,hu,Nawaz_Sharif
entity,en,Neoromànic,Neoromànic,New Romantic,Neo-Romanesque,Neoromantic,0.9,0.0,0.8696,0.0,0.0,0.0,0.0,Neoromantic,Neoromantic,mt_vote_revoted_gte_langfilter,2026-03-19T13:41:02,0.7276811599731445,,0.8306100368499756,salamandra,es,en,es,Neoromantic
entity,en,Neptun_Werft,Neptun Werft,Neptune Shipyard,Neptun Werft,Neptun Werft,0.9,0.0,0.0,1.0,0.0,0.0,1.0,Neptun Werft,Neptun Werft,mt_vote_revoted_gte_langfilter,2026-03-19T13:41:02,,1.0,1.0,salamandra,en,ro,ro,Neptun_Werft
entity,en,"Neptun_Werft,_Warnemünde,","Neptun Werft, Warnemünde,","This is Neptun Werft, Warnemünde,","Neptun shipyard, Warnemünde,","Neptun Werft, Warnemünde,",0.9,0.0,0.0,0.7925,0.0,0.0,0.0,"Neptun Werft, Warnemünde,","Neptun Werft, Warnemünde,",mt_vote_revoted_gte_langfilter,2026-03-19T13:41:02,,0.9771031737327576,1.0,salamandra,en,tr,de,"Neptun_Werft,_Warnemünde,"
entity,en,New_Douglas_Park,New Douglas Park,This is New Douglas Park.,New Douglas Park,New Douglas Park,0.9,0.0,0.0,1.0,0.0,0.0,1.0,New Douglas Park,New Douglas Park,mt_vote_revoted_gte_langfilter,2026-03-19T13:41:02,,1.0,1.0,salamandra,en,es,es,New_Douglas_Park
entity,en,New_England_Patriots,New England Patriots,The New England Patriots,New England Patriots,New England Patriots,0.9,0.9091,0.9091,1.0,1.0,1.0,1.0,New England Patriots,New England Patriots,mt_vote,2026-03-19T13:02:18,,,,,en,en,en,New_England_Patriots
entity,en,"Newark,_Nova_Jersey","Newark, Nova Jersey","Newark, New Jersey","Newark, NJ","Newark, New Jersey",0.9,0.7143,1.0,0.7143,0.0,1.0,0.0,"Newark, New Jersey","Newark, New Jersey",mt_vote,2026-03-19T13:02:19,,,,,en,en,en,"Newark,_New_Jersey"
entity,en,"Newmarket,_Ontario","Newmarket, Ontario","Newmarket, Ontario","Newmarket, Ontario","Newmarket, Ontario",0.9,1.0,1.0,1.0,1.0,1.0,1.0,"Newmarket, Ontario","Newmarket, Ontario",mt_vote_revoted_gte_langfilter,2026-03-19T13:41:02,1.0000001192092896,1.0000001192092896,1.0000001192092896,nllb,es,es,es,"Newmarket,_Ontario"
entity,en,Newport_Pagnell,Newport Pagnell,This is Newport Pagnell.,Newport Pagnell,Newport Pagnell,0.9,0.0,0.0,1.0,0.0,0.0,1.0,Newport Pagnell,Newport Pagnell,mt_vote_revoted_gte_langfilter,2026-03-19T13:41:02,,1.000000238418579,1.000000238418579,salamandra,en,it,it,Newport_Pagnell
entity,en,"Newport_Pagnell,_Buckinghamshire,_Anglaterra,_Regne_Unit","Newport Pagnell, Buckinghamshire, Anglaterra, Regne Unit","Newport Pagnell, Buckinghamshire, England, United Kingdom This is a dynamic list and may never be able to satisfy particular standards for completeness.","Newport Pagnell, Buckinghamshire, England, United Kingdom","Newport Pagnell, Buckinghamshire, England, United Kingdom",0.9,0.5455,0.5455,1.0,0.0,0.0,1.0,"Newport Pagnell, Buckinghamshire, England, United Kingdom","Newport Pagnell, Buckinghamshire, England, United Kingdom",mt_vote,2026-03-19T13:02:22,,,,,en,en,en,"Newport_Pagnell,_Buckinghamshire,_England,_United_Kingdom"
entity,en,Nicholas_Brodszky,Nicholas Brodszky,Nicholas Brodszky,Nicholas Brodszky,Nicholas Brodszky,0.9,1.0,1.0,1.0,1.0,1.0,1.0,Nicholas Brodszky,Nicholas Brodszky,mt_vote_revoted_gte_langfilter,2026-03-19T13:41:02,1.0000001192092896,1.0000001192092896,1.0000001192092896,nllb,de,de,de,Nicholas_Brodszky
entity,en,Nie_Haisheng,Nie Haisheng,Nie Haisheng,Nie Haisheng,Nie Haisheng,0.9,1.0,1.0,1.0,1.0,1.0,1.0,Nie Haisheng,Nie Haisheng,mt_vote_revoted_gte_langfilter,2026-03-19T13:41:02,1.0,1.0,1.0,nllb,de,de,de,Nie_Haisheng
entity,en,Nigèria,Nigèria,Nigeria,Nigeria,Nigeria,0.9,1.0,1.0,1.0,1.0,1.0,1.0,Nigeria,Nigeria,mt_vote_revoted_gte_langfilter,2026-03-19T13:41:02,0.892561674118042,0.892561674118042,0.892561674118042,nllb,de,de,de,Nigeria
entity,en,Nikolai_Stepànovitx_Txernikh,Nikolai Stepànovitx Txernikh,Nikolai Stepanovich Chernikh,Nikolai Chernykh,Nikolai Stepanovich Chernykh,0.9,0.0,0.9643,0.0,0.0,1.0,0.0,Nikolai Stepanovich Chernikh,Nikolai Stepanovich Chernikh,mt_vote_revoted_gte_langfilter,2026-03-19T13:41:02,0.835547924041748,,0.8283411264419556,nllb,de,en,de,Nikolai_Stepanovich_Chernikh
entity,en,Nikos_Voutsis,Nikos Voutsis,This is Nikos Voutsis.,Nikos Voutsis,Nikos Voutsis,0.9,0.7429,0.7429,1.0,0.0,0.0,1.0,Nikos Voutsis,Nikos Voutsis,mt_vote,2026-03-19T13:02:26,,,,,en,en,en,Nikos_Voutsis
entity,en,Noise_pop,Noise pop,Noise pop,Noise pop,Noise pop,0.9,1.0,1.0,1.0,1.0,1.0,1.0,Noise pop,Noise pop,mt_vote_revoted_gte_langfilter,2026-03-19T13:41:02,1.0,1.0,1.0,nllb,fr,fr,fr,Noise_pop
entity,en,Noodle,Noodle,Noodle,Noodle,Noodle,0.9,1.0,1.0,1.0,1.0,1.0,1.0,Noodle,Noodle,mt_vote_revoted_gte_langfilter,2026-03-19T13:41:02,0.9999999403953552,0.9999999403953552,0.9999999403953552,nllb,cs,cs,cs,Noodle
entity,en,Norbert_Lammert,Norbert Lammert,This is Norbert Lammert.,Norbert Lammert,Norbert Lammert,0.9,0.0,0.0,1.0,0.0,0.0,1.0,Norbert Lammert,Norbert Lammert,mt_vote_revoted_gte_langfilter,2026-03-19T13:41:02,,1.0,1.0,salamandra,en,da,da,Norbert_Lammert
entity,en,Nord_(àlbum_de_Year_of_No_Light),Nord (àlbum de Year of No Light),North (album by Year of No Light),Nord (Year of No Light album),North (album by Year of No Light),0.9,0.7097,1.0,0.7097,0.0,1.0,0.0,North (album by Year of No Light),North (album by Year of No Light),mt_vote,2026-03-19T13:02:28,,,,,en,en,en,North_(album_by_Year_of_No_Light)
entity,en,Norman_Michael_Manley,Norman Michael Manley,Norman Michael Manley,Norman Michael Manley,Norman Michael Manley,0.9,1.0,1.0,1.0,1.0,1.0,1.0,Norman Michael Manley,Norman Michael Manley,mt_vote_revoted_gte_langfilter,2026-03-19T13:41:02,1.0000001192092896,1.0000001192092896,1.0000001192092896,nllb,de,de,de,Norman_Michael_Manley
entity,en,Norman_Pogson,Norman Pogson,This is Norman Pogson.,Norman Pogson,Norman Pogson,0.9,0.7429,0.7429,1.0,0.0,0.0,1.0,Norman Pogson,Norman Pogson,mt_vote,2026-03-19T13:02:30,,,,,en,en,en,Norman_Pogson
entity,en,North_East_England,North East England,North East England,North East England,North East England,0.9,1.0,1.0,1.0,1.0,1.0,1.0,North East England,North East England,mt_vote,2026-03-19T13:02:30,,,,,en,en,en,North_East_England
entity,en,North_Elmham,North Elmham,North Elmham,North Elmham,North Elmham,0.9,1.0,1.0,1.0,1.0,1.0,1.0,North Elmham,North Elmham,mt_vote_revoted_gte_langfilter,2026-03-19T13:41:02,1.0,1.0,1.0,nllb,es,es,es,North_Elmham
entity,en,North_West_Counties_Football_League,North West Counties Football League,North West Counties Football League,North West Counties Football League,North West Counties Football League,0.9,1.0,1.0,1.0,1.0,1.0,1.0,North West Counties Football League,North West Counties Football League,mt_vote,2026-03-19T13:02:32,,,,,en,en,en,North_West_Counties_Football_League
entity,en,"Northbrook,_Illinois","Northbrook, Illinois","Northbrook, Illinois","Northbrook, Illinois","Northbrook, Illinois",0.9,1.0,1.0,1.0,1.0,1.0,1.0,"Northbrook, Illinois","Northbrook, Illinois",mt_vote_revoted_gte_langfilter,2026-03-19T13:41:02,1.0,1.0,1.0,nllb,fr,fr,fr,"Northbrook,_Illinois"
entity,en,Nottingham,Nottingham,Nottingham,Nottingham,Nottingham,0.9,1.0,1.0,1.0,1.0,1.0,1.0,Nottingham,Nottingham,mt_vote,2026-03-19T13:02:33,,,,,en,en,en,Nottingham
entity,en,Nou_Hampshire,Nou Hampshire,New Hampshire,New Hampshire,New Hampshire,0.9,1.0,1.0,1.0,1.0,1.0,1.0,New Hampshire,New Hampshire,mt_vote,2026-03-19T13:02:34,,,,,en,en,en,New_Hampshire
entity,en,Nou_Mèxic,Nou Mèxic,New Mexico,New Mexico,New Mexico,0.9,1.0,1.0,1.0,1.0,1.0,1.0,New Mexico,New Mexico,mt_vote,2026-03-19T13:02:34,,,,,en,en,en,New_Mexico
entity,en,Nous_Països_Baixos,Nous Països Baixos,New Netherlands,New Netherlands,New Netherland,0.9,1.0,0.9655,0.9655,1.0,1.0,1.0,New Netherlands,New Netherlands,mt_vote,2026-03-19T13:02:35,,,,,en,en,en,New_Netherlands
entity,en,"Nova_Bretanya,_Connecticut","Nova Bretanya, Connecticut","This is New Britain, Connecticut.","New Britain, Connecticut","New Britain, Connecticut",0.9,0.8421,0.8421,1.0,0.0,0.0,1.0,"New Britain, Connecticut","New Britain, Connecticut",mt_vote,2026-03-19T13:02:35,,,,,en,en,en,"New_Britain,_Connecticut"
entity,en,Nova_Democràcia_(Grècia),Nova Democràcia (Grècia),New Democracy (Greece),New Democracy (Greece),New Democracy (Greece),0.9,1.0,1.0,1.0,1.0,1.0,1.0,New Democracy (Greece),New Democracy (Greece),mt_vote_revoted_gte_langfilter,2026-03-19T13:41:02,0.9494428634643556,0.9494428634643556,0.9494428634643556,nllb,pl,pl,pl,New_Democracy_(Greece)
entity,en,Nova_Jersey,Nova Jersey,New Jersey,New Jersey,New Jersey,0.9,1.0,1.0,1.0,1.0,1.0,1.0,New Jersey,New Jersey,mt_vote,2026-03-19T13:02:37,,,,,en,en,en,New_Jersey
entity,en,Nova_York,Nova York,New york city,New York,New York,0.9,0.0,0.0,0.0,0.0,0.0,0.0,New york city,New york city,mt_vote_revoted_gte_langfilter,2026-03-19T13:41:02,0.89809250831604,,,nllb,tr,en,en,New_york_city
entity,en,Nurhan_Atasoy,Nurhan Atasoy,Nurhan Atasoy,Nurhan Atasoy,Nurhan Atasoy,0.9,1.0,1.0,1.0,1.0,1.0,1.0,Nurhan Atasoy,Nurhan Atasoy,mt_vote_revoted_gte_langfilter,2026-03-19T13:41:02,1.0,1.0,1.0,nllb,de,de,de,Nurhan_Atasoy
entity,en,ORAA,ORAA,What is it?,ORAA,ORAA,0.9,0.1333,0.1333,1.0,0.0,0.0,1.0,ORAA,ORAA,mt_vote,2026-03-19T13:02:38,,,,,en,en,en,ORAA
entity,en,O_Canada,O Canada,Or Canada,About Canada,O Canada,0.9,0.7619,0.9412,0.8,0.0,1.0,0.0,Or Canada,Or Canada,mt_vote,2026-03-19T13:02:39,,,,,en,en,en,Or_Canada
entity,en,Oberbürgermeister,Oberbürgermeister,The Oberbürgermeister,Mayors,Oberbürgermeister,0.9,0.2222,0.8947,0.1739,0.0,0.0,0.0,Oberbürgermeister,Oberbürgermeister,mt_vote_revoted_gte_langfilter,2026-03-19T13:41:02,0.9497969150543212,0.8073615431785583,1.0000001192092896,salamandra,de,tr,de,Oberbürgermeister
entity,en,Obertura_de_l'esperança,Obertura de l'esperança,Openness of Hope,Opening of hope,The Opening of Hope,0.9,0.8387,0.7429,0.8824,0.0,0.0,0.0,Opening of hope,Opening of hope,mt_vote,2026-03-19T13:02:40,,,,,en,en,en,Opening_of_hope
entity,en,Observatori_del_Roque_de_los_Muchachos,Observatori del Roque de los Muchachos,Observatory of the Roque de los Muchachos,Roque de los Muchachos Observatory,Observatorio del Roque de los Muchachos,0.9,0.0,0.0,0.6027,0.0,0.0,0.0,Observatorio del Roque de los Muchachos,Observatorio del Roque de los Muchachos,mt_vote_revoted_gte_langfilter,2026-03-19T13:41:02,,0.8987308740615845,0.9986992478370668,salamandra,en,es,es,Observatorio_del_Roque_de_los_Muchachos
entity,en,Ocupació_japonesa_de_Borneo_Britànic,Ocupació japonesa de Borneo Britànic,Japanese occupation of British Borneo,Japanese Occupation of British Borneo,Japanese Occupation of British Borneo,0.9,1.0,1.0,1.0,1.0,1.0,1.0,Japanese occupation of British Borneo,Japanese occupation of British Borneo,mt_vote,2026-03-19T13:02:42,,,,,en,en,en,Japanese_occupation_of_British_Borneo
entity,en,Oficina_de_Disseny_de_Yuzhnoye,Oficina de Disseny de Yuzhnoye,Yuzhnoye Design Bureau,Yuzhnoye Design Office,Yuzhnoye Design Office,0.9,0.7727,0.7727,1.0,0.0,0.0,1.0,Yuzhnoye Design Office,Yuzhnoye Design Office,mt_vote,2026-03-19T13:02:43,,,,,en,en,en,Yuzhnoye_Design_Office
entity,en,Ohio,Ohio,Ohio,Ohio,Ohio,0.9,1.0,1.0,1.0,1.0,1.0,1.0,Ohio,Ohio,mt_vote,2026-03-19T13:02:44,,,,,en,en,en,Ohio
entity,en,Okeh,Okeh,"Okay, whoa, whoa.",Okeh,Okeh,0.9,0.0,0.0,1.0,0.0,0.0,1.0,Okeh,Okeh,mt_vote_revoted_gte_langfilter,2026-03-19T13:41:02,,1.0,1.0,salamandra,en,de,de,Okeh
entity,en,Oladipo_Diya,Oladipo Diya,Oladipo Diya,Oladipo Diya,Oladipo Diya,0.9,1.0,1.0,1.0,1.0,1.0,1.0,Oladipo Diya,Oladipo Diya,mt_vote_revoted_gte_langfilter,2026-03-19T13:41:02,1.0,1.0,1.0,nllb,it,it,it,Oladipo_Diya
entity,en,Olga_Bondareva,Olga Bondareva,Olga Bondareva was born,Olga Bondareva,Olga Bondareva,0.9,0.0,0.0,1.0,0.0,0.0,1.0,Olga Bondareva,Olga Bondareva,mt_vote_revoted_gte_langfilter,2026-03-19T13:41:02,,1.0000001192092896,1.0000001192092896,salamandra,en,sv,sv,Olga_Bondareva
entity,en,Olga_Nikolaevna_Bondareva,Olga Nikolaevna Bondareva,She was born Olga Nikolaevna Bondareva.,Olga Bondareva,Olga Nikolaevna Bondareva,0.9,0.0,0.0,0.7179,0.0,0.0,0.0,Olga Nikolaevna Bondareva,Olga Nikolaevna Bondareva,mt_vote_revoted_gte_langfilter,2026-03-19T13:41:02,,0.9585765600204468,1.0,salamandra,en,sv,sv,Olga_Nikolaevna_Bondareva
entity,en,Oliver_Wyss,Oliver Wyss,Oliver Wyss,Oliver Wyss,Oliver Wyss,0.9,1.0,1.0,1.0,1.0,1.0,1.0,Oliver Wyss,Oliver Wyss,mt_vote_revoted_gte_langfilter,2026-03-19T13:41:02,1.0000001192092896,1.0000001192092896,1.0000001192092896,nllb,pl,pl,pl,Oliver_Wyss
entity,en,Olusegun_Obasanjo,Olusegun Obasanjo,This is Olusegun Obasanjo.,Olusegun Obasanjo,Olusegun Obasanjo,0.9,0.0,0.0,1.0,0.0,0.0,1.0,Olusegun Obasanjo,Olusegun Obasanjo,mt_vote_revoted_gte_langfilter,2026-03-19T13:41:02,,1.0000001192092896,1.0000001192092896,salamandra,en,sl,sl,Olusegun_Obasanjo
entity,en,Olympiakos_FC,Olympiakos FC,Olympiakos FC,Olympiakos FC,Olympiakos FC,0.9,1.0,1.0,1.0,1.0,1.0,1.0,Olympiakos FC,Olympiakos FC,mt_vote_revoted_gte_langfilter,2026-03-19T13:41:02,1.0,1.0,1.0,nllb,es,es,es,Olympiakos_FC
entity,en,Olympiausa._kgm,Olympiausa. kgm,Olympiausa. weight in kg,Olympia,Olympiausa. kgm,0.9,0.0,0.0,0.0,0.0,0.0,0.0,Olympiausa. kgm,Olympiausa. kgm,mt_vote_revoted_gte_langfilter,2026-03-19T13:41:02,,,1.0000001192092896,salamandra,en,en,fi,Olympiausa._kgm
entity,en,Olympique_Lyonnais,Olympique Lyonnais,French club Olympique Lyonnais,Olympique Lyonnais,Olympique Lyonnais,0.9,0.75,0.75,1.0,0.0,0.0,1.0,Olympique Lyonnais,Olympique Lyonnais,mt_vote_revoted_gte_langfilter,2026-03-19T13:41:02,0.9509973526000975,1.0,1.0,salamandra,fr,fr,fr,Olympique_Lyonnais
entity,en,Opel_Vectra,Opel Vectra,The Opel Vectra,Opel Vectra,Opel Vectra,0.9,0.0,0.0,1.0,0.0,0.0,1.0,Opel Vectra,Opel Vectra,mt_vote_revoted_gte_langfilter,2026-03-19T13:41:02,,1.0,1.0,salamandra,en,pt,pt,Opel_Vectra
entity,en,"Opelika,_Alabama","Opelika, Alabama","This is Opelika, Alabama.","Opelika, Alabama","Opelika, Alabama",0.9,0.0,0.0,1.0,0.0,0.0,1.0,"Opelika, Alabama","Opelika, Alabama",mt_vote_revoted_gte_langfilter,2026-03-19T13:41:02,,1.0,1.0,salamandra,en,sv,sv,"Opelika,_Alabama"
entity,en,Operació_El_Dorado_Canyon,Operació El Dorado Canyon,Operation El Dorado Canyon,Operation El Dorado Canyon,Operation El Dorado Canyon,0.9,1.0,1.0,1.0,1.0,1.0,1.0,Operation El Dorado Canyon,Operation El Dorado Canyon,mt_vote_revoted_gte_langfilter,2026-03-19T13:41:02,0.9561460614204408,0.9561460614204408,0.9561460614204408,nllb,es,es,es,Operation_El_Dorado_Canyon
entity,en,Operació_Llibertat_Duradora,Operació Llibertat Duradora,Operation Enduring Freedom,Operation Enduring Freedom,Operation Enduring Freedom,0.9,1.0,1.0,1.0,1.0,1.0,1.0,Operation Enduring Freedom,Operation Enduring Freedom,mt_vote,2026-03-19T13:02:53,,,,,en,en,en,Operation_Enduring_Freedom
entity,en,Orange_County_Blues_FC,Orange County Blues FC,Orange County Blues FC,Orange County Blues,Orange County Blues FC,0.9,0.9268,1.0,0.9268,1.0,1.0,1.0,Orange County Blues FC,Orange County Blues FC,mt_vote,2026-03-19T13:02:54,,,,,en,en,en,Orange_County_Blues_FC
entity,en,Orbital_ATK,Orbital ATK,Orbital ATK,Orbital ATK,Orbital ATK,0.9,1.0,1.0,1.0,1.0,1.0,1.0,Orbital ATK,Orbital ATK,mt_vote,2026-03-19T13:02:55,,,,,en,en,en,Orbital_ATK
entity,en,Orde_Polònia_Restituta,Orde Polònia Restituta,Order of Poland Restitute,Order of Poland Restituta,Order of Polonia Restituta,0.9,0.96,0.8627,0.902,1.0,0.0,1.0,Order of Poland Restitute,Order of Poland Restitute,mt_vote,2026-03-19T13:02:56,,,,,en,en,en,Order_of_Poland_Restitute
entity,en,Orde_Virtuti_Militari,Orde Virtuti Militari,Order of the Virtuti Militari,Order of Virtuti Militari,Orde Virtuti Militari,0.9,0.0,0.0,0.0,0.0,0.0,0.0,Orde Virtuti Militari,Orde Virtuti Militari,mt_vote_revoted_gte_langfilter,2026-03-19T13:41:02,,,1.0,salamandra,en,en,de,Orde_Virtuti_Militari
entity,en,Orde_de_l'Imperi_Britànic,Orde de l'Imperi Britànic,Order of the British Empire,Order of the British Empire,Order of the British Empire,0.9,1.0,1.0,1.0,1.0,1.0,1.0,Order of the British Empire,Order of the British Empire,mt_vote,2026-03-19T13:02:57,,,,,en,en,en,Order_of_the_British_Empire
entity,en,Orde_del_Servei_Distingit,Orde del Servei Distingit,Order of Distinguished Service,Order of Distinguished Service,Distinguished Service Order,0.9,0.0,0.0,0.0,0.0,0.0,0.0,Distinguished Service Order,Distinguished Service Order,mt_vote_revoted_gte_langfilter,2026-03-19T13:41:02,,,0.8224986791610718,salamandra,en,en,et,Distinguished_Service_Order
entity,en,Oregon,Oregon,Oregon,Oregon,Oregon,0.9,1.0,1.0,1.0,1.0,1.0,1.0,Oregon,Oregon,mt_vote_revoted_gte_langfilter,2026-03-19T13:41:02,1.000000238418579,1.000000238418579,1.000000238418579,nllb,it,it,it,Oregon
entity,en,Orfeo_(empresa_discogràfica_uruguaiana),Orfeo (empresa discogràfica uruguaiana),Orfeo (Uruguayan record label),Orfeo (Uruguay record company),Orfeo (Uruguayan record company),0.9,0.0,0.8387,0.0,0.0,0.0,0.0,Orfeo (Uruguayan record company),Orfeo (Uruguayan record company),mt_vote_revoted_gte_langfilter,2026-03-19T13:41:02,0.9646636247634888,,0.9685024619102478,salamandra,id,en,id,Orfeo_(Uruguayan_record_company)
entity,en,"Orientales,_la_Patria_o_la_tumba","Orientales, la Patria o la tumba","Oriental, the homeland or the tomb","Orientals, the Homeland or the Tomb","Orientales, la Patria o la tumba",0.9,0.0,0.0,0.0,0.0,0.0,0.0,"Orientales, la Patria o la tumba","Orientales, la Patria o la tumba",mt_vote_revoted_gte_langfilter,2026-03-19T13:41:02,,,1.0,salamandra,en,en,es,"Orientales,_la_Patria_o_la_tumba"
entity,en,Orthoretrovirinae,Orthoretrovirinae,"Orthoretrovirinae is a genus of beetles in the family Cerambycidae, containing the following species:",Orthoretrovirinae,Orthoretrovirinae,0.9,0.2881,0.2881,1.0,0.0,0.0,1.0,Orthoretrovirinae,Orthoretrovirinae,mt_vote,2026-03-19T13:03:02,,,,,en,en,en,Orthoretrovirinae
entity,en,Otkrytiye_Arena,Otkrytiye Arena,Otkrytiye Arena is a multi-purpose indoor arena.,Otkrytiye Arena,Otkrytiye Arena,0.9,0.4762,0.4762,1.0,0.0,0.0,1.0,Otkrytiye Arena,Otkrytiye Arena,mt_vote,2026-03-19T13:03:02,,,,,en,en,en,Otkrytiye_Arena
entity,en,Oudh,Oudh,Oudh,Oudh,Oudh,0.9,1.0,1.0,1.0,1.0,1.0,1.0,Oudh,Oudh,mt_vote,2026-03-19T13:03:03,,,,,en,en,en,Oudh
entity,en,Owen_Glendower_(novel·la),Owen Glendower (novel·la),Owen Glendower (novel),Owen Glendower (novel),Owen Glendower (novel),0.9,1.0,1.0,1.0,1.0,1.0,1.0,Owen Glendower (novel),Owen Glendower (novel),mt_vote_revoted_gte_langfilter,2026-03-19T13:41:02,0.9852463006973268,0.9852463006973268,0.9852463006973268,nllb,es,es,es,Owen_Glendower_(novel)
entity,en,P&O_(empresa),P&O (empresa),P&O (company),P&O (company),P&O (company),0.9,1.0,1.0,1.0,1.0,1.0,1.0,P&O (company),P&O (company),mt_vote,2026-03-19T13:03:05,,,,,en,en,en,P&O_(company)
entity,en,PAS_Tehran_FC,PAS Tehran FC,"PAS Tehran FC is a football club based in Tehran, Iran.",PAS Tehran FC,PAS Tehran FC,0.9,0.0,0.0,1.0,0.0,0.0,1.0,PAS Tehran FC,PAS Tehran FC,mt_vote_revoted_gte_langfilter,2026-03-19T13:41:02,,1.0000001192092896,1.0000001192092896,salamandra,en,de,de,PAS_Tehran_FC
entity,en,PR6031.O867,PR6031.O867,This Regulation shall enter into force on the twentieth day following that of its publication in the Official Journal of the European Union.,PR6031.O867,PR6031.O867,0.9,0.0265,0.0265,1.0,0.0,0.0,1.0,PR6031.O867,PR6031.O867,mt_vote,2026-03-19T13:03:07,,,,,en,en,en,PR6031.O867
entity,en,PS3523.E55_S4_1982,PS3523.E55 S4 1982,PS3523.E55 S4 from 1982,PS3523.E55 S4 1982,PS3523.E55 S4 1982,0.9,0.878,0.878,1.0,0.0,0.0,1.0,PS3523.E55 S4 1982,PS3523.E55 S4 1982,mt_vote,2026-03-19T13:03:09,,,,,en,en,en,PS3523.E55_S4_1982
entity,en,PSV_Eindhoven,PSV Eindhoven,"PSV Eindhoven is a football club based in Eindhoven, Germany.",PSV Eindhoven,PSV Eindhoven,0.9,0.0,0.0,1.0,0.0,0.0,1.0,PSV Eindhoven,PSV Eindhoven,mt_vote_revoted_gte_langfilter,2026-03-19T13:41:03,,1.0,1.0,salamandra,en,de,de,PSV_Eindhoven
entity,en,"Pa,_amandes,_all,_aigua,_oli_d'oliva","Pa, amandes, all, aigua, oli d'oliva","Bread, almonds, garlic, water and olive oil","Bread, almonds, garlic, water, olive oil.","Bread, almonds, garlic, water, olive oil",0.9,0.9286,0.9398,0.9877,1.0,1.0,1.0,"Bread, almonds, garlic, water, olive oil","Bread, almonds, garlic, water, olive oil",mt_vote,2026-03-19T13:03:11,,,,,en,en,en,"Bread,_almonds,_garlic,_water,_olive_oil"
entity,en,"Pacific_Grove,_Califòrnia","Pacific Grove, Califòrnia","Pacific Grove, California","Pacific Grove, CA","Pacific Grove, California",0.9,0.8095,1.0,0.8095,0.0,1.0,0.0,"Pacific Grove, California","Pacific Grove, California",mt_vote,2026-03-19T13:03:12,,,,,en,en,en,"Pacific_Grove,_California"
entity,en,Pakistan,Pakistan,Pakistan,Pakistan. 1996,Pakistan,0.9,0.7273,1.0,0.7273,0.0,1.0,0.0,Pakistan,Pakistan,mt_vote,2026-03-19T13:03:12,,,,,en,en,en,Pakistan
entity,en,Pakora,Pakora,The Pakora,Pakora,Pakora,0.9,0.75,0.75,1.0,0.0,0.0,1.0,Pakora,Pakora,mt_vote,2026-03-19T13:03:13,,,,,en,en,en,Pakora
entity,en,Pakora_i_altres_frites_fetes_amb_farina_de_blat_o_blat_de_moro,Pakora i altres frites fetes amb farina de blat o blat de moro,Pakora and other fries made with wheat or maize flour,Pakora and other fries made with wheat or corn flour,Pakora and other fritters made with wheat or corn flour,0.9,0.9143,0.8889,0.972,1.0,0.0,1.0,Pakora and other fries made with wheat or maize flour,Pakora and other fries made with wheat or maize flour,mt_vote,2026-03-19T13:03:14,,,,,en,en,en,Pakora_and_other_fries_made_with_wheat_or_maize_flour
entity,en,Palau_de_Westminster,Palau de Westminster,Palace of Westminster,Palace of Westminster,Palace of Westminster,0.9,1.0,1.0,1.0,1.0,1.0,1.0,Palace of Westminster,Palace of Westminster,mt_vote,2026-03-19T13:03:15,,,,,en,en,en,Palace_of_Westminster
entity,en,Paleobiologia,Paleobiologia,Paleobiology,Paleobiology,Paleobiology,0.9,1.0,1.0,1.0,1.0,1.0,1.0,Paleobiology,Paleobiology,mt_vote,2026-03-19T13:03:16,,,,,en,en,en,Paleobiology
entity,en,Pallacanestro_Cantù,Pallacanestro Cantù,Pallacanestro Cantù,Pallacanestro Cantù,Pallacanestro Cantù,0.9,1.0,1.0,1.0,1.0,1.0,1.0,Pallacanestro Cantù,Pallacanestro Cantù,mt_vote_revoted_gte_langfilter,2026-03-19T13:41:03,1.0000001192092896,1.0000001192092896,1.0000001192092896,nllb,it,it,it,Pallacanestro_Cantù
entity,en,Palo_Seco,Palo Seco,Palo Seco,Palo Seco,Palo Seco,0.9,1.0,1.0,1.0,1.0,1.0,1.0,Palo Seco,Palo Seco,mt_vote_revoted_gte_langfilter,2026-03-19T13:41:03,1.0,1.0,1.0,nllb,es,es,es,Palo_Seco
entity,en,Palo_Seco_Velodrome_(en_anglès).,Palo Seco Velodrome (en anglès).,Palo Seco Velodrome (in English).,Palo Seco Velodrome.,Palo Seco Velodrome (in English).,0.9,0.7547,1.0,0.7547,0.0,1.0,0.0,Palo Seco Velodrome (in English).,Palo Seco Velodrome (in English).,mt_vote_revoted_gte_langfilter,2026-03-19T13:41:03,0.979886531829834,0.9504218101501464,0.979886531829834,salamandra,it,it,it,Palo_Seco_Velodrome_(in_English).
entity,en,"Pan_i_tocín,_amb_un_condiment,_sovint_ketchup_o_salsa_marró","Pan i tocín, amb un condiment, sovint ketchup o salsa marró","Bread and bacon, with a condiment, often ketchup or brown sauce","Bread and bacon, with a condiment, often ketchup or brown sauce","Bread and cheese, with a condiment, often ketchup or brown sauce",0.9,1.0,0.9291,0.9291,1.0,1.0,1.0,"Bread and bacon, with a condiment, often ketchup or brown sauce","Bread and bacon, with a condiment, often ketchup or brown sauce",mt_vote,2026-03-19T13:03:20,,,,,en,en,en,"Bread_and_bacon,_with_a_condiment,_often_ketchup_or_brown_sauce"
entity,en,"Pando,_Uruguai","Pando, Uruguai","Pando, Uruguay","Pando, Uruguay","Pando, Uruguay",0.9,1.0,1.0,1.0,1.0,1.0,1.0,"Pando, Uruguay","Pando, Uruguay",mt_vote_revoted_gte_langfilter,2026-03-19T13:41:03,0.9859890937805176,0.9859890937805176,0.9859890937805176,nllb,es,es,es,"Pando,_Uruguay"
entity,en,Pangasinenses,Pangasinenses,People from Pangasinan,Pangasinan,Pangasinenses,0.9,0.0,0.0,0.7826,0.0,0.0,0.0,Pangasinenses,Pangasinenses,mt_vote_revoted_gte_langfilter,2026-03-19T13:41:03,,0.9182364344596864,0.9999999403953552,salamandra,en,id,xh,Pangasinenses
entity,en,Pantaleón_Álvarez,Pantaleón Álvarez,Pantaleón Álvarez is a Spanish singer-songwriter.,Pantaleón Álvarez,Pantaleón Álvarez,0.9,0.5152,0.5152,1.0,0.0,0.0,1.0,Pantaleón Álvarez,Pantaleón Álvarez,mt_vote_revoted_gte_langfilter,2026-03-19T13:41:03,0.9083231687545776,0.9999999403953552,0.9999999403953552,salamandra,es,gl,gl,Pantaleón_Álvarez
entity,en,Papenburg,Papenburg,Papenburg,Papenburg,Papenburg,0.9,1.0,1.0,1.0,1.0,1.0,1.0,Papenburg,Papenburg,mt_vote_revoted_gte_langfilter,2026-03-19T13:41:03,1.0,1.0,1.0,nllb,de,de,de,Papenburg
entity,en,Papiermark_alemany,Papiermark alemany,German Papiermark,German Papiermark,German Papiermark,0.9,1.0,1.0,1.0,1.0,1.0,1.0,German Papiermark,German Papiermark,mt_vote_revoted_gte_langfilter,2026-03-19T13:41:03,0.9727373719215392,0.9727373719215392,0.9727373719215392,nllb,ro,ro,ro,German_Papiermark
entity,en,Paracuellos_de_Jarama,Paracuellos de Jarama,Paracelsus of Jarama,Paracuellos de Jarama,Paracuellos de Jarama,0.9,0.0,0.0,1.0,0.0,0.0,1.0,Paracuellos de Jarama,Paracuellos de Jarama,mt_vote_revoted_gte_langfilter,2026-03-19T13:41:03,,0.9999999403953552,0.9999999403953552,salamandra,en,es,es,Paracuellos_de_Jarama
entity,en,Paraguai,Paraguai,Paraguay,Paraguay,Paraguay,0.9,1.0,1.0,1.0,1.0,1.0,1.0,Paraguay,Paraguay,mt_vote,2026-03-19T13:03:25,,,,,en,en,en,Paraguay
entity,en,Paraná_(estat),Paraná (estat),Paraná (state),Paraná (state),Paraná (state),0.9,1.0,1.0,1.0,1.0,1.0,1.0,Paraná (state),Paraná (state),mt_vote_revoted_gte_langfilter,2026-03-19T13:41:03,0.94426167011261,0.94426167011261,0.94426167011261,nllb,sk,sk,sk,Paraná_(state)
entity,en,Parc_Olympique_Lyonnais,Parc Olympique Lyonnais,Park Olympique Lyonnais,Parc Olympique Lyonnais,Parc Olympique Lyonnais,0.9,0.9565,0.9565,1.0,1.0,1.0,1.0,Parc Olympique Lyonnais,Parc Olympique Lyonnais,mt_vote_revoted_gte_langfilter,2026-03-19T13:41:03,0.9873036742210388,1.0,1.0,madlad,fr,fr,fr,Parc_Olympique_Lyonnais
entity,en,Parc_de_Fers,Parc de Fers,Park of Fers,Parc de Fers,Fers Park,0.9,0.0,0.0,0.0,0.0,0.0,0.0,Parc de Fers,Parc de Fers,mt_vote_revoted_gte_langfilter,2026-03-19T13:41:03,,0.9999998807907104,,madlad,en,es,en,Parc_de_Fers
entity,en,Paris_Cullins,Paris Cullins,Paris Cullins,Paris Cullins,Paris Cullins,0.9,1.0,1.0,1.0,1.0,1.0,1.0,Paris Cullins,Paris Cullins,mt_vote,2026-03-19T13:03:27,,,,,en,en,en,Paris_Cullins
entity,en,"Parkersburg,_Virgínia_Occidental","Parkersburg, Virgínia Occidental","Parkersburg, West Virginia","Parkersburg, WV","Parkersburg, West Virginia",0.9,0.0,1.0,0.0,0.0,1.0,0.0,"Parkersburg, West Virginia","Parkersburg, West Virginia",mt_vote_revoted_gte_langfilter,2026-03-19T13:41:03,0.9484119415283204,,0.9484119415283204,salamandra,lt,en,lt,"Parkersburg,_West_Virginia"
entity,en,Parlament_Estatal_de_Califòrnia,Parlament Estatal de Califòrnia,California State Assembly,California State Capitol,California State Legislature,0.9,0.7755,0.0,0.0,0.0,0.0,0.0,California State Assembly,California State Assembly,mt_vote_revoted_gte_langfilter,2026-03-19T13:41:03,0.9114953875541688,0.8199672698974609,,nllb,pl,pl,en,California_State_Assembly
entity,en,Parlament_Europeu,Parlament Europeu,The European Parliament,European Parliament,European Parliament,0.9,0.9048,0.9048,1.0,1.0,1.0,1.0,European Parliament,European Parliament,mt_vote,2026-03-19T13:03:30,,,,,en,en,en,European_Parliament
entity,en,Parlament_de_Catalunya,Parlament de Catalunya,Parliament of Catalonia,Parliament of Catalonia,Catalan Parliament,0.9,1.0,0.4878,0.4878,1.0,0.0,0.0,Parliament of Catalonia,Parliament of Catalonia,mt_vote,2026-03-19T13:03:30,,,,,en,en,en,Parliament_of_Catalonia
entity,en,Parlament_del_Regne_Unit,Parlament del Regne Unit,Parliament of the United Kingdom,Parliament of the United Kingdom,United Kingdom Parliament,0.9,1.0,0.4912,0.4912,1.0,0.0,0.0,Parliament of the United Kingdom,Parliament of the United Kingdom,mt_vote,2026-03-19T13:03:31,,,,,en,en,en,Parliament_of_the_United_Kingdom
entity,en,Parti_Bumiputera_Sarawak,Parti Bumiputera Sarawak,Party Bumiputera Sarawak,Parti Bumiputera Sarawak,Parti Bumiputera Sarawak,0.9,0.9583,0.9583,1.0,1.0,1.0,1.0,Parti Bumiputera Sarawak,Parti Bumiputera Sarawak,mt_vote_revoted_gte_langfilter,2026-03-19T13:41:03,0.9966024160385132,1.0,1.0,madlad,pl,mt,mt,Parti_Bumiputera_Sarawak
entity,en,Parti_Pesaka_Bumiputera_Bersatu,Parti Pesaka Bumiputera Bersatu,Part of the Pesaka Bumiputera Bersatu,Parti Pesaka Bumiputera Bersatu,Parti Pesaka Bumiputera Bersatu,0.9,0.0,0.0,1.0,0.0,0.0,1.0,Parti Pesaka Bumiputera Bersatu,Parti Pesaka Bumiputera Bersatu,mt_vote_revoted_gte_langfilter,2026-03-19T13:41:03,,0.9999999403953552,0.9999999403953552,salamandra,en,it,it,Parti_Pesaka_Bumiputera_Bersatu
entity,en,Partit_Conservador_(Regne_Unit),Partit Conservador (Regne Unit),Conservative Party (UK),Conservative Party (United Kingdom),Conservative Party (United Kingdom),0.9,0.7931,0.7931,1.0,0.0,0.0,1.0,Conservative Party (United Kingdom),Conservative Party (United Kingdom),mt_vote,2026-03-19T13:03:34,,,,,en,en,en,Conservative_Party_(United_Kingdom)
entity,en,Partit_Conservador_del_Canadà,Partit Conservador del Canadà,Conservative Party of Canada,Conservative Party of Canada,Conservative Party of Canada,0.9,1.0,1.0,1.0,1.0,1.0,1.0,Conservative Party of Canada,Conservative Party of Canada,mt_vote,2026-03-19T13:03:34,,,,,en,en,en,Conservative_Party_of_Canada
entity,en,Partit_Democràtic_del_Treball_(Brasil),Partit Democràtic del Treball (Brasil),Democratic Party of Labour (Brazil),Democratic Labour Party (Brazil),Democratic Labor Party (Brazil),0.9,0.7761,0.7576,0.9841,0.0,0.0,1.0,Democratic Labour Party (Brazil),Democratic Labour Party (Brazil),mt_vote,2026-03-19T13:03:35,,,,,en,en,en,Democratic_Labour_Party_(Brazil)
entity,en,Partit_Demòcrata_(Estats_Units),Partit Demòcrata (Estats Units),Democratic Party (United States),Democratic Party (United States),Democratic Party (United States),0.9,1.0,1.0,1.0,1.0,1.0,1.0,Democratic Party (United States),Democratic Party (United States),mt_vote,2026-03-19T13:03:36,,,,,en,en,en,Democratic_Party_(United_States)
entity,en,Partit_Justicialista,Partit Justicialista,Justicialist Party,Justicialist Party,Partido Justicialista,0.9,1.0,0.6667,0.6667,1.0,0.0,0.0,Justicialist Party,Justicialist Party,mt_vote_revoted_gte_langfilter,2026-03-19T13:41:03,0.91866135597229,0.91866135597229,0.9839126467704772,nllb,es,es,es,Justicialist_Party
entity,en,Partit_Laborista_(Regne_Unit),Partit Laborista (Regne Unit),Labour Party (UK),Labour Party (United Kingdom),Labour Party (UK),0.9,0.7391,1.0,0.7391,0.0,1.0,0.0,Labour Party (UK),Labour Party (UK),mt_vote,2026-03-19T13:03:38,,,,,en,en,en,Labour_Party_(UK)
entity,en,Partit_Liberal_(Filipines),Partit Liberal (Filipines),Liberal Party (Philippines),Liberal Party of the Philippines,Liberal Party (Philippines),0.9,0.8475,1.0,0.8475,0.0,1.0,0.0,Liberal Party (Philippines),Liberal Party (Philippines),mt_vote,2026-03-19T13:03:38,,,,,en,en,en,Liberal_Party_(Philippines)
entity,en,Partit_Popular_(Espanya),Partit Popular (Espanya),Popular Party (Spain),People's Party (Spain),Popular Party (Spain),0.9,0.8372,1.0,0.8372,0.0,1.0,0.0,Popular Party (Spain),Popular Party (Spain),mt_vote,2026-03-19T13:03:39,,,,,en,en,en,Popular_Party_(Spain)
entity,en,Partit_Popular_d'Àustria,Partit Popular d'Àustria,Austrian People's Party,Austrian People's Party,Austrian People's Party,0.9,1.0,1.0,1.0,1.0,1.0,1.0,Austrian People's Party,Austrian People's Party,mt_vote,2026-03-19T13:03:40,,,,,en,en,en,Austrian_People's_Party
entity,en,Partit_Republicà_(Estats_Units),Partit Republicà (Estats Units),Republican Party (United States),Republican Party (United States),Republican Party (United States),0.9,1.0,1.0,1.0,1.0,1.0,1.0,Republican Party (United States),Republican Party (United States),mt_vote,2026-03-19T13:03:41,,,,,en,en,en,Republican_Party_(United_States)
entity,en,Partit_Socialista_(Països_Baixos),Partit Socialista (Països Baixos),Socialist Party (Netherlands),Socialist Party (Netherlands),Socialist Party (Netherlands),0.9,1.0,1.0,1.0,1.0,1.0,1.0,Socialist Party (Netherlands),Socialist Party (Netherlands),mt_vote,2026-03-19T13:03:42,,,,,en,en,en,Socialist_Party_(Netherlands)
entity,en,Partit_Socialista_Obrer_Espanyol,Partit Socialista Obrer Espanyol,Spanish Socialist Workers' Party,Partido Socialista Obrero Español,Spanish Socialist Workers' Party,0.9,0.0,0.0,0.0,0.0,0.0,0.0,Partido Socialista Obrero Español,Partido Socialista Obrero Español,mt_vote_revoted_gte_langfilter,2026-03-19T13:41:03,,0.9366888403892516,,madlad,en,es,en,Partido_Socialista_Obrero_Español
entity,en,Partit_Whig_(Estats_Units),Partit Whig (Estats Units),Whig Party (United States),Whig Party (United States),Whig Party (United States),0.9,1.0,1.0,1.0,1.0,1.0,1.0,Whig Party (United States),Whig Party (United States),mt_vote,2026-03-19T13:03:43,,,,,en,en,en,Whig_Party_(United_States)
entity,en,Partit_del_Treball_(Argentina),Partit del Treball (Argentina),Party of Labour (Argentina),Partido del Trabajo (Argentina),Partido del Trabajo (Argentina),0.9,0.0,0.0,1.0,0.0,0.0,1.0,Partido del Trabajo (Argentina),Partido del Trabajo (Argentina),mt_vote_revoted_gte_langfilter,2026-03-19T13:41:03,,0.965724766254425,0.965724766254425,salamandra,en,es,es,Partido_del_Trabajo_(Argentina)
entity,en,"París,_Nova_York_o_Hong_Kong","París, Nova York o Hong Kong","Paris, New York or Hong Kong","Paris, New York or Hong Kong","Paris, New York or Hong Kong",0.9,1.0,1.0,1.0,1.0,1.0,1.0,"Paris, New York or Hong Kong","Paris, New York or Hong Kong",mt_vote,2026-03-19T13:03:45,,,,,en,en,en,"Paris,_New_York_or_Hong_Kong"
entity,en,Pasta_brisada_o_trencada,Pasta brisada o trencada,Crushed or broken paste,Crushed or broken pasta,Pasta brisata or broken pasta,0.9,0.9565,0.6538,0.6923,1.0,0.0,0.0,Crushed or broken paste,Crushed or broken paste,mt_vote,2026-03-19T13:03:46,,,,,en,en,en,Crushed_or_broken_paste
entity,en,Pastissos_Barny,Pastissos Barny,Barny cakes,Pastissos Barny,Barny Cakes,0.9,0.0,0.0,0.0,0.0,0.0,0.0,Pastissos Barny,Pastissos Barny,mt_vote_revoted_gte_langfilter,2026-03-19T13:41:03,,1.0,,madlad,en,es,en,Pastissos_Barny
entity,en,Pastís,Pastís,Cake,Pastís,Cake,0.9,0.0,0.0,0.0,0.0,0.0,0.0,Pastís,Pastís,mt_vote_revoted_gte_langfilter,2026-03-19T13:41:03,,1.0,,madlad,en,cs,en,Pastís
entity,en,Pat_Monahan,Pat Monahan,This is Pat Monahan.,Pat Monahan,Pat Monahan,0.9,0.0,0.0,1.0,0.0,0.0,1.0,Pat Monahan,Pat Monahan,mt_vote_revoted_gte_langfilter,2026-03-19T13:41:03,,1.0000001192092896,1.0000001192092896,salamandra,en,de,de,Pat_Monahan
entity,en,Patrick_Allen_(polític),Patrick Allen (polític),Patrick Allen (politician),Patrick Allen (politician),Patrick Allen (politician),0.9,1.0,1.0,1.0,1.0,1.0,1.0,Patrick Allen (politician),Patrick Allen (politician),mt_vote_revoted_gte_langfilter,2026-03-19T13:41:03,0.9515244960784912,0.9515244960784912,0.9515244960784912,nllb,es,es,es,Patrick_Allen_(politician)
entity,en,Patrick_McLoughlin,Patrick McLoughlin,This is Patrick McLoughlin.,Patrick McLoughlin,Patrick McLoughlin,0.9,0.8,0.8,1.0,0.0,0.0,1.0,Patrick McLoughlin,Patrick McLoughlin,mt_vote,2026-03-19T13:03:49,,,,,en,en,en,Patrick_McLoughlin
entity,en,Paul_Gustavson,Paul Gustavson,This is Paul Gustavson.,Paul Gustavson,Paul Gustavson,0.9,0.0,0.0,1.0,0.0,0.0,1.0,Paul Gustavson,Paul Gustavson,mt_vote_revoted_gte_langfilter,2026-03-19T13:41:03,,1.0,1.0,salamandra,en,sv,sv,Paul_Gustavson
entity,en,Paul_Kupperberg,Paul Kupperberg,This is Paul Kupperberg.,Paul Kupperberg,Paul Kupperberg,0.9,0.0,0.0,1.0,0.0,0.0,1.0,Paul Kupperberg,Paul Kupperberg,mt_vote_revoted_gte_langfilter,2026-03-19T13:41:03,,0.9999999403953552,0.9999999403953552,salamandra,en,de,de,Paul_Kupperberg
entity,en,Paul_Ryan,Paul Ryan,Paul Ryan,Paul Ryan,Paul Ryan,0.9,1.0,1.0,1.0,1.0,1.0,1.0,Paul Ryan,Paul Ryan,mt_vote_revoted_gte_langfilter,2026-03-19T13:41:03,1.0,1.0,1.0,nllb,id,id,id,Paul_Ryan
entity,en,Paulo_Manuel_Carvalho_Sousa,Paulo Manuel Carvalho Sousa,"He was born in São Paulo, Brazil.",Paulo Manuel Carvalho Sousa,Paulo Manuel Carvalho Sousa,0.9,0.3,0.3,1.0,0.0,0.0,1.0,Paulo Manuel Carvalho Sousa,Paulo Manuel Carvalho Sousa,mt_vote_revoted_gte_langfilter,2026-03-19T13:41:03,0.7694754600524902,1.0,1.0,salamandra,br,pt,pt,Paulo_Manuel_Carvalho_Sousa
entity,en,País_Valencià,País Valencià,Valencian Country,País Valencià,País Valencià,0.9,0.4667,0.4667,1.0,0.0,0.0,1.0,País Valencià,País Valencià,mt_vote_revoted_gte_langfilter,2026-03-19T13:41:03,0.8723454475402832,1.0000001192092896,1.0000001192092896,salamandra,es,es,es,País_Valencià
entity,en,Països_Baixos,Països Baixos,Netherlands,Netherlands,Netherlands,0.9,1.0,1.0,1.0,1.0,1.0,1.0,Netherlands,Netherlands,mt_vote,2026-03-19T13:03:53,,,,,en,en,en,Netherlands
entity,en,Països_Baixos_sub-17,Països Baixos sub-17,Netherlands U-17,Netherlands U17,Netherlands U17,0.9,0.9677,0.9677,1.0,1.0,1.0,1.0,Netherlands U17,Netherlands U17,mt_vote,2026-03-19T13:03:53,,,,,en,en,en,Netherlands_U17
entity,en,Pecorino_Romano,Pecorino Romano,Pecorino Romano (also known as Pecorino Romano),Pecorino Romano,Pecorino Romano,0.9,0.0,0.0,1.0,0.0,0.0,1.0,Pecorino Romano,Pecorino Romano,mt_vote_revoted_gte_langfilter,2026-03-19T13:41:03,,0.9999999403953552,0.9999999403953552,salamandra,en,it,it,Pecorino_Romano
entity,en,Peix_cuinat_en_salsa_agre_i_picant,Peix cuinat en salsa agre i picant,Fish cooked in sour and spicy sauce,Fish cooked in sour and spicy sauce,Fish cooked in a sour and spicy sauce,0.9,1.0,0.9722,0.9722,1.0,1.0,1.0,Fish cooked in sour and spicy sauce,Fish cooked in sour and spicy sauce,mt_vote,2026-03-19T13:03:55,,,,,en,en,en,Fish_cooked_in_sour_and_spicy_sauce
entity,en,Pel·lícula,Pel·lícula,Film,Movie,Film,0.9,0.2222,1.0,0.2222,0.0,1.0,0.0,Film,Film,mt_vote,2026-03-19T13:03:56,,,,,en,en,en,Film
entity,en,Penguin_Random_House,Penguin Random House,Published by Penguin Random House,Penguin Random House,Penguin Random House,0.9,0.7547,0.7547,1.0,0.0,0.0,1.0,Penguin Random House,Penguin Random House,mt_vote,2026-03-19T13:03:56,,,,,en,en,en,Penguin_Random_House
entity,en,Pennsilvània,Pennsilvània,Pennsylvania,Pennsylvania,Pennsylvania,0.9,1.0,1.0,1.0,1.0,1.0,1.0,Pennsylvania,Pennsylvania,mt_vote,2026-03-19T13:03:57,,,,,en,en,en,Pennsylvania
entity,en,"Peoria,_Illinois","Peoria, Illinois","This is Peoria, Illinois.","Peoria, Illinois","Peoria, Illinois",0.9,0.0,0.0,1.0,0.0,0.0,1.0,"Peoria, Illinois","Peoria, Illinois",mt_vote_revoted_gte_langfilter,2026-03-19T13:41:03,,1.0,1.0,salamandra,en,fr,fr,"Peoria,_Illinois"
entity,en,Per_Luzhny,Per Luzhny,By Luzhny,Per Luzhny,By Luzhny,0.9,0.7368,1.0,0.7368,0.0,1.0,0.0,By Luzhny,By Luzhny,mt_vote_revoted_gte_langfilter,2026-03-19T13:41:03,0.9140859842300416,1.0,0.9140859842300416,salamandra,zh,zh,zh,By_Luzhny
entity,en,Persea,Persea,Persian,Persea,Persea,0.9,0.7692,0.7692,1.0,0.0,0.0,1.0,Persea,Persea,mt_vote,2026-03-19T13:03:59,,,,,en,en,en,Persea
entity,en,Persones_britàniques,Persones britàniques,British people,British people,British people,0.9,1.0,1.0,1.0,1.0,1.0,1.0,British people,British people,mt_vote,2026-03-19T13:03:59,,,,,en,en,en,British_people
entity,en,Persones_d'Aceh,Persones d'Aceh,People of Aceh,People from Aceh,People of Aceh,0.9,0.8667,1.0,0.8667,0.0,1.0,0.0,People of Aceh,People of Aceh,mt_vote,2026-03-19T13:04:00,,,,,en,en,en,People_of_Aceh
entity,en,Persones_franceses,Persones franceses,French people,French people,French people,0.9,1.0,1.0,1.0,1.0,1.0,1.0,French people,French people,mt_vote,2026-03-19T13:04:00,,,,,en,en,en,French_people
entity,en,Persones_turques,Persones turques,Turkish people,Turkish people,Turkish people,0.9,1.0,1.0,1.0,1.0,1.0,1.0,Turkish people,Turkish people,mt_vote,2026-03-19T13:04:01,,,,,en,en,en,Turkish_people
entity,en,Perth,Perth,Perth,Perth,Perth,0.9,1.0,1.0,1.0,1.0,1.0,1.0,Perth,Perth,mt_vote,2026-03-19T13:04:01,,,,,en,en,en,Perth
entity,en,Peter_Laird,Peter Laird,Peter Laird,Peter Laird,Peter Laird,0.9,1.0,1.0,1.0,1.0,1.0,1.0,Peter Laird,Peter Laird,mt_vote_revoted_gte_langfilter,2026-03-19T13:41:03,1.0000001192092896,1.0000001192092896,1.0000001192092896,nllb,fr,fr,fr,Peter_Laird
entity,en,Peter_Ogden,Peter Ogden,This is Peter Ogden.,Peter Ogden,Peter Ogden,0.9,0.0,0.0,1.0,0.0,0.0,1.0,Peter Ogden,Peter Ogden,mt_vote_revoted_gte_langfilter,2026-03-19T13:41:03,,1.0000001192092896,1.0000001192092896,salamandra,en,nl,nl,Peter_Ogden
entity,en,Peter_Stöger,Peter Stöger,This is Peter Stöger.,Peter Stöger,Peter Stöger,0.9,0.0,0.0,1.0,0.0,0.0,1.0,Peter Stöger,Peter Stöger,mt_vote_revoted_gte_langfilter,2026-03-19T13:41:03,,1.0,1.0,salamandra,en,sv,sv,Peter_Stöger
entity,en,Petit_gegant,Petit gegant,Little giant,Small Giant,Small Giant,0.9,0.6957,0.6957,1.0,0.0,0.0,1.0,Small Giant,Small Giant,mt_vote,2026-03-19T13:04:04,,,,,en,en,en,Small_Giant
entity,en,Peñarol,Peñarol,Peñarol,Peñarol,Peñarol,0.9,1.0,1.0,1.0,1.0,1.0,1.0,Peñarol,Peñarol,mt_vote_revoted_gte_langfilter,2026-03-19T13:41:03,1.0000001192092896,1.0000001192092896,1.0000001192092896,nllb,es,es,es,Peñarol
entity,en,Phil_Lesh_and_Friends,Phil Lesh and Friends,Phil Lesh and Friends,Phil Lesh and Friends,Phil Lesh and Friends,0.9,1.0,1.0,1.0,1.0,1.0,1.0,Phil Lesh and Friends,Phil Lesh and Friends,mt_vote,2026-03-19T13:04:05,,,,,en,en,en,Phil_Lesh_and_Friends
entity,en,Phil_Spector,Phil Spector,Phil Spector,Phil Spector,Phil Spector,0.9,1.0,1.0,1.0,1.0,1.0,1.0,Phil Spector,Phil Spector,mt_vote,2026-03-19T13:04:06,,,,,en,en,en,Phil_Spector
entity,en,Philip_Charles_Hardwick,Philip Charles Hardwick,Philip Charles Hardwick,Philip Charles Hardwick,Philip Charles Hardwick,0.9,1.0,1.0,1.0,1.0,1.0,1.0,Philip Charles Hardwick,Philip Charles Hardwick,mt_vote_revoted_gte_langfilter,2026-03-19T13:41:03,1.0,1.0,1.0,nllb,fr,fr,fr,Philip_Charles_Hardwick
entity,en,Philips_Records,Philips Records,Philips records,Philips Records,Philips Records,0.9,1.0,1.0,1.0,1.0,1.0,1.0,Philips records,Philips records,mt_vote,2026-03-19T13:04:07,,,,,en,en,en,Philips_records
entity,en,Phillip_John_William_Cocu,Phillip John William Cocu,Phillip John William Cocu,Phillip John William Cocu,Phillip John William Cocu,0.9,1.0,1.0,1.0,1.0,1.0,1.0,Phillip John William Cocu,Phillip John William Cocu,mt_vote,2026-03-19T13:04:08,,,,,en,en,en,Phillip_John_William_Cocu
entity,en,Pickard_Chilton,Pickard Chilton,Pickard and Chilton,Pickard Chilton,Pickard Chilton,0.9,0.8824,0.8824,1.0,0.0,0.0,1.0,Pickard Chilton,Pickard Chilton,mt_vote,2026-03-19T13:04:09,,,,,en,en,en,Pickard_Chilton
entity,en,Pietro_Canonica,Pietro Canonica,Pietro Canonica was born,Pietro Canonica,Pietro Canonica,0.9,0.0,0.0,1.0,0.0,0.0,1.0,Pietro Canonica,Pietro Canonica,mt_vote_revoted_gte_langfilter,2026-03-19T13:41:03,,0.9999998807907104,0.9999998807907104,salamandra,en,it,it,Pietro_Canonica
entity,en,Pietro_Grasso,Pietro Grasso,It was Pietro Grasso.,Pietro Grasso,Pietro Grasso,0.9,0.0,0.0,1.0,0.0,0.0,1.0,Pietro Grasso,Pietro Grasso,mt_vote_revoted_gte_langfilter,2026-03-19T13:41:03,,1.0,1.0,salamandra,en,it,it,Pietro_Grasso
entity,en,Piotr_Hallmann,Piotr Hallmann,Pyotr Hallmann,Piotr Hallmann,Piotr Hallmann,0.9,0.9286,0.9286,1.0,1.0,1.0,1.0,Piotr Hallmann,Piotr Hallmann,mt_vote_revoted_gte_langfilter,2026-03-19T13:41:03,0.8530166149139404,1.0,1.0,madlad,es,es,es,Piotr_Hallmann
entity,en,Pirata_negre,Pirata negre,The Black Pirate,Black Pirate,Black Pirate,0.9,0.8571,0.8571,1.0,0.0,0.0,1.0,Black Pirate,Black Pirate,mt_vote,2026-03-19T13:04:11,,,,,en,en,en,Black_Pirate
entity,en,Pista_sud,Pista sud,South runway,South Runway,Southern runway,0.9,0.0,0.0,0.0,0.0,0.0,0.0,South runway,South runway,mt_vote_revoted_gte_langfilter,2026-03-19T13:41:03,0.7559984922409058,,,nllb,de,en,en,South_runway
entity,en,Placa_de_l'home_mort,Placa de l'home mort,Plaque of the dead man,Dead Man's Plaque,Dead Man's Plate,0.9,0.4103,0.4211,0.9091,0.0,0.0,1.0,Dead Man's Plaque,Dead Man's Plaque,mt_vote,2026-03-19T13:04:12,,,,,en,en,en,Dead_Man's_Plaque
entity,en,Plastik_Mak,Plastik Mak,It's called Plastik Mak.,Plastik Mak,Plastik Mak,0.9,0.0,0.0,1.0,0.0,0.0,1.0,Plastik Mak,Plastik Mak,mt_vote_revoted_gte_langfilter,2026-03-19T13:41:03,,1.0,1.0,salamandra,en,de,de,Plastik_Mak
entity,en,"Plaza_Pública,_Cleveland","Plaza Pública, Cleveland","The public square, Cleveland","Public square, Cleveland","Plaza Pública, Cleveland",0.9,0.0,0.0,0.0,0.0,0.0,0.0,"Plaza Pública, Cleveland","Plaza Pública, Cleveland",mt_vote_revoted_gte_langfilter,2026-03-19T13:41:03,,,1.0000001192092896,salamandra,en,en,sk,"Plaza_Pública,_Cleveland"
entity,en,"Pleasant_Township,_comtat_de_Steuben,_Indiana","Pleasant Township, comtat de Steuben, Indiana","Pleasant Township, Steuben County, Indiana","Pleasant Township, Steuben County, Indiana","Pleasant Township, Steuben County, Indiana",0.9,1.0,1.0,1.0,1.0,1.0,1.0,"Pleasant Township, Steuben County, Indiana","Pleasant Township, Steuben County, Indiana",mt_vote,2026-03-19T13:04:15,,,,,en,en,en,"Pleasant_Township,_Steuben_County,_Indiana"
entity,en,Plymouth_(automòbil),Plymouth (automòbil),Plymouth (automobile),Plymouth (car),Plymouth (car),0.9,0.6857,0.6857,1.0,0.0,0.0,1.0,Plymouth (car),Plymouth (car),mt_vote,2026-03-19T13:04:16,,,,,en,en,en,Plymouth_(car)
entity,en,Plymouth_Plaza,Plymouth Plaza,Plymouth Plaza,Plymouth Plaza,Plymouth Plaza,0.9,1.0,1.0,1.0,1.0,1.0,1.0,Plymouth Plaza,Plymouth Plaza,mt_vote_revoted_gte_langfilter,2026-03-19T13:41:03,0.9999999403953552,0.9999999403953552,0.9999999403953552,nllb,es,es,es,Plymouth_Plaza
entity,en,Poals,Poals,Pools,Poals,Pails,0.9,0.8,0.6,0.8,0.0,0.0,0.0,Poals,Poals,mt_vote,2026-03-19T13:04:17,,,,,en,en,en,Poals
entity,en,Pobles_d'Igorot,Pobles d'Igorot,Villages of Igorot,Villages of Igorot,Igorot Peoples,0.9,1.0,0.375,0.375,1.0,0.0,0.0,Villages of Igorot,Villages of Igorot,mt_vote,2026-03-19T13:04:17,,,,,en,en,en,Villages_of_Igorot
entity,en,Pobles_de_Banyumasan,Pobles de Banyumasan,Villages of Banyumasan,Villages of Banyumasan,Banyumasan Peoples,0.9,1.0,0.5,0.5,1.0,0.0,0.0,Villages of Banyumasan,Villages of Banyumasan,mt_vote,2026-03-19T13:04:18,,,,,en,en,en,Villages_of_Banyumasan
entity,en,Pobles_javanesos,Pobles javanesos,Javanese peoples,Javanese peoples,Javanese peoples,0.9,1.0,1.0,1.0,1.0,1.0,1.0,Javanese peoples,Javanese peoples,mt_vote_revoted_gte_langfilter,2026-03-19T13:41:03,0.7397504448890686,0.7397504448890686,0.7397504448890686,nllb,fr,fr,fr,Javanese_peoples
entity,en,Point_Fortin,Point Fortin,Point Fortin,Point Fortin,Point Fortin,0.9,1.0,1.0,1.0,1.0,1.0,1.0,Point Fortin,Point Fortin,mt_vote,2026-03-19T13:04:19,,,,,en,en,en,Point_Fortin
entity,en,"Point_Fortin,_Trinidad_i_Tobago","Point Fortin, Trinidad i Tobago","Point Fortin, Trinidad and Tobago","Point Fortin, Trinidad and Tobago","Point Fortin, Trinidad and Tobago",0.9,1.0,1.0,1.0,1.0,1.0,1.0,"Point Fortin, Trinidad and Tobago","Point Fortin, Trinidad and Tobago",mt_vote_revoted_gte_langfilter,2026-03-19T13:41:03,0.9750811457633972,0.9750811457633972,0.9750811457633972,nllb,tl,tl,tl,"Point_Fortin,_Trinidad_and_Tobago"
entity,en,"Pollastre_fritat_""espremut""_o_""trencat""_servit_amb_sambal","Pollastre fritat ""espremut"" o ""trencat"" servit amb sambal","Fried chicken ""squeezed"" or ""broken"" served with sambal","Fried ""squeezed"" or ""broken"" chicken served with sambal","Fried ""pressed"" or ""cracked"" chicken served with sambal",0.9,0.8545,0.5818,0.8545,0.0,0.0,0.0,"Fried ""squeezed"" or ""broken"" chicken served with sambal","Fried ""squeezed"" or ""broken"" chicken served with sambal",mt_vote,2026-03-19T13:04:22,,,,,en,en,en,"Fried_""squeezed""_or_""broken""_chicken_served_with_sambal"
entity,en,Polydor_Records,Polydor Records,Produced by Polydor Records,Polydor Records,Polydor Records,0.9,0.0,0.0,1.0,0.0,0.0,1.0,Polydor Records,Polydor Records,mt_vote_revoted_gte_langfilter,2026-03-19T13:41:03,,1.0,1.0,salamandra,en,es,es,Polydor_Records
entity,en,Polònia,Polònia,Poland,Poland,Poland,0.9,1.0,1.0,1.0,1.0,1.0,1.0,Poland,Poland,mt_vote,2026-03-19T13:04:23,,,,,en,en,en,Poland
entity,en,Pont_de_l'enllaç_est,Pont de l'enllaç est,Link bridge is,East Link Bridge,East Link Bridge,0.9,0.7333,0.7333,1.0,0.0,0.0,1.0,East Link Bridge,East Link Bridge,mt_vote,2026-03-19T13:04:23,,,,,en,en,en,East_Link_Bridge
entity,en,Ponteareas,Ponteareas,You're going to show up.,Ponteareas,Ponteareas,0.9,0.2353,0.2353,1.0,0.0,0.0,1.0,Ponteareas,Ponteareas,mt_vote,2026-03-19T13:04:24,,,,,en,en,en,Ponteareas
entity,en,Pontiac,Pontiac,Pontiac,Pontiac,Pontiac,0.9,1.0,1.0,1.0,1.0,1.0,1.0,Pontiac,Pontiac,mt_vote_revoted_gte_langfilter,2026-03-19T13:41:03,1.0,1.0,1.0,nllb,es,es,es,Pontiac
entity,en,Pontiac_Rageous,Pontiac Rageous,Pontiac Rageous,Pontiac Rageous,Pontiac Rageous,0.9,1.0,1.0,1.0,1.0,1.0,1.0,Pontiac Rageous,Pontiac Rageous,mt_vote_revoted_gte_langfilter,2026-03-19T13:41:03,1.0,1.0,1.0,nllb,sk,sk,sk,Pontiac_Rageous
entity,en,Pools_of_Light_(àlbum_de_Brian_Kelly),Pools of Light (àlbum de Brian Kelly),Pools of Light (album by Brian Kelly),Pools of Light (Brian Kelly album),Pools of Light (album by Brian Kelly),0.9,0.7887,1.0,0.7887,0.0,1.0,0.0,Pools of Light (album by Brian Kelly),Pools of Light (album by Brian Kelly),mt_vote,2026-03-19T13:04:26,,,,,en,en,en,Pools_of_Light_(album_by_Brian_Kelly)
entity,en,Populous_(empresa),Populous (empresa),Populous (company),Populous (company) - Wikipedia,Populous (company),0.9,0.75,1.0,0.75,0.0,1.0,0.0,Populous (company),Populous (company),mt_vote,2026-03-19T13:04:27,,,,,en,en,en,Populous_(company)
entity,en,Porius:_un_romanç_de_l'edat_fosca,Porius: un romanç de l'edat fosca,Porius: a novel of the dark ages,Porius: A Romance of the Dark Ages,Porius: A Romance of the Dark Ages,0.9,0.8788,0.8788,1.0,0.0,0.0,1.0,Porius: A Romance of the Dark Ages,Porius: A Romance of the Dark Ages,mt_vote,2026-03-19T13:04:28,,,,,en,en,en,Porius:_A_Romance_of_the_Dark_Ages
entity,en,Port_Espacial_Europeu_de_Kourou,Port Espacial Europeu de Kourou,European Spaceport of Kourou,European Space Port of Kourou,European Space Port of Kourou,0.9,0.9825,0.9825,1.0,1.0,1.0,1.0,European Space Port of Kourou,European Space Port of Kourou,mt_vote,2026-03-19T13:04:29,,,,,en,en,en,European_Space_Port_of_Kourou
entity,en,"Port_Melbourne,_Victòria","Port Melbourne, Victòria","The Port of Melbourne, Victoria","Port Melbourne, Victoria","Port Melbourne, Victoria",0.9,0.8727,0.8727,1.0,0.0,0.0,1.0,"Port Melbourne, Victoria","Port Melbourne, Victoria",mt_vote,2026-03-19T13:04:30,,,,,en,en,en,"Port_Melbourne,_Victoria"
entity,en,Portal_d'entreteniment_de_Filipines,Portal d'entreteniment de Filipines,Entertainment portal in the Philippines,Philippine Entertainment Portal,Entertainment Portal of the Philippines,0.9,0.5714,0.9487,0.5714,0.0,1.0,0.0,Entertainment portal in the Philippines,Entertainment portal in the Philippines,mt_vote,2026-03-19T13:04:30,,,,,en,en,en,Entertainment_portal_in_the_Philippines
entity,en,Portaveu_de_la_Reunió_Popular_Ortodoxa,Portaveu de la Reunió Popular Ortodoxa,Spokesman of the Orthodox People's Meeting,Spokesperson of the Orthodox People's Meeting,Spokesperson of the Orthodox People's Meeting,0.9,0.9195,0.9195,1.0,1.0,1.0,1.0,Spokesperson of the Orthodox People's Meeting,Spokesperson of the Orthodox People's Meeting,mt_vote,2026-03-19T13:04:32,,,,,en,en,en,Spokesperson_of_the_Orthodox_People's_Meeting
entity,en,"Portland,_Oregon","Portland, Oregon","Portland, Oregon","Portland, OR","Portland, Oregon",0.9,0.0,1.0,0.0,0.0,1.0,0.0,"Portland, Oregon","Portland, Oregon",mt_vote_revoted_gte_langfilter,2026-03-19T13:41:03,1.0,,1.0,salamandra,it,en,it,"Portland,_Oregon"
entity,en,Power_to_the_People_(cançó),Power to the People (cançó),Power to the People (song),Power to the People (song),Power to the People (song),0.9,1.0,1.0,1.0,1.0,1.0,1.0,Power to the People (song),Power to the People (song),mt_vote,2026-03-19T13:04:33,,,,,en,en,en,Power_to_the_People_(song)
entity,en,Pranab_Mukherjee,Pranab Mukherjee,Pranab Mukherjee,Pranab Mukherjee,Pranab Mukherjee,0.9,1.0,1.0,1.0,1.0,1.0,1.0,Pranab Mukherjee,Pranab Mukherjee,mt_vote_revoted_gte_langfilter,2026-03-19T13:41:03,1.0000001192092896,1.0000001192092896,1.0000001192092896,nllb,ms,ms,ms,Pranab_Mukherjee
entity,en,Premi_Eisner,Premi Eisner,Eisner award,Eisner Prize,Eisner Award,0.9,0.6667,1.0,0.6667,0.0,1.0,0.0,Eisner award,Eisner award,mt_vote_revoted_gte_langfilter,2026-03-19T13:41:03,0.9586300849914552,0.938405990600586,0.948456346988678,nllb,de,de,de,Eisner_award
entity,en,Premi_Inkpot,Premi Inkpot,The Inkpot Award,Press Inkpot,Inkpot Award,0.9,0.5714,0.8571,0.5,0.0,0.0,0.0,The Inkpot Award,The Inkpot Award,mt_vote,2026-03-19T13:04:35,,,,,en,en,en,The_Inkpot_Award
entity,en,Premi_de_l'Estat_per_l'èxit_superior,Premi de l'Estat per l'èxit superior,State Award for Superior Achievement,State Award for Superior Achievement,State Prize for Superior Achievement,0.9,1.0,0.8889,0.8889,1.0,0.0,0.0,State Award for Superior Achievement,State Award for Superior Achievement,mt_vote,2026-03-19T13:04:36,,,,,en,en,en,State_Award_for_Superior_Achievement
entity,en,Premier_Development_League,Premier Development League,Premier development league,Premier Development League,Premier Development League,0.9,1.0,1.0,1.0,1.0,1.0,1.0,Premier Development League,Premier Development League,mt_vote_revoted_gte_langfilter,2026-03-19T13:41:03,0.952644944190979,0.9999999403953552,0.9999999403953552,madlad,fr,fr,fr,Premier_Development_League
entity,en,President_del_Tribunal_Suprem_Federal,President del Tribunal Suprem Federal,President of the Federal Supreme Court,President of the Federal Supreme Court,Chief Justice of the Federal Supreme Court,0.9,1.0,0.825,0.825,1.0,0.0,0.0,President of the Federal Supreme Court,President of the Federal Supreme Court,mt_vote,2026-03-19T13:04:37,,,,,en,en,en,President_of_the_Federal_Supreme_Court
entity,en,President_pro_tempore_del_Senat_de_Texas,President pro tempore del Senat de Texas,President pro tempore of the Texas Senate,President pro tempore of the Texas Senate,President pro tempore of the Texas Senate,0.9,1.0,1.0,1.0,1.0,1.0,1.0,President pro tempore of the Texas Senate,President pro tempore of the Texas Senate,mt_vote,2026-03-19T13:04:38,,,,,en,en,en,President_pro_tempore_of_the_Texas_Senate
entity,en,President_provisional_del_Senat_argentí,President provisional del Senat argentí,Provisional President of the Argentine Senate,Provisional President of the Argentine Senate,Provisional President of the Argentine Senate,0.9,1.0,1.0,1.0,1.0,1.0,1.0,Provisional President of the Argentine Senate,Provisional President of the Argentine Senate,mt_vote,2026-03-19T13:04:39,,,,,en,en,en,Provisional_President_of_the_Argentine_Senate
entity,en,Preußisch_Oldendorf,Preußisch Oldendorf,Preußisch Oldendorf Spanish,Preußisch Oldendorf,Preußisch Oldendorf,0.9,0.8261,0.8261,1.0,0.0,0.0,1.0,Preußisch Oldendorf,Preußisch Oldendorf,mt_vote_revoted_gte_langfilter,2026-03-19T13:41:03,0.8318115472793579,1.0000001192092896,1.0000001192092896,salamandra,de,de,de,Preußisch_Oldendorf
entity,en,Price_Daniel,Price Daniel,It's called Price Daniel.,Price Daniel,Price Daniel,0.9,0.6486,0.6486,1.0,0.0,0.0,1.0,Price Daniel,Price Daniel,mt_vote,2026-03-19T13:04:41,,,,,en,en,en,Price_Daniel
entity,en,Primera_Divisió_Salvadorenca,Primera Divisió Salvadorenca,Salvadoran first division,Primera División Salvadoreña,Salvadoran First Division,0.9,0.3396,1.0,0.3396,0.0,1.0,0.0,Salvadoran First Division,Salvadoran First Division,mt_vote_revoted_gte_langfilter,2026-03-19T13:41:03,0.9229822158813475,0.9640748500823976,0.9398643970489502,salamandra,ca,gl,es,Salvadoran_First_Division
entity,en,Primera_Guerra_Mundial,Primera Guerra Mundial,World War I,World War II,First World War,0.9,0.9565,0.6923,0.6667,1.0,0.0,0.0,World War I,World War I,mt_vote,2026-03-19T13:04:42,,,,,en,en,en,World_War_I
entity,en,Primera_República_Francesa,Primera República Francesa,First French Republic,First French Republic,First French Republic,0.9,1.0,1.0,1.0,1.0,1.0,1.0,First French Republic,First French Republic,mt_vote,2026-03-19T13:04:42,,,,,en,en,en,First_French_Republic
entity,en,Productes_farmacèutics,Productes farmacèutics,Pharmaceutical products,Pharmaceuticals,Pharmaceutical products,0.9,0.7895,1.0,0.7895,0.0,1.0,0.0,Pharmaceutical products,Pharmaceutical products,mt_vote,2026-03-19T13:04:43,,,,,en,en,en,Pharmaceutical_products
entity,en,Programació_de_difusió,Programació de difusió,Broadcast programming,Broadcast Scheduling,Broadcast Programming,0.9,0.6341,1.0,0.6341,0.0,1.0,0.0,Broadcast programming,Broadcast programming,mt_vote,2026-03-19T13:04:44,,,,,en,en,en,Broadcast_programming
entity,en,Programació_estocàstica,Programació estocàstica,Stochastic programming,Stochastic Programming,Stochastic programming,0.9,1.0,1.0,1.0,1.0,1.0,1.0,Stochastic programming,Stochastic programming,mt_vote,2026-03-19T13:04:44,,,,,en,en,en,Stochastic_programming
entity,en,Prokopis_Pavlópulos,Prokopis Pavlópulos,He is the son of Prokopis Pavlópulos,Prokopios Pavlopoulos,Prokopis Pavlópulos,0.9,0.0,0.0,0.9,0.0,0.0,1.0,Prokopis Pavlópulos,Prokopis Pavlópulos,mt_vote_revoted_gte_langfilter,2026-03-19T13:41:03,,0.9044322967529296,1.0,salamandra,en,pt,hu,Prokopis_Pavlópulos
entity,en,"Província_d'Al_Anbar,_Iraq","Província d'Al Anbar, Iraq","Province of Al Anbar, Iraq","Al Anbar Province, Iraq","Al Anbar Province, Iraq",0.9,0.0,0.0,1.0,0.0,0.0,1.0,"Al Anbar Province, Iraq","Al Anbar Province, Iraq",mt_vote_revoted_gte_langfilter,2026-03-19T13:41:03,,0.9589219093322754,0.9589219093322754,salamandra,en,eu,eu,"Al_Anbar_Province,_Iraq"
entity,en,Província_d'Alba,Província d'Alba,Province of Alba,Province of Alba,Province of Alba,0.9,1.0,1.0,1.0,1.0,1.0,1.0,Province of Alba,Province of Alba,mt_vote,2026-03-19T13:04:47,,,,,en,en,en,Province_of_Alba
entity,en,Província_de_Tokat,Província de Tokat,Province of Tokat,Tokat Province,Province of Tokat,0.9,0.5161,1.0,0.5161,0.0,1.0,0.0,Province of Tokat,Province of Tokat,mt_vote,2026-03-19T13:04:47,,,,,en,en,en,Province_of_Tokat
entity,en,"Província_oriental,_Sri_Lanka","Província oriental, Sri Lanka","Eastern Province, Sri Lanka","Eastern Province, Sri Lanka","Eastern Province, Sri Lanka",0.9,1.0,1.0,1.0,1.0,1.0,1.0,"Eastern Province, Sri Lanka","Eastern Province, Sri Lanka",mt_vote,2026-03-19T13:04:48,,,,,en,en,en,"Eastern_Province,_Sri_Lanka"
entity,en,Publicacions_SAGE,Publicacions SAGE,SAGE publications,SAGE Publications,SAGE Publications,0.9,1.0,1.0,1.0,1.0,1.0,1.0,SAGE publications,SAGE publications,mt_vote,2026-03-19T13:04:49,,,,,en,en,en,SAGE_publications
entity,en,Pudding_de_Bakewell,Pudding de Bakewell,Bakewell Pudding,Bakewell Pudding,Bakewell Pudding,0.9,1.0,1.0,1.0,1.0,1.0,1.0,Bakewell Pudding,Bakewell Pudding,mt_vote,2026-03-19T13:04:49,,,,,en,en,en,Bakewell_Pudding
entity,en,Pudding_negre,Pudding negre,Black pudding,Black pudding,Black pudding,0.9,1.0,1.0,1.0,1.0,1.0,1.0,Black pudding,Black pudding,mt_vote,2026-03-19T13:04:50,,,,,en,en,en,Black_pudding
entity,en,"Punjab,_Pakistan","Punjab, Pakistan","Punjab, Pakistan","Punjab, Pakistan","Punjab, Pakistan",0.9,1.0,1.0,1.0,1.0,1.0,1.0,"Punjab, Pakistan","Punjab, Pakistan",mt_vote_revoted_gte_langfilter,2026-03-19T13:41:03,1.0,1.0,1.0,nllb,sl,sl,sl,"Punjab,_Pakistan"
entity,en,Pussy_Galore_(grup),Pussy Galore (grup),Pussy Galore (band),Pussy Galore (band),Pussy Galore (band),0.9,1.0,1.0,1.0,1.0,1.0,1.0,Pussy Galore (band),Pussy Galore (band),mt_vote_revoted_gte_langfilter,2026-03-19T13:41:03,0.9789828062057496,0.9789828062057496,0.9789828062057496,nllb,it,it,it,Pussy_Galore_(band)
entity,en,Putrajaya,Putrajaya,Putrajaya,Putrajaya,Putrajaya,0.9,1.0,1.0,1.0,1.0,1.0,1.0,Putrajaya,Putrajaya,mt_vote_revoted_gte_langfilter,2026-03-19T13:41:03,1.0000001192092896,1.0000001192092896,1.0000001192092896,nllb,fr,fr,fr,Putrajaya
entity,en,Puya_(cantant),Puya (cantant),Puya (singing),Puya (singer),Puya (singer),0.9,0.8148,0.8148,1.0,0.0,0.0,1.0,Puya (singer),Puya (singer),mt_vote_revoted_gte_langfilter,2026-03-19T13:41:03,0.8863271474838257,0.8078418970108032,0.8078418970108032,salamandra,sw,rw,rw,Puya_(singer)
entity,en,Pétah_Tiqvà,Pétah Tiqvà,This is the first time I've seen you.,Pétah Tiqvá,Petach Tikva,0.9,0.0,0.0,0.6957,0.0,0.0,0.0,Pétah Tiqvá,Pétah Tiqvá,mt_vote_revoted_gte_langfilter,2026-03-19T13:41:03,,0.9755159020423888,0.8653461933135986,madlad,en,hu,de,Pétah_Tiqvá
entity,en,Qiu_Xiaolong,Qiu Xiaolong,This is Qiu Xiaolong.,Qiu Xiaolong,Qiu Xiaolong,0.9,0.0,0.0,1.0,0.0,0.0,1.0,Qiu Xiaolong,Qiu Xiaolong,mt_vote_revoted_gte_langfilter,2026-03-19T13:41:03,,1.0,1.0,salamandra,en,pl,pl,Qiu_Xiaolong
entity,en,Quatre_World_Trade_Center,Quatre World Trade Center,Four of the World Trade Center,Four World Trade Center,Four World Trade Center,0.9,0.0,0.0,1.0,0.0,0.0,1.0,Four World Trade Center,Four World Trade Center,mt_vote_revoted_gte_langfilter,2026-03-19T13:41:03,,0.9574113488197328,0.9574113488197328,salamandra,en,nl,nl,Four_World_Trade_Center
entity,en,Quattro_GmbH,Quattro GmbH,Quattro GmbH,Quattro GmbH,Quattro GmbH,0.9,1.0,1.0,1.0,1.0,1.0,1.0,Quattro GmbH,Quattro GmbH,mt_vote_revoted_gte_langfilter,2026-03-19T13:41:03,1.0000001192092896,1.0000001192092896,1.0000001192092896,nllb,it,it,it,Quattro_GmbH
entity,en,Quay_de_la_muralla_nord,Quay de la muralla nord,Quay of the north wall,North wall quay,Quay of the North Wall,0.9,0.5405,1.0,0.5405,0.0,1.0,0.0,Quay of the north wall,Quay of the north wall,mt_vote,2026-03-19T13:04:56,,,,,en,en,en,Quay_of_the_north_wall
entity,en,Quezon_City,Quezon City,Quezon City,Quezon City,Quezon City,0.9,1.0,1.0,1.0,1.0,1.0,1.0,Quezon City,Quezon City,mt_vote,2026-03-19T13:04:57,,,,,en,en,en,Quezon_City
entity,en,RCA_Records,RCA Records,Recorded by RCA Records,RCA Records,RCA Records,0.9,0.6471,0.6471,1.0,0.0,0.0,1.0,RCA Records,RCA Records,mt_vote,2026-03-19T13:04:58,,,,,en,en,en,RCA_Records
entity,en,RSC_Anderlecht,RSC Anderlecht,RSC Anderlecht is a football club based in RSC Anderlecht.,RSC Anderlecht,RSC Anderlecht,0.9,0.0,0.0,1.0,0.0,0.0,1.0,RSC Anderlecht,RSC Anderlecht,mt_vote_revoted_gte_langfilter,2026-03-19T13:41:03,,0.9999999403953552,0.9999999403953552,salamandra,en,nl,nl,RSC_Anderlecht
entity,en,RYKV_Mechelen,RYKV Mechelen,RYKV Mechelen,RYKV Mechelen,RYKV Mechelen,0.9,1.0,1.0,1.0,1.0,1.0,1.0,RYKV Mechelen,RYKV Mechelen,mt_vote,2026-03-19T13:04:59,,,,,en,en,en,RYKV_Mechelen
entity,en,Rabadash_Records,Rabadash Records,It was released by Rabadash Records.,Rabadash Records,Rabadash Records,0.9,0.0,0.0,1.0,0.0,0.0,1.0,Rabadash Records,Rabadash Records,mt_vote_revoted_gte_langfilter,2026-03-19T13:41:03,,1.0,1.0,salamandra,en,es,es,Rabadash_Records
entity,en,Rafael_Viñoly,Rafael Viñoly,Rafael Viñoly,Rafael Viñoly,Rafael Viñoly,0.9,1.0,1.0,1.0,1.0,1.0,1.0,Rafael Viñoly,Rafael Viñoly,mt_vote_revoted_gte_langfilter,2026-03-19T13:41:03,1.0,1.0,1.0,nllb,es,es,es,Rafael_Viñoly
entity,en,Rahm_Emanuel,Rahm Emanuel,Rahm Emanuel,Rahm Emanuel,Rahm Emanuel,0.9,1.0,1.0,1.0,1.0,1.0,1.0,Rahm Emanuel,Rahm Emanuel,mt_vote,2026-03-19T13:05:02,,,,,en,en,en,Rahm_Emanuel
entity,en,Raisin,Raisin,Raisin,Raisin,Raisin,0.9,1.0,1.0,1.0,1.0,1.0,1.0,Raisin,Raisin,mt_vote_revoted_gte_langfilter,2026-03-19T13:41:03,1.0000001192092896,1.0000001192092896,1.0000001192092896,nllb,fr,fr,fr,Raisin
entity,en,"Raleigh,_Carolina_del_Nord","Raleigh, Carolina del Nord","Raleigh, North Carolina","Raleigh, North Carolina","Raleigh, North Carolina",0.9,1.0,1.0,1.0,1.0,1.0,1.0,"Raleigh, North Carolina","Raleigh, North Carolina",mt_vote_revoted_gte_langfilter,2026-03-19T13:41:03,0.9734466671943665,0.9734466671943665,0.9734466671943665,nllb,de,de,de,"Raleigh,_North_Carolina"
entity,en,Ralph_Payne,Ralph Payne,Ralph Payne,Ralph Payne,Ralph Payne,0.9,1.0,1.0,1.0,1.0,1.0,1.0,Ralph Payne,Ralph Payne,mt_vote,2026-03-19T13:05:04,,,,,en,en,en,Ralph_Payne
entity,en,Ram_Naik,Ram Naik,Ram Naik,Ram Naik,Ram Naik,0.9,1.0,1.0,1.0,1.0,1.0,1.0,Ram Naik,Ram Naik,mt_vote_revoted_gte_langfilter,2026-03-19T13:41:03,1.0,1.0,1.0,nllb,lt,lt,lt,Ram_Naik
entity,en,Rambler_Matador,Rambler Matador,The Rambler Matador,Rambler Matador,Rambler Matador,0.9,0.0,0.0,1.0,0.0,0.0,1.0,Rambler Matador,Rambler Matador,mt_vote_revoted_gte_langfilter,2026-03-19T13:41:03,,1.0000001192092896,1.0000001192092896,salamandra,en,es,es,Rambler_Matador
entity,en,Ranil_Wickremesinghe,Ranil Wickremesinghe,Ranil Wickremesinghe,Ranil Wickremesinghe,Ranil Wickremesinghe,0.9,1.0,1.0,1.0,1.0,1.0,1.0,Ranil Wickremesinghe,Ranil Wickremesinghe,mt_vote,2026-03-19T13:05:06,,,,,en,en,en,Ranil_Wickremesinghe
entity,en,RasenBallsport_Leipzig,RasenBallsport Leipzig,"RasenBallsport Leipzig is a football club based in Leipzig, Germany.",RasenBallsport Leipzig,RasenBallsport Leipzig,0.9,0.0,0.0,1.0,0.0,0.0,1.0,RasenBallsport Leipzig,RasenBallsport Leipzig,mt_vote_revoted_gte_langfilter,2026-03-19T13:41:03,,1.0,1.0,salamandra,en,de,de,RasenBallsport_Leipzig
entity,en,Rashid_Rakhimov,Rashid Rakhimov,Rashid Rakhimov,Rashid Rakhimov,Rashid Rakhimov,0.9,1.0,1.0,1.0,1.0,1.0,1.0,Rashid Rakhimov,Rashid Rakhimov,mt_vote,2026-03-19T13:05:08,,,,,en,en,en,Rashid_Rakhimov
entity,en,Ray_Griggs_(director),Ray Griggs (director),Ray Griggs (director),Ray Griggs (director),Ray Griggs (director),0.9,1.0,1.0,1.0,1.0,1.0,1.0,Ray Griggs (director),Ray Griggs (director),mt_vote,2026-03-19T13:05:08,,,,,en,en,en,Ray_Griggs_(director)
entity,en,Raúl_Fernando_Sendic,Raúl Fernando Sendic,Raul Fernando Sendic,Raúl Fernando Sendic,Raúl Fernando Sendic,0.9,0.95,0.95,1.0,1.0,1.0,1.0,Raúl Fernando Sendic,Raúl Fernando Sendic,mt_vote_revoted_gte_langfilter,2026-03-19T13:41:03,0.9785014390945436,1.0,1.0,madlad,es,pt,pt,Raúl_Fernando_Sendic
entity,en,Real_Zaragoza,Real Zaragoza,Real Zaragoza,Real Zaragoza,Real Zaragoza,0.9,1.0,1.0,1.0,1.0,1.0,1.0,Real Zaragoza,Real Zaragoza,mt_vote_revoted_gte_langfilter,2026-03-19T13:41:03,1.0000001192092896,1.0000001192092896,1.0000001192092896,nllb,sl,sl,sl,Real_Zaragoza
entity,en,Rebel·lió_del_Whisky,Rebel·lió del Whisky,Whiskey Rebellion,Whiskey Rebellion,Whisky Rebellion,0.9,1.0,0.9697,0.9697,1.0,1.0,1.0,Whiskey Rebellion,Whiskey Rebellion,mt_vote,2026-03-19T13:05:10,,,,,en,en,en,Whiskey_Rebellion
entity,en,Recep_Tayyip_Erdoğan,Recep Tayyip Erdoğan,Recep Tayyip Erdoğan,Recep Tayyip Erdoğan,Recep Tayyip Erdoğan,0.9,1.0,1.0,1.0,1.0,1.0,1.0,Recep Tayyip Erdoğan,Recep Tayyip Erdoğan,mt_vote_revoted_gte_langfilter,2026-03-19T13:41:03,1.0,1.0,1.0,nllb,az,az,az,Recep_Tayyip_Erdoğan
entity,en,Red,Red,Networking,Red,Red,0.9,0.1538,0.1538,1.0,0.0,0.0,1.0,Red,Red,mt_vote,2026-03-19T13:05:12,,,,,en,en,en,Red
entity,en,Redefineix_les_propietats_limitades,Redefineix les propietats limitades,Redefines bounded properties,Redefine Restricted Properties,Redefine the limited properties,0.9,0.7586,0.7458,0.8197,0.0,0.0,0.0,Redefine Restricted Properties,Redefine Restricted Properties,mt_vote,2026-03-19T13:05:13,,,,,en,en,en,Redefine_Restricted_Properties
entity,en,"Regina,_Saskatchewan","Regina, Saskatchewan","Regina, Saskatchewan","Regina, Saskatchewan","Regina, Saskatchewan",0.9,1.0,1.0,1.0,1.0,1.0,1.0,"Regina, Saskatchewan","Regina, Saskatchewan",mt_vote_revoted_gte_langfilter,2026-03-19T13:41:03,1.0,1.0,1.0,nllb,pl,pl,pl,"Regina,_Saskatchewan"
entity,en,"Regió_Sud,_Brasil","Regió Sud, Brasil","Region South, Brazil","South region, Brazil","South Region, Brazil",0.9,0.7,0.7,1.0,0.0,0.0,1.0,"South Region, Brazil","South Region, Brazil",mt_vote_revoted_gte_langfilter,2026-03-19T13:41:03,0.9525984525680542,0.959264874458313,0.9639856219291688,salamandra,it,it,it,"South_Region,_Brazil"
entity,en,Regió_de_Dinamarca_Central,Regió de Dinamarca Central,Region of Central Denmark,Central Denmark Region,Region of Central Denmark,0.9,0.0,0.0,0.0,0.0,0.0,0.0,Central Denmark Region,Central Denmark Region,mt_vote_revoted_gte_langfilter,2026-03-19T13:41:03,,0.9371699690818788,,madlad,en,tr,en,Central_Denmark_Region
entity,en,Regió_de_Paisa,Regió de Paisa,Region of Paisa,Paisa Region,Paisa region,0.9,0.0,0.0,1.0,0.0,0.0,1.0,Paisa Region,Paisa Region,mt_vote_revoted_gte_langfilter,2026-03-19T13:41:03,,0.926618754863739,0.9241989850997924,madlad,en,pt,pt,Paisa_Region
entity,en,Regne_Unit,Regne Unit,United Kingdom,United Kingdom,United Kingdom,0.9,1.0,1.0,1.0,1.0,1.0,1.0,United Kingdom,United Kingdom,mt_vote,2026-03-19T13:05:16,,,,,en,en,en,United_Kingdom
entity,en,Regne_d'Anglaterra,Regne d'Anglaterra,Kingdom of England,Kingdom of England,Kingdom of England,0.9,1.0,1.0,1.0,1.0,1.0,1.0,Kingdom of England,Kingdom of England,mt_vote,2026-03-19T13:05:16,,,,,en,en,en,Kingdom_of_England
entity,en,Regne_de_França,Regne de França,Kingdom of France,Kingdom of France,Kingdom of France,0.9,1.0,1.0,1.0,1.0,1.0,1.0,Kingdom of France,Kingdom of France,mt_vote,2026-03-19T13:05:17,,,,,en,en,en,Kingdom_of_France
entity,en,Regne_de_Sarawak,Regne de Sarawak,Kingdom of Sarawak,Kingdom of Sarawak,Kingdom of Sarawak,0.9,1.0,1.0,1.0,1.0,1.0,1.0,Kingdom of Sarawak,Kingdom of Sarawak,mt_vote,2026-03-19T13:05:17,,,,,en,en,en,Kingdom_of_Sarawak
entity,en,"Rei_de_Prússia,_Pensilvània","Rei de Prússia, Pensilvània","King of Prussia, Pennsylvania","King of Prussia, Pennsylvania","King of Prussia, Pennsylvania",0.9,1.0,1.0,1.0,1.0,1.0,1.0,"King of Prussia, Pennsylvania","King of Prussia, Pennsylvania",mt_vote,2026-03-19T13:05:18,,,,,en,en,en,"King_of_Prussia,_Pennsylvania"
entity,en,Reial_Madrid_C.F.,Reial Madrid C.F.,Real Madrid C.F.,Real Madrid C.F.,Real Madrid C.F.,0.9,1.0,1.0,1.0,1.0,1.0,1.0,Real Madrid C.F.,Real Madrid C.F.,mt_vote,2026-03-19T13:05:19,,,,,en,en,en,Real_Madrid_C.F.
entity,en,Reial_Madrid_Castella,Reial Madrid Castella,Real Madrid and Castile,Real Madrid Castilla,Real Madrid Castilla,0.9,0.0,0.0,1.0,0.0,0.0,1.0,Real Madrid Castilla,Real Madrid Castilla,mt_vote_revoted_gte_langfilter,2026-03-19T13:41:03,,0.899037778377533,0.899037778377533,salamandra,en,sv,sv,Real_Madrid_Castilla
entity,en,"Reidsville,_Carolina_del_Nord","Reidsville, Carolina del Nord","Reidsville, North Carolina","Reidsville, North Carolina","Reidsville, North Carolina",0.9,1.0,1.0,1.0,1.0,1.0,1.0,"Reidsville, North Carolina","Reidsville, North Carolina",mt_vote_revoted_gte_langfilter,2026-03-19T13:41:03,0.955292284488678,0.955292284488678,0.955292284488678,nllb,fr,fr,fr,"Reidsville,_North_Carolina"
entity,en,René_Goscinny,René Goscinny,Rene Goscinny,René Goscinny,René Goscinny,0.9,0.9231,0.9231,1.0,1.0,1.0,1.0,René Goscinny,René Goscinny,mt_vote_revoted_gte_langfilter,2026-03-19T13:41:03,0.9244447946548462,1.0000001192092896,1.0000001192092896,madlad,it,sk,sk,René_Goscinny
entity,en,República_Francesa,República Francesa,French Republic,French Republic,French Republic,0.9,1.0,1.0,1.0,1.0,1.0,1.0,French Republic,French Republic,mt_vote,2026-03-19T13:05:22,,,,,en,en,en,French_Republic
entity,en,República_Popular_de_la_Xina,República Popular de la Xina,People's Republic of China,People &apos; s Republic of China,People's Republic of China,0.9,0.8475,1.0,0.8475,0.0,1.0,0.0,People's Republic of China,People's Republic of China,mt_vote,2026-03-19T13:05:23,,,,,en,en,en,People's_Republic_of_China
entity,en,República_Socialista_Soviètica_de_Geòrgia,República Socialista Soviètica de Geòrgia,Georgian Soviet Socialist Republic,Georgian Soviet Socialist Republic,Georgian Soviet Socialist Republic,0.9,1.0,1.0,1.0,1.0,1.0,1.0,Georgian Soviet Socialist Republic,Georgian Soviet Socialist Republic,mt_vote_revoted_gte_langfilter,2026-03-19T13:41:03,0.8495373129844666,0.8495373129844666,0.8495373129844666,nllb,mt,mt,mt,Georgian_Soviet_Socialist_Republic
entity,en,República_Socialista_de_Sèrbia,República Socialista de Sèrbia,Socialist Republic of Serbia,Socialist Republic of Serbia,Socialist Republic of Serbia,0.9,1.0,1.0,1.0,1.0,1.0,1.0,Socialist Republic of Serbia,Socialist Republic of Serbia,mt_vote,2026-03-19T13:05:24,,,,,en,en,en,Socialist_Republic_of_Serbia
entity,en,República_d'Irlanda,República d'Irlanda,Republic of Ireland,Republic of Ireland,Republic of Ireland,0.9,1.0,1.0,1.0,1.0,1.0,1.0,Republic of Ireland,Republic of Ireland,mt_vote,2026-03-19T13:05:25,,,,,en,en,en,Republic_of_Ireland
entity,en,República_de_Turquia,República de Turquia,Republic of Turkey,Republic of Turkey,Republic of Turkey,0.9,1.0,1.0,1.0,1.0,1.0,1.0,Republic of Turkey,Republic of Turkey,mt_vote,2026-03-19T13:05:25,,,,,en,en,en,Republic_of_Turkey
entity,en,República_de_l'Índia,República de l'Índia,Republic of India,Republic of India,Republic of India,0.9,1.0,1.0,1.0,1.0,1.0,1.0,Republic of India,Republic of India,mt_vote,2026-03-19T13:05:26,,,,,en,en,en,Republic_of_India
entity,en,República_de_les_Filipines,República de les Filipines,Republic of the Philippines,Republic of the Philippines,Republic of the Philippines,0.9,1.0,1.0,1.0,1.0,1.0,1.0,Republic of the Philippines,Republic of the Philippines,mt_vote,2026-03-19T13:05:27,,,,,en,en,en,Republic_of_the_Philippines
entity,en,Reuven_Rivlin,Reuven Rivlin,Reuven Rivlin,Reuven Rivlin,Reuven Rivlin,0.9,1.0,1.0,1.0,1.0,1.0,1.0,Reuven Rivlin,Reuven Rivlin,mt_vote_revoted_gte_langfilter,2026-03-19T13:41:03,1.0,1.0,1.0,nllb,fr,fr,fr,Reuven_Rivlin
entity,en,Reşadiye,Reşadiye,Reşadiye,Reşadiye,Reşadiye,0.9,1.0,1.0,1.0,1.0,1.0,1.0,Reşadiye,Reşadiye,mt_vote_revoted_gte_langfilter,2026-03-19T13:41:03,1.0,1.0,1.0,nllb,tr,tr,tr,Reşadiye
entity,en,Rice,Rice,Rice,Rice,Rice,0.9,1.0,1.0,1.0,1.0,1.0,1.0,Rice,Rice,mt_vote,2026-03-19T13:05:28,,,,,en,en,en,Rice
entity,en,Richard_A._Teague,Richard A. Teague,Richard A. Teague,Richard A. Teague,Richard A. Teague,0.9,1.0,1.0,1.0,1.0,1.0,1.0,Richard A. Teague,Richard A. Teague,mt_vote_revoted_gte_langfilter,2026-03-19T13:41:03,1.0,1.0,1.0,nllb,de,de,de,Richard_A._Teague
entity,en,Richard_J._Berry,Richard J. Berry,Richard J. Berry,Richard J. Berry,Richard J. Berry,0.9,1.0,1.0,1.0,1.0,1.0,1.0,Richard J. Berry,Richard J. Berry,mt_vote_revoted_gte_langfilter,2026-03-19T13:41:03,0.9999999403953552,0.9999999403953552,0.9999999403953552,nllb,de,de,de,Richard_J._Berry
entity,en,"Richland_Township,_Madison_County,_Indiana","Richland Township, Madison County, Indiana","Richland Township, Madison County, Indiana","Richland Township, Madison County, Indiana","Richland Township, Madison County, Indiana",0.9,1.0,1.0,1.0,1.0,1.0,1.0,"Richland Township, Madison County, Indiana","Richland Township, Madison County, Indiana",mt_vote_revoted_gte_langfilter,2026-03-19T13:41:03,1.0,1.0,1.0,nllb,de,de,de,"Richland_Township,_Madison_County,_Indiana"
entity,en,Rick_Parker,Rick Parker,This is Rick Parker.,Rick Parker,Rick Parker,0.9,0.7097,0.7097,1.0,0.0,0.0,1.0,Rick Parker,Rick Parker,mt_vote,2026-03-19T13:05:31,,,,,en,en,en,Rick_Parker
entity,en,Ricky_Sbragia,Ricky Sbragia,This is Ricky Sbragia.,Ricky Sbragia,Ricky Sbragia,0.9,0.0,0.0,1.0,0.0,0.0,1.0,Ricky Sbragia,Ricky Sbragia,mt_vote_revoted_gte_langfilter,2026-03-19T13:41:03,,1.0000001192092896,1.0000001192092896,salamandra,en,cs,cs,Ricky_Sbragia
entity,en,"Ridgewood,_Queens","Ridgewood, Queens","Ridgewood, Queens","Ridgewood, Queens","Ridgewood, Queens",0.9,1.0,1.0,1.0,1.0,1.0,1.0,"Ridgewood, Queens","Ridgewood, Queens",mt_vote_revoted_gte_langfilter,2026-03-19T13:41:03,1.0,1.0,1.0,nllb,nl,nl,nl,"Ridgewood,_Queens"
entity,en,Roadside_Attractions,Roadside Attractions,Roadside Attractions,Roadside Attractions,Roadside Attractions,0.9,1.0,1.0,1.0,1.0,1.0,1.0,Roadside Attractions,Roadside Attractions,mt_vote,2026-03-19T13:05:34,,,,,en,en,en,Roadside_Attractions
entity,en,Robert_A._Heinlein,Robert A. Heinlein,This is Robert A. Heinlein.,Robert A. Heinlein,Robert A. Heinlein,0.9,0.0,0.0,1.0,0.0,0.0,1.0,Robert A. Heinlein,Robert A. Heinlein,mt_vote_revoted_gte_langfilter,2026-03-19T13:41:03,,1.0000001192092896,1.0000001192092896,salamandra,en,de,de,Robert_A._Heinlein
entity,en,Robert_A._M._Stern,Robert A. M. Stern,Written by Robert A. M. Stern,Robert A. M. Stern,Robert A. M. Stern,0.9,0.766,0.766,1.0,0.0,0.0,1.0,Robert A. M. Stern,Robert A. M. Stern,mt_vote,2026-03-19T13:05:35,,,,,en,en,en,Robert_A._M._Stern
entity,en,Robert_Eenhoorn,Robert Eenhoorn,This is Robert Eenhoorn.,Robert Eenhoorn,Robert Eenhoorn,0.9,0.0,0.0,1.0,0.0,0.0,1.0,Robert Eenhoorn,Robert Eenhoorn,mt_vote_revoted_gte_langfilter,2026-03-19T13:41:03,,1.0000001192092896,1.0000001192092896,salamandra,en,nl,nl,Robert_Eenhoorn
entity,en,Robert_Gates,Robert Gates,This is Robert Gates.,Robert Gates,Robert Gates,0.9,0.7273,0.7273,1.0,0.0,0.0,1.0,Robert Gates,Robert Gates,mt_vote,2026-03-19T13:05:36,,,,,en,en,en,Robert_Gates
entity,en,Robert_Lee,Robert Lee,This is Robert Lee.,Robert Lee,Robert Lee,0.9,0.0,0.0,1.0,0.0,0.0,1.0,Robert Lee,Robert Lee,mt_vote_revoted_gte_langfilter,2026-03-19T13:41:03,,1.0,1.0,salamandra,en,fr,fr,Robert_Lee
entity,en,Roberto_Gil_Zuarth,Roberto Gil Zuarth,This is Roberto Gil Zuarth.,Roberto Gil Zuarth,Roberto Gil Zuarth,0.9,0.0,0.0,1.0,0.0,0.0,1.0,Roberto Gil Zuarth,Roberto Gil Zuarth,mt_vote_revoted_gte_langfilter,2026-03-19T13:41:03,,1.0,1.0,salamandra,en,de,de,Roberto_Gil_Zuarth
entity,en,Roca_(geologia),Roca (geologia),Rocks (geology),Rock (geology) - Wikipedia,Rock (geology),0.9,0.6829,0.9655,0.7,0.0,1.0,0.0,Rocks (geology),Rocks (geology),mt_vote,2026-03-19T13:05:38,,,,,en,en,en,Rocks_(geology)
entity,en,Rochdale,Rochdale,Rochdale,Rochdale,Rochdale,0.9,1.0,1.0,1.0,1.0,1.0,1.0,Rochdale,Rochdale,mt_vote_revoted_gte_langfilter,2026-03-19T13:41:03,1.0,1.0,1.0,nllb,sv,sv,sv,Rochdale
entity,en,Rock_alternatiu_cristià,Rock alternatiu cristià,Christian alternative rock,Christian Alternative Rock,Christian alternative rock,0.9,1.0,1.0,1.0,1.0,1.0,1.0,Christian alternative rock,Christian alternative rock,mt_vote_revoted_gte_langfilter,2026-03-19T13:41:03,0.8843026757240295,0.8761444091796875,0.8843026757240295,nllb,de,de,de,Christian_alternative_rock
entity,en,Rodolf_Llopis_Ferrándiz,Rodolf Llopis Ferrándiz,This is Rodolf Llopis Ferrándiz,Rodolf Llopis Ferrándiz,Rodolf Llopis Ferrándiz,0.9,0.8519,0.8519,1.0,0.0,0.0,1.0,Rodolf Llopis Ferrándiz,Rodolf Llopis Ferrándiz,mt_vote_revoted_gte_langfilter,2026-03-19T13:41:03,0.8990380764007568,1.0,1.0,salamandra,ga,ga,ga,Rodolf_Llopis_Ferrándiz
entity,en,Rodrigo_Duterte,Rodrigo Duterte,Spanish President Rodrigo Duterte,Rodrigo Duterte,Rodrigo Duterte,0.9,0.625,0.625,1.0,0.0,0.0,1.0,Rodrigo Duterte,Rodrigo Duterte,mt_vote_revoted_gte_langfilter,2026-03-19T13:41:03,0.9264158010482788,0.9999999403953552,0.9999999403953552,salamandra,pt,pt,pt,Rodrigo_Duterte
entity,en,Roger_McKenzie_(escriptor_de_còmics),Roger McKenzie (escriptor de còmics),Roger McKenzie (comic book writer),Roger McKenzie (comic writer),Roger McKenzie (comic book writer),0.9,0.9206,1.0,0.9206,1.0,1.0,1.0,Roger McKenzie (comic writer),Roger McKenzie (comic writer),mt_vote_revoted_gte_langfilter,2026-03-19T13:41:03,0.9445313811302184,0.9466172456741332,0.9445313811302184,madlad,it,it,it,Roger_McKenzie_(comic_writer)
entity,en,Roger_Stern,Roger Stern,Roger Stern,Roger Stern,Roger Stern,0.9,1.0,1.0,1.0,1.0,1.0,1.0,Roger Stern,Roger Stern,mt_vote_revoted_gte_langfilter,2026-03-19T13:41:03,1.0,1.0,1.0,nllb,da,da,da,Roger_Stern
entity,en,Roland_Desmond,Roland Desmond,This is Roland Desmond.,Roland Desmond,Roland Desmond,0.9,0.7568,0.7568,1.0,0.0,0.0,1.0,Roland Desmond,Roland Desmond,mt_vote,2026-03-19T13:05:44,,,,,en,en,en,Roland_Desmond
entity,en,Rolando_Maran,Rolando Maran,Rolando Maran,Rolando Maran,Rolando Maran,0.9,1.0,1.0,1.0,1.0,1.0,1.0,Rolando Maran,Rolando Maran,mt_vote_revoted_gte_langfilter,2026-03-19T13:41:03,1.0,1.0,1.0,nllb,es,es,es,Rolando_Maran
entity,en,Rolls-Royce_Holdings,Rolls-Royce Holdings,Rolls-Royce Holdings,Rolls-Royce Holdings,Rolls-Royce Holdings,0.9,1.0,1.0,1.0,1.0,1.0,1.0,Rolls-Royce Holdings,Rolls-Royce Holdings,mt_vote,2026-03-19T13:05:45,,,,,en,en,en,Rolls-Royce_Holdings
entity,en,Rolls-Royce_Power_Systems,Rolls-Royce Power Systems,Rolls-Royce power systems,Rolls-Royce Power Systems,Rolls-Royce Power Systems,0.9,1.0,1.0,1.0,1.0,1.0,1.0,Rolls-Royce power systems,Rolls-Royce power systems,mt_vote,2026-03-19T13:05:46,,,,,en,en,en,Rolls-Royce_power_systems
entity,en,Roma,Roma,Rome,Roma,Rome,0.9,0.75,1.0,0.75,0.0,1.0,0.0,Rome,Rome,mt_vote,2026-03-19T13:05:47,,,,,en,en,en,Rome
entity,en,"Roma,_Itàlia","Roma, Itàlia","Rome, Italy","Rome, Italy","Rome, Italy",0.9,1.0,1.0,1.0,1.0,1.0,1.0,"Rome, Italy","Rome, Italy",mt_vote_revoted_gte_langfilter,2026-03-19T13:41:03,0.937113344669342,0.937113344669342,0.937113344669342,nllb,it,it,it,"Rome,_Italy"
entity,en,Romania,Romania,Romania,Romania,Romania,0.9,1.0,1.0,1.0,1.0,1.0,1.0,Romania,Romania,mt_vote_revoted_gte_langfilter,2026-03-19T13:41:03,1.0000001192092896,1.0000001192092896,1.0000001192092896,nllb,pl,pl,pl,Romania
entity,en,Rona_Fairhead,Rona Fairhead,Rona Fairhead,Rona Fairhead,Rona Fairhead,0.9,1.0,1.0,1.0,1.0,1.0,1.0,Rona Fairhead,Rona Fairhead,mt_vote,2026-03-19T13:05:48,,,,,en,en,en,Rona_Fairhead
entity,en,Rostock,Rostock,Rostock,Rostock,Rostock,0.9,1.0,1.0,1.0,1.0,1.0,1.0,Rostock,Rostock,mt_vote_revoted_gte_langfilter,2026-03-19T13:41:03,1.0,1.0,1.0,nllb,fi,fi,fi,Rostock
entity,en,"Round_Rock,_Texas","Round Rock, Texas","Round Rock, Texas","Round Rock, TX","Round Rock, Texas",0.9,0.9032,1.0,0.9032,1.0,1.0,1.0,"Round Rock, Texas","Round Rock, Texas",mt_vote_revoted_gte_langfilter,2026-03-19T13:41:03,1.0,0.9808969497680664,1.0,nllb,de,de,de,"Round_Rock,_Texas"
entity,en,Rovaniemen_Palloseura,Rovaniemen Palloseura,Rovaniemen and Palloseura,Rovaniemen Palloseura,Rovaniemen Palloseura,0.9,0.0,0.0,1.0,0.0,0.0,1.0,Rovaniemen Palloseura,Rovaniemen Palloseura,mt_vote_revoted_gte_langfilter,2026-03-19T13:41:03,,1.0,1.0,salamandra,en,sk,sk,Rovaniemen_Palloseura
entity,en,"Roy_D._Chapin,_Jr.","Roy D. Chapin, Jr.","This is Roy D. Chapin, Jr.","Roy D. Chapin, Jr.","Roy D. Chapin, Jr.",0.9,0.8182,0.8182,1.0,0.0,0.0,1.0,"Roy D. Chapin, Jr.","Roy D. Chapin, Jr.",mt_vote,2026-03-19T13:05:52,,,,,en,en,en,"Roy_D._Chapin,_Jr."
entity,en,Roy_Thomas,Roy Thomas,Roy Thomas,Roy Thomas,Roy Thomas,0.9,1.0,1.0,1.0,1.0,1.0,1.0,Roy Thomas,Roy Thomas,mt_vote,2026-03-19T13:05:52,,,,,en,en,en,Roy_Thomas
entity,en,Royal_Artillery,Royal Artillery,Royal Artillery,Royal Artillery,Royal Artillery,0.9,1.0,1.0,1.0,1.0,1.0,1.0,Royal Artillery,Royal Artillery,mt_vote_revoted_gte_langfilter,2026-03-19T13:41:03,1.0,1.0,1.0,nllb,da,da,da,Royal_Artillery
entity,en,Runcorn_F.C._Halton_(anglès),Runcorn F.C. Halton (anglès),Runcorn F.C. Halton (English),Runcorn F.C. Halton,Runcorn F.C. Halton (English),0.9,0.0,1.0,0.0,0.0,1.0,0.0,Runcorn F.C. Halton (English),Runcorn F.C. Halton (English),mt_vote_revoted_gte_langfilter,2026-03-19T13:41:03,0.983102798461914,,0.983102798461914,salamandra,it,en,it,Runcorn_F.C._Halton_(English)
entity,en,Rupia_indonesiana,Rupia indonesiana,Indonesian rupee,Indonesian rupiah,Indonesian Rupia,0.9,0.8485,0.875,0.9697,0.0,0.0,1.0,Indonesian rupiah,Indonesian rupiah,mt_vote_revoted_gte_langfilter,2026-03-19T13:41:03,0.976575255393982,0.9746718406677246,0.972296416759491,madlad,es,es,es,Indonesian_rupiah
entity,en,Ruth_Ribicoff,Ruth Ribicoff,Ruth Ribicoff,Ruth Ribicoff,Ruth Ribicoff,0.9,1.0,1.0,1.0,1.0,1.0,1.0,Ruth Ribicoff,Ruth Ribicoff,mt_vote,2026-03-19T13:05:55,,,,,en,en,en,Ruth_Ribicoff
entity,en,"Rutland_Arms,_Bakewell,_el_1820","Rutland Arms, Bakewell, el 1820","Rutland Arms, Bakewell, in the 1820s","Rutland Arms, Bakewell, 1820","Rutland Arms, Bakewell, 1820",0.9,0.875,0.875,1.0,0.0,0.0,1.0,"Rutland Arms, Bakewell, 1820","Rutland Arms, Bakewell, 1820",mt_vote,2026-03-19T13:05:57,,,,,en,en,en,"Rutland_Arms,_Bakewell,_1820"
entity,en,Ryan_Potter,Ryan Potter,This is Ryan Potter.,Ryan Potter,Ryan Potter,0.9,0.0,0.0,1.0,0.0,0.0,1.0,Ryan Potter,Ryan Potter,mt_vote_revoted_gte_langfilter,2026-03-19T13:41:03,,1.0000001192092896,1.0000001192092896,salamandra,en,id,id,Ryan_Potter
entity,en,Rècords_mundials_flotants,Rècords mundials flotants,Floating world records,Floating World Records,Floating world records,0.9,1.0,1.0,1.0,1.0,1.0,1.0,Floating world records,Floating world records,mt_vote,2026-03-19T13:05:58,,,,,en,en,en,Floating_world_records
entity,en,Ròsides,Ròsides,Roses,Rosids,Rosids,0.9,0.7273,0.7273,1.0,0.0,0.0,1.0,Rosids,Rosids,mt_vote,2026-03-19T13:05:58,,,,,en,en,en,Rosids
entity,en,Rússia,Rússia,Russia,Russia,Russia,0.9,1.0,1.0,1.0,1.0,1.0,1.0,Russia,Russia,mt_vote,2026-03-19T13:05:59,,,,,en,en,en,Russia
entity,en,Rússia_sub-21,Rússia sub-21,Russia under 21,Russia U-21,Russia U21,0.9,0.0,0.0,0.0,0.0,0.0,0.0,Russia under 21,Russia under 21,mt_vote_revoted_gte_langfilter,2026-03-19T13:41:03,0.9314080476760864,,,nllb,de,en,en,Russia_under_21
entity,en,S.A._(corporació),S.A. (corporació),S.A. (corporation),S.A. (corporate),S.A. (corporation),0.9,0.8824,1.0,0.8824,0.0,1.0,0.0,S.A. (corporation),S.A. (corporation),mt_vote,2026-03-19T13:06:00,,,,,en,en,en,S.A._(corporation)
entity,en,S.S.D._Potenza_Calcio,S.S.D. Potenza Calcio,S.S.D. Powered by Calcio,S.S.D. Potenza Calcio,S.S.D. Potenza Calcio,0.9,0.0,0.0,1.0,0.0,0.0,1.0,S.S.D. Potenza Calcio,S.S.D. Potenza Calcio,mt_vote_revoted_gte_langfilter,2026-03-19T13:41:03,,1.0000001192092896,1.0000001192092896,salamandra,en,it,it,S.S.D._Potenza_Calcio
entity,en,S.S._Robur_Siena,S.S. Robur Siena,S.S. Robur from Siena,SS Robur Siena,S.S. Robur Siena,0.9,0.8,0.8649,0.9333,0.0,0.0,1.0,SS Robur Siena,SS Robur Siena,mt_vote,2026-03-19T13:06:02,,,,,en,en,en,SS_Robur_Siena
entity,en,"SAGE_Publications_per_a_la_Samuel_Curtis_Johnson_Graduate_School_of_Management,_Universitat_de_Cornell","SAGE Publications per a la Samuel Curtis Johnson Graduate School of Management, Universitat de Cornell",SAGE Publications for the Samuel Curtis Johnson Graduate School of Management at Cornell University,"SAGE Publications for the Samuel Curtis Johnson Graduate School of Management, Cornell University","SAGE Publications for the Samuel Curtis Johnson Graduate School of Management, Cornell University",0.9,0.9796,0.9796,1.0,1.0,1.0,1.0,"SAGE Publications for the Samuel Curtis Johnson Graduate School of Management, Cornell University","SAGE Publications for the Samuel Curtis Johnson Graduate School of Management, Cornell University",mt_vote,2026-03-19T13:06:04,,,,,en,en,en,"SAGE_Publications_for_the_Samuel_Curtis_Johnson_Graduate_School_of_Management,_Cornell_University"
entity,en,SBCT,SBCT,SBCT,SBCT,SBCT,0.9,1.0,1.0,1.0,1.0,1.0,1.0,SBCT,SBCT,mt_vote,2026-03-19T13:06:05,,,,,en,en,en,SBCT
entity,en,SEAT_Ibiza,SEAT Ibiza,This is the SEAT Ibiza.,SEAT Ibiza,SEAT Ibiza,0.9,0.0,0.0,1.0,0.0,0.0,1.0,SEAT Ibiza,SEAT Ibiza,mt_vote_revoted_gte_langfilter,2026-03-19T13:41:03,,1.0000001192092896,1.0000001192092896,salamandra,en,rw,rw,SEAT_Ibiza
entity,en,SK_Dila_Gori,SK Dila Gori,SK Dila Gori,SK Dila Gori,SK Dila Gori,0.9,1.0,1.0,1.0,1.0,1.0,1.0,SK Dila Gori,SK Dila Gori,mt_vote_revoted_gte_langfilter,2026-03-19T13:41:03,1.0,1.0,1.0,nllb,sl,sl,sl,SK_Dila_Gori
entity,en,SK_Dinamo_Batumi,SK Dinamo Batumi,"SK Dinamo Batumi is a football club based in Batumi, Russia.",SK Dinamo Batumi,SK Dinamo Batumi,0.9,0.0,0.0,1.0,0.0,0.0,1.0,SK Dinamo Batumi,SK Dinamo Batumi,mt_vote_revoted_gte_langfilter,2026-03-19T13:41:03,,1.0000001192092896,1.0000001192092896,salamandra,en,lt,lt,SK_Dinamo_Batumi
entity,en,SK_Rapid_Wien,SK Rapid Wien,SK Rapid Wien,Rapid Vienna,SK Rapid Wien,0.9,0.0,0.0,0.0,0.0,0.0,0.0,Rapid Vienna,Rapid Vienna,mt_vote_revoted_gte_langfilter,2026-03-19T13:41:03,,0.8940194845199585,,madlad,en,br,en,Rapid_Vienna
entity,en,SK_Samtredia,SK Samtredia,SK Samtredia,SK Samtredia,SK Samtredia,0.9,1.0,1.0,1.0,1.0,1.0,1.0,SK Samtredia,SK Samtredia,mt_vote_revoted_gte_langfilter,2026-03-19T13:41:03,1.0,1.0,1.0,nllb,de,de,de,SK_Samtredia
entity,en,SLK,SLK,SLK,SLK,SLK,0.9,1.0,1.0,1.0,1.0,1.0,1.0,SLK,SLK,mt_vote,2026-03-19T13:06:09,,,,,en,en,en,SLK
entity,en,STV,STV,STV,STV,STV,0.9,1.0,1.0,1.0,1.0,1.0,1.0,STV,STV,mt_vote,2026-03-19T13:06:09,,,,,en,en,en,STV
entity,en,SV_Babelsberg_03,SV Babelsberg 03,SV Babelsberg 03,SV Babelsberg 03,SV Babelsberg 03,0.9,1.0,1.0,1.0,1.0,1.0,1.0,SV Babelsberg 03,SV Babelsberg 03,mt_vote,2026-03-19T13:06:10,,,,,en,en,en,SV_Babelsberg_03
entity,en,SV_Germania_90_Schöneiche,SV Germania 90 Schöneiche,SV Germany 90 Schöneiche,Germany 90 Schöneiche,SV Germania 90 Schöneiche,0.9,0.9333,0.9388,0.8696,1.0,1.0,0.0,SV Germania 90 Schöneiche,SV Germania 90 Schöneiche,mt_vote_revoted_gte_langfilter,2026-03-19T13:41:03,0.9637186527252196,0.874948263168335,1.0000001192092896,salamandra,de,de,de,SV_Germania_90_Schöneiche
entity,en,SV_Werder_Bremen_II,SV Werder Bremen II,SV Werder Bremen II is a German football club based in Bremen.,SV Werder Bremen II,SV Werder Bremen II,0.9,0.0,0.0,1.0,0.0,0.0,1.0,SV Werder Bremen II,SV Werder Bremen II,mt_vote_revoted_gte_langfilter,2026-03-19T13:41:03,,1.0,1.0,salamandra,en,de,de,SV_Werder_Bremen_II
entity,en,Saab_9000,Saab 9000,The Saab 9000,Saab 9000,Saab 9000,0.9,0.0,0.0,1.0,0.0,0.0,1.0,Saab 9000,Saab 9000,mt_vote_revoted_gte_langfilter,2026-03-19T13:41:03,,1.0,1.0,salamandra,en,et,et,Saab_9000
entity,en,Sadique_Abubakar,Sadique Abubakar,This is Sadique Abubakar.,Sadique Abubakar,Sadique Abubakar,0.9,0.0,0.0,1.0,0.0,0.0,1.0,Sadique Abubakar,Sadique Abubakar,mt_vote_revoted_gte_langfilter,2026-03-19T13:41:03,,1.0000001192092896,1.0000001192092896,salamandra,en,fr,fr,Sadique_Abubakar
entity,en,Sago,Sago,Sago,Sago,Sago,0.9,1.0,1.0,1.0,1.0,1.0,1.0,Sago,Sago,mt_vote,2026-03-19T13:06:14,,,,,en,en,en,Sago
entity,en,"Saint_Anne,_Alderney","Saint Anne, Alderney","Saint Anne, Alderney","Saint Anne, Alderney","Saint Anne, Alderney",0.9,1.0,1.0,1.0,1.0,1.0,1.0,"Saint Anne, Alderney","Saint Anne, Alderney",mt_vote,2026-03-19T13:06:15,,,,,en,en,en,"Saint_Anne,_Alderney"
entity,en,Saint_Louis,Saint Louis,St. Louis,Saint Louis,Saint Louis,0.9,0.8,0.8,1.0,0.0,0.0,1.0,Saint Louis,Saint Louis,mt_vote,2026-03-19T13:06:16,,,,,en,en,en,Saint_Louis
entity,en,"Salem,_Oregon","Salem, Oregon","Salem, Oregon","Salem, Oregon","Salem, Oregon",0.9,1.0,1.0,1.0,1.0,1.0,1.0,"Salem, Oregon","Salem, Oregon",mt_vote_revoted_gte_langfilter,2026-03-19T13:41:03,1.0,1.0,1.0,nllb,it,it,it,"Salem,_Oregon"
entity,en,Salsa_de_cacauet,Salsa de cacauet,Peanut sauce,Peanut sauce,Peanut Sauce,0.9,1.0,0.0,0.0,1.0,0.0,0.0,Peanut sauce,Peanut sauce,mt_vote_revoted_gte_langfilter,2026-03-19T13:41:03,0.6210619211196899,0.6210619211196899,,nllb,ro,ro,en,Peanut_sauce
entity,en,Salsa_marró,Salsa marró,Brown sauce,Brown sauce,Brown Sauce,0.9,1.0,1.0,1.0,1.0,1.0,1.0,Brown sauce,Brown sauce,mt_vote,2026-03-19T13:06:18,,,,,en,en,en,Brown_sauce
entity,en,Samarkandkazakhstan._kgm,Samarkandkazakhstan. kgm,Samarkand and Kazakhstan. kgm,Samarkand,Samarkandkazakhstan. kgm,0.9,0.0,0.0,0.0,0.0,0.0,0.0,Samarkandkazakhstan. kgm,Samarkandkazakhstan. kgm,mt_vote_revoted_gte_langfilter,2026-03-19T13:41:03,,,1.0000001192092896,salamandra,en,en,xh,Samarkandkazakhstan._kgm
entity,en,Sammy_Price,Sammy Price,Sammy Price,Sammy Price,Sammy Price,0.9,1.0,1.0,1.0,1.0,1.0,1.0,Sammy Price,Sammy Price,mt_vote,2026-03-19T13:06:19,,,,,en,en,en,Sammy_Price
entity,en,San_Francisco,San Francisco,San Francisco,San Francisco,San Francisco,0.9,1.0,1.0,1.0,1.0,1.0,1.0,San Francisco,San Francisco,mt_vote_revoted_gte_langfilter,2026-03-19T13:41:03,1.0,1.0,1.0,nllb,es,es,es,San_Francisco
entity,en,"San_Marcos,_Texas","San Marcos, Texas","San Marcos, Texas","San Marcos, TX","San Marcos, Texas",0.9,0.9032,1.0,0.9032,1.0,1.0,1.0,"San Marcos, Texas","San Marcos, Texas",mt_vote_revoted_gte_langfilter,2026-03-19T13:41:03,0.9999999403953552,0.979844093322754,0.9999999403953552,nllb,es,es,es,"San_Marcos,_Texas"
entity,en,San_Sebastián_de_los_Reyes,San Sebastián de los Reyes,Saint Sebastian of the Kings,San Sebastián de los Reyes,San Sebastián de los Reyes,0.9,0.0,0.0,1.0,0.0,0.0,1.0,San Sebastián de los Reyes,San Sebastián de los Reyes,mt_vote_revoted_gte_langfilter,2026-03-19T13:41:03,,1.0,1.0,salamandra,en,es,es,San_Sebastián_de_los_Reyes
entity,en,Sandesh_(confeccions),Sandesh (confeccions),Sandesh (clothing),Sandesh (packages),Sandesh (confections),0.9,0.0,0.0,0.6667,0.0,0.0,0.0,Sandesh (confections),Sandesh (confections),mt_vote_revoted_gte_langfilter,2026-03-19T13:41:03,,0.826033353805542,0.9660063982009888,salamandra,en,de,fr,Sandesh_(confections)
entity,en,Sandwich_de_pastís,Sandwich de pastís,Cake sandwich,Cake Sandwich,Pie sandwich,0.9,0.0,0.0,0.0,0.0,0.0,0.0,Pie sandwich,Pie sandwich,mt_vote_revoted_gte_langfilter,2026-03-19T13:41:03,,,0.753542423248291,salamandra,en,en,de,Pie_sandwich
entity,en,Sant_Petersburg,Sant Petersburg,St. Petersburg,St. Petersburg,Saint Petersburg,0.9,1.0,0.8667,0.8667,1.0,0.0,0.0,St. Petersburg,St. Petersburg,mt_vote,2026-03-19T13:06:23,,,,,en,en,en,St._Petersburg
entity,en,"Santa_Mònica,_Califòrnia","Santa Mònica, Califòrnia","Santa Monica, California","Santa Monica, CA","Santa Monica, California",0.9,0.8,1.0,0.8,0.0,1.0,0.0,"Santa Monica, California","Santa Monica, California",mt_vote,2026-03-19T13:06:24,,,,,en,en,en,"Santa_Monica,_California"
entity,en,Sapindals,Sapindals,Knowing them,Sapindals,Sapindals,0.9,0.1905,0.1905,1.0,0.0,0.0,1.0,Sapindals,Sapindals,mt_vote,2026-03-19T13:06:24,,,,,en,en,en,Sapindals
entity,en,Sara_Miller_McCune,Sara Miller McCune,This is Sara Miller McCune.,Sara Miller McCune,Sara Miller McCune,0.9,0.0,0.0,1.0,0.0,0.0,1.0,Sara Miller McCune,Sara Miller McCune,mt_vote_revoted_gte_langfilter,2026-03-19T13:41:03,,1.0000001192092896,1.0000001192092896,salamandra,en,sv,sv,Sara_Miller_McCune
entity,en,Sarah_Teale,Sarah Teale,Sarah Teale,Sarah Teale,Sarah Teale,0.9,1.0,1.0,1.0,1.0,1.0,1.0,Sarah Teale,Sarah Teale,mt_vote_revoted_gte_langfilter,2026-03-19T13:41:03,0.9999999403953552,0.9999999403953552,0.9999999403953552,nllb,id,id,id,Sarah_Teale
entity,en,Sarawak,Sarawak,Sarawak,Sarawak,Sarawak,0.9,1.0,1.0,1.0,1.0,1.0,1.0,Sarawak,Sarawak,mt_vote_revoted_gte_langfilter,2026-03-19T13:41:03,0.9999999403953552,0.9999999403953552,0.9999999403953552,nllb,pl,pl,pl,Sarawak
entity,en,Sardar_Ayaz_Sadiq,Sardar Ayaz Sadiq,Sardar Ayaz Sadiq,Sardar Ayaz Sadiq,Sardar Ayaz Sadiq,0.9,1.0,1.0,1.0,1.0,1.0,1.0,Sardar Ayaz Sadiq,Sardar Ayaz Sadiq,mt_vote_revoted_gte_langfilter,2026-03-19T13:41:03,1.0,1.0,1.0,nllb,fr,fr,fr,Sardar_Ayaz_Sadiq
entity,en,Saskatchewan,Saskatchewan,Saskatchewan,Saskatchewan,Saskatchewan,0.9,1.0,1.0,1.0,1.0,1.0,1.0,Saskatchewan,Saskatchewan,mt_vote_revoted_gte_langfilter,2026-03-19T13:41:03,1.0,1.0,1.0,nllb,pl,pl,pl,Saskatchewan
entity,en,Satèl·lit_de_Plymouth,Satèl·lit de Plymouth,Satellite from Plymouth,Plymouth Satellite,Plymouth Satellite,0.9,0.439,0.439,1.0,0.0,0.0,1.0,Plymouth Satellite,Plymouth Satellite,mt_vote,2026-03-19T13:06:29,,,,,en,en,en,Plymouth_Satellite
entity,en,Sauli_Niinistö,Sauli Niinistö,This is Sauli Niinistö.,Sauli Niinistö,Sauli Niinistö,0.9,0.0,0.0,1.0,0.0,0.0,1.0,Sauli Niinistö,Sauli Niinistö,mt_vote_revoted_gte_langfilter,2026-03-19T13:41:03,,1.0000001192092896,1.0000001192092896,salamandra,en,fi,fi,Sauli_Niinistö
entity,en,"Schenectady,_Nova_York","Schenectady, Nova York","Schenectady, NY","Schenectady, NY","Schenectady, New York",0.9,1.0,0.8333,0.8333,1.0,0.0,0.0,"Schenectady, NY","Schenectady, NY",mt_vote,2026-03-19T13:06:30,,,,,en,en,en,"Schenectady,_NY"
entity,en,Scot_Gemmill,Scot Gemmill,Scot Gemmill,Scot Gemmill,Scot Gemmill,0.9,1.0,1.0,1.0,1.0,1.0,1.0,Scot Gemmill,Scot Gemmill,mt_vote_revoted_gte_langfilter,2026-03-19T13:41:03,1.0,1.0,1.0,nllb,mt,mt,mt,Scot_Gemmill
entity,en,Scott_Adsit,Scott Adsit,Scott Adsit,Scott Adsit,Scott Adsit,0.9,1.0,1.0,1.0,1.0,1.0,1.0,Scott Adsit,Scott Adsit,mt_vote_revoted_gte_langfilter,2026-03-19T13:41:03,1.0,1.0,1.0,nllb,sv,sv,sv,Scott_Adsit
entity,en,Seattle,Seattle,Seattle,Seattle,Seattle,0.9,1.0,1.0,1.0,1.0,1.0,1.0,Seattle,Seattle,mt_vote,2026-03-19T13:06:32,,,,,en,en,en,Seattle
entity,en,Secretari_(oficial_municipal),Secretari (oficial municipal),Secretary (municipal official),Secretary (municipal official),Secretary (municipal official),0.9,1.0,1.0,1.0,1.0,1.0,1.0,Secretary (municipal official),Secretary (municipal official),mt_vote,2026-03-19T13:06:33,,,,,en,en,en,Secretary_(municipal_official)
entity,en,Secretari_d'Estat_de_Vermont,Secretari d'Estat de Vermont,Secretary of State of Vermont,Vermont Secretary of State,Vermont Secretary of State,0.9,0.6545,0.6545,1.0,0.0,0.0,1.0,Vermont Secretary of State,Vermont Secretary of State,mt_vote,2026-03-19T13:06:34,,,,,en,en,en,Vermont_Secretary_of_State
entity,en,"Secretari_de_Salut,_Educació_i_Benestar_dels_Estats_Units","Secretari de Salut, Educació i Benestar dels Estats Units","United States Secretary of Health, Education and Welfare","U.S. Secretary of Health, Education and Welfare","United States Secretary of Health, Education, and Welfare",0.9,0.8738,0.9912,0.8654,0.0,1.0,0.0,"United States Secretary of Health, Education and Welfare","United States Secretary of Health, Education and Welfare",mt_vote,2026-03-19T13:06:35,,,,,en,en,en,"United_States_Secretary_of_Health,_Education_and_Welfare"
entity,en,Sedan_(automòbil),Sedan (automòbil),Sedan (car),Sedan (car),Sedan (car),0.9,1.0,1.0,1.0,1.0,1.0,1.0,Sedan (car),Sedan (car),mt_vote_revoted_gte_langfilter,2026-03-19T13:41:03,0.950557291507721,0.950557291507721,0.950557291507721,nllb,sv,sv,sv,Sedan_(car)
entity,en,Sede_de_l'administració_local,Sede de l'administració local,Seat of local government,Headquarters of the local government,Sede of the local administration,0.9,0.7667,0.5,0.5588,0.0,0.0,0.0,Headquarters of the local government,Headquarters of the local government,mt_vote,2026-03-19T13:06:37,,,,,en,en,en,Headquarters_of_the_local_government
entity,en,Segment_E,Segment E,Segment E,Segment E,Segment E,0.9,1.0,1.0,1.0,1.0,1.0,1.0,Segment E,Segment E,mt_vote_revoted_gte_langfilter,2026-03-19T13:41:03,1.0000001192092896,1.0000001192092896,1.0000001192092896,nllb,es,es,es,Segment_E
entity,en,Segona_Guerra_Mundial,Segona Guerra Mundial,Second World War,World War II,World War II,0.9,0.6429,0.6429,1.0,0.0,0.0,1.0,World War II,World War II,mt_vote,2026-03-19T13:06:38,,,,,en,en,en,World_War_II
entity,en,Segona_batalla_de_l'estació_de_Rappahannock,Segona batalla de l'estació de Rappahannock,Second Battle of Rappahannock Station,Second Battle of Rappahannock Station,Second Battle of the Rappahannock Station,0.9,1.0,0.9487,0.9487,1.0,1.0,1.0,Second Battle of Rappahannock Station,Second Battle of Rappahannock Station,mt_vote,2026-03-19T13:06:39,,,,,en,en,en,Second_Battle_of_Rappahannock_Station
entity,en,Segona_divisó_professional_d'Uruguai,Segona divisó professional d'Uruguai,Second professional division of Uruguay,Uruguayan Segunda División,Uruguay's second professional division,0.9,0.0,0.0,0.0,0.0,0.0,0.0,Uruguayan Segunda División,Uruguayan Segunda División,mt_vote_revoted_gte_langfilter,2026-03-19T13:41:03,,0.9186712503433228,,madlad,en,es,en,Uruguayan_Segunda_División
entity,en,Selecció_B_de_futbol_de_Rússia,Selecció B de futbol de Rússia,Russia national football team B,Russia national football team B,Russian Football Selection B,0.9,1.0,0.678,0.678,1.0,0.0,0.0,Russia national football team B,Russia national football team B,mt_vote,2026-03-19T13:06:40,,,,,en,en,en,Russia_national_football_team_B
entity,en,Selecció_de_futbol_d'Itàlia,Selecció de futbol d'Itàlia,Italy national football team,Italy national football team,Italy national football team,0.9,1.0,1.0,1.0,1.0,1.0,1.0,Italy national football team,Italy national football team,mt_vote,2026-03-19T13:06:41,,,,,en,en,en,Italy_national_football_team
entity,en,Selecció_de_futbol_d'Àustria,Selecció de futbol d'Àustria,Austria national football team,Austria national football team,Austria national football team,0.9,1.0,1.0,1.0,1.0,1.0,1.0,Austria national football team,Austria national football team,mt_vote,2026-03-19T13:06:42,,,,,en,en,en,Austria_national_football_team
entity,en,Selecció_de_futbol_de_Portugal,Selecció de futbol de Portugal,Portugal national football team,Portugal national football team,Portugal national football team,0.9,1.0,1.0,1.0,1.0,1.0,1.0,Portugal national football team,Portugal national football team,mt_vote,2026-03-19T13:06:42,,,,,en,en,en,Portugal_national_football_team
entity,en,Selecció_de_futbol_dels_Països_Baixos,Selecció de futbol dels Països Baixos,Netherlands national football team,Netherlands national football team,Netherlands national football team,0.9,1.0,1.0,1.0,1.0,1.0,1.0,Netherlands national football team,Netherlands national football team,mt_vote,2026-03-19T13:06:43,,,,,en,en,en,Netherlands_national_football_team
entity,en,Selecció_nacional_de_futbol_d'Uruguai,Selecció nacional de futbol d'Uruguai,Uruguay national football team,Uruguay national football team,Uruguay national football team,0.9,1.0,1.0,1.0,1.0,1.0,1.0,Uruguay national football team,Uruguay national football team,mt_vote,2026-03-19T13:06:44,,,,,en,en,en,Uruguay_national_football_team
entity,en,Selecció_nacional_de_futbol_juvenil_d'Alemanya,Selecció nacional de futbol juvenil d'Alemanya,Germany national youth football team,Germany national football team,Germany national youth football team,0.9,0.9091,1.0,0.9091,1.0,1.0,1.0,Germany national youth football team,Germany national youth football team,mt_vote,2026-03-19T13:06:45,,,,,en,en,en,Germany_national_youth_football_team
entity,en,Seminari_Ridge,Seminari Ridge,Seminary Ridge,Seminari Ridge,Seminaire Ridge,0.9,0.0,0.0,0.8966,0.0,0.0,0.0,Seminari Ridge,Seminari Ridge,mt_vote_revoted_gte_langfilter,2026-03-19T13:41:03,,1.0,0.8940382599830627,madlad,en,es,fr,Seminari_Ridge
entity,en,Senat_(Països_Baixos),Senat (Països Baixos),Senate (Netherlands),Senate (Netherlands),Senate (Netherlands),0.9,1.0,1.0,1.0,1.0,1.0,1.0,Senate (Netherlands),Senate (Netherlands),mt_vote,2026-03-19T13:06:46,,,,,en,en,en,Senate_(Netherlands)
entity,en,Senat_de_Califòrnia,Senat de Califòrnia,California Senate,California Senate,Senate of California,0.9,1.0,0.0,0.0,1.0,0.0,0.0,California Senate,California Senate,mt_vote_revoted_gte_langfilter,2026-03-19T13:41:03,0.949524700641632,0.949524700641632,,nllb,pl,pl,en,California_Senate
entity,en,Senat_de_Nou_Mèxic,Senat de Nou Mèxic,Senate of New Mexico,New Mexico Senate,Senate of New Mexico,0.9,0.0,0.0,0.0,0.0,0.0,0.0,New Mexico Senate,New Mexico Senate,mt_vote_revoted_gte_langfilter,2026-03-19T13:41:03,,0.8636559247970581,,madlad,en,it,en,New_Mexico_Senate
entity,en,Sergey_Naryshkin,Sergey Naryshkin,Sergey Naryshkin,Sergey Naryshkin,Sergey Naryshkin,0.9,1.0,1.0,1.0,1.0,1.0,1.0,Sergey Naryshkin,Sergey Naryshkin,mt_vote,2026-03-19T13:06:48,,,,,en,en,en,Sergey_Naryshkin
entity,en,Sergey_Rodionov,Sergey Rodionov,Sergey Rodionov,Sergey Rodionov,Sergey Rodionov,0.9,1.0,1.0,1.0,1.0,1.0,1.0,Sergey Rodionov,Sergey Rodionov,mt_vote,2026-03-19T13:06:49,,,,,en,en,en,Sergey_Rodionov
entity,en,Sergio_Marchionne,Sergio Marchionne,Sergio Marchionne,Sergio Marchionne,Sergio Marchionne,0.9,1.0,1.0,1.0,1.0,1.0,1.0,Sergio Marchionne,Sergio Marchionne,mt_vote_revoted_gte_langfilter,2026-03-19T13:41:03,1.0,1.0,1.0,nllb,fr,fr,fr,Sergio_Marchionne
entity,en,Sergio_Mattarella,Sergio Mattarella,Sergio Mattarella,Sergio Mattarella,Sergio Mattarella,0.9,1.0,1.0,1.0,1.0,1.0,1.0,Sergio Mattarella,Sergio Mattarella,mt_vote_revoted_gte_langfilter,2026-03-19T13:41:03,1.0,1.0,1.0,nllb,it,it,it,Sergio_Mattarella
entity,en,Serguei_Beliavski,Serguei Beliavski,Sergey Belyavsky,Serguei Beliavski,Sergei Beliavsky,0.9,0.7879,0.875,0.9091,0.0,0.0,1.0,Serguei Beliavski,Serguei Beliavski,mt_vote_revoted_gte_langfilter,2026-03-19T13:41:03,0.8210006952285767,1.000000238418579,0.8973426818847656,madlad,sv,nn,nn,Serguei_Beliavski
entity,en,Serguei_Sobianin,Serguei Sobianin,Sergey Sobianin,Sergei Sobianin,Sergei Sobyanin,0.9,0.0,0.0,0.9333,0.0,0.0,1.0,Sergei Sobianin,Sergei Sobianin,mt_vote_revoted_gte_langfilter,2026-03-19T13:41:03,,0.9536104202270508,0.9303537607192992,madlad,en,de,id,Sergei_Sobianin
entity,en,Serie_A_2014-15,Serie A 2014-15,Serie A in the 2014-15 season,2014–15 Serie A,Serie A 2014-15,0.9,0.0,0.0,0.4667,0.0,0.0,0.0,Serie A 2014-15,Serie A 2014-15,mt_vote_revoted_gte_langfilter,2026-03-19T13:41:03,,0.973233699798584,1.0000001192092896,salamandra,en,de,de,Serie_A_2014-15
entity,en,Serie_B,Serie B,Series B,Serie B,Serie B,0.9,0.0,0.0,1.0,0.0,0.0,1.0,Serie B,Serie B,mt_vote_revoted_gte_langfilter,2026-03-19T13:41:03,,1.0,1.0,salamandra,en,ro,ro,Serie_B
entity,en,Serie_D,Serie D,Series D,Serie D,Serie D,0.9,0.0,0.0,1.0,0.0,0.0,1.0,Serie D,Serie D,mt_vote_revoted_gte_langfilter,2026-03-19T13:41:03,,1.0,1.0,salamandra,en,ro,ro,Serie_D
entity,en,Servei_de_Defensa_Americana_ribbon._svg,Servei de Defensa Americana ribbon. svg,American defense service ribbon.,U.S. Defense Service ribbon. svg,American Defense Service ribbon. svg,0.9,0.75,0.0,0.0,0.0,0.0,0.0,U.S. Defense Service ribbon. svg,U.S. Defense Service ribbon. svg,mt_vote_revoted_gte_langfilter,2026-03-19T13:41:03,0.8732591867446899,0.903667151927948,,madlad,nl,it,en,U.S._Defense_Service_ribbon._svg
entity,en,Servei_de_Parcs_Nacionals,Servei de Parcs Nacionals,National Park Service,National Park Service,National Park Service,0.9,1.0,1.0,1.0,1.0,1.0,1.0,National Park Service,National Park Service,mt_vote,2026-03-19T13:06:55,,,,,en,en,en,National_Park_Service
entity,en,Serveis_bancaris,Serveis bancaris,Banking services,Banking services,Banking services,0.9,1.0,1.0,1.0,1.0,1.0,1.0,Banking services,Banking services,mt_vote,2026-03-19T13:06:56,,,,,en,en,en,Banking_services
entity,en,Shabab_Al_Ordon_Al_Qadisiya,Shabab Al Ordon Al Qadisiya,Shabab Al Ordon Al Qadisiya was founded in 2011 and is headquartered in Baghdad.,Shabab Al Ordon Al Qadisiya,Shabab Al Ordon Al Qadisiya,0.9,0.0,0.0,1.0,0.0,0.0,1.0,Shabab Al Ordon Al Qadisiya,Shabab Al Ordon Al Qadisiya,mt_vote_revoted_gte_langfilter,2026-03-19T13:41:03,,0.9999998807907104,0.9999998807907104,salamandra,en,et,et,Shabab_Al_Ordon_Al_Qadisiya
entity,en,Shahbaz_Sharif,Shahbaz Sharif,Shahbaz Sharif,Shahbaz Sharif,Shahbaz Sharif,0.9,1.0,1.0,1.0,1.0,1.0,1.0,Shahbaz Sharif,Shahbaz Sharif,mt_vote_revoted_gte_langfilter,2026-03-19T13:41:03,1.0,1.0,1.0,nllb,hu,hu,hu,Shahbaz_Sharif
entity,en,Shanachie_Records,Shanachie Records,Shanachie records,Shanachie Records,Shanachie Records,0.9,1.0,1.0,1.0,1.0,1.0,1.0,Shanachie Records,Shanachie Records,mt_vote_revoted_gte_langfilter,2026-03-19T13:41:03,0.9693373441696168,1.0000001192092896,1.0000001192092896,madlad,de,de,de,Shanachie_Records
entity,en,Sheikh_Russel_KC,Sheikh Russel KC,Sheikh Russell KC,Sheikh Russel KC,Sheikh Russel KC,0.9,0.0,0.0,1.0,0.0,0.0,1.0,Sheikh Russel KC,Sheikh Russel KC,mt_vote_revoted_gte_langfilter,2026-03-19T13:41:03,,1.0,1.0,salamandra,en,nl,nl,Sheikh_Russel_KC
entity,en,Sheldon_Moldoff,Sheldon Moldoff,Sheldon Moldoff,Sheldon Moldoff,Sheldon Moldoff,0.9,1.0,1.0,1.0,1.0,1.0,1.0,Sheldon Moldoff,Sheldon Moldoff,mt_vote_revoted_gte_langfilter,2026-03-19T13:41:03,1.0,1.0,1.0,nllb,vo,vo,vo,Sheldon_Moldoff
entity,en,Shenzhou_10,Shenzhou 10,Shenzhou 10,Shenzhou 10,Shenzhou 10,0.9,1.0,1.0,1.0,1.0,1.0,1.0,Shenzhou 10,Shenzhou 10,mt_vote,2026-03-19T13:07:01,,,,,en,en,en,Shenzhou_10
entity,en,Shenzhou_6,Shenzhou 6,Shenzhou 6,Shenzhou 6,Shenzhou 6,0.9,1.0,1.0,1.0,1.0,1.0,1.0,Shenzhou 6,Shenzhou 6,mt_vote,2026-03-19T13:07:01,,,,,en,en,en,Shenzhou_6
entity,en,Shiitake,Shiitake,Shiitake,Shiitake,Shiitake,0.9,1.0,1.0,1.0,1.0,1.0,1.0,Shiitake,Shiitake,mt_vote,2026-03-19T13:07:02,,,,,en,en,en,Shiitake
entity,en,Shinzō_Abe,Shinzō Abe,Shinzō Abe,Shinzō Abe,Shinzo Abe,0.9,1.0,0.9,0.9,1.0,1.0,1.0,Shinzō Abe,Shinzō Abe,mt_vote_revoted_gte_langfilter,2026-03-19T13:41:04,1.0,1.0,0.994815468788147,nllb,ta,ta,it,Shinzō_Abe
entity,en,"Shirley,_Derbyshire","Shirley, Derbyshire","Shirley, Derbyshire","Shirley, Derbyshire","Shirley, Derbyshire",0.9,1.0,1.0,1.0,1.0,1.0,1.0,"Shirley, Derbyshire","Shirley, Derbyshire",mt_vote_revoted_gte_langfilter,2026-03-19T13:41:04,1.0,1.0,1.0,nllb,de,de,de,"Shirley,_Derbyshire"
entity,en,Shumai,Shumai,Shumai,Shumai,Shumai,0.9,1.0,1.0,1.0,1.0,1.0,1.0,Shumai,Shumai,mt_vote,2026-03-19T13:07:04,,,,,en,en,en,Shumai
entity,en,Shuvalan,Shuvalan,Shuvalan,Shuvalan,Shuvalan,0.9,1.0,1.0,1.0,1.0,1.0,1.0,Shuvalan,Shuvalan,mt_vote_revoted_gte_langfilter,2026-03-19T13:41:04,1.0,1.0,1.0,nllb,fi,fi,fi,Shuvalan
entity,en,"Shuvalan,_Baku,_Azerbaidjan","Shuvalan, Baku, Azerbaidjan","Shevalan, Baku, Azerbaijan","Shuvalan, Baku, Azerbaijan","Shuvalan, Baku, Azerbaijan",0.9,0.9615,0.9615,1.0,1.0,1.0,1.0,"Shuvalan, Baku, Azerbaijan","Shuvalan, Baku, Azerbaijan",mt_vote_revoted_gte_langfilter,2026-03-19T13:41:04,0.9451125264167786,0.9922953844070436,0.9922953844070436,madlad,eu,lt,lt,"Shuvalan,_Baku,_Azerbaijan"
entity,en,Sidcup,Sidcup,Sidcup,Sidcup,Sidcup,0.9,1.0,1.0,1.0,1.0,1.0,1.0,Sidcup,Sidcup,mt_vote,2026-03-19T13:07:06,,,,,en,en,en,Sidcup
entity,en,Silvano_Aureoles_Conejo,Silvano Aureoles Conejo,Silvano Aureoles The Rabbit,Silvano Aureoles Conejo,Silvano Aureoles Conejo,0.9,0.0,0.0,1.0,0.0,0.0,1.0,Silvano Aureoles Conejo,Silvano Aureoles Conejo,mt_vote_revoted_gte_langfilter,2026-03-19T13:41:04,,1.0,1.0,salamandra,en,es,es,Silvano_Aureoles_Conejo
entity,en,Simon_&_Schuster,Simon & Schuster,Published by Simon & Schuster,Simon & Schuster,Simon & Schuster,0.9,0.0,0.0,1.0,0.0,0.0,1.0,Simon & Schuster,Simon & Schuster,mt_vote_revoted_gte_langfilter,2026-03-19T13:41:04,,1.0,1.0,salamandra,en,es,es,Simon_&_Schuster
entity,en,Singapur,Singapur,Singapore,Singapore,Singapore,0.9,1.0,1.0,1.0,1.0,1.0,1.0,Singapore,Singapore,mt_vote_revoted_gte_langfilter,2026-03-19T13:41:04,0.9771550893783568,0.9771550893783568,0.9771550893783568,nllb,sv,sv,sv,Singapore
entity,en,Singapur_i_Indonèsia,Singapur i Indonèsia,Singapore and Indonesia,Singapore and Indonesia,Singapore and Indonesia,0.9,1.0,1.0,1.0,1.0,1.0,1.0,Singapore and Indonesia,Singapore and Indonesia,mt_vote,2026-03-19T13:07:09,,,,,en,en,en,Singapore_and_Indonesia
entity,en,Siniša_Mihajlović,Siniša Mihajlović,Siniša Mihajlović is a Swedish politician.,Siniša Mihajlović,Siniša Mihajlović,0.9,0.0,0.0,1.0,0.0,0.0,1.0,Siniša Mihajlović,Siniša Mihajlović,mt_vote_revoted_gte_langfilter,2026-03-19T13:41:04,,1.0,1.0,salamandra,en,hr,hr,Siniša_Mihajlović
entity,en,Siomay,Siomay,Siomay,Siomay,Siomay,0.9,1.0,1.0,1.0,1.0,1.0,1.0,Siomay,Siomay,mt_vote,2026-03-19T13:07:10,,,,,en,en,en,Siomay
entity,en,Sirena_(cançó_de_tren),Sirena (cançó de tren),Siren (train song),Sirena (train song),Sirena (train song),0.9,0.973,0.973,1.0,1.0,1.0,1.0,Sirena (train song),Sirena (train song),mt_vote_revoted_gte_langfilter,2026-03-19T13:41:04,0.8093489408493042,0.894997775554657,0.894997775554657,madlad,de,fr,fr,Sirena_(train_song)
entity,en,Sistema_Universitari_de_Texas,Sistema Universitari de Texas,University of Texas system,Texas University System,Texas University System,0.9,0.6939,0.6939,1.0,0.0,0.0,1.0,Texas University System,Texas University System,mt_vote,2026-03-19T13:07:11,,,,,en,en,en,Texas_University_System
entity,en,Sistema_de_llançament_expendable_mitjà,Sistema de llançament expendable mitjà,Medium expendable launch system,Medium Disposable Launch System,Medium Expendable Launch System,0.9,0.8387,1.0,0.8387,0.0,1.0,0.0,Medium expendable launch system,Medium expendable launch system,mt_vote,2026-03-19T13:07:12,,,,,en,en,en,Medium_expendable_launch_system
entity,en,Sistema_de_lligues_de_futbol_angleses,Sistema de lligues de futbol angleses,English football league system,English football league system,English Football League System,0.9,1.0,1.0,1.0,1.0,1.0,1.0,English football league system,English football league system,mt_vote,2026-03-19T13:07:13,,,,,en,en,en,English_football_league_system
entity,en,Smilodon,Smilodon,Smilodon,Smilodon,Smilodon,0.9,1.0,1.0,1.0,1.0,1.0,1.0,Smilodon,Smilodon,mt_vote_revoted_gte_langfilter,2026-03-19T13:41:04,1.0,1.0,1.0,nllb,ro,ro,ro,Smilodon
entity,en,Sofia_de_Grècia,Sofia de Grècia,Sofia of Greece,Sofia from Greece,Sofia of Greece,0.9,0.875,1.0,0.875,0.0,1.0,0.0,Sofia of Greece,Sofia of Greece,mt_vote,2026-03-19T13:07:14,,,,,en,en,en,Sofia_of_Greece
entity,en,Soho_Press,Soho Press,Published by Soho Press,Soho Press,Soho Press,0.9,0.0,0.0,1.0,0.0,0.0,1.0,Soho Press,Soho Press,mt_vote_revoted_gte_langfilter,2026-03-19T13:41:04,,1.0,1.0,salamandra,en,cs,cs,Soho_Press
entity,en,Solanals,Solanals,Solanals,Solanals,Solansales,0.9,1.0,0.8889,0.8889,1.0,0.0,0.0,Solanals,Solanals,mt_vote,2026-03-19T13:07:15,,,,,en,en,en,Solanals
entity,en,Solanum,Solanum,Solanum,Solanum,Solanum,0.9,1.0,1.0,1.0,1.0,1.0,1.0,Solanum,Solanum,mt_vote,2026-03-19T13:07:16,,,,,en,en,en,Solanum
entity,en,Soldats_de_l'exèrcit_otomà_morts_a_la_batalla_de_Bakú,Soldats de l'exèrcit otomà morts a la batalla de Bakú,Soldiers of the Ottoman army killed in the Battle of Baku,Ottoman Army Soldiers Killed in the Battle of Baku,Soldiers of the Ottoman army killed in the Battle of Baku,0.9,0.7664,1.0,0.7664,0.0,1.0,0.0,Soldiers of the Ottoman army killed in the Battle of Baku,Soldiers of the Ottoman army killed in the Battle of Baku,mt_vote,2026-03-19T13:07:17,,,,,en,en,en,Soldiers_of_the_Ottoman_army_killed_in_the_Battle_of_Baku
entity,en,"Soldevanahalli,_Acharya_Dr._Sarvapalli_Radhakrishnan_Road,_Hessarghatta_Main_Road,_Bangalore_-_560090.","Soldevanahalli, Acharya Dr. Sarvapalli Radhakrishnan Road, Hessarghatta Main Road, Bangalore - 560090.","Soldevanahalli, Acharya Dr. Sarvapalli Radhakrishnan Road, Hessarghatta Main Road, Bangalore - 560090 It is located in the heart of the city.","Soldevanahalli, Acharya Dr. Sarvapalli Radhakrishnan Road, Hessarghatta Main Road, Bangalore - 560090 - See on map","Soldevanahalli, Acharya Dr. Sarvapalli Radhakrishnan Road, Hessarghatta Main Road, Bangalore - 560090.",0.9,0.0,0.0,0.9352,0.0,0.0,1.0,"Soldevanahalli, Acharya Dr. Sarvapalli Radhakrishnan Road, Hessarghatta Main Road, Bangalore - 560090.","Soldevanahalli, Acharya Dr. Sarvapalli Radhakrishnan Road, Hessarghatta Main Road, Bangalore - 560090.",mt_vote_revoted_gte_langfilter,2026-03-19T13:41:04,,0.9863594174385072,1.0,salamandra,en,jv,jv,"Soldevanahalli,_Acharya_Dr._Sarvapalli_Radhakrishnan_Road,_Hessarghatta_Main_Road,_Bangalore_-_560090."
entity,en,Sony_Corporation,Sony Corporation,Sony Corporation,Sony Corporation,Sony Corporation,0.9,1.0,1.0,1.0,1.0,1.0,1.0,Sony Corporation,Sony Corporation,mt_vote_revoted_gte_langfilter,2026-03-19T13:41:04,1.0,1.0,1.0,nllb,pl,pl,pl,Sony_Corporation
entity,en,Sony_Music_Entertainment_(anglès),Sony Music Entertainment (anglès),Produced by Sony Music Entertainment (English),Sony Music Entertainment,Sony Music Entertainment (English),0.9,0.6857,0.85,0.8276,0.0,0.0,0.0,Sony Music Entertainment (English),Sony Music Entertainment (English),mt_vote,2026-03-19T13:07:22,,,,,en,en,en,Sony_Music_Entertainment_(English)
entity,en,Sovcomflot,Sovcomflot,Sovcomflot,Sovcomflot,Sovcomflot,0.9,1.0,1.0,1.0,1.0,1.0,1.0,Sovcomflot,Sovcomflot,mt_vote,2026-03-19T13:07:23,,,,,en,en,en,Sovcomflot
entity,en,Spacewatch,Spacewatch,Spacewatch,Spacewatch,Spacewatch,0.9,1.0,1.0,1.0,1.0,1.0,1.0,Spacewatch,Spacewatch,mt_vote,2026-03-19T13:07:23,,,,,en,en,en,Spacewatch
entity,en,Sparta_Rotterdam,Sparta Rotterdam,Sparta and Rotterdam,Sparta Rotterdam,Sparta Rotterdam,0.9,0.0,0.0,1.0,0.0,0.0,1.0,Sparta Rotterdam,Sparta Rotterdam,mt_vote_revoted_gte_langfilter,2026-03-19T13:41:04,,1.0,1.0,salamandra,en,de,de,Sparta_Rotterdam
entity,en,Spartak_Vladikavkaz,Spartak Vladikavkaz,This is Spartak Vladikavkaz.,Spartak Vladikavkaz,Spartak Vladikavkaz,0.9,0.0,0.0,1.0,0.0,0.0,1.0,Spartak Vladikavkaz,Spartak Vladikavkaz,mt_vote_revoted_gte_langfilter,2026-03-19T13:41:04,,1.0,1.0,salamandra,en,sl,sl,Spartak_Vladikavkaz
entity,en,Spatagreece__prefectures._kgm,Spatagreece prefectures. kgm,Spatagreece prefectures. kgm,Spata,Spatagreece prefectures. kgm,0.9,0.0,1.0,0.0,0.0,1.0,0.0,Spatagreece prefectures. kgm,Spatagreece prefectures. kgm,mt_vote_revoted_gte_langfilter,2026-03-19T13:41:04,1.0,,1.0,salamandra,es,en,es,Spatagreece_prefectures._kgm
entity,en,Sphinx,Sphinx,The Sphinx,Sphinx,Sphinx,0.9,0.75,0.75,1.0,0.0,0.0,1.0,Sphinx,Sphinx,mt_vote,2026-03-19T13:07:26,,,,,en,en,en,Sphinx
entity,en,Sportklub_Vorwärts_Steyr,Sportklub Vorwärts Steyr,He played for Sportklub Vorwärts Steyr.,Sportclub Vorwärts Steyr,Sportklub Vorwärts Steyr,0.9,0.7302,0.7619,0.9583,0.0,0.0,1.0,Sportklub Vorwärts Steyr,Sportklub Vorwärts Steyr,mt_vote_revoted_gte_langfilter,2026-03-19T13:41:04,0.8145835399627686,0.989087700843811,1.0,salamandra,de,de,de,Sportklub_Vorwärts_Steyr
entity,en,Sportpark_De_Toekomst,Sportpark De Toekomst,Sportpark from Toekomst,Sports park De Toekomst,Sportpark De Toekomst,0.9,0.0,0.0,0.9545,0.0,0.0,1.0,Sportpark De Toekomst,Sportpark De Toekomst,mt_vote_revoted_gte_langfilter,2026-03-19T13:41:04,,0.9789350628852844,1.0,salamandra,en,nl,nl,Sportpark_De_Toekomst
entity,en,Springer_Science+Business_Media,Springer Science+Business Media,He is the founder of Springer Science+Business Media.,Springer Science+Business Media,Springer Science+Business Media,0.9,0.0,0.0,1.0,0.0,0.0,1.0,Springer Science+Business Media,Springer Science+Business Media,mt_vote_revoted_gte_langfilter,2026-03-19T13:41:04,,1.0,1.0,salamandra,en,nb,nb,Springer_Science+Business_Media
entity,en,"Springfield,_Illinois","Springfield, Illinois","This is Springfield, Illinois.","Springfield, IL","Springfield, Illinois",0.9,0.0,0.0,0.0,0.0,0.0,0.0,"Springfield, Illinois","Springfield, Illinois",mt_vote_revoted_gte_langfilter,2026-03-19T13:41:04,,,1.0,salamandra,en,en,fr,"Springfield,_Illinois"
entity,en,Squeeze_(àlbum_de_The_Velvet_Underground),Squeeze (àlbum de The Velvet Underground),Squeeze (album by The Velvet Underground),Squeeze (The Velvet Underground album),Squeeze (The Velvet Underground album),0.9,0.8101,0.8101,1.0,0.0,0.0,1.0,Squeeze (The Velvet Underground album),Squeeze (The Velvet Underground album),mt_vote,2026-03-19T13:07:31,,,,,en,en,en,Squeeze_(The_Velvet_Underground_album)
entity,en,Squid,Squid,Squid,Squid,Squids,0.9,1.0,0.9091,0.9091,1.0,1.0,1.0,Squid,Squid,mt_vote,2026-03-19T13:07:31,,,,,en,en,en,Squid
entity,en,Sri_Jayawardenapura,Sri Jayawardenapura,Sri Jayawardenepura,Sri Jayawardenapura,Sri Jayawardenapura,0.9,0.9474,0.9474,1.0,1.0,1.0,1.0,Sri Jayawardenapura,Sri Jayawardenapura,mt_vote,2026-03-19T13:07:32,,,,,en,en,en,Sri_Jayawardenapura
entity,en,Sri_Lanka,Sri Lanka,Sri Lanka,Sri Lanka. 1996,Sri Lanka,0.9,0.75,1.0,0.75,0.0,1.0,0.0,Sri Lanka,Sri Lanka,mt_vote,2026-03-19T13:07:33,,,,,en,en,en,Sri_Lanka
entity,en,"St._Louis,_Missouri","St. Louis, Missouri","St. Louis, Missouri","St. Louis, MO","St. Louis, Missouri",0.9,0.8125,1.0,0.8125,0.0,1.0,0.0,"St. Louis, Missouri","St. Louis, Missouri",mt_vote,2026-03-19T13:07:34,,,,,en,en,en,"St._Louis,_Missouri"
entity,en,St._Louis_Rams,St. Louis Rams,St. Louis Rams,St. Louis Rams,St. Louis Rams,0.9,1.0,1.0,1.0,1.0,1.0,1.0,St. Louis Rams,St. Louis Rams,mt_vote,2026-03-19T13:07:34,,,,,en,en,en,St._Louis_Rams
entity,en,St._Vincent–St._Mary_High_School,St. Vincent–St. Mary High School,St. VincentSt. Mary High School,St. Vincent–St. Mary High School,St. Vincent–St. Mary High School,0.9,0.9841,0.9841,1.0,1.0,1.0,1.0,St. Vincent–St. Mary High School,St. Vincent–St. Mary High School,mt_vote,2026-03-19T13:07:35,,,,,en,en,en,St._Vincent–St._Mary_High_School
entity,en,Stacy_Katzman,Stacy Katzman,Stacy Katzman,Stacy Katzman,Stacy Katzman,0.9,1.0,1.0,1.0,1.0,1.0,1.0,Stacy Katzman,Stacy Katzman,mt_vote_revoted_gte_langfilter,2026-03-19T13:41:04,1.0,1.0,1.0,nllb,eu,eu,eu,Stacy_Katzman
entity,en,Stadio_Dino_Manuzzi,Stadio Dino Manuzzi,Stadio Dino Manuzzi,Stadio Dino Manuzzi,Stadio Dino Manuzzi,0.9,1.0,1.0,1.0,1.0,1.0,1.0,Stadio Dino Manuzzi,Stadio Dino Manuzzi,mt_vote_revoted_gte_langfilter,2026-03-19T13:41:04,1.0,1.0,1.0,nllb,it,it,it,Stadio_Dino_Manuzzi
entity,en,Stadio_Marc'Antonio_Bentegodi,Stadio Marc'Antonio Bentegodi,Stadio Marc'Antonio Bentegodi is a football stadium located in the city of Bentegodi.,Stadio Marc'Antonio Bentegodi,Stadio Marc'Antonio Bentegodi,0.9,0.0,0.0,1.0,0.0,0.0,1.0,Stadio Marc'Antonio Bentegodi,Stadio Marc'Antonio Bentegodi,mt_vote_revoted_gte_langfilter,2026-03-19T13:41:04,,1.0,1.0,salamandra,en,lt,lt,Stadio_Marc'Antonio_Bentegodi
entity,en,Stadio_Pietro_Barbetti,Stadio Pietro Barbetti,It is currently used mostly for football matches and is the home stadium of Stadio Pietro Barbetti.,Stadio Pietro Barbetti,Stadio Pietro Barbetti,0.9,0.0,0.0,1.0,0.0,0.0,1.0,Stadio Pietro Barbetti,Stadio Pietro Barbetti,mt_vote_revoted_gte_langfilter,2026-03-19T13:41:04,,1.0000001192092896,1.0000001192092896,salamandra,en,cy,cy,Stadio_Pietro_Barbetti
entity,en,Stan_Lee,Stan Lee,Stan Lee,Stan Lee,Stan Lee,0.9,1.0,1.0,1.0,1.0,1.0,1.0,Stan Lee,Stan Lee,mt_vote,2026-03-19T13:07:40,,,,,en,en,en,Stan_Lee
entity,en,Stanislaw_Tillich,Stanislaw Tillich,Stanislaw Tillich,Stanislaw Tillich,Stanislaw Tillich,0.9,1.0,1.0,1.0,1.0,1.0,1.0,Stanislaw Tillich,Stanislaw Tillich,mt_vote_revoted_gte_langfilter,2026-03-19T13:41:04,1.0000001192092896,1.0000001192092896,1.0000001192092896,nllb,de,de,de,Stanislaw_Tillich
entity,en,Stanyan_Records,Stanyan Records,Stanyan records,Stanyan Records,Stanyan Records,0.9,1.0,1.0,1.0,1.0,1.0,1.0,Stanyan Records,Stanyan Records,mt_vote_revoted_gte_langfilter,2026-03-19T13:41:04,0.9227553009986876,1.0000001192092896,1.0000001192092896,madlad,id,id,id,Stanyan_Records
entity,en,Stargate_(equip_de_producció),Stargate (equip de producció),Stargate (production team),Stargate (production team),Stargate (production team),0.9,1.0,1.0,1.0,1.0,1.0,1.0,Stargate (production team),Stargate (production team),mt_vote,2026-03-19T13:07:42,,,,,en,en,en,Stargate_(production_team)
entity,en,Staten_Island,Staten Island,Staten Island,Staten Island,Staten Island,0.9,1.0,1.0,1.0,1.0,1.0,1.0,Staten Island,Staten Island,mt_vote_revoted_gte_langfilter,2026-03-19T13:41:04,1.0,1.0,1.0,nllb,de,de,de,Staten_Island
entity,en,Static_Caravan_Recordings,Static Caravan Recordings,Static Caravan Recordings,Static Caravan Recordings,Static Caravan Recordings,0.9,1.0,1.0,1.0,1.0,1.0,1.0,Static Caravan Recordings,Static Caravan Recordings,mt_vote_revoted_gte_langfilter,2026-03-19T13:41:04,0.9999998807907104,0.9999998807907104,0.9999998807907104,nllb,hr,hr,hr,Static_Caravan_Recordings
entity,en,Steel_Azin_FC,Steel Azin FC,Steel Azin FC,Steel Azin FC,Steel Azin FC,0.9,1.0,1.0,1.0,1.0,1.0,1.0,Steel Azin FC,Steel Azin FC,mt_vote,2026-03-19T13:07:44,,,,,en,en,en,Steel_Azin_FC
entity,en,Stellendam,Stellendam,Stellendam,Stellendam,Stellendam,0.9,1.0,1.0,1.0,1.0,1.0,1.0,Stellendam,Stellendam,mt_vote,2026-03-19T13:07:45,,,,,en,en,en,Stellendam
entity,en,"Stellendam,_Països_Baixos","Stellendam, Països Baixos","Stellendam, Netherlands","Stellendam, the Netherlands","Stellendam, Netherlands",0.9,0.92,1.0,0.92,1.0,1.0,1.0,"Stellendam, Netherlands","Stellendam, Netherlands",mt_vote,2026-03-19T13:07:45,,,,,en,en,en,"Stellendam,_Netherlands"
entity,en,Stephen_Dilts,Stephen Dilts,Stephen Dilts,Stephen Dilts,Stephen Dilts,0.9,1.0,1.0,1.0,1.0,1.0,1.0,Stephen Dilts,Stephen Dilts,mt_vote_revoted_gte_langfilter,2026-03-19T13:41:04,1.0,1.0,1.0,nllb,de,de,de,Stephen_Dilts
entity,en,Stephen_Yong_Kuet_Tze,Stephen Yong Kuet Tze,This is Stephen Yong Kuet Tze.,Stephen Yong Kuet Tze,Stephen Yong Kuet Tze,0.9,0.0,0.0,1.0,0.0,0.0,1.0,Stephen Yong Kuet Tze,Stephen Yong Kuet Tze,mt_vote_revoted_gte_langfilter,2026-03-19T13:41:04,,1.0000001192092896,1.0000001192092896,salamandra,en,de,de,Stephen_Yong_Kuet_Tze
entity,en,Steve_Bright,Steve Bright,This is Steve Bright.,Steve Bright,Steve Bright,0.9,0.0,0.0,1.0,0.0,0.0,1.0,Steve Bright,Steve Bright,mt_vote_revoted_gte_langfilter,2026-03-19T13:41:04,,1.0,1.0,salamandra,en,sl,sl,Steve_Bright
entity,en,Steve_Bruce,Steve Bruce,It's called Steve Bruce.,Steve Bruce,Steve Bruce,0.9,0.0,0.0,1.0,0.0,0.0,1.0,Steve Bruce,Steve Bruce,mt_vote_revoted_gte_langfilter,2026-03-19T13:41:04,,1.0,1.0,salamandra,en,sl,sl,Steve_Bruce
entity,en,Steve_Davis_(futbolista),Steve Davis (futbolista),Steve Davis (soccer player),Steve Davis (footballer),Steve Davis (footballer),0.9,0.7059,0.7059,1.0,0.0,0.0,1.0,Steve Davis (footballer),Steve Davis (footballer),mt_vote,2026-03-19T13:07:49,,,,,en,en,en,Steve_Davis_(footballer)
entity,en,Steve_Spagnuolo,Steve Spagnuolo,This is Steve Spagnuolo.,Steve Spagnuolo,Steve Spagnuolo,0.9,0.0,0.0,1.0,0.0,0.0,1.0,Steve Spagnuolo,Steve Spagnuolo,mt_vote_revoted_gte_langfilter,2026-03-19T13:41:04,,1.0,1.0,salamandra,en,it,it,Steve_Spagnuolo
entity,en,Steven_T._Seagle,Steven T. Seagle,Written by Steven T. Seagle,Steven T. Seagle,Steven T. Seagle,0.9,0.0,0.0,1.0,0.0,0.0,1.0,Steven T. Seagle,Steven T. Seagle,mt_vote_revoted_gte_langfilter,2026-03-19T13:41:04,,1.0,1.0,salamandra,en,it,it,Steven_T._Seagle
entity,en,Stockport_County,Stockport County,Stockport County,Stockport County,Stockport County,0.9,1.0,1.0,1.0,1.0,1.0,1.0,Stockport County,Stockport County,mt_vote,2026-03-19T13:07:51,,,,,en,en,en,Stockport_County
entity,en,Stoner_sludge,Stoner sludge,Stoner sludge,Stoner sludge,Stoner sludge,0.9,1.0,1.0,1.0,1.0,1.0,1.0,Stoner sludge,Stoner sludge,mt_vote_revoted_gte_langfilter,2026-03-19T13:41:04,1.0000001192092896,1.0000001192092896,1.0000001192092896,nllb,da,da,da,Stoner_sludge
entity,en,Stuart_Parker_(futbolista),Stuart Parker (futbolista),Stuart Parker (soccer player),Stuart Parker (footballer),Stuart Parker (footballer),0.9,0.7273,0.7273,1.0,0.0,0.0,1.0,Stuart Parker (footballer),Stuart Parker (footballer),mt_vote,2026-03-19T13:07:53,,,,,en,en,en,Stuart_Parker_(footballer)
entity,en,Submarí_americà_NR-1,Submarí americà NR-1,U.S. Submarine NR-1,American submarine NR-1,American submarine NR-1,0.9,0.7143,0.7143,1.0,0.0,0.0,1.0,American submarine NR-1,American submarine NR-1,mt_vote,2026-03-19T13:07:54,,,,,en,en,en,American_submarine_NR-1
entity,en,Subsidiària,Subsidiària,Subsidiary,Subsidiary,Subsidiary,0.9,1.0,1.0,1.0,1.0,1.0,1.0,Subsidiary,Subsidiary,mt_vote_revoted_gte_langfilter,2026-03-19T13:41:04,0.9298098087310792,0.9298098087310792,0.9298098087310792,nllb,es,es,es,Subsidiary
entity,en,Sucre_de_palma,Sucre de palma,Palm sugar,Palm sugar,Palm sugar,0.9,1.0,1.0,1.0,1.0,1.0,1.0,Palm sugar,Palm sugar,mt_vote,2026-03-19T13:07:55,,,,,en,en,en,Palm_sugar
entity,en,Sud-africans_asiàtics,Sud-africans asiàtics,Asian South Africans,South African Asian,Asian South Africans,0.9,0.7179,1.0,0.7179,0.0,1.0,0.0,Asian South Africans,Asian South Africans,mt_vote,2026-03-19T13:07:56,,,,,en,en,en,Asian_South_Africans
entity,en,Sud-àfrica,Sud-àfrica,South Africa,South Africa,South Africa,0.9,1.0,1.0,1.0,1.0,1.0,1.0,South Africa,South Africa,mt_vote,2026-03-19T13:07:56,,,,,en,en,en,South_Africa
entity,en,Sulaiman_Abdul_Rahman_Taib,Sulaiman Abdul Rahman Taib,He is the son of Sulaiman Abdul Rahman Taib.,Sulaiman Abdul Rahman Taib,Sulaiman Abdul Rahman Taib,0.9,0.7429,0.7429,1.0,0.0,0.0,1.0,Sulaiman Abdul Rahman Taib,Sulaiman Abdul Rahman Taib,mt_vote,2026-03-19T13:07:57,,,,,en,en,en,Sulaiman_Abdul_Rahman_Taib
entity,en,Sumac_(banda),Sumac (banda),Sumac (band),Sumac (band),Sumac (band),0.9,1.0,1.0,1.0,1.0,1.0,1.0,Sumac (band),Sumac (band),mt_vote,2026-03-19T13:07:58,,,,,en,en,en,Sumac_(band)
entity,en,Sumatra,Sumatra,Sumatra,Sumatra,Sumatra,0.9,1.0,1.0,1.0,1.0,1.0,1.0,Sumatra,Sumatra,mt_vote,2026-03-19T13:07:58,,,,,en,en,en,Sumatra
entity,en,Sumatra_i_la_península_de_Malàisia,Sumatra i la península de Malàisia,Sumatra and Peninsular Malaysia,Sumatra and Mainland Malaysia,Sumatra and the Malay Peninsula,0.9,0.8333,0.6774,0.6667,0.0,0.0,0.0,Sumatra and Peninsular Malaysia,Sumatra and Peninsular Malaysia,mt_vote,2026-03-19T13:07:59,,,,,en,en,en,Sumatra_and_Peninsular_Malaysia
entity,en,Sumitra_Mahajan,Sumitra Mahajan,Sumitra Mahajan,Sumitra Mahajan,Sumitra Mahajan,0.9,1.0,1.0,1.0,1.0,1.0,1.0,Sumitra Mahajan,Sumitra Mahajan,mt_vote_revoted_gte_langfilter,2026-03-19T13:41:04,1.0,1.0,1.0,nllb,it,it,it,Sumitra_Mahajan
entity,en,Summit_Media,Summit Media,Summit Media,Summit Media,Summit Media,0.9,1.0,1.0,1.0,1.0,1.0,1.0,Summit Media,Summit Media,mt_vote_revoted_gte_langfilter,2026-03-19T13:41:04,1.0,1.0,1.0,nllb,de,de,de,Summit_Media
entity,en,Super_Capers,Super Capers,Super Capers,Super Capers,Super Capers,0.9,1.0,1.0,1.0,1.0,1.0,1.0,Super Capers,Super Capers,mt_vote_revoted_gte_langfilter,2026-03-19T13:41:04,1.0,1.0,1.0,nllb,it,it,it,Super_Capers
entity,en,Superleague_Greece,Superleague Greece,Superleague Greece,Superleague Greece,Greek Superleague,0.9,1.0,0.6286,0.6286,1.0,0.0,0.0,Superleague Greece,Superleague Greece,mt_vote_revoted_gte_langfilter,2026-03-19T13:41:04,1.0,1.0,0.9667231440544128,nllb,de,de,de,Superleague_Greece
entity,en,Superliga_de_bàsquet_turca,Superliga de bàsquet turca,Turkish Basketball Super League,Turkish Basketball Super League,Turkish Basketball Super League,0.9,1.0,1.0,1.0,1.0,1.0,1.0,Turkish Basketball Super League,Turkish Basketball Super League,mt_vote,2026-03-19T13:08:02,,,,,en,en,en,Turkish_Basketball_Super_League
entity,en,Susana_Díaz_Pacheco,Susana Díaz Pacheco,This is Susana Díaz Pacheco.,Susana Díaz Pacheco,Susana Díaz Pacheco,0.9,0.0,0.0,1.0,0.0,0.0,1.0,Susana Díaz Pacheco,Susana Díaz Pacheco,mt_vote_revoted_gte_langfilter,2026-03-19T13:41:04,,1.0,1.0,salamandra,en,es,es,Susana_Díaz_Pacheco
entity,en,Susana_Mendoza,Susana Mendoza,This is Susana Mendoza.,Susana Mendoza,Susana Mendoza,0.9,0.0,0.0,1.0,0.0,0.0,1.0,Susana Mendoza,Susana Mendoza,mt_vote_revoted_gte_langfilter,2026-03-19T13:41:04,,1.0,1.0,salamandra,en,sl,sl,Susana_Mendoza
entity,en,Suwałki,Suwałki,Suwałki,Suwałki,Suwałki,0.9,1.0,1.0,1.0,1.0,1.0,1.0,Suwałki,Suwałki,mt_vote_revoted_gte_langfilter,2026-03-19T13:41:04,1.0,1.0,1.0,nllb,pl,pl,pl,Suwałki
entity,en,Suècia,Suècia,Sweden,Sweden,Sweden,0.9,1.0,1.0,1.0,1.0,1.0,1.0,Sweden,Sweden,mt_vote,2026-03-19T13:08:05,,,,,en,en,en,Sweden
entity,en,Suïssa,Suïssa,Switzerland,Switzerland,Switzerland,0.9,1.0,1.0,1.0,1.0,1.0,1.0,Switzerland,Switzerland,mt_vote_revoted_gte_langfilter,2026-03-19T13:41:04,0.8402586579322815,0.8402586579322815,0.8402586579322815,nllb,eu,eu,eu,Switzerland
entity,en,"Sycamore,_Illinois","Sycamore, Illinois","This is Sycamore, Illinois.","Sycamore, Illinois","Sycamore, Illinois",0.9,0.0,0.0,1.0,0.0,0.0,1.0,"Sycamore, Illinois","Sycamore, Illinois",mt_vote_revoted_gte_langfilter,2026-03-19T13:41:04,,1.0,1.0,salamandra,en,fr,fr,"Sycamore,_Illinois"
entity,en,Synthpop,Synthpop,Synthpop,Synthpop,Synthpop,0.9,1.0,1.0,1.0,1.0,1.0,1.0,Synthpop,Synthpop,mt_vote,2026-03-19T13:08:06,,,,,en,en,en,Synthpop
entity,en,São_José_dos_Pinhais,São José dos Pinhais,São José dos Pinhais is the capital of the state of São José.,São José dos Pinhais,São José dos Pinhais,0.9,0.4938,0.4938,1.0,0.0,0.0,1.0,São José dos Pinhais,São José dos Pinhais,mt_vote_revoted_gte_langfilter,2026-03-19T13:41:04,0.8915256857872009,1.0,1.0,salamandra,pt,pt,pt,São_José_dos_Pinhais
entity,en,São_Paulo,São Paulo,São Paulo,São Paulo,São Paulo,0.9,1.0,1.0,1.0,1.0,1.0,1.0,São Paulo,São Paulo,mt_vote_revoted_gte_langfilter,2026-03-19T13:41:04,1.0,1.0,1.0,nllb,pt,pt,pt,São_Paulo
entity,en,Sèpia,Sèpia,Cuttlefish,Sepia,Sepia,0.9,0.2667,0.2667,1.0,0.0,0.0,1.0,Sepia,Sepia,mt_vote,2026-03-19T13:08:08,,,,,en,en,en,Sepia
entity,en,Sèrbia,Sèrbia,Serbia,Serbia,Serbia,0.9,1.0,1.0,1.0,1.0,1.0,1.0,Serbia,Serbia,mt_vote_revoted_gte_langfilter,2026-03-19T13:41:04,0.9248970150947572,0.9248970150947572,0.9248970150947572,nllb,de,de,de,Serbia
entity,en,T&TEC_Club_Esportiu,T&TEC Club Esportiu,T&TEC Sports Club,T&TEC Sports Club,T&TEC Sports Club,0.9,1.0,1.0,1.0,1.0,1.0,1.0,T&TEC Sports Club,T&TEC Sports Club,mt_vote,2026-03-19T13:08:10,,,,,en,en,en,T&TEC_Sports_Club
entity,en,T._S._Thakur,T. S. Thakur,T. S. Thakur,T. S. Thakur,T. S. Thakur,0.9,1.0,1.0,1.0,1.0,1.0,1.0,T. S. Thakur,T. S. Thakur,mt_vote,2026-03-19T13:08:11,,,,,en,en,en,T._S._Thakur
entity,en,Tab_Benoit,Tab Benoit,It's called Tab Benoit.,Tab Benoit,Tab Benoit,0.9,0.0,0.0,1.0,0.0,0.0,1.0,Tab Benoit,Tab Benoit,mt_vote_revoted_gte_langfilter,2026-03-19T13:41:04,,1.0000001192092896,1.0000001192092896,salamandra,en,de,de,Tab_Benoit
entity,en,Tabaré_Ramón_Vázquez_Rosas,Tabaré Ramón Vázquez Rosas,I'm going to kill Ramón Vázquez Rosas,Tabaré Ramón Vázquez Rosas,Tabaré Ramón Vázquez Rosas,0.9,0.6667,0.6667,1.0,0.0,0.0,1.0,Tabaré Ramón Vázquez Rosas,Tabaré Ramón Vázquez Rosas,mt_vote_revoted_gte_langfilter,2026-03-19T13:41:04,0.7452210187911987,1.0000001192092896,1.0000001192092896,salamandra,es,sk,sk,Tabaré_Ramón_Vázquez_Rosas
entity,en,Tacomausa._kgm,Tacomausa. kgm,Tacomause. Kilograms,Tacoma,Tacomausa. kgm,0.9,0.0,0.7647,0.0,0.0,0.0,0.0,Tacomausa. kgm,Tacomausa. kgm,mt_vote_revoted_gte_langfilter,2026-03-19T13:41:04,0.8681915998458862,,1.0,salamandra,de,en,fi,Tacomausa._kgm
entity,en,Tadao_Ando,Tadao Ando,Tadao Ando,Tadao Ando,Tadao Ando,0.9,1.0,1.0,1.0,1.0,1.0,1.0,Tadao Ando,Tadao Ando,mt_vote_revoted_gte_langfilter,2026-03-19T13:41:04,0.9999999403953552,0.9999999403953552,0.9999999403953552,nllb,pt,pt,pt,Tadao_Ando
entity,en,Tampere,Tampere,Tampere,Tampere,Tampere,0.9,1.0,1.0,1.0,1.0,1.0,1.0,Tampere,Tampere,mt_vote,2026-03-19T13:08:14,,,,,en,en,en,Tampere
entity,en,"Tampere,_Finlàndia","Tampere, Finlàndia","Tampere, Finland","Tampere, Finland","Tampere, Finland",0.9,1.0,1.0,1.0,1.0,1.0,1.0,"Tampere, Finland","Tampere, Finland",mt_vote,2026-03-19T13:08:15,,,,,en,en,en,"Tampere,_Finland"
entity,en,Tappara,Tappara,Tappara,Tappara,Tappara,0.9,1.0,1.0,1.0,1.0,1.0,1.0,Tappara,Tappara,mt_vote,2026-03-19T13:08:15,,,,,en,en,en,Tappara
entity,en,Taquirariperu._kgm,Taquirariperu. kgm,Taquirariperu. kgm is the name of the game.,Taquirariperu,Taquirariperu. kgm,0.9,0.0,0.0,0.8387,0.0,0.0,0.0,Taquirariperu. kgm,Taquirariperu. kgm,mt_vote_revoted_gte_langfilter,2026-03-19T13:41:04,,0.9017614722251892,1.0000001192092896,salamandra,en,de,de,Taquirariperu._kgm
entity,en,Taro,Taro,Taro,Taro,Taro,0.9,1.0,1.0,1.0,1.0,1.0,1.0,Taro,Taro,mt_vote,2026-03-19T13:08:17,,,,,en,en,en,Taro
entity,en,Tarta_de_Bakewell,Tarta de Bakewell,Bakewell pie,Bakewell Tart,Bakewell Tart,0.9,0.72,0.72,1.0,0.0,0.0,1.0,Bakewell Tart,Bakewell Tart,mt_vote,2026-03-19T13:08:18,,,,,en,en,en,Bakewell_Tart
entity,en,Tarō_Asō,Tarō Asō,Tarō Asō,Tarō Aso,Taro Aso,0.9,0.875,0.75,0.875,0.0,0.0,0.0,Tarō Asō,Tarō Asō,mt_vote_revoted_gte_langfilter,2026-03-19T13:41:04,1.0,0.9840589761734008,0.953076422214508,nllb,am,lt,es,Tarō_Asō
entity,en,Tbilisi,Tbilisi,Tbilisi,Tbilisi,Tbilisi,0.9,1.0,1.0,1.0,1.0,1.0,1.0,Tbilisi,Tbilisi,mt_vote_revoted_gte_langfilter,2026-03-19T13:41:04,1.0000001192092896,1.0000001192092896,1.0000001192092896,nllb,et,et,et,Tbilisi
entity,en,Teatre_del_sud-est_asiàtic_de_la_Segona_Guerra_Mundial,Teatre del sud-est asiàtic de la Segona Guerra Mundial,Southeast Asian Theater of World War II,Southeast Asian theatre of World War II,Theatre of the Second World War in South-East Asia,0.9,0.9744,0.4944,0.5169,1.0,0.0,0.0,Southeast Asian Theater of World War II,Southeast Asian Theater of World War II,mt_vote,2026-03-19T13:08:20,,,,,en,en,en,Southeast_Asian_Theater_of_World_War_II
entity,en,Ted_Willis,Ted Willis,Ted Willis,Ted Willis,Ted Willis,0.9,1.0,1.0,1.0,1.0,1.0,1.0,Ted Willis,Ted Willis,mt_vote_revoted_gte_langfilter,2026-03-19T13:41:04,1.0,1.0,1.0,nllb,fi,fi,fi,Ted_Willis
entity,en,Tejano,Tejano,Tejano,Tejano,Texan,0.9,1.0,0.0,0.0,1.0,0.0,0.0,Tejano,Tejano,mt_vote_revoted_gte_langfilter,2026-03-19T13:41:04,1.0,1.0,,nllb,es,es,en,Tejano
entity,en,Telangana,Telangana,Telangana,Telangana,Telangana,0.9,1.0,1.0,1.0,1.0,1.0,1.0,Telangana,Telangana,mt_vote_revoted_gte_langfilter,2026-03-19T13:41:04,1.0,1.0,1.0,nllb,id,id,id,Telangana
entity,en,Tele2_Arena,Tele2 Arena,Tele2 Arena,Tele2 Arena,Tele2 Arena,0.9,1.0,1.0,1.0,1.0,1.0,1.0,Tele2 Arena,Tele2 Arena,mt_vote,2026-03-19T13:08:22,,,,,en,en,en,Tele2_Arena
entity,en,Tema_Lancia,Tema Lancia,Subject Lancia,Lancia theme,Lancia theme,0.9,0.0,0.0,0.0,0.0,0.0,0.0,Subject Lancia,Subject Lancia,mt_vote_revoted_gte_langfilter,2026-03-19T13:41:04,0.9123971462249756,,,nllb,es,en,en,Subject_Lancia
entity,en,Temporada_2011_de_la_PDL,Temporada 2011 de la PDL,2011 season of the PDL,2011 PDL season,2011 PDL season,0.9,0.5946,0.5946,1.0,0.0,0.0,1.0,2011 PDL season,2011 PDL season,mt_vote,2026-03-19T13:08:24,,,,,en,en,en,2011_PDL_season
entity,en,Temps_Estàndard_de_les_Filipines,Temps Estàndard de les Filipines,Philippine Standard time,Philippine Standard Time,Philippine Standard Time,0.9,1.0,1.0,1.0,1.0,1.0,1.0,Philippine Standard time,Philippine Standard time,mt_vote,2026-03-19T13:08:24,,,,,en,en,en,Philippine_Standard_time
entity,en,Tennessee_Titans,Tennessee Titans,Tennessee Titans,Tennessee Titans,Tennessee Titans,0.9,1.0,1.0,1.0,1.0,1.0,1.0,Tennessee Titans,Tennessee Titans,mt_vote,2026-03-19T13:08:25,,,,,en,en,en,Tennessee_Titans
entity,en,Teorema_de_Bondareva-Shapley,Teorema de Bondareva-Shapley,The Bondareva-Shapley theorem,Bondareva–Shapley theorem,Bondareva-Shapley theorem,0.9,0.8889,0.9259,0.96,0.0,1.0,1.0,The Bondareva-Shapley theorem,The Bondareva-Shapley theorem,mt_vote,2026-03-19T13:08:26,,,,,en,en,en,The_Bondareva-Shapley_theorem
entity,en,Teorema_de_no-_cabell,Teorema de no- cabell,No-hair theorem,Non-hair theorem,No-Hair Theorem,0.9,0.9677,1.0,0.9677,1.0,1.0,1.0,No-hair theorem,No-hair theorem,mt_vote,2026-03-19T13:08:27,,,,,en,en,en,No-hair_theorem
entity,en,Tercera_Divisió_de_Futbol_d'Iran,Tercera Divisió de Futbol d'Iran,Third Division of Iranian Football,Iranian Third Division,Iran's Third Football Division,0.9,0.5,0.4375,0.7308,0.0,0.0,0.0,Iranian Third Division,Iranian Third Division,mt_vote,2026-03-19T13:08:27,,,,,en,en,en,Iranian_Third_Division
entity,en,Terence_Rattigan,Terence Rattigan,Terence Rattigan,Terence Rattigan,Terence Rattigan,0.9,1.0,1.0,1.0,1.0,1.0,1.0,Terence Rattigan,Terence Rattigan,mt_vote,2026-03-19T13:08:28,,,,,en,en,en,Terence_Rattigan
entity,en,Territori_de_Nou_Mèxic,Territori de Nou Mèxic,Territory of New Mexico,New Mexico Territory,Territory of New Mexico,0.9,0.0,0.0,0.0,0.0,0.0,0.0,New Mexico Territory,New Mexico Territory,mt_vote_revoted_gte_langfilter,2026-03-19T13:41:04,,0.8542462587356567,,madlad,en,it,en,New_Mexico_Territory
entity,en,Texas,Texas,Texas,Texas,Texas,0.9,1.0,1.0,1.0,1.0,1.0,1.0,Texas,Texas,mt_vote,2026-03-19T13:08:29,,,,,en,en,en,Texas
entity,en,Texà,Texà,He's from Texas.,Texà,Texan,0.9,0.0,0.0,0.0,0.0,0.0,0.0,Texà,Texà,mt_vote_revoted_gte_langfilter,2026-03-19T13:41:04,,1.0000001192092896,,madlad,en,fr,en,Texà
entity,en,Teşvikiye,Teşvikiye,This is Tesvikiye.,Teşvikiye,Teşvikiye,0.9,0.0,0.0,1.0,0.0,0.0,1.0,Teşvikiye,Teşvikiye,mt_vote_revoted_gte_langfilter,2026-03-19T13:41:04,,1.0,1.0,salamandra,en,tr,tr,Teşvikiye
entity,en,"Thames,_Nova_Zelanda","Thames, Nova Zelanda","Thames, New Zealand","Thames, New Zealand","Thames, New Zealand",0.9,1.0,1.0,1.0,1.0,1.0,1.0,"Thames, New Zealand","Thames, New Zealand",mt_vote_revoted_gte_langfilter,2026-03-19T13:41:04,0.9885717034339904,0.9885717034339904,0.9885717034339904,nllb,de,de,de,"Thames,_New_Zealand"
entity,en,The_Arrow_(personatge_de_còmics),The Arrow (personatge de còmics),The Arrow (comic book character),The Arrow (comic character),The Arrow (comic book character),0.9,0.9153,1.0,0.9153,1.0,1.0,1.0,The Arrow (comic book character),The Arrow (comic book character),mt_vote,2026-03-19T13:08:32,,,,,en,en,en,The_Arrow_(comic_book_character)
entity,en,The_Grantville_Gazette_(anglès),The Grantville Gazette (anglès),The Grantville Gazette (English),The Grantville Gazette.,The Grantville Gazette (English),0.9,0.8,1.0,0.8,0.0,1.0,0.0,The Grantville Gazette (English),The Grantville Gazette (English),mt_vote,2026-03-19T13:08:33,,,,,en,en,en,The_Grantville_Gazette_(English)
entity,en,The_Grantville_Gazettes_(anglès),The Grantville Gazettes (anglès),The Grantville Gazettes (English),The Grantville Gazettes,The Grantville Gazettes (English),0.9,0.8214,1.0,0.8214,0.0,1.0,0.0,The Grantville Gazettes (English),The Grantville Gazettes (English),mt_vote,2026-03-19T13:08:34,,,,,en,en,en,The_Grantville_Gazettes_(English)
entity,en,The_Hobbit,The Hobbit,The Hobbit,The Hobbit,The Hobbit,0.9,1.0,1.0,1.0,1.0,1.0,1.0,The Hobbit,The Hobbit,mt_vote,2026-03-19T13:08:35,,,,,en,en,en,The_Hobbit
entity,en,The_Honeymoon_Killers_(grup_americà),The Honeymoon Killers (grup americà),The Honeymoon Killers (American band),The Honeymoon Killers (band),The Honeymoon Killers (American band),0.9,0.8615,1.0,0.8615,0.0,1.0,0.0,The Honeymoon Killers (American band),The Honeymoon Killers (American band),mt_vote,2026-03-19T13:08:36,,,,,en,en,en,The_Honeymoon_Killers_(American_band)
entity,en,The_Owl_Service_(banda),The Owl Service (banda),The Owl Service (band),The Owl Service (band),The Owl Service (band),0.9,1.0,1.0,1.0,1.0,1.0,1.0,The Owl Service (band),The Owl Service (band),mt_vote,2026-03-19T13:08:37,,,,,en,en,en,The_Owl_Service_(band)
entity,en,The_Star-Spangled_Banner,The Star-Spangled Banner,The Star-Spangled Banner,The Star-Spangled Banner,The Star-Spangled Banner,0.9,1.0,1.0,1.0,1.0,1.0,1.0,The Star-Spangled Banner,The Star-Spangled Banner,mt_vote,2026-03-19T13:08:37,,,,,en,en,en,The_Star-Spangled_Banner
entity,en,The_Velvet_Underground,The Velvet Underground,The Velvet Underground,The Velvet Underground,The Velvet Underground,0.9,1.0,1.0,1.0,1.0,1.0,1.0,The Velvet Underground,The Velvet Underground,mt_vote,2026-03-19T13:08:38,,,,,en,en,en,The_Velvet_Underground
entity,en,Theatre_of_Eternal_Music,Theatre of Eternal Music,Theatre of Eternal Music,Theatre of Eternal Music,Theatre of Eternal Music,0.9,1.0,1.0,1.0,1.0,1.0,1.0,Theatre of Eternal Music,Theatre of Eternal Music,mt_vote,2026-03-19T13:08:39,,,,,en,en,en,Theatre_of_Eternal_Music
entity,en,Theresa_Andersson,Theresa Andersson,Theresa Andersson,Theresa Andersson,Theresa Andersson,0.9,1.0,1.0,1.0,1.0,1.0,1.0,Theresa Andersson,Theresa Andersson,mt_vote,2026-03-19T13:08:39,,,,,en,en,en,Theresa_Andersson
entity,en,Thomas_Doll,Thomas Doll,Thomas Doll,Thomas Doll,Thomas Doll,0.9,1.0,1.0,1.0,1.0,1.0,1.0,Thomas Doll,Thomas Doll,mt_vote_revoted_gte_langfilter,2026-03-19T13:41:04,1.0,1.0,1.0,nllb,lt,lt,lt,Thomas_Doll
entity,en,Thomas_Pallesen,Thomas Pallesen,This is Thomas Pallesen.,Thomas Pallesen,Thomas Pallesen,0.9,0.0,0.0,1.0,0.0,0.0,1.0,Thomas Pallesen,Thomas Pallesen,mt_vote_revoted_gte_langfilter,2026-03-19T13:41:04,,1.0,1.0,salamandra,en,lt,lt,Thomas_Pallesen
entity,en,Thurleigh,Thurleigh,Thurleigh,Thurleigh,Thurleigh,0.9,1.0,1.0,1.0,1.0,1.0,1.0,Thurleigh,Thurleigh,mt_vote_revoted_gte_langfilter,2026-03-19T13:41:04,0.9999998807907104,0.9999998807907104,0.9999998807907104,nllb,de,de,de,Thurleigh
entity,en,Ticino,Ticino,Ticino,Ticino,Ticino,0.9,1.0,1.0,1.0,1.0,1.0,1.0,Ticino,Ticino,mt_vote_revoted_gte_langfilter,2026-03-19T13:41:04,1.0,1.0,1.0,nllb,es,es,es,Ticino
entity,en,Tim_Brooke-Taylor,Tim Brooke-Taylor,This is Tim Brooke-Taylor.,Tim Brooke-Taylor,Tim Brooke-Taylor,0.9,0.0,0.0,1.0,0.0,0.0,1.0,Tim Brooke-Taylor,Tim Brooke-Taylor,mt_vote_revoted_gte_langfilter,2026-03-19T13:41:04,,1.0,1.0,salamandra,en,de,de,Tim_Brooke-Taylor
entity,en,Time_Warner,Time Warner,Produced by Time Warner,Time Warner,Time Warner,0.9,0.6471,0.6471,1.0,0.0,0.0,1.0,Time Warner,Time Warner,mt_vote,2026-03-19T13:08:43,,,,,en,en,en,Time_Warner
entity,en,Tinent_Governador_de_Texas,Tinent Governador de Texas,Lieutenant Governor of Texas,Lieutenant Governor of Texas,Lieutenant Governor of Texas,0.9,1.0,1.0,1.0,1.0,1.0,1.0,Lieutenant Governor of Texas,Lieutenant Governor of Texas,mt_vote,2026-03-19T13:08:44,,,,,en,en,en,Lieutenant_Governor_of_Texas
entity,en,Tinta_de_cefalòpode,Tinta de cefalòpode,Cephalopod ink,Cephalopode Ink,Cephalopod ink,0.9,0.0,0.0,0.0,0.0,0.0,0.0,Cephalopode Ink,Cephalopode Ink,mt_vote_revoted_gte_langfilter,2026-03-19T13:41:04,,0.7729395627975464,,madlad,en,pt,en,Cephalopode_Ink
entity,en,Tirol_(estat),Tirol (estat),Tyrol (state),Tyrol (state),Tyrol (state),0.9,1.0,1.0,1.0,1.0,1.0,1.0,Tyrol (state),Tyrol (state),mt_vote,2026-03-19T13:08:45,,,,,en,en,en,Tyrol_(state)
entity,en,Tirstrup,Tirstrup,Tirstrup,Tirstrup,Tirstrup,0.9,1.0,1.0,1.0,1.0,1.0,1.0,Tirstrup,Tirstrup,mt_vote,2026-03-19T13:08:45,,,,,en,en,en,Tirstrup
entity,en,Tokat,Tokat,Touched,Tokat,Tokat,0.9,0.3333,0.3333,1.0,0.0,0.0,1.0,Tokat,Tokat,mt_vote,2026-03-19T13:08:46,,,,,en,en,en,Tokat
entity,en,"Tom_Lister,_Jr.","Tom Lister, Jr.","Tom Lister, Jr.","Tom Lister, Jr.","Tom Lister, Jr.",0.9,1.0,1.0,1.0,1.0,1.0,1.0,"Tom Lister, Jr.","Tom Lister, Jr.",mt_vote,2026-03-19T13:08:47,,,,,en,en,en,"Tom_Lister,_Jr."
entity,en,Tom_Lyle,Tom Lyle,Tom Lyle,Tom Lyle,Tom Lyle,0.9,1.0,1.0,1.0,1.0,1.0,1.0,Tom Lyle,Tom Lyle,mt_vote,2026-03-19T13:08:47,,,,,en,en,en,Tom_Lyle
entity,en,Tom_Simon,Tom Simon,Tom Simon,Tom Simon,Tom Simon,0.9,1.0,1.0,1.0,1.0,1.0,1.0,Tom Simon,Tom Simon,mt_vote_revoted_gte_langfilter,2026-03-19T13:41:04,1.0,1.0,1.0,nllb,lt,lt,lt,Tom_Simon
entity,en,Tom_Sizemore,Tom Sizemore,Tom Sizemore,Tom Sizemore,Tom Sizemore,0.9,1.0,1.0,1.0,1.0,1.0,1.0,Tom Sizemore,Tom Sizemore,mt_vote,2026-03-19T13:08:49,,,,,en,en,en,Tom_Sizemore
entity,en,Tom_Tait,Tom Tait,Tom Tait,Tom Tait,Tom Tait,0.9,1.0,1.0,1.0,1.0,1.0,1.0,Tom Tait,Tom Tait,mt_vote_revoted_gte_langfilter,2026-03-19T13:41:04,1.0,1.0,1.0,nllb,ga,ga,ga,Tom_Tait
entity,en,"Tomàquets,_guanciale,_formatge,_oli_d'oliva","Tomàquets, guanciale, formatge, oli d'oliva","Tomatoes, guanciale, cheese and olive oil","Tomatoes, guanciale, cheese, olive oil.","Tomatoes, guanciale, cheese, olive oil",0.9,0.925,0.9367,0.987,1.0,1.0,1.0,"Tomatoes, guanciale, cheese, olive oil","Tomatoes, guanciale, cheese, olive oil",mt_vote,2026-03-19T13:08:51,,,,,en,en,en,"Tomatoes,_guanciale,_cheese,_olive_oil"
entity,en,"Tomàquets,_piment_vermell,_alç,_oli_d'oliva","Tomàquets, piment vermell, alç, oli d'oliva","Tomatoes, red pepper, millet and olive oil","Tomatoes, red peppers, mushrooms, olive oil.","Tomatoes, red pepper, garlic, olive oil",0.9,0.7674,0.8148,0.8193,0.0,0.0,0.0,"Tomatoes, red pepper, garlic, olive oil","Tomatoes, red pepper, garlic, olive oil",mt_vote,2026-03-19T13:08:52,,,,,en,en,en,"Tomatoes,_red_pepper,_garlic,_olive_oil"
entity,en,Tony_Hall,Tony Hall,Tony Hall,Tony Hall,Tony Hall,0.9,1.0,1.0,1.0,1.0,1.0,1.0,Tony Hall,Tony Hall,mt_vote_revoted_gte_langfilter,2026-03-19T13:41:04,1.0,1.0,1.0,nllb,pl,pl,pl,Tony_Hall
entity,en,Tony_Tan,Tony Tan,Tony Tan,Tony Tan,Tony Tan,0.9,1.0,1.0,1.0,1.0,1.0,1.0,Tony Tan,Tony Tan,mt_vote_revoted_gte_langfilter,2026-03-19T13:41:04,1.0000001192092896,1.0000001192092896,1.0000001192092896,nllb,pl,pl,pl,Tony_Tan
entity,en,Tor_Books,Tor Books,Tor books,Tor Books,Tor Books,0.9,1.0,1.0,1.0,1.0,1.0,1.0,Tor books,Tor books,mt_vote,2026-03-19T13:08:54,,,,,en,en,en,Tor_books
entity,en,Torino_F.C.,Torino F.C.,Torino F.C.,Torino F.C.,Torino F.C.,0.9,1.0,1.0,1.0,1.0,1.0,1.0,Torino F.C.,Torino F.C.,mt_vote_revoted_gte_langfilter,2026-03-19T13:41:04,0.9999998807907104,0.9999998807907104,0.9999998807907104,nllb,it,it,it,Torino_F.C.
entity,en,Torí,Torí,The city of Turin,Turin,Turin,0.9,0.4545,0.4545,1.0,0.0,0.0,1.0,Turin,Turin,mt_vote,2026-03-19T13:08:55,,,,,en,en,en,Turin
entity,en,Tractor_Sazi_F.C.,Tractor Sazi F.C.,Tractor Sazi F.C.,Tractor Sazi FC,Tractor Sazi F.C.,0.9,0.9375,1.0,0.9375,1.0,1.0,1.0,Tractor Sazi F.C.,Tractor Sazi F.C.,mt_vote_revoted_gte_langfilter,2026-03-19T13:41:04,1.0000001192092896,0.9565991163253784,1.0000001192092896,nllb,it,it,it,Tractor_Sazi_F.C.
entity,en,Trane,Trane,Trane,Trane,Trane,0.9,1.0,1.0,1.0,1.0,1.0,1.0,Trane,Trane,mt_vote,2026-03-19T13:08:56,,,,,en,en,en,Trane
entity,en,Tranmere_Rovers_FC,Tranmere Rovers FC,Tranmere Rovers FC is a football club based in Tranmere.,Tranmere Rovers F.C.,Tranmere Rovers FC,0.9,0.5,0.4865,0.9474,0.0,0.0,1.0,Tranmere Rovers F.C.,Tranmere Rovers F.C.,mt_vote,2026-03-19T13:08:57,,,,,en,en,en,Tranmere_Rovers_F.C.
entity,en,Tren_(banda),Tren (banda),Train (band),Train (band),Train (band),0.9,1.0,1.0,1.0,1.0,1.0,1.0,Train (band),Train (band),mt_vote,2026-03-19T13:08:58,,,,,en,en,en,Train_(band)
entity,en,"Trenton,_New_Jersey","Trenton, New Jersey","This is Trenton, New Jersey.","Trenton, NJ","Trenton, New Jersey",0.9,0.0,0.0,0.7333,0.0,0.0,0.0,"Trenton, New Jersey","Trenton, New Jersey",mt_vote_revoted_gte_langfilter,2026-03-19T13:41:04,,0.9860490560531616,1.0000001192092896,salamandra,en,es,es,"Trenton,_New_Jersey"
entity,en,Treu-te'l!,Treu-te'l!,Get it off!,Take it off!,Take it off!,0.9,0.7826,0.7826,1.0,0.0,0.0,1.0,Take it off!,Take it off!,mt_vote,2026-03-19T13:08:59,,,,,en,en,en,Take_it_off!
entity,en,Trinidad,Trinidad,Trinidad and Tobago,Trinidad,Trinidad,0.9,0.5926,0.5926,1.0,0.0,0.0,1.0,Trinidad,Trinidad,mt_vote_revoted_gte_langfilter,2026-03-19T13:41:04,0.9625664949417114,1.0000001192092896,1.0000001192092896,salamandra,tl,es,es,Trinidad
entity,en,Trinidad_i_Tobago_sub-20,Trinidad i Tobago sub-20,Trinidad and Tobago under-20s,Trinidad and Tobago U-20,Trinidad and Tobago U20,0.9,0.0,0.0,0.9787,0.0,0.0,1.0,Trinidad and Tobago U-20,Trinidad and Tobago U-20,mt_vote_revoted_gte_langfilter,2026-03-19T13:41:04,,0.9647345542907716,0.9553381204605104,madlad,en,tl,tl,Trinidad_and_Tobago_U-20
entity,en,Tsarat_de_Polònia,Tsarat de Polònia,Tsar of Poland,Tsar of Poland,Tsarate of Poland,0.9,1.0,0.9032,0.9032,1.0,1.0,1.0,Tsar of Poland,Tsar of Poland,mt_vote,2026-03-19T13:09:01,,,,,en,en,en,Tsar_of_Poland
entity,en,Tuanku_Bujang_Tuanku_Othman,Tuanku Bujang Tuanku Othman,This is Tuanku Bujang Tuanku Othman,Tuanku Bujang Tuanku Othman,Tuanku Bujang Tuanku Othman,0.9,0.0,0.0,1.0,0.0,0.0,1.0,Tuanku Bujang Tuanku Othman,Tuanku Bujang Tuanku Othman,mt_vote_revoted_gte_langfilter,2026-03-19T13:41:04,,1.0,1.0,salamandra,en,id,id,Tuanku_Bujang_Tuanku_Othman
entity,en,Tudor_i_Jacabian,Tudor i Jacabian,Tudor and Jacabian,Tudor and Jacabian,Tudor and Jacabian,0.9,1.0,1.0,1.0,1.0,1.0,1.0,Tudor and Jacabian,Tudor and Jacabian,mt_vote,2026-03-19T13:09:03,,,,,en,en,en,Tudor_and_Jacabian
entity,en,Turk,Turk,Turk,Turk,Turk,0.9,1.0,1.0,1.0,1.0,1.0,1.0,Turk,Turk,mt_vote,2026-03-19T13:09:04,,,,,en,en,en,Turk
entity,en,Turkmenistan,Turkmenistan,Turkmenistan,Turkmenistan,Turkmenistan,0.9,1.0,1.0,1.0,1.0,1.0,1.0,Turkmenistan,Turkmenistan,mt_vote,2026-03-19T13:09:04,,,,,en,en,en,Turkmenistan
entity,en,Turkmenistan_Airlines,Turkmenistan Airlines,Turkmenistan Airlines is the flag carrier of Turkmenistan,Turkmenistan Airlines,Turkmenistan Airlines,0.9,0.0,0.0,1.0,0.0,0.0,1.0,Turkmenistan Airlines,Turkmenistan Airlines,mt_vote_revoted_gte_langfilter,2026-03-19T13:41:04,,1.0,1.0,salamandra,en,es,es,Turkmenistan_Airlines
entity,en,Turn_Me_On_(àlbum),Turn Me On (àlbum),Turn me on (album),Turn Me On (album),Turn Me On (album),0.9,1.0,1.0,1.0,1.0,1.0,1.0,Turn me on (album),Turn me on (album),mt_vote,2026-03-19T13:09:06,,,,,en,en,en,Turn_me_on_(album)
entity,en,Turquia,Turquia,Turkey,Turkey. 1996,Turkey,0.9,0.6667,1.0,0.6667,0.0,1.0,0.0,Turkey,Turkey,mt_vote,2026-03-19T13:09:07,,,,,en,en,en,Turkey
entity,en,Twilight_(grup),Twilight (grup),Twilight (songwriter),Twilight (band),Twilight (band),0.9,0.6667,0.6667,1.0,0.0,0.0,1.0,Twilight (band),Twilight (band),mt_vote,2026-03-19T13:09:08,,,,,en,en,en,Twilight_(band)
entity,en,Türk_Şehitleri_Anıtı,Türk Şehitleri Anıtı,Türk Şehitleri Anıtı is a Turkish newspaper.,Turkish Martyrs' Monument,Turkish Martyrs' Memorial,0.9,0.0,0.0,0.0,0.0,0.0,0.0,Türk Şehitleri Anıtı is a Turkish newspaper.,Türk Şehitleri Anıtı is a Turkish newspaper.,mt_vote_revoted_gte_langfilter,2026-03-19T13:41:04,0.9062588214874268,,,nllb,tr,en,en,Türk_Şehitleri_Anıtı_is_a_Turkish_newspaper.
entity,en,U.S._Castrovillari_Calcio,U.S. Castrovillari Calcio,U.S. Castrovillari and Calcio,U.S. Castrovillari Calcio,U.S. Castrovillari Calcio,0.9,0.0,0.0,1.0,0.0,0.0,1.0,U.S. Castrovillari Calcio,U.S. Castrovillari Calcio,mt_vote_revoted_gte_langfilter,2026-03-19T13:41:04,,1.0000001192092896,1.0000001192092896,salamandra,en,es,es,U.S._Castrovillari_Calcio
entity,en,U.S._Città_di_Palermo,U.S. Città di Palermo,U.S. City of Palermo,U.S. City of Palermo,U.S. Città di Palermo,0.9,0.0,0.0,0.0,0.0,0.0,0.0,U.S. Città di Palermo,U.S. Città di Palermo,mt_vote_revoted_gte_langfilter,2026-03-19T13:41:04,,,1.0,salamandra,en,en,it,U.S._Città_di_Palermo
entity,en,UC_Sampdoria,UC Sampdoria,UC Sampdoria,UC Sampdoria,UC Sampdoria,0.9,1.0,1.0,1.0,1.0,1.0,1.0,UC Sampdoria,UC Sampdoria,mt_vote_revoted_gte_langfilter,2026-03-19T13:41:04,1.0,1.0,1.0,nllb,es,es,es,UC_Sampdoria
entity,en,US_Lesquin,US Lesquin,US Lesquin,US Lesquin,US Lesquin,0.9,1.0,1.0,1.0,1.0,1.0,1.0,US Lesquin,US Lesquin,mt_vote_revoted_gte_langfilter,2026-03-19T13:41:04,1.0,1.0,1.0,nllb,fr,fr,fr,US_Lesquin
entity,en,UTAAgreece__prefectures._kgm,UTAAgreece prefectures. kgm,UTAGreece prefectures. kgm,UTAA,UTAAgreece prefectures. kgm,0.9,0.0,0.9811,0.0,0.0,1.0,0.0,UTAAgreece prefectures. kgm,UTAAgreece prefectures. kgm,mt_vote_revoted_gte_langfilter,2026-03-19T13:41:04,0.9088165163993835,,1.0000001192092896,salamandra,ro,en,ro,UTAAgreece_prefectures._kgm
entity,en,"UT_Austin,_B.S._1955","UT Austin, B.S. 1955","University of Texas at Austin, B.S. 1955","UT Austin, B.S. 1955","UT Austin, B.S. 1955",0.9,0.6667,0.6667,1.0,0.0,0.0,1.0,"UT Austin, B.S. 1955","UT Austin, B.S. 1955",mt_vote,2026-03-19T13:09:14,,,,,en,en,en,"UT_Austin,_B.S._1955"
entity,en,Uab,Uab,Uab,Uab,Uab,0.9,1.0,1.0,1.0,1.0,1.0,1.0,Uab,Uab,mt_vote,2026-03-19T13:09:15,,,,,en,en,en,Uab
entity,en,Ucraïna,Ucraïna,Ukraine,Ukraine,Ukraine,0.9,1.0,1.0,1.0,1.0,1.0,1.0,Ukraine,Ukraine,mt_vote,2026-03-19T13:09:15,,,,,en,en,en,Ukraine
entity,en,Udinese_Calcio,Udinese Calcio,Udinese Calcio,Udinese Calcio,Udinese Calcio,0.9,1.0,1.0,1.0,1.0,1.0,1.0,Udinese Calcio,Udinese Calcio,mt_vote_revoted_gte_langfilter,2026-03-19T13:41:04,1.0000001192092896,1.0000001192092896,1.0000001192092896,nllb,es,es,es,Udinese_Calcio
entity,en,Un_EPSTH_2è_GRUP,Un EPSTH 2è GRUP,An EPSTH 2nd group,An EPSTH 2nd GROUP,An EPSTH 2nd GROUP,0.9,1.0,1.0,1.0,1.0,1.0,1.0,An EPSTH 2nd group,An EPSTH 2nd group,mt_vote,2026-03-19T13:09:17,,,,,en,en,en,An_EPSTH_2nd_group
entity,en,Un_llarg_llarg_camí,Un llarg llarg camí,A long long way,A long long way,A Long Long Road,0.9,1.0,0.8387,0.8387,1.0,0.0,0.0,A long long way,A long long way,mt_vote,2026-03-19T13:09:18,,,,,en,en,en,A_long_long_way
entity,en,Un_mag_de_Mart,Un mag de Mart,A wizard from Mars,A magician from Mars,A Wizard from Mars,0.9,0.7368,1.0,0.6842,0.0,1.0,0.0,A wizard from Mars,A wizard from Mars,mt_vote,2026-03-19T13:09:19,,,,,en,en,en,A_wizard_from_Mars
entity,en,Un_romanç_de_Glastonbury,Un romanç de Glastonbury,A novel by Glastonbury,A Glastonbury novel.,A Glastonbury Romance,0.9,0.619,0.6047,0.7805,0.0,0.0,0.0,A Glastonbury novel.,A Glastonbury novel.,mt_vote,2026-03-19T13:09:19,,,,,en,en,en,A_Glastonbury_novel.
entity,en,Una_ballarina_de_caràcter_lleial,Una ballarina de caràcter lleial,A dancer of loyal character,A dancer of loyal character,A Loyal Character Dancer,0.9,0.0,0.0,0.0,0.0,0.0,0.0,A Loyal Character Dancer,A Loyal Character Dancer,mt_vote_revoted_gte_langfilter,2026-03-19T13:41:04,,,0.8393335342407227,salamandra,en,en,mt,A_Loyal_Character_Dancer
entity,en,Una_fortalesa_de_gel_gris,Una fortalesa de gel gris,A fortress of gray ice,A fortress of grey ice,A fortress of grey ice,0.9,0.9545,0.9545,1.0,1.0,1.0,1.0,A fortress of grey ice,A fortress of grey ice,mt_vote,2026-03-19T13:09:21,,,,,en,en,en,A_fortress_of_grey_ice
entity,en,Una_vespa_tallada,Una vespa tallada,A carved wasp,A carved wasp,A cut wasp,0.9,1.0,0.6957,0.6957,1.0,0.0,0.0,A carved wasp,A carved wasp,mt_vote,2026-03-19T13:09:22,,,,,en,en,en,A_carved_wasp
entity,en,Union_Sportive_de_Boulogne,Union Sportive de Boulogne,Union Sportive of Boulogne,Union Sportive de Boulogne,Union Sportive de Boulogne,0.9,0.0,0.0,1.0,0.0,0.0,1.0,Union Sportive de Boulogne,Union Sportive de Boulogne,mt_vote_revoted_gte_langfilter,2026-03-19T13:41:04,,1.0,1.0,salamandra,en,fr,fr,Union_Sportive_de_Boulogne
entity,en,"Union_Township,_comtat_de_Madison,_Indiana","Union Township, comtat de Madison, Indiana","Union Township, Madison County, Indiana","Union Township, Madison County, Indiana","Union Township, Madison County, Indiana",0.9,1.0,1.0,1.0,1.0,1.0,1.0,"Union Township, Madison County, Indiana","Union Township, Madison County, Indiana",mt_vote,2026-03-19T13:09:23,,,,,en,en,en,"Union_Township,_Madison_County,_Indiana"
entity,en,Unione_Triestina_2012_S.S.D.,Unione Triestina 2012 S.S.D.,Union of Trieste 2012 S.S.D.,Unione Triestina 2012 S.S.D.,Unione Triestina 2012 S.S.D.,0.9,0.0,0.0,1.0,0.0,0.0,1.0,Unione Triestina 2012 S.S.D.,Unione Triestina 2012 S.S.D.,mt_vote_revoted_gte_langfilter,2026-03-19T13:41:04,,1.0,1.0,salamandra,en,it,it,Unione_Triestina_2012_S.S.D.
entity,en,United_Launch_Alliance,United Launch Alliance,United Launch Alliance,United Launch Alliance,United Launch Alliance,0.9,1.0,1.0,1.0,1.0,1.0,1.0,United Launch Alliance,United Launch Alliance,mt_vote,2026-03-19T13:09:26,,,,,en,en,en,United_Launch_Alliance
entity,en,United_Petrotrin,United Petrotrin,United Petrotrin,United Petrotrin,United Petrotrin,0.9,1.0,1.0,1.0,1.0,1.0,1.0,United Petrotrin,United Petrotrin,mt_vote_revoted_gte_langfilter,2026-03-19T13:41:04,1.0,1.0,1.0,nllb,es,es,es,United_Petrotrin
entity,en,Universal_Music_Group,Universal Music Group,Produced by Universal Music Group,Universal Music Group,Universal Music Group,0.9,0.7778,0.7778,1.0,0.0,0.0,1.0,Universal Music Group,Universal Music Group,mt_vote,2026-03-19T13:09:27,,,,,en,en,en,Universal_Music_Group
entity,en,Universal_Records_(discogràfica_extinta),Universal Records (discogràfica extinta),Universal Records (discography is defunct),Universal Records (extinct label),Universal Records (defunct),0.9,0.64,0.7826,0.8,0.0,0.0,0.0,Universal Records (defunct),Universal Records (defunct),mt_vote,2026-03-19T13:09:28,,,,,en,en,en,Universal_Records_(defunct)
entity,en,Universitas_Aarhusiensis,Universitas Aarhusiensis,The University of Aarhusiensis,University of Aarhus,Universitas Aarhusiensis,0.9,0.0,0.0,0.0,0.0,0.0,0.0,Universitas Aarhusiensis,Universitas Aarhusiensis,mt_vote_revoted_gte_langfilter,2026-03-19T13:41:04,,,1.0,salamandra,en,en,lt,Universitas_Aarhusiensis
entity,en,Universitas_Apulensis,Universitas Apulensis,University of Apulensis,University of Apulia,Universitas Apulensis,0.9,0.0,0.0,0.0,0.0,0.0,0.0,Universitas Apulensis,Universitas Apulensis,mt_vote_revoted_gte_langfilter,2026-03-19T13:41:04,,,1.000000238418579,salamandra,en,en,lt,Universitas_Apulensis
entity,en,Universitat_Cornell,Universitat Cornell,Cornell University,Cornell University,Cornell University,0.9,1.0,1.0,1.0,1.0,1.0,1.0,Cornell University,Cornell University,mt_vote,2026-03-19T13:09:30,,,,,en,en,en,Cornell_University
entity,en,Universitat_Erasme_de_Rotterdam,Universitat Erasme de Rotterdam,The Erasmus University of Rotterdam is located in Rotterdam.,Erasmus University Rotterdam,Erasmus University Rotterdam,0.9,0.6364,0.6364,1.0,0.0,0.0,1.0,Erasmus University Rotterdam,Erasmus University Rotterdam,mt_vote,2026-03-19T13:09:31,,,,,en,en,en,Erasmus_University_Rotterdam
entity,en,Universitat_Estatal_de_Leningrad,Universitat Estatal de Leningrad,Leningrad State University is located in Leningrad.,Leningrad State University,Leningrad State University,0.9,0.6753,0.6753,1.0,0.0,0.0,1.0,Leningrad State University,Leningrad State University,mt_vote,2026-03-19T13:09:32,,,,,en,en,en,Leningrad_State_University
entity,en,Universitat_Harvard,Universitat Harvard,Harvard University,Harvard University,Harvard University,0.9,1.0,1.0,1.0,1.0,1.0,1.0,Harvard University,Harvard University,mt_vote_revoted_gte_langfilter,2026-03-19T13:41:04,0.904757559299469,0.904757559299469,0.904757559299469,nllb,et,et,et,Harvard_University
entity,en,Universitat_Humboldt,Universitat Humboldt,The Humboldt University,Humboldt University,Humboldt University,0.9,0.0,0.0,1.0,0.0,0.0,1.0,Humboldt University,Humboldt University,mt_vote_revoted_gte_langfilter,2026-03-19T13:41:04,,0.9176973104476928,0.9176973104476928,salamandra,en,nl,nl,Humboldt_University
entity,en,Universitat_Johns_Hopkins,Universitat Johns Hopkins,John Hopkins School of Medicine,Johns Hopkins University,Johns Hopkins University,0.9,0.5455,0.5455,1.0,0.0,0.0,1.0,Johns Hopkins University,Johns Hopkins University,mt_vote,2026-03-19T13:09:34,,,,,en,en,en,Johns_Hopkins_University
entity,en,Universitat_Radboud_Nijmegen,Universitat Radboud Nijmegen,Radboud University of Nijmegen,Radboud University Nijmegen,Radboud University Nijmegen,0.9,0.9474,0.9474,1.0,1.0,1.0,1.0,Radboud University Nijmegen,Radboud University Nijmegen,mt_vote,2026-03-19T13:09:35,,,,,en,en,en,Radboud_University_Nijmegen
entity,en,Universitat_Stanford,Universitat Stanford,Stanford University,Stanford University,Stanford University,0.9,1.0,1.0,1.0,1.0,1.0,1.0,Stanford University,Stanford University,mt_vote,2026-03-19T13:09:35,,,,,en,en,en,Stanford_University
entity,en,Universitat_Tecnològica_Visvesvaraya,Universitat Tecnològica Visvesvaraya,Visvesvaraya Technological University is a public research university located in the city of Visvesvaraya.,Visvesvaraya University of Technology,Visvesvaraya Technological University,0.9,0.0,0.0,0.0,0.0,0.0,0.0,Visvesvaraya Technological University,Visvesvaraya Technological University,mt_vote_revoted_gte_langfilter,2026-03-19T13:41:04,,,0.9474658966064452,salamandra,en,en,tl,Visvesvaraya_Technological_University
entity,en,Universitat_d'Adelaide,Universitat d'Adelaide,University of Adelaide,University of Adelaide,University of Adelaide,0.9,1.0,1.0,1.0,1.0,1.0,1.0,University of Adelaide,University of Adelaide,mt_vote,2026-03-19T13:09:37,,,,,en,en,en,University_of_Adelaide
entity,en,Universitat_d'Atenes,Universitat d'Atenes,University of Athens,University of Athens,University of Athens,0.9,1.0,1.0,1.0,1.0,1.0,1.0,University of Athens,University of Athens,mt_vote,2026-03-19T13:09:37,,,,,en,en,en,University_of_Athens
entity,en,Universitat_de_Borgonya,Universitat de Borgonya,University of Burgundy,University of Burgundy,University of Burgundy,0.9,1.0,1.0,1.0,1.0,1.0,1.0,University of Burgundy,University of Burgundy,mt_vote,2026-03-19T13:09:38,,,,,en,en,en,University_of_Burgundy
entity,en,Universitat_de_Cambridge,Universitat de Cambridge,He was educated at Cambridge University,University of Cambridge,University of Cambridge,0.9,0.3871,0.3871,1.0,0.0,0.0,1.0,University of Cambridge,University of Cambridge,mt_vote,2026-03-19T13:09:39,,,,,en,en,en,University_of_Cambridge
entity,en,Universitat_de_Carolina_del_Nord_a_Chapel_Hill,Universitat de Carolina del Nord a Chapel Hill,University of North Carolina at Chapel Hill,University of North Carolina at Chapel Hill,University of North Carolina at Chapel Hill,0.9,1.0,1.0,1.0,1.0,1.0,1.0,University of North Carolina at Chapel Hill,University of North Carolina at Chapel Hill,mt_vote,2026-03-19T13:09:40,,,,,en,en,en,University_of_North_Carolina_at_Chapel_Hill
entity,en,Universitat_de_Göttingen,Universitat de Göttingen,University of Göttingen,University of Göttingen,University of Göttingen,0.9,1.0,1.0,1.0,1.0,1.0,1.0,University of Göttingen,University of Göttingen,mt_vote,2026-03-19T13:09:40,,,,,en,en,en,University_of_Göttingen
entity,en,Universitat_de_Jacksonville,Universitat de Jacksonville,The University of Jacksonville,University of Jacksonville,University of Jacksonville,0.9,0.9286,0.9286,1.0,1.0,1.0,1.0,University of Jacksonville,University of Jacksonville,mt_vote,2026-03-19T13:09:41,,,,,en,en,en,University_of_Jacksonville
entity,en,Universitat_de_Leiden,Universitat de Leiden,University of Leiden,University of Leiden,Leiden University,0.9,0.0,0.0,0.0,0.0,0.0,0.0,Leiden University,Leiden University,mt_vote_revoted_gte_langfilter,2026-03-19T13:41:04,,,0.931239902973175,salamandra,en,en,de,Leiden_University
entity,en,Universitat_de_Michigan,Universitat de Michigan,University of Michigan,University of Michigan,University of Michigan,0.9,1.0,1.0,1.0,1.0,1.0,1.0,University of Michigan,University of Michigan,mt_vote,2026-03-19T13:09:42,,,,,en,en,en,University_of_Michigan
entity,en,Universitat_de_Princeton,Universitat de Princeton,University of Princeton,Princeton University,Princeton University,0.9,0.0,0.0,1.0,0.0,0.0,1.0,Princeton University,Princeton University,mt_vote_revoted_gte_langfilter,2026-03-19T13:41:04,,0.8992043137550354,0.8992043137550354,salamandra,en,fr,fr,Princeton_University
entity,en,Universitat_de_Santiago_de_Compostel·la,Universitat de Santiago de Compostel·la,University of Santiago de Compostela is located in Santiago de Compostela.,University of Santiago de Compostela,University of Santiago de Compostela,0.9,0.6545,0.6545,1.0,0.0,0.0,1.0,University of Santiago de Compostela,University of Santiago de Compostela,mt_vote,2026-03-19T13:09:44,,,,,en,en,en,University_of_Santiago_de_Compostela
entity,en,Universitat_de_Texas_a_Austin,Universitat de Texas a Austin,University of Texas at Austin,University of Texas at Austin,University of Texas at Austin,0.9,1.0,1.0,1.0,1.0,1.0,1.0,University of Texas at Austin,University of Texas at Austin,mt_vote,2026-03-19T13:09:44,,,,,en,en,en,University_of_Texas_at_Austin
entity,en,Universitat_de_Viena,Universitat de Viena,University of Vienna,University of Vienna,University of Vienna,0.9,1.0,1.0,1.0,1.0,1.0,1.0,University of Vienna,University of Vienna,mt_vote,2026-03-19T13:09:45,,,,,en,en,en,University_of_Vienna
entity,en,Unió_Soviètica,Unió Soviètica,Soviet Union,Soviet Union,Soviet Union,0.9,1.0,1.0,1.0,1.0,1.0,1.0,Soviet Union,Soviet Union,mt_vote_revoted_gte_langfilter,2026-03-19T13:41:04,0.8869903683662415,0.8869903683662415,0.8869903683662415,nllb,mt,mt,mt,Soviet_Union
entity,en,Uruguai,Uruguai,Uruguay,Uruguay,Uruguay,0.9,1.0,1.0,1.0,1.0,1.0,1.0,Uruguay,Uruguay,mt_vote,2026-03-19T13:09:46,,,,,en,en,en,Uruguay
entity,en,Uruguai_sub-20,Uruguai sub-20,Uruguay U-20,Uruguay U-20,Uruguay U-20,0.9,1.0,1.0,1.0,1.0,1.0,1.0,Uruguay U-20,Uruguay U-20,mt_vote,2026-03-19T13:09:47,,,,,en,en,en,Uruguay_U-20
entity,en,Uttar_Pradesh,Uttar Pradesh,Uttar Pradesh,Uttar Pradesh,Uttar Pradesh,0.9,1.0,1.0,1.0,1.0,1.0,1.0,Uttar Pradesh,Uttar Pradesh,mt_vote_revoted_gte_langfilter,2026-03-19T13:41:04,1.0,1.0,1.0,nllb,sv,sv,sv,Uttar_Pradesh
entity,en,V8_engine,V8 engine,V8 engine,V8 engine,V8 engine,0.9,1.0,1.0,1.0,1.0,1.0,1.0,V8 engine,V8 engine,mt_vote,2026-03-19T13:09:48,,,,,en,en,en,V8_engine
entity,en,VAM_clàssic,VAM clàssic,VAM classic,Classic VAM,Classic VAM,0.9,0.6364,0.6364,1.0,0.0,0.0,1.0,Classic VAM,Classic VAM,mt_vote,2026-03-19T13:09:48,,,,,en,en,en,Classic_VAM
entity,en,VBV_De_Graafschap,VBV De Graafschap,VBV from Graafschap,VBV De Graafschap,VBV De Graafschap,0.9,0.0,0.0,1.0,0.0,0.0,1.0,VBV De Graafschap,VBV De Graafschap,mt_vote_revoted_gte_langfilter,2026-03-19T13:41:04,,1.0,1.0,salamandra,en,nl,nl,VBV_De_Graafschap
entity,en,VIAG,VIAG,Travel,VIAG,VIAG,0.9,0.2,0.2,1.0,0.0,0.0,1.0,VIAG,VIAG,mt_vote,2026-03-19T13:09:50,,,,,en,en,en,VIAG
entity,en,VIH/SIDA,VIH/SIDA,HIV and AIDS,HIV/AIDS,HIV/AIDS,0.9,0.7,0.7,1.0,0.0,0.0,1.0,HIV/AIDS,HIV/AIDS,mt_vote,2026-03-19T13:09:50,,,,,en,en,en,HIV/AIDS
entity,en,Va_subministrar_peces_de_recanvi_per_al_NAeL_Minas_Gerais_i_la_resta_es_va_desballestar_l'any_2000,Va subministrar peces de recanvi per al NAeL Minas Gerais i la resta es va desballestar l'any 2000,It supplied spare parts for the NAeL Minas Gerais and the rest was dismantled in 2000.,It supplied spare parts for the NAeL Minas Gerais and the rest was dismantled in 2000.,It supplied spare parts for the NAeL Minas Gerais and the rest was scrapped in 2000,0.9,1.0,0.9349,0.9349,1.0,1.0,1.0,It supplied spare parts for the NAeL Minas Gerais and the rest was dismantled in 2000.,It supplied spare parts for the NAeL Minas Gerais and the rest was dismantled in 2000.,mt_vote,2026-03-19T13:09:53,,,,,en,en,en,It_supplied_spare_parts_for_the_NAeL_Minas_Gerais_and_the_rest_was_dismantled_in_2000.
entity,en,Vajubhai_Vala,Vajubhai Vala,Vajubhai Valley,Vajubhai Vala,Vajubhai Vala,0.9,0.8571,0.8571,1.0,0.0,0.0,1.0,Vajubhai Vala,Vajubhai Vala,mt_vote,2026-03-19T13:09:53,,,,,en,en,en,Vajubhai_Vala
entity,en,Valentina_Matvienko,Valentina Matvienko,This is Valentina Matvienko.,Valentina Matvienko,Valentina Matvienko,0.9,0.0,0.0,1.0,0.0,0.0,1.0,Valentina Matvienko,Valentina Matvienko,mt_vote_revoted_gte_langfilter,2026-03-19T13:41:04,,1.0,1.0,salamandra,en,lt,lt,Valentina_Matvienko
entity,en,Valeri_Petrakov,Valeri Petrakov,Valery Petrakov,Valeri Petrakov,Valeri Petrakov,0.9,0.0,0.0,1.0,0.0,0.0,1.0,Valeri Petrakov,Valeri Petrakov,mt_vote_revoted_gte_langfilter,2026-03-19T13:41:04,,1.0,1.0,salamandra,en,tr,tr,Valeri_Petrakov
entity,en,Vandenberg_AFB_Space_Launch_Complex_2,Vandenberg AFB Space Launch Complex 2,Vandenberg AFB Space Launch Complex two,Vandenberg AFB Space Launch Complex 2,Vandenberg AFB Space Launch Complex 2,0.9,0.0,0.0,1.0,0.0,0.0,1.0,Vandenberg AFB Space Launch Complex 2,Vandenberg AFB Space Launch Complex 2,mt_vote_revoted_gte_langfilter,2026-03-19T13:41:04,,1.0,1.0,salamandra,en,de,de,Vandenberg_AFB_Space_Launch_Complex_2
entity,en,Varese_Calcio_S.S.D.,Varese Calcio S.S.D.,Varese Calcio S.S.D.,Varese Calcio S.S.D.,Varese Calcio S.S.D.,0.9,1.0,1.0,1.0,1.0,1.0,1.0,Varese Calcio S.S.D.,Varese Calcio S.S.D.,mt_vote_revoted_gte_langfilter,2026-03-19T13:41:04,1.0,1.0,1.0,nllb,es,es,es,Varese_Calcio_S.S.D.
entity,en,Varsòvia,Varsòvia,Warsaw,Warsaw,Warsaw,0.9,1.0,1.0,1.0,1.0,1.0,1.0,Warsaw,Warsaw,mt_vote,2026-03-19T13:09:58,,,,,en,en,en,Warsaw
entity,en,Vedella_kway_teow,Vedella kway teow,Watch out for kway teow,Veal kway teow,Beef kway teow,0.9,0.5946,0.5946,0.7857,0.0,0.0,0.0,Veal kway teow,Veal kway teow,mt_vote,2026-03-19T13:09:59,,,,,en,en,en,Veal_kway_teow
entity,en,Venduda_a_l'Argentina_el_15_d'octubre_de_1968,Venduda a l'Argentina el 15 d'octubre de 1968,"Sold to Argentina on October 15, 1968","Sold to Argentina on October 15, 1968","Sold in Argentina on October 15, 1968",0.9,1.0,0.9459,0.9459,1.0,1.0,1.0,"Sold to Argentina on October 15, 1968","Sold to Argentina on October 15, 1968",mt_vote,2026-03-19T13:10:00,,,,,en,en,en,"Sold_to_Argentina_on_October_15,_1968"
entity,en,Venduda_als_Països_Baixos_el_1_d'abril_de_1948,Venduda als Països Baixos el 1 d'abril de 1948,Sold to the Netherlands on 1 April 1948,Sold to the Netherlands on 1 April 1948,"Sold in the Netherlands on April 1, 1948",0.9,1.0,0.8861,0.8861,1.0,0.0,0.0,Sold to the Netherlands on 1 April 1948,Sold to the Netherlands on 1 April 1948,mt_vote,2026-03-19T13:10:02,,,,,en,en,en,Sold_to_the_Netherlands_on_1_April_1948
entity,en,Vermont,Vermont,Vermont,Vermont,Vermont,0.9,1.0,1.0,1.0,1.0,1.0,1.0,Vermont,Vermont,mt_vote,2026-03-19T13:10:02,,,,,en,en,en,Vermont
entity,en,Verona,Verona,The city of Verona,Verona,Verona,0.9,0.5,0.5,1.0,0.0,0.0,1.0,Verona,Verona,mt_vote,2026-03-19T13:10:02,,,,,en,en,en,Verona
entity,en,"Verona,_Itàlia","Verona, Itàlia","Located in Verona, Italy","Verona, Italy","Verona, Italy",0.9,0.0,0.0,1.0,0.0,0.0,1.0,"Verona, Italy","Verona, Italy",mt_vote_revoted_gte_langfilter,2026-03-19T13:41:04,,0.976836621761322,0.976836621761322,salamandra,en,it,it,"Verona,_Italy"
entity,en,VfL_Wolfsburg,VfL Wolfsburg,VfL Wolfsburg,VfL Wolfsburg,VfL Wolfsburg,0.9,1.0,1.0,1.0,1.0,1.0,1.0,VfL Wolfsburg,VfL Wolfsburg,mt_vote,2026-03-19T13:10:04,,,,,en,en,en,VfL_Wolfsburg
entity,en,Vica,Vica,Vica,Vica,Vica,0.9,1.0,1.0,1.0,1.0,1.0,1.0,Vica,Vica,mt_vote,2026-03-19T13:10:04,,,,,en,en,en,Vica
entity,en,Vice_portaveu_parlamentari_de_Rally_Popular_Ortodoxa,Vice portaveu parlamentari de Rally Popular Ortodoxa,Deputy parliamentary spokesman for the Orthodox Popular Rally,Deputy parliamentary spokesperson of Popular Orthodox Rally,Vice Parliamentary Spokesperson of the Popular Orthodox Rally,0.9,0.7833,0.7213,0.9,0.0,0.0,1.0,Deputy parliamentary spokesperson of Popular Orthodox Rally,Deputy parliamentary spokesperson of Popular Orthodox Rally,mt_vote,2026-03-19T13:10:06,,,,,en,en,en,Deputy_parliamentary_spokesperson_of_Popular_Orthodox_Rally
entity,en,"Viceministre_de_Desenvolupament,_Competitivitat_i_Transport_Marítim","Viceministre de Desenvolupament, Competitivitat i Transport Marítim","Deputy Minister of Development, Competitiveness and Maritime Transport","Vice-Minister of Development, Competitiveness and Maritime Transport","Vice Minister of Development, Competitiveness and Maritime Transport",0.9,0.9275,0.942,0.9853,1.0,1.0,1.0,"Vice Minister of Development, Competitiveness and Maritime Transport","Vice Minister of Development, Competitiveness and Maritime Transport",mt_vote,2026-03-19T13:10:07,,,,,en,en,en,"Vice_Minister_of_Development,_Competitiveness_and_Maritime_Transport"
entity,en,Vicenza_Calcio,Vicenza Calcio,Vicenza Calcio,Vicenza Calcio,Vicenza Calcio,0.9,1.0,1.0,1.0,1.0,1.0,1.0,Vicenza Calcio,Vicenza Calcio,mt_vote_revoted_gte_langfilter,2026-03-19T13:41:04,1.0,1.0,1.0,nllb,it,it,it,Vicenza_Calcio
entity,en,Vicepresident_de_la_Nova_Democracia,Vicepresident de la Nova Democracia,Vice-President of the New Democracy,Vice-President of Nova Democracia,Vice President of New Democracy,0.9,0.8235,0.9091,0.8438,0.0,1.0,0.0,Vice-President of the New Democracy,Vice-President of the New Democracy,mt_vote,2026-03-19T13:10:09,,,,,en,en,en,Vice-President_of_the_New_Democracy
entity,en,Vigor_Lamezia,Vigor Lamezia,Strength of Lamezia,Vigor Lamezia,Vigor Lamezia,0.9,0.0,0.0,1.0,0.0,0.0,1.0,Vigor Lamezia,Vigor Lamezia,mt_vote_revoted_gte_langfilter,2026-03-19T13:41:04,,1.0,1.0,salamandra,en,eu,eu,Vigor_Lamezia
entity,en,Viking_Press,Viking Press,Published by Viking Press,Viking Press,Viking Press,0.9,0.6486,0.6486,1.0,0.0,0.0,1.0,Viking Press,Viking Press,mt_vote,2026-03-19T13:10:10,,,,,en,en,en,Viking_Press
entity,en,Viktor_Skripnik,Viktor Skripnik,This is Viktor Skripnik.,Viktor Skripnik,Viktor Skripnik,0.9,0.0,0.0,1.0,0.0,0.0,1.0,Viktor Skripnik,Viktor Skripnik,mt_vote_revoted_gte_langfilter,2026-03-19T13:41:04,,1.0,1.0,salamandra,en,pl,pl,Viktor_Skripnik
entity,en,Vila_Nova_FC,Vila Nova FC,Vila Nova FC is a Spanish football club.,Vila Nova FC,Vila Nova FC,0.9,0.0,0.0,1.0,0.0,0.0,1.0,Vila Nova FC,Vila Nova FC,mt_vote_revoted_gte_langfilter,2026-03-19T13:41:04,,0.9999999403953552,0.9999999403953552,salamandra,en,sl,sl,Vila_Nova_FC
entity,en,"Vincent_H._Crespi,_Bernard_S._Gerstman,_A.T._Charlie_Johnson,_Masaaki_Tanaka,_Enge_G._Wang","Vincent H. Crespi, Bernard S. Gerstman, A.T. Charlie Johnson, Masaaki Tanaka, Enge G. Wang","He is also the co-author of a number of books, including: Vincent H. Crespi, Bernard S. Gerstman, A.T. Charlie Johnson, Masaaki Tanaka, Enge G. Wang","Vincent H. Crespi, Bernard S. Gerstman, A.T. Charlie Johnson, Masaaki Tanaka and Enge G. Wang","Vincent H. Crespi, Bernard S. Gerstman, A.T. Charlie Johnson, Masaaki Tanaka, Enge G. Wang",0.9,0.0,0.0,0.0,0.0,0.0,0.0,"Vincent H. Crespi, Bernard S. Gerstman, A.T. Charlie Johnson, Masaaki Tanaka, Enge G. Wang","Vincent H. Crespi, Bernard S. Gerstman, A.T. Charlie Johnson, Masaaki Tanaka, Enge G. Wang",mt_vote_revoted_gte_langfilter,2026-03-19T13:41:04,,,1.0,salamandra,en,en,de,"Vincent_H._Crespi,_Bernard_S._Gerstman,_A.T._Charlie_Johnson,_Masaaki_Tanaka,_Enge_G._Wang"
entity,en,Virginia_DeMarce,Virginia DeMarce,This is Virginia DeMarce.,Virginia DeMarce,Virginia DeMarce,0.9,0.0,0.0,1.0,0.0,0.0,1.0,Virginia DeMarce,Virginia DeMarce,mt_vote_revoted_gte_langfilter,2026-03-19T13:41:04,,1.0,1.0,salamandra,en,pl,pl,Virginia_DeMarce
entity,en,Virginia_DeMarce_i_Eric_Flint,Virginia DeMarce i Eric Flint,Virginia DeMarce and Eric Flint,Virginia DeMarce and Eric Flint,Virginia DeMarce and Eric Flint,0.9,1.0,1.0,1.0,1.0,1.0,1.0,Virginia DeMarce and Eric Flint,Virginia DeMarce and Eric Flint,mt_vote,2026-03-19T13:10:16,,,,,en,en,en,Virginia_DeMarce_and_Eric_Flint
entity,en,Virgínia,Virgínia,Virginia,Virginia,Virginia,0.9,1.0,1.0,1.0,1.0,1.0,1.0,Virginia,Virginia,mt_vote_revoted_gte_langfilter,2026-03-19T13:41:04,0.8792321681976318,0.8792321681976318,0.8792321681976318,nllb,lt,lt,lt,Virginia
entity,en,Virtus_Entella,Virtus Entella,The Virtues of Understanding,Virtus Entella,Virtus Entella,0.9,0.0,0.0,1.0,0.0,0.0,1.0,Virtus Entella,Virtus Entella,mt_vote_revoted_gte_langfilter,2026-03-19T13:41:04,,1.0,1.0,salamandra,en,it,it,Virtus_Entella
entity,en,Visayas,Visayas,Visayas,Visayas,Visayas,0.9,1.0,1.0,1.0,1.0,1.0,1.0,Visayas,Visayas,mt_vote,2026-03-19T13:10:18,,,,,en,en,en,Visayas
entity,en,Vitesse_Arnhem,Vitesse Arnhem,Speed of Arnhem,Vitesse Arnhem,Vitesse Arnhem,0.9,0.0,0.0,1.0,0.0,0.0,1.0,Vitesse Arnhem,Vitesse Arnhem,mt_vote_revoted_gte_langfilter,2026-03-19T13:41:04,,1.0,1.0,salamandra,en,fr,fr,Vitesse_Arnhem
entity,en,Vivendi,Vivendi,I live,Vivendi,Vivendi,0.9,0.0,0.0,1.0,0.0,0.0,1.0,Vivendi,Vivendi,mt_vote_revoted_gte_langfilter,2026-03-19T13:41:04,,1.0,1.0,salamandra,en,da,da,Vivendi
entity,en,Vladímir_Putin,Vladímir Putin,Russian President Vladimir Putin,Vladimir Putin,Vladimir Putin,0.9,0.6087,0.6087,1.0,0.0,0.0,1.0,Vladimir Putin,Vladimir Putin,mt_vote_revoted_gte_langfilter,2026-03-19T13:41:04,0.9581393003463744,0.9876984357833862,0.9876984357833862,salamandra,lt,lt,lt,Vladimir_Putin
entity,en,Volkswagen_Polo,Volkswagen Polo,The Volkswagen Polo,Volkswagen Polo,Volkswagen Polo,0.9,0.0,0.0,1.0,0.0,0.0,1.0,Volkswagen Polo,Volkswagen Polo,mt_vote_revoted_gte_langfilter,2026-03-19T13:41:04,,1.0000001192092896,1.0000001192092896,salamandra,en,de,de,Volkswagen_Polo
entity,en,Volkswagen_Polo_Mk3,Volkswagen Polo Mk3,This is the Volkswagen Polo Mk3,Volkswagen Polo 2.0 TDI,Volkswagen Polo Mk3,0.9,0.0,0.0,0.7619,0.0,0.0,0.0,Volkswagen Polo Mk3,Volkswagen Polo Mk3,mt_vote_revoted_gte_langfilter,2026-03-19T13:41:04,,0.8790568113327026,0.9999999403953552,salamandra,en,it,it,Volkswagen_Polo_Mk3
entity,en,W_Connection_FC,W Connection FC,W Connection FC,W Connection FC,W Connection FC,0.9,1.0,1.0,1.0,1.0,1.0,1.0,W Connection FC,W Connection FC,mt_vote,2026-03-19T13:10:22,,,,,en,en,en,W_Connection_FC
entity,en,Walter_Baade,Walter Baade,Walter Baade,Walter Baade,Walter Baade,0.9,1.0,1.0,1.0,1.0,1.0,1.0,Walter Baade,Walter Baade,mt_vote_revoted_gte_langfilter,2026-03-19T13:41:04,1.0,1.0,1.0,nllb,et,et,et,Walter_Baade
entity,en,Walter_Simonson,Walter Simonson,This is Walter Simonson.,Walter Simonson,Walter Simonson,0.9,0.0,0.0,1.0,0.0,0.0,1.0,Walter Simonson,Walter Simonson,mt_vote_revoted_gte_langfilter,2026-03-19T13:41:04,,1.000000238418579,1.000000238418579,salamandra,en,lt,lt,Walter_Simonson
entity,en,Warner_Music_Group,Warner Music Group,Produced by Warner Music Group,Warner Music Group,Warner Music Group,0.9,0.75,0.75,1.0,0.0,0.0,1.0,Warner Music Group,Warner Music Group,mt_vote,2026-03-19T13:10:24,,,,,en,en,en,Warner_Music_Group
entity,en,"Warton,_Fylde","Warton, Fylde","Warton, Fylde","Warton, Fylde","Warton, Fylde",0.9,1.0,1.0,1.0,1.0,1.0,1.0,"Warton, Fylde","Warton, Fylde",mt_vote,2026-03-19T13:10:25,,,,,en,en,en,"Warton,_Fylde"
entity,en,"Warton,_Fylde,_Lancashire","Warton, Fylde, Lancashire","Warton, Fylde, Lancashire","Warton, Fylde, Lancashire, UK","Warton, Fylde, Lancashire",0.9,0.9259,1.0,0.9259,1.0,1.0,1.0,"Warton, Fylde, Lancashire","Warton, Fylde, Lancashire",mt_vote,2026-03-19T13:10:26,,,,,en,en,en,"Warton,_Fylde,_Lancashire"
entity,en,Washington_(estat),Washington (estat),State of Washington,Washington (state),Washington (state),0.9,0.5405,0.5405,1.0,0.0,0.0,1.0,Washington (state),Washington (state),mt_vote,2026-03-19T13:10:26,,,,,en,en,en,Washington_(state)
entity,en,Washington_DC,Washington DC,Washington D.C.,Washington DC,Washington DC,0.9,0.9286,0.9286,1.0,1.0,1.0,1.0,Washington DC,Washington DC,mt_vote,2026-03-19T13:10:27,,,,,en,en,en,Washington_DC
entity,en,Wellingtonnew-_zealand._kgm,Wellingtonnew- zealand. kgm,Wellington new zealand. kgm,Wellington,Wellingtonnew- zealand. kgm,0.9,0.0,0.963,0.0,0.0,1.0,0.0,Wellingtonnew- zealand. kgm,Wellingtonnew- zealand. kgm,mt_vote_revoted_gte_langfilter,2026-03-19T13:41:04,0.9747962951660156,,1.0,salamandra,eu,en,eu,Wellingtonnew-_zealand._kgm
entity,en,Werder_Bremen,Werder Bremen,The Werder Bremen,Werder Bremen,Werder Bremen,0.9,0.0,0.0,1.0,0.0,0.0,1.0,Werder Bremen,Werder Bremen,mt_vote_revoted_gte_langfilter,2026-03-19T13:41:04,,1.0000001192092896,1.0000001192092896,salamandra,en,de,de,Werder_Bremen
entity,en,West_Roxbury,West Roxbury,West Roxbury,West Roxbury,West Roxbury,0.9,1.0,1.0,1.0,1.0,1.0,1.0,West Roxbury,West Roxbury,mt_vote,2026-03-19T13:10:29,,,,,en,en,en,West_Roxbury
entity,en,Wharton_Tiers,Wharton Tiers,Wharton Third,Wharton Tiers,Wharton Tiers,0.9,0.8462,0.8462,1.0,0.0,0.0,1.0,Wharton Tiers,Wharton Tiers,mt_vote,2026-03-19T13:10:30,,,,,en,en,en,Wharton_Tiers
entity,en,"Wheeler,_Texas","Wheeler, Texas","Wheeler, Texas","Wheeler, Texas","Wheeler, Texas",0.9,1.0,1.0,1.0,1.0,1.0,1.0,"Wheeler, Texas","Wheeler, Texas",mt_vote,2026-03-19T13:10:30,,,,,en,en,en,"Wheeler,_Texas"
entity,en,Wichita_Thunder,Wichita Thunder,The Wichita Thunder,Wichita Thunder,Wichita Thunder,0.9,0.0,0.0,1.0,0.0,0.0,1.0,Wichita Thunder,Wichita Thunder,mt_vote_revoted_gte_langfilter,2026-03-19T13:41:04,,1.0000001192092896,1.0000001192092896,salamandra,en,fr,fr,Wichita_Thunder
entity,en,Wiener_Neustadt,Wiener Neustadt,The city of Wiener Neustadt,Wiener Neustadt,Wiener Neustadt,0.9,0.0,0.0,1.0,0.0,0.0,1.0,Wiener Neustadt,Wiener Neustadt,mt_vote_revoted_gte_langfilter,2026-03-19T13:41:04,,1.0000001192092896,1.0000001192092896,salamandra,en,es,es,Wiener_Neustadt
entity,en,Wiley-Blackwell,Wiley-Blackwell,This is Wiley-Blackwell.,Wiley-Blackwell,Wiley-Blackwell,0.9,0.7692,0.7692,1.0,0.0,0.0,1.0,Wiley-Blackwell,Wiley-Blackwell,mt_vote,2026-03-19T13:10:32,,,,,en,en,en,Wiley-Blackwell
entity,en,Wiley-Blackwell_en_nom_de_la_Societat_per_a_l'Estudi_de_la_Adicció,Wiley-Blackwell en nom de la Societat per a l'Estudi de la Adicció,Wiley-Blackwell on behalf of the Society for the Study of Addiction,Wiley-Blackwell on behalf of the Society for the Study of Addiction,Wiley-Blackwell on behalf of the Society for the Study of Addiction,0.9,1.0,1.0,1.0,1.0,1.0,1.0,Wiley-Blackwell on behalf of the Society for the Study of Addiction,Wiley-Blackwell on behalf of the Society for the Study of Addiction,mt_vote,2026-03-19T13:10:34,,,,,en,en,en,Wiley-Blackwell_on_behalf_of_the_Society_for_the_Study_of_Addiction
entity,en,"Wilfred_R._Cousins,_Jr.","Wilfred R. Cousins, Jr.","Wilfred R. Cousins, Jr.","Wilfred R. Cousins, Jr.","Wilfred R. Cousins, Jr.",0.9,1.0,1.0,1.0,1.0,1.0,1.0,"Wilfred R. Cousins, Jr.","Wilfred R. Cousins, Jr.",mt_vote,2026-03-19T13:10:35,,,,,en,en,en,"Wilfred_R._Cousins,_Jr."
entity,en,William_Anders,William Anders,William Anders,William Anders,William Anders,0.9,1.0,1.0,1.0,1.0,1.0,1.0,William Anders,William Anders,mt_vote,2026-03-19T13:10:36,,,,,en,en,en,William_Anders
entity,en,William_M._O._Dawson,William M. O. Dawson,William M. O. Dawson,William M. O. Dawson,William M. O. Dawson,0.9,1.0,1.0,1.0,1.0,1.0,1.0,William M. O. Dawson,William M. O. Dawson,mt_vote,2026-03-19T13:10:37,,,,,en,en,en,William_M._O._Dawson
entity,en,"Williamsburg,_Virgínia","Williamsburg, Virgínia","Williamsburg, Virginia is the county seat of Williamsburg County.","Williamsburg, VA","Williamsburg, Virginia",0.9,0.3951,0.5057,0.8421,0.0,0.0,0.0,"Williamsburg, Virginia","Williamsburg, Virginia",mt_vote,2026-03-19T13:10:37,,,,,en,en,en,"Williamsburg,_Virginia"
entity,en,"Wilson_Township,_comtat_d'Alpena,_Michigan","Wilson Township, comtat d'Alpena, Michigan","Wilson Township, Alpena County, Michigan","Wilson Township, Alpine County, Michigan","Wilson Township, Alpena County, Michigan",0.9,0.95,1.0,0.95,1.0,1.0,1.0,"Wilson Township, Alpena County, Michigan","Wilson Township, Alpena County, Michigan",mt_vote,2026-03-19T13:10:38,,,,,en,en,en,"Wilson_Township,_Alpena_County,_Michigan"
entity,en,Winchester,Winchester,Winchester,Winchester,Winchester,0.9,1.0,1.0,1.0,1.0,1.0,1.0,Winchester,Winchester,mt_vote,2026-03-19T13:10:39,,,,,en,en,en,Winchester
entity,en,"Windsor,_Connecticut","Windsor, Connecticut","This is Windsor, Connecticut.","Windsor, Connecticut","Windsor, Connecticut",0.9,0.8163,0.8163,1.0,0.0,0.0,1.0,"Windsor, Connecticut","Windsor, Connecticut",mt_vote,2026-03-19T13:10:40,,,,,en,en,en,"Windsor,_Connecticut"
entity,en,"Windsor,_Connecticut,_Estats_Units","Windsor, Connecticut, Estats Units","Windsor, Connecticut, U.S.A. Located in Windsor, Connecticut, U.S.A. Located in Windsor, Connecticut, U.S.A. Located in Windsor, Connecticut, U.S.A. Located in Windsor, Connecticut, U.S.A. Located in Windsor, Connecticut, U.S.A. Located in Windsor, Connecticut, U.S.A.","Windsor, CT, United States","Windsor, Connecticut, United States",0.9,0.1633,0.2178,0.8525,0.0,0.0,0.0,"Windsor, Connecticut, United States","Windsor, Connecticut, United States",mt_vote,2026-03-19T13:10:42,,,,,en,en,en,"Windsor,_Connecticut,_United_States"
entity,en,Wisconsin,Wisconsin,Wisconsin,Wisconsin,Wisconsin,0.9,1.0,1.0,1.0,1.0,1.0,1.0,Wisconsin,Wisconsin,mt_vote,2026-03-19T13:10:42,,,,,en,en,en,Wisconsin
entity,en,Wolf_Solent,Wolf Solent,Wolf Solent,Wolf Solent,Wolf Solent,0.9,1.0,1.0,1.0,1.0,1.0,1.0,Wolf Solent,Wolf Solent,mt_vote,2026-03-19T13:10:43,,,,,en,en,en,Wolf_Solent
entity,en,Wolters_Kluwer,Wolters Kluwer,This is Wolters Kluwer.,Wolters Kluwer,Wolters Kluwer,0.9,0.0,0.0,1.0,0.0,0.0,1.0,Wolters Kluwer,Wolters Kluwer,mt_vote_revoted_gte_langfilter,2026-03-19T13:41:04,,1.0,1.0,salamandra,en,de,de,Wolters_Kluwer
entity,en,World_Wide_Web,World Wide Web,The World Wide Web,World Wide Web,World Wide Web,0.9,0.875,0.875,1.0,0.0,0.0,1.0,World Wide Web,World Wide Web,mt_vote,2026-03-19T13:10:44,,,,,en,en,en,World_Wide_Web
entity,en,Wärtsilä,Wärtsilä,Wärtsilä,Wärtsilä,Wärtsilä,0.9,1.0,1.0,1.0,1.0,1.0,1.0,Wärtsilä,Wärtsilä,mt_vote_revoted_gte_langfilter,2026-03-19T13:41:04,1.0000001192092896,1.0000001192092896,1.0000001192092896,nllb,fi,fi,fi,Wärtsilä
entity,en,XM25_CDTE,XM25 CDTE,XM25 CDTE,XM25 CDTE,XM25 CDTE,0.9,1.0,1.0,1.0,1.0,1.0,1.0,XM25 CDTE,XM25 CDTE,mt_vote,2026-03-19T13:10:45,,,,,en,en,en,XM25_CDTE
entity,en,Xiangyang,Xiangyang,Xiangyang,Xiangyang,Xiangyang,0.9,1.0,1.0,1.0,1.0,1.0,1.0,Xiangyang,Xiangyang,mt_vote_revoted_gte_langfilter,2026-03-19T13:41:04,1.0,1.0,1.0,nllb,id,id,id,Xiangyang
entity,en,Ximo_Puig,Ximo Puig,Chimo Puig,Ximo Puig,Ximo Puig,0.9,0.8421,0.8421,1.0,0.0,0.0,1.0,Ximo Puig,Ximo Puig,mt_vote_revoted_gte_langfilter,2026-03-19T13:41:04,0.9211843013763428,1.0,1.0,salamandra,lt,lt,lt,Ximo_Puig
entity,en,Xina,Xina,China,China,China,0.9,1.0,1.0,1.0,1.0,1.0,1.0,China,China,mt_vote,2026-03-19T13:10:47,,,,,en,en,en,China
entity,en,Yamandú_Palacios,Yamandú Palacios,Yamandú Palace,Yamandú Palacios,Yamandú Palacios,0.9,0.8667,0.8667,1.0,0.0,0.0,1.0,Yamandú Palacios,Yamandú Palacios,mt_vote_revoted_gte_langfilter,2026-03-19T13:41:04,0.8000622391700745,1.0000001192092896,1.0000001192092896,salamandra,sk,es,es,Yamandú_Palacios
entity,en,Yemi_Osinbajo,Yemi Osinbajo,This is Yemi Osinbajo.,Yemi Osinbajo,Yemi Osinbajo,0.9,0.0,0.0,1.0,0.0,0.0,1.0,Yemi Osinbajo,Yemi Osinbajo,mt_vote_revoted_gte_langfilter,2026-03-19T13:41:04,,1.0,1.0,salamandra,en,es,es,Yemi_Osinbajo
entity,en,Zamba_(forma_d'art),Zamba (forma d'art),Zamba (art form),Zamba (art form),Zamba (art form),0.9,1.0,1.0,1.0,1.0,1.0,1.0,Zamba (art form),Zamba (art form),mt_vote_revoted_gte_langfilter,2026-03-19T13:41:04,0.964350700378418,0.964350700378418,0.964350700378418,nllb,sl,sl,sl,Zamba_(art_form)
entity,en,Zamboangans,Zamboangans,Zamboangians,Zamboangans,Zamboangans,0.9,0.0,0.0,1.0,0.0,0.0,1.0,Zamboangans,Zamboangans,mt_vote_revoted_gte_langfilter,2026-03-19T13:41:04,,1.0,1.0,salamandra,en,mg,mg,Zamboangans
entity,en,Zaoyang,Zaoyang,The Zaoyang,Zaoyang,Zayang,0.9,0.0,0.0,0.9231,0.0,0.0,1.0,Zaoyang,Zaoyang,mt_vote_revoted_gte_langfilter,2026-03-19T13:41:05,,1.0000001192092896,0.9385217428207396,madlad,en,ms,ms,Zaoyang
entity,en,Zona_Horària_de_l'Est_d'Amèrica_del_Nord,Zona Horària de l'Est d'Amèrica del Nord,Eastern North American time zone,North America Eastern Time Zone,Eastern North American Time Zone,0.9,0.7619,0.0,0.0,0.0,0.0,0.0,North America Eastern Time Zone,North America Eastern Time Zone,mt_vote_revoted_gte_langfilter,2026-03-19T13:41:05,0.8884446024894714,0.899639368057251,,madlad,pl,it,en,North_America_Eastern_Time_Zone
entity,en,Zona_horària_del_Pacífic,Zona horària del Pacífic,Pacific time zone,Pacific Time Zone,Pacific Time,0.9,0.0,0.0,0.0,0.0,0.0,0.0,Pacific time zone,Pacific time zone,mt_vote_revoted_gte_langfilter,2026-03-19T13:41:05,0.8856059312820435,,,nllb,pl,en,en,Pacific_time_zone
entity,en,Zvi_Sherf,Zvi Sherf,This is Zvi Sherf.,Zvi Sherf,Zvi Sherf,0.9,0.6667,0.6667,1.0,0.0,0.0,1.0,Zvi Sherf,Zvi Sherf,mt_vote,2026-03-19T13:10:53,,,,,en,en,en,Zvi_Sherf
entity,en,actor,actor,actor,actor,actor,0.9,1.0,1.0,1.0,1.0,1.0,1.0,actor,actor,mt_vote,2026-03-19T13:10:53,,,,,en,en,en,actor
entity,en,afrobeat,afrobeat,Afrobeat,afrobeat,Afrobeat,0.9,1.0,1.0,1.0,1.0,1.0,1.0,Afrobeat,Afrobeat,mt_vote,2026-03-19T13:10:53,,,,,en,en,en,Afrobeat
entity,en,afrocanadencs,afrocanadencs,Afro-Canadians,Afro-Canadian,African Canadians,0.9,0.963,0.7742,0.7333,1.0,0.0,0.0,Afro-Canadians,Afro-Canadians,mt_vote,2026-03-19T13:10:54,,,,,en,en,en,Afro-Canadians
entity,en,aigua,aigua,water,water,water,0.9,1.0,1.0,1.0,1.0,1.0,1.0,water,water,mt_vote,2026-03-19T13:10:54,,,,,en,en,en,water
entity,en,ajoblanco,ajoblanco,It's white.,ajoblanco,ajoblanco,0.9,0.0,0.0,1.0,0.0,0.0,1.0,ajoblanco,ajoblanco,mt_vote,2026-03-19T13:10:55,,,,,en,en,en,ajoblanco
entity,en,aktieselskab,aktieselskab,owned company,joint-stock company,aktieselskab,0.9,0.0,0.0,0.0,0.0,0.0,0.0,aktieselskab,aktieselskab,mt_vote_revoted_gte_langfilter,2026-03-19T13:41:05,,,1.0,salamandra,en,en,da,aktieselskab
entity,en,alcalde,alcalde,Mayor of,mayor,mayor,0.9,0.0,0.0,1.0,0.0,0.0,1.0,mayor,mayor,mt_vote_revoted_gte_langfilter,2026-03-19T13:41:05,,0.8852810859680176,0.8852810859680176,salamandra,en,tr,tr,mayor
entity,en,alcalde_de_Vigo,alcalde de Vigo,Mayor of Vigo,mayor of Vigo,mayor of Vigo,0.9,1.0,1.0,1.0,1.0,1.0,1.0,Mayor of Vigo,Mayor of Vigo,mt_vote,2026-03-19T13:10:56,,,,,en,en,en,Mayor_of_Vigo
entity,en,alemany_austríac,alemany austríac,German Austrian,Austrian German,Austrian German,0.9,0.5333,0.5333,1.0,0.0,0.0,1.0,Austrian German,Austrian German,mt_vote,2026-03-19T13:10:57,,,,,en,en,en,Austrian_German
entity,en,alemanys,alemanys,German,German,German,0.9,1.0,1.0,1.0,1.0,1.0,1.0,German,German,mt_vote,2026-03-19T13:10:57,,,,,en,en,en,German
entity,en,alemanys_de_Romania,alemanys de Romania,Romanian Germans,Germans of Romania,Germans of Romania,0.9,0.0,0.0,0.0,0.0,0.0,0.0,Romanian Germans,Romanian Germans,mt_vote_revoted_gte_langfilter,2026-03-19T13:41:05,0.9452898502349854,,,nllb,pl,en,en,Romanian_Germans
entity,en,all,all,all,all,all,0.9,1.0,1.0,1.0,1.0,1.0,1.0,all,all,mt_vote,2026-03-19T13:10:58,,,,,en,en,en,all
entity,en,alta_fantasia,alta fantasia,high fantasy,high fantasy,high fantasy,0.9,1.0,1.0,1.0,1.0,1.0,1.0,high fantasy,high fantasy,mt_vote,2026-03-19T13:10:59,,,,,en,en,en,high_fantasy
entity,en,alvocat,alvocat,Avocado,avocado,avocado,0.9,1.0,1.0,1.0,1.0,1.0,1.0,avocado,avocado,mt_vote_revoted_gte_langfilter,2026-03-19T13:41:05,0.4959650933742523,0.535751461982727,0.535751461982727,madlad,es,es,es,avocado
entity,en,amatriciana,amatriciana,Amatrician,amatriciana,amatriciana,0.9,0.9524,0.9524,1.0,1.0,1.0,1.0,amatriciana,amatriciana,mt_vote_revoted_gte_langfilter,2026-03-19T13:41:05,0.8633824586868286,1.000000238418579,1.000000238418579,madlad,es,es,es,amatriciana
entity,en,ambaixador_dels_Estats_Units_a_Noruega,ambaixador dels Estats Units a Noruega,Ambassador of the United States to Norway,U.S. ambassador to Norway,U.S. Ambassador to Norway,0.9,0.0,0.0,1.0,0.0,0.0,1.0,U.S. ambassador to Norway,U.S. ambassador to Norway,mt_vote_revoted_gte_langfilter,2026-03-19T13:41:05,,0.9497618675231934,0.9372368454933168,madlad,en,pt,pt,U.S._ambassador_to_Norway
entity,en,ambient,ambient,environment,ambient,environment,0.9,0.4444,1.0,0.4444,0.0,1.0,0.0,environment,environment,mt_vote_revoted_gte_langfilter,2026-03-19T13:41:05,0.7525226473808289,1.0,0.7525226473808289,salamandra,gl,es,gl,environment
entity,en,amerindis_dels_Estats_Units,amerindis dels Estats Units,Native Americans of the United States,Amerindians of the United States,Amerindians of the United States,0.9,0.8406,0.8406,1.0,0.0,0.0,1.0,Amerindians of the United States,Amerindians of the United States,mt_vote,2026-03-19T13:11:02,,,,,en,en,en,Amerindians_of_the_United_States
entity,en,amhàric,amhàric,Amharic,Amharic,Amharic,0.9,1.0,1.0,1.0,1.0,1.0,1.0,Amharic,Amharic,mt_vote,2026-03-19T13:11:02,,,,,en,en,en,Amharic
entity,en,angloamericans,angloamericans,British and Americans,Anglo-Americans,Anglo-Americans,0.9,0.6111,0.6111,1.0,0.0,0.0,1.0,Anglo-Americans,Anglo-Americans,mt_vote,2026-03-19T13:11:03,,,,,en,en,en,Anglo-Americans
entity,en,anglès,anglès,English,English,English,0.9,1.0,1.0,1.0,1.0,1.0,1.0,English,English,mt_vote_revoted_gte_langfilter,2026-03-19T13:41:05,0.770946204662323,0.770946204662323,0.770946204662323,nllb,it,it,it,English
entity,en,anglès_filipí,anglès filipí,Filipino English,Filipino English,English to Filipino,0.9,1.0,0.0,0.0,1.0,0.0,0.0,Filipino English,Filipino English,mt_vote_revoted_gte_langfilter,2026-03-19T13:41:05,0.8892525434494019,0.8892525434494019,,nllb,it,it,en,Filipino_English
entity,en,arepa,arepa,arepa,arepa,arepa,0.9,1.0,1.0,1.0,1.0,1.0,1.0,arepa,arepa,mt_vote,2026-03-19T13:11:04,,,,,en,en,en,arepa
entity,en,argentins,argentins,Argentine,Argentines,Argentines,0.9,0.9474,0.9474,1.0,1.0,1.0,1.0,Argentines,Argentines,mt_vote,2026-03-19T13:11:05,,,,,en,en,en,Argentines
entity,en,argument_de_l'apocalipsi,argument de l'apocalipsi,the apocalypse argument,apocalypse argument,apocalypse argument,0.9,0.9048,0.9048,1.0,1.0,1.0,1.0,apocalypse argument,apocalypse argument,mt_vote,2026-03-19T13:11:05,,,,,en,en,en,apocalypse_argument
entity,en,arquitectura_georgiana,arquitectura georgiana,Georgian architecture,Georgian architecture,Georgian architecture,0.9,1.0,1.0,1.0,1.0,1.0,1.0,Georgian architecture,Georgian architecture,mt_vote_revoted_gte_langfilter,2026-03-19T13:41:05,0.9066431522369384,0.9066431522369384,0.9066431522369384,nllb,fr,fr,fr,Georgian_architecture
entity,en,arquitectura_postmoderna,arquitectura postmoderna,postmodern architecture,postmodern architecture,Postmodern architecture,0.9,1.0,1.0,1.0,1.0,1.0,1.0,postmodern architecture,postmodern architecture,mt_vote_revoted_gte_langfilter,2026-03-19T13:41:05,0.9021873474121094,0.9021873474121094,0.9000946879386902,nllb,fr,fr,fr,postmodern_architecture
entity,en,arròs_comprimit_cuinat_en_fulles_de_plàtan_amb_verdures_o_farcits_de_carn_picada,arròs comprimit cuinat en fulles de plàtan amb verdures o farcits de carn picada,Compressed rice cooked in banana leaves with vegetables or stuffed with minced meat,compressed rice cooked in banana leaves with vegetables or stuffed with minced meat,compressed rice cooked in banana leaves with vegetables or minced meat stuffing,0.9,1.0,0.8642,0.8642,1.0,0.0,0.0,Compressed rice cooked in banana leaves with vegetables or stuffed with minced meat,Compressed rice cooked in banana leaves with vegetables or stuffed with minced meat,mt_vote,2026-03-19T13:11:08,,,,,en,en,en,Compressed_rice_cooked_in_banana_leaves_with_vegetables_or_stuffed_with_minced_meat
entity,en,arròs_negre,arròs negre,black rice,black rice,black rice,0.9,1.0,1.0,1.0,1.0,1.0,1.0,black rice,black rice,mt_vote_revoted_gte_langfilter,2026-03-19T13:41:05,0.8343157768249512,0.8343157768249512,0.8343157768249512,nllb,it,it,it,black_rice
entity,en,australians,australians,Australians,australians,Australians,0.9,1.0,1.0,1.0,1.0,1.0,1.0,Australians,Australians,mt_vote,2026-03-19T13:11:09,,,,,en,en,en,Australians
entity,en,aviador_de_combat,aviador de combat,fighter pilot,fighter pilot,fighter pilot,0.9,1.0,1.0,1.0,1.0,1.0,1.0,fighter pilot,fighter pilot,mt_vote,2026-03-19T13:11:10,,,,,en,en,en,fighter_pilot
entity,en,baix_elèctric,baix elèctric,electrical low,electric bass,electric bass,0.9,0.6667,0.6667,1.0,0.0,0.0,1.0,electric bass,electric bass,mt_vote,2026-03-19T13:11:10,,,,,en,en,en,electric_bass
entity,en,banana,banana,Banana,banana,banana,0.9,1.0,1.0,1.0,1.0,1.0,1.0,Banana,Banana,mt_vote,2026-03-19T13:11:11,,,,,en,en,en,Banana
entity,en,bandeja_paisa,bandeja paisa,tray landscape,paisa tray,Bandeja paisa,0.9,0.0,0.0,0.4348,0.0,0.0,0.0,Bandeja paisa,Bandeja paisa,mt_vote_revoted_gte_langfilter,2026-03-19T13:41:05,,0.8300935626029968,0.8787053823471069,salamandra,en,pt,pt,Bandeja_paisa
entity,en,base_aèria_Al_Asad,base aèria Al Asad,Al Asad air base,Al Asad airbase,Al Asad Air Base,0.9,0.9677,0.0,0.0,1.0,0.0,0.0,Al Asad airbase,Al Asad airbase,mt_vote_revoted_gte_langfilter,2026-03-19T13:41:05,0.9307917356491088,0.9369029998779296,,madlad,fr,fr,en,Al_Asad_airbase
entity,en,batalla_de_Chancellorsville,batalla de Chancellorsville,The Battle of Chancellorsville,battle of chancellorsville,Battle of Chancellorsville,0.9,0.9286,0.9286,1.0,1.0,1.0,1.0,battle of chancellorsville,battle of chancellorsville,mt_vote,2026-03-19T13:11:13,,,,,en,en,en,battle_of_chancellorsville
entity,en,batalla_de_França,batalla de França,Battle of France,battle of France,Battle of France,0.9,1.0,1.0,1.0,1.0,1.0,1.0,Battle of France,Battle of France,mt_vote,2026-03-19T13:11:13,,,,,en,en,en,Battle_of_France
entity,en,batalla_de_Fredericksburg,batalla de Fredericksburg,Battle of Fredericksburg,battle of Fredericksburg,Battle of Fredericksburg,0.9,1.0,1.0,1.0,1.0,1.0,1.0,Battle of Fredericksburg,Battle of Fredericksburg,mt_vote,2026-03-19T13:11:14,,,,,en,en,en,Battle_of_Fredericksburg
entity,en,batalla_de_Gettysburg,batalla de Gettysburg,Battle of Gettysburg,battle of Gettysburg,Battle of Gettysburg,0.9,1.0,1.0,1.0,1.0,1.0,1.0,Battle of Gettysburg,Battle of Gettysburg,mt_vote,2026-03-19T13:11:15,,,,,en,en,en,Battle_of_Gettysburg
entity,en,batalla_de_South_Mountain,batalla de South Mountain,Battle of South Mountain,Battle of South Mountain,Battle of South Mountain,0.9,1.0,1.0,1.0,1.0,1.0,1.0,Battle of South Mountain,Battle of South Mountain,mt_vote,2026-03-19T13:11:16,,,,,en,en,en,Battle_of_South_Mountain
entity,en,batalla_de_Waterloo,batalla de Waterloo,Battle of Waterloo,Battle of Waterloo,Battle of Waterloo,0.9,1.0,1.0,1.0,1.0,1.0,1.0,Battle of Waterloo,Battle of Waterloo,mt_vote,2026-03-19T13:11:16,,,,,en,en,en,Battle_of_Waterloo
entity,en,batalla_de_Wilderness,batalla de Wilderness,Battle of the Wilderness,Battle of Wilderness,Battle of the Wilderness,0.9,0.9091,1.0,0.9091,1.0,1.0,1.0,Battle of the Wilderness,Battle of the Wilderness,mt_vote,2026-03-19T13:11:17,,,,,en,en,en,Battle_of_the_Wilderness
entity,en,bateria,bateria,battery,battery,battery,0.9,1.0,1.0,1.0,1.0,1.0,1.0,battery,battery,mt_vote,2026-03-19T13:11:17,,,,,en,en,en,battery
entity,en,benitoïta,benitoïta,Benitoite,benitoita,benitoite,0.9,0.8889,1.0,0.8889,0.0,1.0,0.0,benitoite,benitoite,mt_vote_revoted_gte_langfilter,2026-03-19T13:41:05,0.7725669145584106,0.9406366348266602,0.8340807557106018,salamandra,fi,fi,fi,benitoite
entity,en,bimestral,bimestral,bi-monthly,bimonthly,bimonthly,0.9,0.0,0.0,1.0,0.0,0.0,1.0,bimonthly,bimonthly,mt_vote_revoted_gte_langfilter,2026-03-19T13:41:05,,0.7040499448776245,0.7040499448776245,salamandra,en,lt,lt,bimonthly
entity,en,birr_etíop,birr etíop,Ethiopian beer,Ethiopian birr,Ethiopian birr,0.9,0.0,0.0,1.0,0.0,0.0,1.0,Ethiopian birr,Ethiopian birr,mt_vote_revoted_gte_langfilter,2026-03-19T13:41:05,,0.8575211763381958,0.8575211763381958,salamandra,en,eu,eu,Ethiopian_birr
entity,en,bitxo,bitxo,Bitch,bitxo,chilli,0.9,0.6,0.3636,0.1818,0.0,0.0,0.0,Bitch,Bitch,mt_vote,2026-03-19T13:11:19,,,,,en,en,en,Bitch
entity,en,black_metal,black metal,black metal,black metal,black metal,0.9,1.0,1.0,1.0,1.0,1.0,1.0,black metal,black metal,mt_vote_revoted_gte_langfilter,2026-03-19T13:41:05,1.0,1.0,1.0,nllb,id,id,id,black_metal
entity,en,blancs_estatunidencs,blancs estatunidencs,white Americans,US whites,American Whites,0.9,0.5,0.6,0.5833,0.0,0.0,0.0,American Whites,American Whites,mt_vote,2026-03-19T13:11:20,,,,,en,en,en,American_Whites
entity,en,blues,blues,The blues,blues,blues,0.9,0.7143,0.7143,1.0,0.0,0.0,1.0,blues,blues,mt_vote,2026-03-19T13:11:21,,,,,en,en,en,blues
entity,en,botànica,botànica,botany,botany,botany,0.9,1.0,1.0,1.0,1.0,1.0,1.0,botany,botany,mt_vote,2026-03-19T13:11:21,,,,,en,en,en,botany
entity,en,bronze,bronze,bronze,bronze,bronze,0.9,1.0,1.0,1.0,1.0,1.0,1.0,bronze,bronze,mt_vote_revoted_gte_langfilter,2026-03-19T13:41:05,1.0000001192092896,1.0000001192092896,1.0000001192092896,nllb,de,de,de,bronze
entity,en,brutalisme,brutalisme,Brutalism,brutalism,brutalism,0.9,1.0,1.0,1.0,1.0,1.0,1.0,Brutalism,Brutalism,mt_vote,2026-03-19T13:11:22,,,,,en,en,en,Brutalism
entity,en,c._1944,c. 1944,c. 1944,c. 1944,1944 c.,0.9,1.0,0.5714,0.5714,1.0,0.0,0.0,c. 1944,c. 1944,mt_vote,2026-03-19T13:11:23,,,,,en,en,en,c._1944
entity,en,caixubis,caixubis,Cucumbers,caixubis,Kashubians,0.9,0.0,0.0,0.0,0.0,0.0,0.0,caixubis,caixubis,mt_vote_revoted_gte_langfilter,2026-03-19T13:41:05,,1.0,,madlad,en,de,en,caixubis
entity,en,canadencs_asiàtics,canadencs asiàtics,Asian Canadians,Asian Canadian,Asian Canadians,0.9,0.9655,1.0,0.9655,1.0,1.0,1.0,Asian Canadians,Asian Canadians,mt_vote,2026-03-19T13:11:24,,,,,en,en,en,Asian_Canadians
entity,en,candombe,candombe,candombe,candombe,candombe,0.9,1.0,1.0,1.0,1.0,1.0,1.0,candombe,candombe,mt_vote,2026-03-19T13:11:24,,,,,en,en,en,candombe
entity,en,cansalada_de_porc,cansalada de porc,pork rind,pork bacon,pork belly,0.9,0.6316,0.5263,0.6,0.0,0.0,0.0,pork bacon,pork bacon,mt_vote,2026-03-19T13:11:25,,,,,en,en,en,pork_bacon
entity,en,cant,cant,Singing,can,singing,0.9,0.2,1.0,0.2,0.0,1.0,0.0,Singing,Singing,mt_vote,2026-03-19T13:11:25,,,,,en,en,en,Singing
entity,en,"cantant,_jutge_de_televisió_de_realitat","cantant, jutge de televisió de realitat","singer, reality television judge","singer, reality tv judge","singer, reality television judge",0.9,0.8571,1.0,0.8571,0.0,1.0,0.0,"singer, reality television judge","singer, reality television judge",mt_vote,2026-03-19T13:11:26,,,,,en,en,en,"singer,_reality_television_judge"
entity,en,cantant_en_solitari,cantant en solitari,singing solo,solo singer,singing solo,0.9,0.0,0.0,0.0,0.0,0.0,0.0,solo singer,solo singer,mt_vote_revoted_gte_langfilter,2026-03-19T13:41:05,,0.9206047058105468,,madlad,en,it,en,solo_singer
entity,en,capital,capital,capital,capital,capital,0.9,1.0,1.0,1.0,1.0,1.0,1.0,capital,capital,mt_vote,2026-03-19T13:11:27,,,,,en,en,en,capital
entity,en,carn_de_bou,carn de bou,Beef and veal,beef,beef,0.9,0.4706,0.4706,1.0,0.0,0.0,1.0,beef,beef,mt_vote,2026-03-19T13:11:27,,,,,en,en,en,beef
entity,en,castellà_de_Mèxic,castellà de Mèxic,Spanish of Mexico,Mexican Spanish,Mexican Spanish,0.9,0.4375,0.4375,1.0,0.0,0.0,1.0,Mexican Spanish,Mexican Spanish,mt_vote,2026-03-19T13:11:28,,,,,en,en,en,Mexican_Spanish
entity,en,castellà_filipí,castellà filipí,Filipino Spanish,Filipino Spanish,Spanish Filipino,0.9,1.0,0.0,0.0,1.0,0.0,0.0,Filipino Spanish,Filipino Spanish,mt_vote_revoted_gte_langfilter,2026-03-19T13:41:05,0.9188038110733032,0.9188038110733032,,nllb,it,it,en,Filipino_Spanish
entity,en,cebera,cebera,onion,cebera,potato field,0.9,0.0,0.0,0.1111,0.0,0.0,0.0,cebera,cebera,mt_vote_revoted_gte_langfilter,2026-03-19T13:41:05,,1.0,0.4567011594772339,madlad,en,id,it,cebera
entity,en,centre_emissor,centre emissor,issuing centre,emitting center,broadcasting center,0.9,0.0,0.0,0.0,0.0,0.0,0.0,emitting center,emitting center,mt_vote_revoted_gte_langfilter,2026-03-19T13:41:05,,0.8589222431182861,,madlad,en,fi,en,emitting_center
entity,en,ciutat,ciutat,city,city,city,0.9,1.0,1.0,1.0,1.0,1.0,1.0,city,city,mt_vote,2026-03-19T13:11:30,,,,,en,en,en,city
entity,en,ciències_de_la_computació,ciències de la computació,computer science,computer science,computer science,0.9,1.0,1.0,1.0,1.0,1.0,1.0,computer science,computer science,mt_vote,2026-03-19T13:11:30,,,,,en,en,en,computer_science
entity,en,clarinet,clarinet,clarinet,clarinet,clarinet,0.9,1.0,1.0,1.0,1.0,1.0,1.0,clarinet,clarinet,mt_vote,2026-03-19T13:11:31,,,,,en,en,en,clarinet
entity,en,coliflor,coliflor,Cauliflower,Cauliflower,cauliflower,0.9,1.0,1.0,1.0,1.0,1.0,1.0,Cauliflower,Cauliflower,mt_vote,2026-03-19T13:11:31,,,,,en,en,en,Cauliflower
entity,en,coloured,coloured,coloured,colored,coloured,0.9,0.9333,1.0,0.9333,1.0,1.0,1.0,coloured,coloured,mt_vote,2026-03-19T13:11:32,,,,,en,en,en,coloured
entity,en,compositor_de_cançons,compositor de cançons,songwriter,song composer,songwriter,0.9,0.5217,1.0,0.5217,0.0,1.0,0.0,songwriter,songwriter,mt_vote,2026-03-19T13:11:32,,,,,en,en,en,songwriter
entity,en,comtat_de_Limerick,comtat de Limerick,County Limerick,County Limerick,county of Limerick,0.9,1.0,0.9091,0.9091,1.0,1.0,1.0,County Limerick,County Limerick,mt_vote,2026-03-19T13:11:33,,,,,en,en,en,County_Limerick
entity,en,condiment,condiment,seasoning,condiment,condiment,0.9,0.0,0.0,1.0,0.0,0.0,1.0,condiment,condiment,mt_vote_revoted_gte_langfilter,2026-03-19T13:41:05,,1.0000001192092896,1.0000001192092896,salamandra,en,lt,lt,condiment
entity,en,consell_comunal,consell comunal,municipal council,municipal council,communal council,0.9,1.0,0.7879,0.7879,1.0,0.0,0.0,municipal council,municipal council,mt_vote_revoted_gte_langfilter,2026-03-19T13:41:05,0.8094344139099121,0.8094344139099121,0.9172933101654052,nllb,es,es,es,municipal_council
entity,en,conserva_de_fruita,conserva de fruita,preserved fruit,canned fruit,fruit preserve,0.9,0.0,0.0,0.0,0.0,0.0,0.0,fruit preserve,fruit preserve,mt_vote_revoted_gte_langfilter,2026-03-19T13:41:05,,,0.8710165023803711,salamandra,en,en,nl,fruit_preserve
entity,en,coreans_al_Japó,coreans al Japó,Koreans in Japan,Koreans in Japan,Koreans in Japan,0.9,1.0,1.0,1.0,1.0,1.0,1.0,Koreans in Japan,Koreans in Japan,mt_vote,2026-03-19T13:11:35,,,,,en,en,en,Koreans_in_Japan
entity,en,cosmètica,cosmètica,cosmetics,cosmetic,cosmetics,0.9,0.9412,1.0,0.9412,1.0,1.0,1.0,cosmetics,cosmetics,mt_vote,2026-03-19T13:11:35,,,,,en,en,en,cosmetics
entity,en,cotxe_amb_porta_posterior,cotxe amb porta posterior,car with rear door,back door car,Rear-door car,0.9,0.0,0.0,0.6923,0.0,0.0,0.0,back door car,back door car,mt_vote_revoted_gte_langfilter,2026-03-19T13:41:05,,0.8474313616752625,0.8470340967178345,madlad,en,nl,nl,back_door_car
entity,en,country,country,country,Guinea-Bissau,country,0.9,0.0,0.0,0.0,0.0,0.0,0.0,Guinea-Bissau,Guinea-Bissau,mt_vote_revoted_gte_langfilter,2026-03-19T13:41:05,,0.6692850589752197,,madlad,en,fi,en,Guinea-Bissau
entity,en,crema_agra,crema agra,sour cream,sour cream,sour cream,0.9,1.0,1.0,1.0,1.0,1.0,1.0,sour cream,sour cream,mt_vote,2026-03-19T13:11:37,,,,,en,en,en,sour_cream
entity,en,creuer,creuer,cross,cross,cruise,0.9,0.0,0.0,0.0,0.0,0.0,0.0,cruise,cruise,mt_vote_revoted_gte_langfilter,2026-03-19T13:41:05,,,0.819270133972168,salamandra,en,en,nl,cruise
entity,en,cupè,cupè,cup,cup,coupe,0.9,1.0,0.75,0.75,1.0,0.0,0.0,cup,cup,mt_vote,2026-03-19T13:11:38,,,,,en,en,en,cup
entity,en,cítara_d'acords,cítara d'acords,Citar of chords,chord cythara,chord zither,0.9,0.3571,0.3704,0.72,0.0,0.0,0.0,chord zither,chord zither,mt_vote,2026-03-19T13:11:38,,,,,en,en,en,chord_zither
entity,en,cítric,cítric,Citrus,citric,Citric,0.9,0.6667,0.6667,1.0,0.0,0.0,1.0,citric,citric,mt_vote,2026-03-19T13:11:39,,,,,en,en,en,citric
entity,en,danesos,danesos,Danish,Danish,Danes,0.9,1.0,0.7273,0.7273,1.0,0.0,0.0,Danish,Danish,mt_vote,2026-03-19T13:11:39,,,,,en,en,en,Danish
entity,en,death_metal,death metal,death metal,death metal,death metal,0.9,1.0,1.0,1.0,1.0,1.0,1.0,death metal,death metal,mt_vote,2026-03-19T13:11:39,,,,,en,en,en,death_metal
entity,en,descapotable,descapotable,convertible,convertible,convertible,0.9,1.0,1.0,1.0,1.0,1.0,1.0,convertible,convertible,mt_vote,2026-03-19T13:11:40,,,,,en,en,en,convertible
entity,en,descàrrega_digital,descàrrega digital,digital download,digital download,digital download,0.9,1.0,1.0,1.0,1.0,1.0,1.0,digital download,digital download,mt_vote_revoted_gte_langfilter,2026-03-19T13:41:05,0.7889615893363953,0.7889615893363953,0.7889615893363953,nllb,da,da,da,digital_download
entity,en,dinar_iraquià,dinar iraquià,Iraqi food,Iraqi dinar,Iraqi Dinner,0.9,0.0,0.0,0.0,0.0,0.0,0.0,Iraqi dinar,Iraqi dinar,mt_vote_revoted_gte_langfilter,2026-03-19T13:41:05,,0.8311722874641418,,madlad,en,ro,en,Iraqi_dinar
entity,en,diputat_al_Congrés_dels_Diputats,diputat al Congrés dels Diputats,Member of the Congress of Deputies,Member of the Congress of Deputies,Deputy in the Congress of Deputies,0.9,1.0,0.7941,0.7941,1.0,0.0,0.0,Member of the Congress of Deputies,Member of the Congress of Deputies,mt_vote,2026-03-19T13:11:42,,,,,en,en,en,Member_of_the_Congress_of_Deputies
entity,en,diputat_al_Parlament_Hel·lènic,diputat al Parlament Hel·lènic,Member of the Hellenic Parliament,member of the Hellenic Parliament,Member of the Hellenic Parliament,0.9,1.0,1.0,1.0,1.0,1.0,1.0,Member of the Hellenic Parliament,Member of the Hellenic Parliament,mt_vote,2026-03-19T13:11:43,,,,,en,en,en,Member_of_the_Hellenic_Parliament
entity,en,director_de_cinema,director de cinema,film director,director de cinema,Film Director,0.9,0.0,0.0,0.0,0.0,0.0,0.0,director de cinema,director de cinema,mt_vote_revoted_gte_langfilter,2026-03-19T13:41:05,,1.0,,madlad,en,nl,en,director_de_cinema
entity,en,director_de_televisió,director de televisió,television director,television director,television director,0.9,1.0,1.0,1.0,1.0,1.0,1.0,television director,television director,mt_vote_revoted_gte_langfilter,2026-03-19T13:41:05,0.940118968486786,0.940118968486786,0.940118968486786,nllb,de,de,de,television_director
entity,en,distribució_digital,distribució digital,digital distribution,digital distribution,digital distribution,0.9,1.0,1.0,1.0,1.0,1.0,1.0,digital distribution,digital distribution,mt_vote_revoted_gte_langfilter,2026-03-19T13:41:05,0.9403215646743774,0.9403215646743774,0.9403215646743774,nllb,da,da,da,digital_distribution
entity,en,districte_d'Anvers,districte d'Anvers,district of Antwerp,district of Antwerp,Antwerp district,0.9,0.0,0.0,0.0,0.0,0.0,0.0,Antwerp district,Antwerp district,mt_vote_revoted_gte_langfilter,2026-03-19T13:41:05,,,0.8396252393722534,salamandra,en,en,nl,Antwerp_district
entity,en,doom_metal,doom metal,Doom metal,doom metal,doom metal,0.9,0.0,0.0,1.0,0.0,0.0,1.0,doom metal,doom metal,mt_vote_revoted_gte_langfilter,2026-03-19T13:41:05,,1.0,1.0,salamandra,en,nl,nl,doom_metal
entity,en,drone,drone,Drone,drone,drone,0.9,1.0,1.0,1.0,1.0,1.0,1.0,Drone,Drone,mt_vote,2026-03-19T13:11:45,,,,,en,en,en,Drone
entity,en,drum_and_bass,drum and bass,drum and bass,drum and bass,drum and bass,0.9,1.0,1.0,1.0,1.0,1.0,1.0,drum and bass,drum and bass,mt_vote,2026-03-19T13:11:46,,,,,en,en,en,drum_and_bass
entity,en,dòlar_singapurès,dòlar singapurès,Singaporean dollar,Singapore Dollar,Singapore Dollar,0.9,0.9412,0.9412,1.0,1.0,1.0,1.0,Singaporean dollar,Singaporean dollar,mt_vote_revoted_gte_langfilter,2026-03-19T13:41:05,0.9409472346305848,0.9325178861618042,0.9325178861618042,nllb,id,nn,nn,Singaporean_dollar
entity,en,economia,economia,economics,economy,economy,0.9,0.75,0.75,1.0,0.0,0.0,1.0,economy,economy,mt_vote,2026-03-19T13:11:47,,,,,en,en,en,economy
entity,en,electropop,electropop,electropop,electropop,electropop,0.9,1.0,1.0,1.0,1.0,1.0,1.0,electropop,electropop,mt_vote,2026-03-19T13:11:47,,,,,en,en,en,electropop
entity,en,"embragatge_d'una_sola_placa,_caixa_de_canvis_separada_de_4_velocitats_completament_silenciosa_i_completament_sincronitzada,_palanca_de_canvi_central,_eix_d'hèlix_tubular_obert_amb_juntes_metàl·liques,_eix_posterior_completament_flotant_amb_bisell_espiral","embragatge d'una sola placa, caixa de canvis separada de 4 velocitats completament silenciosa i completament sincronitzada, palanca de canvi central, eix d'hèlix tubular obert amb juntes metàl·liques, eix posterior completament flotant amb bisell espiral","single-plate clutch, separate 4-speed gearbox completely silent and fully synchronized, central shift lever, open tubular helix shaft with metallic joints, fully floating rear axle with spiral bezel","single-plate clutch, completely silent and fully synchronized 4-speed separate gearbox, central shift lever, open tubular prop axle with metal gaskets, fully floating rear axle with spiral bevel","Single plate clutch, separate 4-speed fully synchronised and completely silent gearbox, central shift lever, open tubular prop shaft with metal joints, fully floating rear axle with spiral bevel",0.9,0.7908,0.8367,0.7474,0.0,0.0,0.0,"single-plate clutch, separate 4-speed gearbox completely silent and fully synchronized, central shift lever, open tubular helix shaft with metallic joints, fully floating rear axle with spiral bezel","single-plate clutch, separate 4-speed gearbox completely silent and fully synchronized, central shift lever, open tubular helix shaft with metallic joints, fully floating rear axle with spiral bezel",mt_vote,2026-03-19T13:11:52,,,,,en,en,en,"single-plate_clutch,_separate_4-speed_gearbox_completely_silent_and_fully_synchronized,_central_shift_lever,_open_tubular_helix_shaft_with_metallic_joints,_fully_floating_rear_axle_with_spiral_bezel"
entity,en,empresa_cotitzada,empresa cotitzada,listed company,listed company,listed company,0.9,1.0,1.0,1.0,1.0,1.0,1.0,listed company,listed company,mt_vote,2026-03-19T13:11:52,,,,,en,en,en,listed_company
entity,en,empresa_de_comunicació,empresa de comunicació,communications company,communication company,media company,0.9,0.0,0.6286,0.0,0.0,0.0,0.0,communications company,communications company,mt_vote_revoted_gte_langfilter,2026-03-19T13:41:05,0.8592668175697327,,0.8416024446487427,nllb,fr,en,it,communications_company
entity,en,en,en,in,and,en,0.9,0.4,0.5,0.4,0.0,0.0,0.0,in,in,mt_vote,2026-03-19T13:11:53,,,,,en,en,en,in
entity,en,enquadernació_cartoné,enquadernació cartoné,cardboard bookbinding,cartoné binding,cloth binding,0.9,0.0,0.0,0.0,0.0,0.0,0.0,cartoné binding,cartoné binding,mt_vote_revoted_gte_langfilter,2026-03-19T13:41:05,,0.7324869632720947,,madlad,en,sk,en,cartoné_binding
entity,en,enquadernació_rústica,enquadernació rústica,rustic bookbinding,rustic binding,hardcover,0.9,0.875,0.2222,0.1739,0.0,0.0,0.0,rustic bookbinding,rustic bookbinding,mt_vote,2026-03-19T13:11:54,,,,,en,en,en,rustic_bookbinding
entity,en,entreteniment,entreteniment,entertainment,entertainment,Entertainment,0.9,1.0,1.0,1.0,1.0,1.0,1.0,entertainment,entertainment,mt_vote,2026-03-19T13:11:54,,,,,en,en,en,entertainment
entity,en,espanyols,espanyols,Spanish,Spanish,Spanish,0.9,1.0,1.0,1.0,1.0,1.0,1.0,Spanish,Spanish,mt_vote,2026-03-19T13:11:55,,,,,en,en,en,Spanish
entity,en,estadi_Olímpic_de_Roma,estadi Olímpic de Roma,Olympic Stadium in Rome,Olympic Stadium of Rome,Olympic Stadium of Rome,0.9,0.913,0.913,1.0,1.0,1.0,1.0,Olympic Stadium of Rome,Olympic Stadium of Rome,mt_vote,2026-03-19T13:11:55,,,,,en,en,en,Olympic_Stadium_of_Rome
entity,en,estampa,estampa,printing,image,stamp,0.9,0.0,0.0,0.0,0.0,0.0,0.0,stamp,stamp,mt_vote_revoted_gte_langfilter,2026-03-19T13:41:05,,,0.7280709743499756,salamandra,en,en,et,stamp
entity,en,estat_unitari,estat unitari,unitary state,unitary state,unitary state,0.9,1.0,1.0,1.0,1.0,1.0,1.0,unitary state,unitary state,mt_vote,2026-03-19T13:11:56,,,,,en,en,en,unitary_state
entity,en,estatunidenc,estatunidenc,U.S.,U.S.,American,0.9,1.0,0.0,0.0,1.0,0.0,0.0,U.S.,U.S.,mt_vote,2026-03-19T13:11:57,,,,,en,en,en,U.S.
entity,en,estatunidencs_asiàtics,estatunidencs asiàtics,Asian Americans,Asian American,Asian Americans,0.9,0.9655,1.0,0.9655,1.0,1.0,1.0,Asian Americans,Asian Americans,mt_vote,2026-03-19T13:11:57,,,,,en,en,en,Asian_Americans
entity,en,euro,euro,The euro,euro,euro,0.9,0.0,0.0,1.0,0.0,0.0,1.0,euro,euro,mt_vote_revoted_gte_langfilter,2026-03-19T13:41:05,,1.0000001192092896,1.0000001192092896,salamandra,en,fr,fr,euro
entity,en,"fabis_vermells,_ventre_de_porc,_arròs_blanc,_carn_molada,_chicharon,_ous_fregits,_plàtanes_(patacones),_chorizo,_arepa,_salsa_hogao,_pudding_negre_(morcilla),_alvocat_i_llimona","fabis vermells, ventre de porc, arròs blanc, carn molada, chicharon, ous fregits, plàtanes (patacones), chorizo, arepa, salsa hogao, pudding negre (morcilla), alvocat i llimona","Red beans, pork belly, white rice, minced meat, chicharon, fried eggs, bananas, chorizo, arepa, hogao sauce, black pudding, avocado and lemon","red fabes, pork belly, white rice, ground beef, chicharon, fried eggs, bananas (patacones), chorizo, arepa, hogao sauce, black pudding (morcilla), avocado and lemon","Red fabis, pork belly, white rice, ground meat, chicharon, fried eggs, plantains (patacones), chorizo, arepa, hogao sauce, black pudding (morcilla), avocado and lemon",0.9,0.8656,0.8664,0.9576,0.0,0.0,1.0,"red fabes, pork belly, white rice, ground beef, chicharon, fried eggs, bananas (patacones), chorizo, arepa, hogao sauce, black pudding (morcilla), avocado and lemon","red fabes, pork belly, white rice, ground beef, chicharon, fried eggs, bananas (patacones), chorizo, arepa, hogao sauce, black pudding (morcilla), avocado and lemon",mt_vote,2026-03-19T13:12:03,,,,,en,en,en,"red_fabes,_pork_belly,_white_rice,_ground_beef,_chicharon,_fried_eggs,_bananas_(patacones),_chorizo,_arepa,_hogao_sauce,_black_pudding_(morcilla),_avocado_and_lemon"
entity,en,fantasia_juvenil,fantasia juvenil,Youthful fantasy,fantasy juvenil,young adult fiction,0.9,0.0,0.4571,0.0,0.0,0.0,0.0,Youthful fantasy,Youthful fantasy,mt_vote_revoted_gte_langfilter,2026-03-19T13:41:05,0.8776305913925171,,0.7247012853622437,nllb,es,en,de,Youthful_fantasy
entity,en,federalisme,federalisme,federalism,federalism,federalism,0.9,1.0,1.0,1.0,1.0,1.0,1.0,federalism,federalism,mt_vote_revoted_gte_langfilter,2026-03-19T13:41:05,0.962559461593628,0.962559461593628,0.962559461593628,nllb,de,de,de,federalism
entity,en,ficció,ficció,fiction,fiction,fiction,0.9,1.0,1.0,1.0,1.0,1.0,1.0,fiction,fiction,mt_vote,2026-03-19T13:12:04,,,,,en,en,en,fiction
entity,en,"fideus,_òrgans_de_porc,_verdures,_pollastre,_gambes,_vedella","fideus, òrgans de porc, verdures, pollastre, gambes, vedella","Fats and oils and their fractions, whether or not refined, but not chemically modified","noodles, pork organs, vegetables, chicken, shrimp, beef","noodles, pork offal, vegetables, chicken, shrimp, beef",0.9,0.2837,0.2571,0.9358,0.0,0.0,1.0,"noodles, pork organs, vegetables, chicken, shrimp, beef","noodles, pork organs, vegetables, chicken, shrimp, beef",mt_vote,2026-03-19T13:12:06,,,,,en,en,en,"noodles,_pork_organs,_vegetables,_chicken,_shrimp,_beef"
entity,en,finlandesos,finlandesos,Finnish,Finnish 100 000 100 000 100 000 100 000 100 000 100 000 100 000 100 000 100 000 100 000 100 000 100 00,Finnish,0.9,0.1284,1.0,0.1284,0.0,1.0,0.0,Finnish,Finnish,mt_vote,2026-03-19T13:12:09,,,,,en,en,en,Finnish
entity,en,folk,folk,folk,people,folk,0.9,0.4,1.0,0.4,0.0,1.0,0.0,folk,folk,mt_vote,2026-03-19T13:12:09,,,,,en,en,en,folk
entity,en,folk_psicodèlic,folk psicodèlic,psychedelic folk,psychedelic folk,psychedelic folk,0.9,1.0,1.0,1.0,1.0,1.0,1.0,psychedelic folk,psychedelic folk,mt_vote,2026-03-19T13:12:10,,,,,en,en,en,psychedelic_folk
entity,en,folk_rock,folk rock,folk rock,folk rock,folk rock,0.9,1.0,1.0,1.0,1.0,1.0,1.0,folk rock,folk rock,mt_vote,2026-03-19T13:12:10,,,,,en,en,en,folk_rock
entity,en,formigó,formigó,concrete,concrete,concrete,0.9,1.0,1.0,1.0,1.0,1.0,1.0,concrete,concrete,mt_vote_revoted_gte_langfilter,2026-03-19T13:41:05,0.5389559864997864,0.5389559864997864,0.5389559864997864,nllb,de,de,de,concrete
entity,en,fotògraf,fotògraf,photographer,photographer,photographer,0.9,1.0,1.0,1.0,1.0,1.0,1.0,photographer,photographer,mt_vote,2026-03-19T13:12:11,,,,,en,en,en,photographer
entity,en,fulla_de_banana,fulla de banana,banana leaf,banana leaf,banana leaf,0.9,1.0,1.0,1.0,1.0,1.0,1.0,banana leaf,banana leaf,mt_vote,2026-03-19T13:12:12,,,,,en,en,en,banana_leaf
entity,en,física,física,physics,physical,physics,0.9,0.8,1.0,0.8,0.0,1.0,0.0,physics,physics,mt_vote,2026-03-19T13:12:12,,,,,en,en,en,physics
entity,en,gall,gall,chicken,gall,gall,0.9,0.0,0.0,1.0,0.0,0.0,1.0,gall,gall,mt_vote,2026-03-19T13:12:12,,,,,en,en,en,gall
entity,en,garage_rock,garage rock,garage rock,garage rock,garage rock,0.9,1.0,1.0,1.0,1.0,1.0,1.0,garage rock,garage rock,mt_vote,2026-03-19T13:12:13,,,,,en,en,en,garage_rock
entity,en,gastronomia_de_Colòmbia,gastronomia de Colòmbia,gastronomy of Colombia,gastronomy of Colombia,Colombian cuisine,0.9,0.0,0.0,0.0,0.0,0.0,0.0,Colombian cuisine,Colombian cuisine,mt_vote_revoted_gte_langfilter,2026-03-19T13:41:05,,,0.8920323848724365,salamandra,en,en,it,Colombian_cuisine
entity,en,gastronomia_de_Padang,gastronomia de Padang,gastronomy of Padang,gastronomy of Padang,Padang cuisine,0.9,0.0,0.0,0.0,0.0,0.0,0.0,Padang cuisine,Padang cuisine,mt_vote_revoted_gte_langfilter,2026-03-19T13:41:05,,,0.915685534477234,salamandra,en,en,id,Padang_cuisine
entity,en,gastronomia_de_la_Xina,gastronomia de la Xina,gastronomy of China,gastronomy of China,Chinese Cuisine,0.9,1.0,0.2353,0.2353,1.0,0.0,0.0,gastronomy of China,gastronomy of China,mt_vote,2026-03-19T13:12:15,,,,,en,en,en,gastronomy_of_China
entity,en,gerent_municipal,gerent municipal,city manager,gerent municipal,municipal manager,0.9,0.0,0.0,0.5455,0.0,0.0,0.0,gerent municipal,gerent municipal,mt_vote_revoted_gte_langfilter,2026-03-19T13:41:05,,1.0,0.7464532256126404,madlad,en,ro,es,gerent_municipal
entity,en,gestió,gestió,management,management,management,0.9,1.0,1.0,1.0,1.0,1.0,1.0,management,management,mt_vote,2026-03-19T13:12:15,,,,,en,en,en,management
entity,en,gitanos,gitanos,Gypsies,Gypsies,gypsies,0.9,1.0,1.0,1.0,1.0,1.0,1.0,Gypsies,Gypsies,mt_vote,2026-03-19T13:12:16,,,,,en,en,en,Gypsies
entity,en,governador,governador,governor,governor,governor,0.9,1.0,1.0,1.0,1.0,1.0,1.0,governor,governor,mt_vote,2026-03-19T13:12:16,,,,,en,en,en,governor
entity,en,governador_de_Carolina_del_Nord,governador de Carolina del Nord,Governor of North Carolina,Governor of North Carolina,Governor of North Carolina,0.9,1.0,1.0,1.0,1.0,1.0,1.0,Governor of North Carolina,Governor of North Carolina,mt_vote,2026-03-19T13:12:17,,,,,en,en,en,Governor_of_North_Carolina
entity,en,governador_de_Virgínia_de_l'Oest,governador de Virgínia de l'Oest,Governor of West Virginia,Governor of West Virginia,Governor of West Virginia,0.9,1.0,1.0,1.0,1.0,1.0,1.0,Governor of West Virginia,Governor of West Virginia,mt_vote,2026-03-19T13:12:17,,,,,en,en,en,Governor_of_West_Virginia
entity,en,granola,granola,Granola,granola,granola,0.9,1.0,1.0,1.0,1.0,1.0,1.0,Granola,Granola,mt_vote,2026-03-19T13:12:18,,,,,en,en,en,Granola
entity,en,grecs,grecs,Greeks,Greek,Greeks,0.9,0.9091,1.0,0.9091,1.0,1.0,1.0,Greeks,Greeks,mt_vote,2026-03-19T13:12:18,,,,,en,en,en,Greeks
entity,en,guerra_del_Golf,guerra del Golf,Gulf War,Gulf War,Gulf War,0.9,1.0,1.0,1.0,1.0,1.0,1.0,Gulf War,Gulf War,mt_vote,2026-03-19T13:12:19,,,,,en,en,en,Gulf_War
entity,en,guitarra,guitarra,guitar,guitar,guitar,0.9,1.0,1.0,1.0,1.0,1.0,1.0,guitar,guitar,mt_vote,2026-03-19T13:12:19,,,,,en,en,en,guitar
entity,en,guitarra_elèctrica,guitarra elèctrica,electric guitar,electric guitar,electric guitar,0.9,1.0,1.0,1.0,1.0,1.0,1.0,electric guitar,electric guitar,mt_vote,2026-03-19T13:12:20,,,,,en,en,en,electric_guitar
entity,en,guitarrista,guitarrista,guitarist,guitarist,guitarist,0.9,1.0,1.0,1.0,1.0,1.0,1.0,guitarist,guitarist,mt_vote,2026-03-19T13:12:20,,,,,en,en,en,guitarist
entity,en,hardcore_punk,hardcore punk,Hardcore punk,hardcore punk,hardcore punk,0.9,1.0,1.0,1.0,1.0,1.0,1.0,hardcore punk,hardcore punk,mt_vote_revoted_gte_langfilter,2026-03-19T13:41:05,0.950900673866272,1.0,1.0,madlad,it,it,it,hardcore_punk
entity,en,hardtop,hardtop,hardtop,hardtop,hardtop,0.9,1.0,1.0,1.0,1.0,1.0,1.0,hardtop,hardtop,mt_vote,2026-03-19T13:12:21,,,,,en,en,en,hardtop
entity,en,hebreu_modern,hebreu modern,Modern Hebrew,Modern Hebrew,Modern Hebrew,0.9,1.0,1.0,1.0,1.0,1.0,1.0,Modern Hebrew,Modern Hebrew,mt_vote,2026-03-19T13:12:21,,,,,en,en,en,Modern_Hebrew
entity,en,helipad,helipad,Helipad,helipad,helipad,0.9,1.0,1.0,1.0,1.0,1.0,1.0,Helipad,Helipad,mt_vote,2026-03-19T13:12:22,,,,,en,en,en,Helipad
entity,en,hora_d'estiu_d'Europa_Central,hora d'estiu d'Europa Central,Central European daylight saving time,Central European Summer Time,Central European Summer Time,0.9,0.0,0.0,0.0,0.0,0.0,0.0,Central European daylight saving time,Central European daylight saving time,mt_vote_revoted_gte_langfilter,2026-03-19T13:41:05,0.8069896697998047,,,nllb,id,en,en,Central_European_daylight_saving_time
entity,en,house,house,house,house,house,0.9,1.0,1.0,1.0,1.0,1.0,1.0,house,house,mt_vote,2026-03-19T13:12:23,,,,,en,en,en,house
entity,en,il·lustració,il·lustració,illustrated by,illustration,illustration,0.9,0.6923,0.6923,1.0,0.0,0.0,1.0,illustration,illustration,mt_vote,2026-03-19T13:12:23,,,,,en,en,en,illustration
entity,en,indie_pop,indie pop,Indie pop,indie pop,indie pop,0.9,1.0,1.0,1.0,1.0,1.0,1.0,indie pop,indie pop,mt_vote_revoted_gte_langfilter,2026-03-19T13:41:05,0.946311354637146,1.0000001192092896,1.0000001192092896,madlad,af,af,af,indie_pop
entity,en,indie_rock,indie rock,Indie rock,indie rock,indie rock,0.9,1.0,1.0,1.0,1.0,1.0,1.0,indie rock,indie rock,mt_vote_revoted_gte_langfilter,2026-03-19T13:41:05,0.94618022441864,1.0000001192092896,1.0000001192092896,madlad,de,de,de,indie_rock
entity,en,indústria_energètica,indústria energètica,energy industry,energy industry,energy industry,0.9,1.0,1.0,1.0,1.0,1.0,1.0,energy industry,energy industry,mt_vote,2026-03-19T13:12:25,,,,,en,en,en,energy_industry
entity,en,instrument_de_corda,instrument de corda,stringed instrument,string instrument,stringed instrument,0.9,0.9444,1.0,0.9444,1.0,1.0,1.0,stringed instrument,stringed instrument,mt_vote,2026-03-19T13:12:25,,,,,en,en,en,stringed_instrument
entity,en,instrument_de_teclat,instrument de teclat,keyboard instrument,keyboard instrument,keyboard instrument,0.9,1.0,1.0,1.0,1.0,1.0,1.0,keyboard instrument,keyboard instrument,mt_vote,2026-03-19T13:12:26,,,,,en,en,en,keyboard_instrument
entity,en,instrumentista_no_vocal,instrumentista no vocal,non-vocal instrumentalist,non-vocal instrumentist,non-vocal instrumentalist,0.9,0.9583,1.0,0.9583,1.0,1.0,1.0,non-vocal instrumentalist,non-vocal instrumentalist,mt_vote,2026-03-19T13:12:27,,,,,en,en,en,non-vocal_instrumentalist
entity,en,inuktitut,inuktitut,Inuktitut,Inuktitut,Inuktitut,0.9,1.0,1.0,1.0,1.0,1.0,1.0,Inuktitut,Inuktitut,mt_vote,2026-03-19T13:12:27,,,,,en,en,en,Inuktitut
entity,en,irlandesos,irlandesos,Irish,Irish,Irish: Irish people,0.9,0.0,0.0,0.0,0.0,0.0,0.0,Irish: Irish people,Irish: Irish people,mt_vote_revoted_gte_langfilter,2026-03-19T13:41:05,,,0.799403190612793,salamandra,en,en,eu,Irish:_Irish_people
entity,en,irreligió,irreligió,Irreligious,irreligion,irreligion,0.9,0.8571,0.8571,1.0,0.0,0.0,1.0,irreligion,irreligion,mt_vote,2026-03-19T13:12:28,,,,,en,en,en,irreligion
entity,en,italians,italians,Italian,Italians,Italians,0.9,0.9333,0.9333,1.0,1.0,1.0,1.0,Italians,Italians,mt_vote_revoted_gte_langfilter,2026-03-19T13:41:05,0.7884184718132019,0.8731091022491455,0.8731091022491455,madlad,it,it,it,Italians
entity,en,japonesos,japonesos,Japanese,Japanese...............................................,Japanese,0.9,0.254,1.0,0.254,0.0,1.0,0.0,Japanese,Japanese,mt_vote,2026-03-19T13:12:31,,,,,en,en,en,Japanese
entity,en,jazz,jazz,jazz music,jazz,jazz,0.9,0.5714,0.5714,1.0,0.0,0.0,1.0,jazz,jazz,mt_vote_revoted_gte_langfilter,2026-03-19T13:41:05,0.9459689855575562,1.000000238418579,1.000000238418579,salamandra,mt,mt,mt,jazz
entity,en,jutge_president,jutge president,Judge Chairman,judge president,presiding judge,0.9,0.5517,0.3448,0.4667,0.0,0.0,0.0,judge president,judge president,mt_vote,2026-03-19T13:12:32,,,,,en,en,en,judge_president
entity,en,lauràcies,lauràcies,graduates,lauracies,lauraceae,0.9,0.0,0.0,0.0,0.0,0.0,0.0,lauracies,lauracies,mt_vote_revoted_gte_langfilter,2026-03-19T13:41:05,,0.872405469417572,,madlad,en,lt,en,lauracies
entity,en,lentivirus,lentivirus,lentivirus,lentivirus,lentivirus,0.9,1.0,1.0,1.0,1.0,1.0,1.0,lentivirus,lentivirus,mt_vote,2026-03-19T13:12:33,,,,,en,en,en,lentivirus
entity,en,linebacker,linebacker,linebacker,linebacker,linebacker,0.9,1.0,1.0,1.0,1.0,1.0,1.0,linebacker,linebacker,mt_vote_revoted_gte_langfilter,2026-03-19T13:41:05,1.0,1.0,1.0,nllb,cs,cs,cs,linebacker
entity,en,lira_turca,lira turca,Turkish lira,Turkish lira,Turkish lira,0.9,1.0,1.0,1.0,1.0,1.0,1.0,Turkish lira,Turkish lira,mt_vote_revoted_gte_langfilter,2026-03-19T13:41:05,0.9422297477722168,0.9422297477722168,0.9422297477722168,nllb,tr,tr,tr,Turkish_lira
entity,en,literatura_fantàstica,literatura fantàstica,fiction,fantasy literature,fantastic literature,0.9,0.0,0.0,0.0,0.0,0.0,0.0,fantasy literature,fantasy literature,mt_vote_revoted_gte_langfilter,2026-03-19T13:41:05,,0.857399582862854,,madlad,en,es,en,fantasy_literature
entity,en,llet,llet,milk,milk,milk,0.9,1.0,1.0,1.0,1.0,1.0,1.0,milk,milk,mt_vote_revoted_gte_langfilter,2026-03-19T13:41:05,0.6122593879699707,0.6122593879699707,0.6122593879699707,nllb,sv,sv,sv,milk
entity,en,llet_condensada,llet condensada,condensed milk,condensed milk,condensed milk,0.9,1.0,1.0,1.0,1.0,1.0,1.0,condensed milk,condensed milk,mt_vote,2026-03-19T13:12:36,,,,,en,en,en,condensed_milk
entity,en,llet_de_coco,llet de coco,coconut milk,coconut milk,coconut milk,0.9,1.0,1.0,1.0,1.0,1.0,1.0,coconut milk,coconut milk,mt_vote_revoted_gte_langfilter,2026-03-19T13:41:05,0.6572898626327515,0.6572898626327515,0.6572898626327515,nllb,sv,sv,sv,coconut_milk
entity,en,lletuga,lletuga,Lettuce,lletuga,lettuce,0.9,0.0,1.0,0.0,0.0,1.0,0.0,lettuce,lettuce,mt_vote_revoted_gte_langfilter,2026-03-19T13:41:05,0.5939409732818604,,0.66604083776474,salamandra,fi,en,fi,lettuce
entity,en,lliga_azerbaidjanesa_de_futbol,lliga azerbaidjanesa de futbol,Azerbaijani football league,azerbaijan football league,Azerbaijan Football League,0.9,0.9811,0.9811,1.0,1.0,1.0,1.0,azerbaijan football league,azerbaijan football league,mt_vote,2026-03-19T13:12:37,,,,,en,en,en,azerbaijan_football_league
entity,en,lliga_surinamesa_de_futbol,lliga surinamesa de futbol,Surinamese football league,surinamese football league,Surinamese Football League,0.9,1.0,1.0,1.0,1.0,1.0,1.0,Surinamese football league,Surinamese football league,mt_vote,2026-03-19T13:12:38,,,,,en,en,en,Surinamese_football_league
entity,en,lliura_esterlina,lliura esterlina,Pound sterling,pound sterling,Pound sterling,0.9,1.0,1.0,1.0,1.0,1.0,1.0,Pound sterling,Pound sterling,mt_vote,2026-03-19T13:12:39,,,,,en,en,en,Pound_sterling
entity,en,líder_del_grup_parlamentari,líder del grup parlamentari,Leader of the parliamentary group,leader of the parliamentary group,Leader of the Parliamentary Group,0.9,1.0,1.0,1.0,1.0,1.0,1.0,Leader of the parliamentary group,Leader of the parliamentary group,mt_vote,2026-03-19T13:12:39,,,,,en,en,en,Leader_of_the_parliamentary_group
entity,en,magistrat,magistrat,Magistrate,magistrate,magistrate,0.9,1.0,1.0,1.0,1.0,1.0,1.0,Magistrate,Magistrate,mt_vote,2026-03-19T13:12:40,,,,,en,en,en,Magistrate
entity,en,malai_malaisi,malai malaisi,Malay Malaysian,Malay Malayisi,Malay (Malaysia),0.9,0.8966,0.9032,0.8667,0.0,1.0,0.0,Malay Malaysian,Malay Malaysian,mt_vote,2026-03-19T13:12:40,,,,,en,en,en,Malay_Malaysian
entity,en,mandarí_estàndard,mandarí estàndard,Standard Mandarin,Standard Mandarin,Standard Mandarin,0.9,1.0,1.0,1.0,1.0,1.0,1.0,Standard Mandarin,Standard Mandarin,mt_vote_revoted_gte_langfilter,2026-03-19T13:41:05,0.8399977684020996,0.8399977684020996,0.8399977684020996,nllb,id,id,id,Standard_Mandarin
entity,en,mar_d'Aràbia,mar d'Aràbia,Arabian sea,sea of Arabia,Arabian Sea,0.9,0.0,1.0,0.0,0.0,1.0,0.0,Arabian sea,Arabian sea,mt_vote_revoted_gte_langfilter,2026-03-19T13:41:05,0.871254563331604,,0.8041040897369385,nllb,eu,en,eu,Arabian_sea
entity,en,matemàtica_pura,matemàtica pura,pure mathematics,pure mathematics,pure mathematics,0.9,1.0,1.0,1.0,1.0,1.0,1.0,pure mathematics,pure mathematics,mt_vote,2026-03-19T13:12:42,,,,,en,en,en,pure_mathematics
entity,en,matemàtiques,matemàtiques,mathematics,mathematics,mathematics,0.9,1.0,1.0,1.0,1.0,1.0,1.0,mathematics,mathematics,mt_vote,2026-03-19T13:12:42,,,,,en,en,en,mathematics
entity,en,membre_de_la_Cambra_de_Representants_de_les_Filipines,membre de la Cambra de Representants de les Filipines,Member of the House of Representatives of the Philippines,Member of the House of Representatives of the Philippines,Member of the House of Representatives of the Philippines,0.9,1.0,1.0,1.0,1.0,1.0,1.0,Member of the House of Representatives of the Philippines,Member of the House of Representatives of the Philippines,mt_vote,2026-03-19T13:12:43,,,,,en,en,en,Member_of_the_House_of_Representatives_of_the_Philippines
entity,en,merenga,merenga,Meringue,meringue,merengue,0.9,1.0,0.0,0.0,1.0,0.0,0.0,meringue,meringue,mt_vote_revoted_gte_langfilter,2026-03-19T13:41:05,0.6966366767883301,0.8048630952835083,,madlad,et,et,en,meringue
entity,en,metal_progressiu,metal progressiu,progressive metal,progressive metal,progressive metal,0.9,1.0,1.0,1.0,1.0,1.0,1.0,progressive metal,progressive metal,mt_vote,2026-03-19T13:12:44,,,,,en,en,en,progressive_metal
entity,en,mid_size,mid size,medium size,mid size,mid size,0.9,0.0,0.0,0.0,0.0,0.0,0.0,medium size,medium size,mt_vote_revoted_gte_langfilter,2026-03-19T13:41:05,0.91262286901474,,,nllb,de,en,en,medium_size
entity,en,ministre_de_Salut_d'Austràlia,ministre de Salut d'Austràlia,Minister of Health of Australia,Minister of Health of Australia,Minister of Health of Australia,0.9,1.0,1.0,1.0,1.0,1.0,1.0,Minister of Health of Australia,Minister of Health of Australia,mt_vote,2026-03-19T13:12:45,,,,,en,en,en,Minister_of_Health_of_Australia
entity,en,mitjà_de_comunicació_de_massa,mitjà de comunicació de massa,mass media,mass media,mass media,0.9,1.0,1.0,1.0,1.0,1.0,1.0,mass media,mass media,mt_vote,2026-03-19T13:12:46,,,,,en,en,en,mass_media
entity,en,monarquia_de_Dinamarca,monarquia de Dinamarca,monarchy of Denmark,monarchy of Denmark,monarchy of Denmark,0.9,1.0,1.0,1.0,1.0,1.0,1.0,monarchy of Denmark,monarchy of Denmark,mt_vote,2026-03-19T13:12:47,,,,,en,en,en,monarchy_of_Denmark
entity,en,moniato,moniato,moniato,poppy,sweet potato,0.9,0.0,0.0,0.0,0.0,0.0,0.0,sweet potato,sweet potato,mt_vote_revoted_gte_langfilter,2026-03-19T13:41:05,,,0.4944748878479004,salamandra,en,en,it,sweet_potato
entity,en,motor_de_quatre_cilindres_en_línia,motor de quatre cilindres en línia,four-cylinder in-line engine,four-cylinder in-line engine,four-cylinder in-line engine,0.9,1.0,1.0,1.0,1.0,1.0,1.0,four-cylinder in-line engine,four-cylinder in-line engine,mt_vote_revoted_gte_langfilter,2026-03-19T13:41:05,0.8304771780967712,0.8304771780967712,0.8304771780967712,nllb,da,da,da,four-cylinder_in-line_engine
entity,en,motor_de_quatre_temps,motor de quatre temps,four-stroke engine,four-stroke engine,four-stroke engine,0.9,1.0,1.0,1.0,1.0,1.0,1.0,four-stroke engine,four-stroke engine,mt_vote_revoted_gte_langfilter,2026-03-19T13:41:05,0.8333371877670288,0.8333371877670288,0.8333371877670288,nllb,es,es,es,four-stroke_engine
entity,en,músic,músic,musician,musician,Musician,0.9,1.0,1.0,1.0,1.0,1.0,1.0,musician,musician,mt_vote_revoted_gte_langfilter,2026-03-19T13:41:05,0.8290466070175171,0.8290466070175171,0.817955493927002,nllb,es,es,es,musician
entity,en,música_acústica,música acústica,acoustic music,acoustic music,acoustic music,0.9,1.0,1.0,1.0,1.0,1.0,1.0,acoustic music,acoustic music,mt_vote,2026-03-19T13:12:50,,,,,en,en,en,acoustic_music
entity,en,música_disco,música disco,disco music,music disco,disco music,0.9,0.0,1.0,0.0,0.0,1.0,0.0,disco music,disco music,mt_vote_revoted_gte_langfilter,2026-03-19T13:41:05,0.8530389070510864,,0.8530389070510864,salamandra,es,en,es,disco_music
entity,en,música_electroacústica,música electroacústica,electroacoustic music,electroacoustic music,electroacoustic music,0.9,1.0,1.0,1.0,1.0,1.0,1.0,electroacoustic music,electroacoustic music,mt_vote,2026-03-19T13:12:51,,,,,en,en,en,electroacoustic_music
entity,en,música_electrònica,música electrònica,electronic music,electronic music,electronic music,0.9,1.0,1.0,1.0,1.0,1.0,1.0,electronic music,electronic music,mt_vote,2026-03-19T13:12:51,,,,,en,en,en,electronic_music
entity,en,música_instrumental,música instrumental,instrumental music,instrumental music,instrumental music,0.9,1.0,1.0,1.0,1.0,1.0,1.0,instrumental music,instrumental music,mt_vote,2026-03-19T13:12:52,,,,,en,en,en,instrumental_music
entity,en,música_lleugera,música lleugera,light music,light music,light music,0.9,1.0,1.0,1.0,1.0,1.0,1.0,light music,light music,mt_vote,2026-03-19T13:12:52,,,,,en,en,en,light_music
entity,en,negres_estatunidencs,negres estatunidencs,American black people,black americans,American blacks,0.9,0.4444,0.7778,0.6,0.0,0.0,0.0,American blacks,American blacks,mt_vote,2026-03-19T13:12:53,,,,,en,en,en,American_blacks
entity,en,noise,noise,noise,noise,noise,0.9,1.0,1.0,1.0,1.0,1.0,1.0,noise,noise,mt_vote_revoted_gte_langfilter,2026-03-19T13:41:05,1.0000001192092896,1.0000001192092896,1.0000001192092896,nllb,fr,fr,fr,noise
entity,en,noise_rock,noise rock,noise rock,noise rock,noise rock,0.9,1.0,1.0,1.0,1.0,1.0,1.0,noise rock,noise rock,mt_vote_revoted_gte_langfilter,2026-03-19T13:41:05,1.0,1.0,1.0,nllb,fr,fr,fr,noise_rock
entity,en,nu_metal,nu metal,unwrought,nu metal,nu metal,0.9,0.2353,0.2353,1.0,0.0,0.0,1.0,nu metal,nu metal,mt_vote,2026-03-19T13:12:54,,,,,en,en,en,nu_metal
entity,en,oli_d'oliva,oli d'oliva,Other vegetable fats and oils and their fractions,olive oil,olive oil,0.9,0.2414,0.2414,1.0,0.0,0.0,1.0,olive oil,olive oil,mt_vote,2026-03-19T13:12:55,,,,,en,en,en,olive_oil
entity,en,oli_de_sèsam,oli de sèsam,Sesame oil,sesame oil,sesame oil,0.9,1.0,1.0,1.0,1.0,1.0,1.0,Sesame oil,Sesame oil,mt_vote,2026-03-19T13:12:55,,,,,en,en,en,Sesame_oil
entity,en,optimització_matemàtica,optimització matemàtica,mathematical optimization,mathematical optimization,mathematical optimization,0.9,1.0,1.0,1.0,1.0,1.0,1.0,mathematical optimization,mathematical optimization,mt_vote,2026-03-19T13:12:56,,,,,en,en,en,mathematical_optimization
entity,en,oratòria,oratòria,oratory,oratory,Oratory,0.9,1.0,1.0,1.0,1.0,1.0,1.0,oratory,oratory,mt_vote,2026-03-19T13:12:56,,,,,en,en,en,oratory
entity,en,orenga,orenga,orange,orange,oregano,0.9,1.0,0.6154,0.6154,1.0,0.0,0.0,orange,orange,mt_vote,2026-03-19T13:12:57,,,,,en,en,en,orange
entity,en,ou_ferrat,ou ferrat,or scratched,or ferrat,fried egg,0.9,0.0,0.0,0.3333,0.0,0.0,0.0,or ferrat,or ferrat,mt_vote_revoted_gte_langfilter,2026-03-19T13:41:05,,0.856087327003479,0.5116180181503296,madlad,en,fr,nb,or_ferrat
entity,en,pa,pa,pa,by,bread,0.9,0.0,0.2857,0.2857,0.0,0.0,0.0,bread,bread,mt_vote,2026-03-19T13:12:57,,,,,en,en,en,bread
entity,en,pa_de_pessic,pa de pessic,Peach bread,biscuit,sponge cake,0.9,0.1111,0.0,0.0,0.0,0.0,0.0,Peach bread,Peach bread,mt_vote_revoted_gte_langfilter,2026-03-19T13:41:05,0.6052135825157166,0.584233820438385,,nllb,de,it,en,Peach_bread
entity,en,paleontologia,paleontologia,paleontology,paleontology,palaeontology,0.9,1.0,0.0,0.0,1.0,0.0,0.0,paleontology,paleontology,mt_vote_revoted_gte_langfilter,2026-03-19T13:41:05,0.957275390625,0.957275390625,,nllb,fr,fr,en,paleontology
entity,en,panir,panir,baking,cheese,panir,0.9,0.0,0.3636,0.0,0.0,0.0,0.0,panir,panir,mt_vote_revoted_gte_langfilter,2026-03-19T13:41:05,0.5753806829452515,,1.0000001192092896,salamandra,eu,en,fr,panir
entity,en,parlamentari,parlamentari,member of parliament,parliamentary,Member of Parliament,0.9,0.6061,1.0,0.6061,0.0,1.0,0.0,member of parliament,member of parliament,mt_vote,2026-03-19T13:12:59,,,,,en,en,en,member_of_parliament
entity,en,pastissos_de_peix_frits_amb_tofu_i_verdures_en_salsa_de_cacahuetes,pastissos de peix frits amb tofu i verdures en salsa de cacahuetes,fried fish cakes with tofu and vegetables in peanut sauce,fried fish pies with tofu and vegetables in peanut sauce,Fried fish cakes with tofu and vegetables in peanut sauce,0.9,0.9558,1.0,0.9558,1.0,1.0,1.0,fried fish cakes with tofu and vegetables in peanut sauce,fried fish cakes with tofu and vegetables in peanut sauce,mt_vote,2026-03-19T13:13:01,,,,,en,en,en,fried_fish_cakes_with_tofu_and_vegetables_in_peanut_sauce
entity,en,península_de_Malaca,península de Malaca,Peninsula of Malacca,Malacca Peninsula,Malay Peninsula,0.9,0.0,0.0,0.875,0.0,0.0,0.0,Malacca Peninsula,Malacca Peninsula,mt_vote_revoted_gte_langfilter,2026-03-19T13:41:05,,0.8094022274017334,0.7825875282287598,madlad,en,id,id,Malacca_Peninsula
entity,en,peritonitis,peritonitis,peritonitis,peritonitis,peritonitis,0.9,1.0,1.0,1.0,1.0,1.0,1.0,peritonitis,peritonitis,mt_vote,2026-03-19T13:13:02,,,,,en,en,en,peritonitis
entity,en,personal_no_executiu,personal no executiu,non-executive staff,personal non-executive,non-executive personnel,0.9,0.0,0.0,0.0,0.0,0.0,0.0,non-executive personnel,non-executive personnel,mt_vote_revoted_gte_langfilter,2026-03-19T13:41:05,,,0.7960482835769653,salamandra,en,en,it,non-executive_personnel
entity,en,peso_mexicà,peso mexicà,Mexican peso,Mexican peso,Mexican peso,0.9,1.0,1.0,1.0,1.0,1.0,1.0,Mexican peso,Mexican peso,mt_vote,2026-03-19T13:13:03,,,,,en,en,en,Mexican_peso
entity,en,peso_uruguaià,peso uruguaià,Uruguayan peso,Uruguayan peso,Uruguayan peso,0.9,1.0,1.0,1.0,1.0,1.0,1.0,Uruguayan peso,Uruguayan peso,mt_vote_revoted_gte_langfilter,2026-03-19T13:41:05,0.9546241760253906,0.9546241760253906,0.9546241760253906,nllb,id,id,id,Uruguayan_peso
entity,en,piano,piano,the piano,piano,piano,0.9,0.0,0.0,1.0,0.0,0.0,1.0,piano,piano,mt_vote_revoted_gte_langfilter,2026-03-19T13:41:05,,1.0,1.0,salamandra,en,it,it,piano
entity,en,pilot_de_proves,pilot de proves,test pilot,test pilot,test pilot,0.9,1.0,1.0,1.0,1.0,1.0,1.0,test pilot,test pilot,mt_vote_revoted_gte_langfilter,2026-03-19T13:41:05,0.8857543468475342,0.8857543468475342,0.8857543468475342,nllb,ro,ro,ro,test_pilot
entity,en,pinsà_porprat,pinsà porprat,Purple pineapple,purple pinscher,purple finch,0.9,0.7097,0.0,0.0,0.0,0.0,0.0,Purple pineapple,Purple pineapple,mt_vote_revoted_gte_langfilter,2026-03-19T13:41:05,0.6738908290863037,0.6699821949005127,,nllb,ro,nl,en,Purple_pineapple
entity,en,planta_amb_flors,planta amb flors,flowering plant,flowering plant,flowering plant,0.9,1.0,1.0,1.0,1.0,1.0,1.0,flowering plant,flowering plant,mt_vote,2026-03-19T13:13:05,,,,,en,en,en,flowering_plant
entity,en,plat_principal,plat principal,main course,main course,main course,0.9,1.0,1.0,1.0,1.0,1.0,1.0,main course,main course,mt_vote,2026-03-19T13:13:06,,,,,en,en,en,main_course
entity,en,plataforma_de_llançament_0,plataforma de llançament 0,Launch pad 0,launch pad 0,launch pad 0,0.9,1.0,1.0,1.0,1.0,1.0,1.0,Launch pad 0,Launch pad 0,mt_vote,2026-03-19T13:13:07,,,,,en,en,en,Launch_pad_0
entity,en,pollastre_fregit,pollastre fregit,fried chicken,fried chicken,fried chicken,0.9,1.0,1.0,1.0,1.0,1.0,1.0,fried chicken,fried chicken,mt_vote,2026-03-19T13:13:07,,,,,en,en,en,fried_chicken
entity,en,polític,polític,politician,political,political,0.9,0.0,0.0,0.0,0.0,0.0,0.0,politician,politician,mt_vote_revoted_gte_langfilter,2026-03-19T13:41:05,0.8784909844398499,,,nllb,es,en,en,politician
entity,en,poma,poma,apple,apple,apple,0.9,1.0,1.0,1.0,1.0,1.0,1.0,apple,apple,mt_vote,2026-03-19T13:13:08,,,,,en,en,en,apple
entity,en,pop,pop,Pop music,pop,pop,0.9,0.5,0.5,1.0,0.0,0.0,1.0,pop,pop,mt_vote,2026-03-19T13:13:08,,,,,en,en,en,pop
entity,en,pop-rock,pop-rock,pop-rock,pop-rock,pop-rock,0.9,1.0,1.0,1.0,1.0,1.0,1.0,pop-rock,pop-rock,mt_vote,2026-03-19T13:13:08,,,,,en,en,en,pop-rock
entity,en,pop_barroc,pop barroc,Baroque pop,baroque pop,Baroque pop,0.9,1.0,1.0,1.0,1.0,1.0,1.0,baroque pop,baroque pop,mt_vote_revoted_gte_langfilter,2026-03-19T13:41:05,0.7959008812904358,0.8655661344528198,0.7959008812904358,madlad,es,es,es,baroque_pop
entity,en,pop_dance,pop dance,Pop dance,pop dance,pop dance,0.9,1.0,1.0,1.0,1.0,1.0,1.0,pop dance,pop dance,mt_vote_revoted_gte_langfilter,2026-03-19T13:41:05,0.9186769127845764,1.0,1.0,madlad,fr,fr,fr,pop_dance
entity,en,porto-riquenys,porto-riquenys,Puerto Ricans,Puerto Ricans,Puerto Ricans,0.9,1.0,1.0,1.0,1.0,1.0,1.0,Puerto Ricans,Puerto Ricans,mt_vote_revoted_gte_langfilter,2026-03-19T13:41:05,0.8544462323188782,0.8544462323188782,0.8544462323188782,nllb,it,it,it,Puerto_Ricans
entity,en,post-hardcore,post-hardcore,post-hardcore,post-hardcore,post-hardcore,0.9,1.0,1.0,1.0,1.0,1.0,1.0,post-hardcore,post-hardcore,mt_vote,2026-03-19T13:13:11,,,,,en,en,en,post-hardcore
entity,en,post-metal,post-metal,post-metal,post-metal,post-metal,0.9,1.0,1.0,1.0,1.0,1.0,1.0,post-metal,post-metal,mt_vote,2026-03-19T13:13:11,,,,,en,en,en,post-metal
entity,en,postres,postres,desserts,desserts,desserts,0.9,1.0,1.0,1.0,1.0,1.0,1.0,desserts,desserts,mt_vote_revoted_gte_langfilter,2026-03-19T13:41:05,0.8456027507781982,0.8456027507781982,0.8456027507781982,nllb,it,it,it,desserts
entity,en,poàcies,poàcies,Poetry,poaceous,Poaceae,0.9,0.0,0.0,0.0,0.0,0.0,0.0,Poetry,Poetry,mt_vote_revoted_gte_langfilter,2026-03-19T13:41:05,0.5609217882156372,,,nllb,nl,en,en,Poetry
entity,en,prefectura_d'Akita,prefectura d'Akita,Prefecture of Akita,Akita Prefecture,Akita Prefecture,0.9,0.0,0.0,1.0,0.0,0.0,1.0,Akita Prefecture,Akita Prefecture,mt_vote_revoted_gte_langfilter,2026-03-19T13:41:05,,0.8722168803215027,0.8722168803215027,salamandra,en,ro,ro,Akita_Prefecture
entity,en,premi_Alley,premi Alley,Alley award,press Alley,Alley Award,0.9,0.4545,1.0,0.4545,0.0,1.0,0.0,Alley award,Alley award,mt_vote,2026-03-19T13:13:13,,,,,en,en,en,Alley_award
entity,en,presentador,presentador,host,presenter,presenter,0.9,0.3077,0.3077,1.0,0.0,0.0,1.0,presenter,presenter,mt_vote,2026-03-19T13:13:14,,,,,en,en,en,presenter
entity,en,president,president,Chairman,president,president,0.9,0.0,0.0,0.0,0.0,0.0,0.0,Chairman,Chairman,mt_vote_revoted_gte_langfilter,2026-03-19T13:41:05,0.7504189014434814,,,nllb,fr,en,en,Chairman
entity,en,president_de_Turquia,president de Turquia,President of Turkey,President of Turkey,President of Turkey,0.9,1.0,1.0,1.0,1.0,1.0,1.0,President of Turkey,President of Turkey,mt_vote,2026-03-19T13:13:14,,,,,en,en,en,President_of_Turkey
entity,en,president_de_la_Cambra_de_Diputats,president de la Cambra de Diputats,President of the Chamber of Deputies,President of the Chamber of Deputies,President of the Chamber of Deputies,0.9,1.0,1.0,1.0,1.0,1.0,1.0,President of the Chamber of Deputies,President of the Chamber of Deputies,mt_vote,2026-03-19T13:13:15,,,,,en,en,en,President_of_the_Chamber_of_Deputies
entity,en,president_del_senat,president del senat,President of the Senate,president of the senate,president of the Senate,0.9,1.0,1.0,1.0,1.0,1.0,1.0,President of the Senate,President of the Senate,mt_vote,2026-03-19T13:13:16,,,,,en,en,en,President_of_the_Senate
entity,en,president_dels_Estats_Units,president dels Estats Units,President of the United States,President of the United States,President of the United States,0.9,1.0,1.0,1.0,1.0,1.0,1.0,President of the United States,President of the United States,mt_vote,2026-03-19T13:13:17,,,,,en,en,en,President_of_the_United_States
entity,en,primer_ministre,primer ministre,Prime Minister,prime minister,Prime Minister,0.9,1.0,1.0,1.0,1.0,1.0,1.0,prime minister,prime minister,mt_vote_revoted_gte_langfilter,2026-03-19T13:41:05,0.8806208372116089,0.9227291345596312,0.8806208372116089,madlad,es,it,es,prime_minister
entity,en,primer_ministre_de_Romania,primer ministre de Romania,Prime Minister of Romania,prime minister of Romania,Prime Minister of Romania,0.9,1.0,1.0,1.0,1.0,1.0,1.0,Prime Minister of Romania,Prime Minister of Romania,mt_vote,2026-03-19T13:13:18,,,,,en,en,en,Prime_Minister_of_Romania
entity,en,primer_ministre_de_l'Azerbaidjan,primer ministre de l'Azerbaidjan,Prime Minister of Azerbaijan,prime minister of Azerbaijan,Prime Minister of Azerbaijan,0.9,1.0,1.0,1.0,1.0,1.0,1.0,Prime Minister of Azerbaijan,Prime Minister of Azerbaijan,mt_vote,2026-03-19T13:13:18,,,,,en,en,en,Prime_Minister_of_Azerbaijan
entity,en,principi_antròpic,principi antròpic,the anthropic principle,anthropic principle,Anthropic principle,0.9,0.9048,0.9048,1.0,1.0,1.0,1.0,anthropic principle,anthropic principle,mt_vote,2026-03-19T13:13:19,,,,,en,en,en,anthropic_principle
entity,en,propietat_contribuïdora,propietat contribuïdora,contributing property,contributing property,contributing property,0.9,1.0,1.0,1.0,1.0,1.0,1.0,contributing property,contributing property,mt_vote,2026-03-19T13:13:20,,,,,en,en,en,contributing_property
entity,en,proto-punk,proto-punk,Proto-punk is a genre of punk music.,proto-punk,proto-punk,0.9,0.4348,0.4348,1.0,0.0,0.0,1.0,proto-punk,proto-punk,mt_vote,2026-03-19T13:13:20,,,,,en,en,en,proto-punk
entity,en,província_de_Luanda,província de Luanda,Province of Luanda,province of Luanda,Luanda province,0.9,0.0,0.0,0.0,0.0,0.0,0.0,Luanda province,Luanda province,mt_vote_revoted_gte_langfilter,2026-03-19T13:41:05,,,0.9353665113449096,salamandra,en,en,pt,Luanda_province
entity,en,psicodèlia,psicodèlia,psychedelia,psychedelia,psychedelia,0.9,1.0,1.0,1.0,1.0,1.0,1.0,psychedelia,psychedelia,mt_vote_revoted_gte_langfilter,2026-03-19T13:41:05,0.801859438419342,0.801859438419342,0.801859438419342,nllb,pl,pl,pl,psychedelia
entity,en,punk_blues,punk blues,It's the punk blues.,punk blues,punk blues,0.9,0.6667,0.6667,1.0,0.0,0.0,1.0,punk blues,punk blues,mt_vote,2026-03-19T13:13:22,,,,,en,en,en,punk_blues
entity,en,punk_rock,punk rock,punk rock,punk rock,punk rock,0.9,1.0,1.0,1.0,1.0,1.0,1.0,punk rock,punk rock,mt_vote,2026-03-19T13:13:22,,,,,en,en,en,punk_rock
entity,en,quètxup,quètxup,Quetchup,quetxup,ketchup,0.9,0.8,0.8,0.5714,0.0,0.0,0.0,Quetchup,Quetchup,mt_vote,2026-03-19T13:13:23,,,,,en,en,en,Quetchup
entity,en,raça_blanca,raça blanca,white race,white,white race,0.9,0.6667,1.0,0.6667,0.0,1.0,0.0,white race,white race,mt_vote,2026-03-19T13:13:23,,,,,en,en,en,white_race
entity,en,rear_admiral,rear admiral,Rear Admiral,rear admiral,Rear admiral,0.9,1.0,1.0,1.0,1.0,1.0,1.0,Rear Admiral,Rear Admiral,mt_vote,2026-03-19T13:13:24,,,,,en,en,en,Rear_Admiral
entity,en,reggae,reggae,Reggae,reggae,reggae,0.9,1.0,1.0,1.0,1.0,1.0,1.0,reggae,reggae,mt_vote_revoted_gte_langfilter,2026-03-19T13:41:05,0.8820730447769165,1.000000238418579,1.000000238418579,madlad,nn,nn,nn,reggae
entity,en,regió_Flamenca,regió Flamenca,Flemish region,Flemish region,Flemish region,0.9,1.0,1.0,1.0,1.0,1.0,1.0,Flemish region,Flemish region,mt_vote_revoted_gte_langfilter,2026-03-19T13:41:05,0.7060314416885376,0.7060314416885376,0.7060314416885376,nllb,et,et,et,Flemish_region
entity,en,relativitat_general,relativitat general,general relativity,general relativity,general relativity,0.9,1.0,1.0,1.0,1.0,1.0,1.0,general relativity,general relativity,mt_vote,2026-03-19T13:13:25,,,,,en,en,en,general_relativity
entity,en,retirat,retirat,retired,retired,retired,0.9,1.0,1.0,1.0,1.0,1.0,1.0,retired,retired,mt_vote,2026-03-19T13:13:26,,,,,en,en,en,retired
entity,en,retrovirus,retrovirus,retroviruses,retrovirus,retrovirus,0.9,0.9091,0.9091,1.0,1.0,1.0,1.0,retrovirus,retrovirus,mt_vote,2026-03-19T13:13:26,,,,,en,en,en,retrovirus
entity,en,rhythm_and_blues,rhythm and blues,rhythm and blues,rhythm and blues,rhythm and blues,0.9,1.0,1.0,1.0,1.0,1.0,1.0,rhythm and blues,rhythm and blues,mt_vote,2026-03-19T13:13:27,,,,,en,en,en,rhythm_and_blues
entity,en,rock,rock,rock and roll,rock,rock,0.9,0.4706,0.4706,1.0,0.0,0.0,1.0,rock,rock,mt_vote,2026-03-19T13:13:27,,,,,en,en,en,rock
entity,en,rock_alternatiu,rock alternatiu,alternative rock,alternative rock,alternative rock,0.9,1.0,1.0,1.0,1.0,1.0,1.0,alternative rock,alternative rock,mt_vote,2026-03-19T13:13:28,,,,,en,en,en,alternative_rock
entity,en,rock_and_roll,rock and roll,rock and roll,rock and roll,rock and roll,0.9,1.0,1.0,1.0,1.0,1.0,1.0,rock and roll,rock and roll,mt_vote,2026-03-19T13:13:28,,,,,en,en,en,rock_and_roll
entity,en,rosals,rosals,roses,rosals,roses,0.9,0.7273,1.0,0.7273,0.0,1.0,0.0,roses,roses,mt_vote,2026-03-19T13:13:29,,,,,en,en,en,roses
entity,en,rosàcies,rosàcies,roses,rosáceas,Rosaceae,0.9,0.0,0.0,0.0,0.0,0.0,0.0,rosáceas,rosáceas,mt_vote_revoted_gte_langfilter,2026-03-19T13:41:05,,0.925646424293518,,madlad,en,ga,en,rosáceas
entity,en,rupia_de_Sri_Lanka,rupia de Sri Lanka,Sri Lankan rupee,Sri Lankan rupee,Sri Lankan rupee,0.9,1.0,1.0,1.0,1.0,1.0,1.0,Sri Lankan rupee,Sri Lankan rupee,mt_vote_revoted_gte_langfilter,2026-03-19T13:41:05,0.9002678990364075,0.9002678990364075,0.9002678990364075,nllb,id,id,id,Sri_Lankan_rupee
entity,en,rupia_índia,rupia índia,Indian rupee,Indian rupee,Indian rupee,0.9,1.0,1.0,1.0,1.0,1.0,1.0,Indian rupee,Indian rupee,mt_vote,2026-03-19T13:13:30,,,,,en,en,en,Indian_rupee
entity,en,rutàcies,rutàcies,routines,rotacies,rutáceas,0.9,0.0,0.0,0.5,0.0,0.0,0.0,rotacies,rotacies,mt_vote_revoted_gte_langfilter,2026-03-19T13:41:05,,0.7879147529602051,0.7773398756980896,madlad,en,es,ga,rotacies
entity,en,salsa_arrabbiata,salsa arrabbiata,Angry sauce,salsa arrabbiata,arrabbiata sauce,0.9,0.1481,0.0,0.0,0.0,0.0,0.0,salsa arrabbiata,salsa arrabbiata,mt_vote_revoted_gte_langfilter,2026-03-19T13:41:05,0.7306897640228271,1.0000001192092896,,madlad,ro,mt,en,salsa_arrabbiata
entity,en,salsa_d'ostres,salsa d'ostres,Oysters sauce,oyster sauce,Oyster Sauce,0.9,0.96,0.0,0.0,1.0,0.0,0.0,oyster sauce,oyster sauce,mt_vote_revoted_gte_langfilter,2026-03-19T13:41:05,0.7392098903656006,0.7689609527587891,,madlad,ro,ro,en,oyster_sauce
entity,en,salsitxa,salsitxa,Sausage,sausage,sausage,0.9,1.0,1.0,1.0,1.0,1.0,1.0,sausage,sausage,mt_vote_revoted_gte_langfilter,2026-03-19T13:41:05,0.5995402336120605,0.659683346748352,0.659683346748352,madlad,de,lt,lt,sausage
entity,en,segment_B,segment B,section B,Segment B,segment B,0.9,0.0,0.0,1.0,0.0,0.0,1.0,segment B,segment B,mt_vote_revoted_gte_langfilter,2026-03-19T13:41:05,,0.9486719369888306,1.0,salamandra,en,es,it,segment_B
entity,en,selecció_Olímpica_de_l'Uruguai,selecció Olímpica de l'Uruguai,Olympic team of Uruguay,Olympic selection of Uruguay,Uruguay Olympic Selection,0.9,0.7843,0.4167,0.6415,0.0,0.0,0.0,Olympic selection of Uruguay,Olympic selection of Uruguay,mt_vote,2026-03-19T13:13:34,,,,,en,en,en,Olympic_selection_of_Uruguay
entity,en,senat_estatal,senat estatal,state senate,state senate,state senate,0.9,1.0,1.0,1.0,1.0,1.0,1.0,state senate,state senate,mt_vote,2026-03-19T13:13:34,,,,,en,en,en,state_senate
entity,en,setge_de_Petersburg,setge de Petersburg,Siege of Petersburg,siege of Petersburg,Siege of Petersburg,0.9,1.0,1.0,1.0,1.0,1.0,1.0,Siege of Petersburg,Siege of Petersburg,mt_vote,2026-03-19T13:13:35,,,,,en,en,en,Siege_of_Petersburg
entity,en,sintetitzador,sintetitzador,synthesizer,synthesizer,synthesizer,0.9,1.0,1.0,1.0,1.0,1.0,1.0,synthesizer,synthesizer,mt_vote_revoted_gte_langfilter,2026-03-19T13:41:05,0.8783187866210938,0.8783187866210938,0.8783187866210938,nllb,de,de,de,synthesizer
entity,en,ska,ska,I'm going,ska,ska,0.9,0.0,0.0,1.0,0.0,0.0,1.0,ska,ska,mt_vote_revoted_gte_langfilter,2026-03-19T13:41:05,,1.0,1.0,salamandra,en,sv,sv,ska
entity,en,ska_punk,ska punk,It's called ska punk.,ska punk,ska punk,0.9,0.5517,0.5517,1.0,0.0,0.0,1.0,ska punk,ska punk,mt_vote_revoted_gte_langfilter,2026-03-19T13:41:05,0.9022448062896729,1.0,1.0,salamandra,sv,sv,sv,ska_punk
entity,en,sludge_metal,sludge metal,metallic sludge,sludge metal,sludge metal,0.9,0.4444,0.4444,1.0,0.0,0.0,1.0,sludge metal,sludge metal,mt_vote,2026-03-19T13:13:37,,,,,en,en,en,sludge_metal
entity,en,solanàcies,solanàcies,Solitude,solanaceas,solanaceous,0.9,0.0,0.0,0.0,0.0,0.0,0.0,Solitude,Solitude,mt_vote_revoted_gte_langfilter,2026-03-19T13:41:05,0.6430120468139648,,,nllb,et,en,en,Solitude
entity,en,sopa,sopa,soup,soup,soup,0.9,1.0,1.0,1.0,1.0,1.0,1.0,soup,soup,mt_vote,2026-03-19T13:13:38,,,,,en,en,en,soup
entity,en,tapioca,tapioca,Other vegetables,Tapioca,tapioca,0.9,0.1739,0.1739,1.0,0.0,0.0,1.0,Tapioca,Tapioca,mt_vote,2026-03-19T13:13:38,,,,,en,en,en,Tapioca
entity,en,tennis,tennis,tennis,tennis,tennis,0.9,1.0,1.0,1.0,1.0,1.0,1.0,tennis,tennis,mt_vote,2026-03-19T13:13:38,,,,,en,en,en,tennis
entity,en,tinent_coronel,tinent coronel,Lieutenant Colonel,Lieutenant Colonel,Lieutenant Colonel,0.9,1.0,1.0,1.0,1.0,1.0,1.0,Lieutenant Colonel,Lieutenant Colonel,mt_vote_revoted_gte_langfilter,2026-03-19T13:41:05,0.744617760181427,0.744617760181427,0.744617760181427,nllb,fr,fr,fr,Lieutenant_Colonel
entity,en,tomàquet,tomàquet,Tomatoes,tomato,tomato,0.9,0.0,0.0,0.0,0.0,0.0,0.0,Tomatoes,Tomatoes,mt_vote_revoted_gte_langfilter,2026-03-19T13:41:05,0.6829235553741455,,,nllb,nl,en,en,Tomatoes
entity,en,tracció_al_davant,tracció al davant,traction in front,front traction,traction in front,0.9,0.5161,1.0,0.5161,0.0,1.0,0.0,traction in front,traction in front,mt_vote,2026-03-19T13:13:40,,,,,en,en,en,traction_in_front
entity,en,tracció_davantera_/_tracció_a_totes_les_rodes,tracció davantera / tracció a totes les rodes,front-wheel drive / all-wheel drive,front-wheel drive / all-wheel drive,front-wheel drive / all-wheel drive,0.9,1.0,1.0,1.0,1.0,1.0,1.0,front-wheel drive / all-wheel drive,front-wheel drive / all-wheel drive,mt_vote,2026-03-19T13:13:41,,,,,en,en,en,front-wheel_drive_/_all-wheel_drive
entity,en,transmissió_dièsel-elèctric,transmissió dièsel-elèctric,Diesel-electric transmission,diesel-electric transmission,diesel-electric transmission,0.9,1.0,1.0,1.0,1.0,1.0,1.0,Diesel-electric transmission,Diesel-electric transmission,mt_vote,2026-03-19T13:13:42,,,,,en,en,en,Diesel-electric_transmission
entity,en,universitat_de_recerca,universitat de recerca,research university,research university,research university,0.9,1.0,1.0,1.0,1.0,1.0,1.0,research university,research university,mt_vote,2026-03-19T13:13:42,,,,,en,en,en,research_university
entity,en,uruguaians,uruguaians,Uruguayans,uruguaians,Uruguayans,0.9,0.9,1.0,0.9,1.0,1.0,1.0,uruguaians,uruguaians,mt_vote_revoted_gte_langfilter,2026-03-19T13:41:05,0.9418071508407592,1.0,0.9418071508407592,madlad,id,rw,id,uruguaians
entity,en,vaixell_de_creuers_de_classe_Sphinx,vaixell de creuers de classe Sphinx,Sphinx-class cruise ship,Sphinx-class cruiser,Sphinx-class cruise ship,0.9,0.0,0.0,0.0,0.0,0.0,0.0,Sphinx-class cruiser,Sphinx-class cruiser,mt_vote_revoted_gte_langfilter,2026-03-19T13:41:05,,0.8812412619590759,,madlad,en,nl,en,Sphinx-class_cruiser
entity,en,verdura,verdura,Fruit and vegetables,vegetables,vegetable,0.9,0.0,0.0,0.9474,0.0,0.0,1.0,vegetables,vegetables,mt_vote_revoted_gte_langfilter,2026-03-19T13:41:05,,0.9123096466064452,0.9054592251777648,madlad,en,de,de,vegetables
entity,en,vermicelli,vermicelli,Red onions,vermicelli,vermicelli,0.9,0.3,0.3,1.0,0.0,0.0,1.0,vermicelli,vermicelli,mt_vote,2026-03-19T13:13:45,,,,,en,en,en,vermicelli
entity,en,"veu,_bodhrán,_percussió,_autoharp","veu, bodhrán, percussió, autoharp","vocals, bodhrán, percussion, and the autoharp.","voice, bodhrán, percussion, autoharp","voice, bodhrán, percussion, autoharp",0.9,0.0,0.0,1.0,0.0,0.0,1.0,"voice, bodhrán, percussion, autoharp","voice, bodhrán, percussion, autoharp",mt_vote_revoted_gte_langfilter,2026-03-19T13:41:05,,0.9707533717155457,0.9707533717155457,salamandra,en,cs,cs,"voice,_bodhrán,_percussion,_autoharp"
entity,en,vicepresident,vicepresident,Vice Chairman,Vice-President,Vice President,0.9,0.4444,0.0,0.0,0.0,0.0,0.0,Vice-President,Vice-President,mt_vote_revoted_gte_langfilter,2026-03-19T13:41:05,0.8288848996162415,0.8512434959411621,,madlad,fr,de,en,Vice-President
entity,en,videojoc_en_línia,videojoc en línia,online video game,online video game,online video game,0.9,1.0,1.0,1.0,1.0,1.0,1.0,online video game,online video game,mt_vote,2026-03-19T13:13:47,,,,,en,en,en,online_video_game
entity,en,violoncel,violoncel,cello,cello,cello,0.9,1.0,1.0,1.0,1.0,1.0,1.0,cello,cello,mt_vote,2026-03-19T13:13:47,,,,,en,en,en,cello
entity,en,virus_de_la_immunodeficiència_humana,virus de la immunodeficiència humana,Human immunodeficiency virus,human immunodeficiency virus,human immunodeficiency virus,0.9,1.0,1.0,1.0,1.0,1.0,1.0,human immunodeficiency virus,human immunodeficiency virus,mt_vote_revoted_gte_langfilter,2026-03-19T13:41:05,0.8644979596138,0.9082425832748412,0.9082425832748412,madlad,es,es,es,human_immunodeficiency_virus
entity,en,xinesos_al_Japó,xinesos al Japó,Chinese to Japan,Chinese in Japan,Chinese in Japan,0.9,0.875,0.875,1.0,0.0,0.0,1.0,Chinese in Japan,Chinese in Japan,mt_vote,2026-03-19T13:13:49,,,,,en,en,en,Chinese_in_Japan
entity,en,xinesos_malais,xinesos malais,Malaysian Chinese,Chinese Malay,Malaysian Chinese,0.9,0.4667,1.0,0.4667,0.0,1.0,0.0,Malaysian Chinese,Malaysian Chinese,mt_vote,2026-03-19T13:13:49,,,,,en,en,en,Malaysian_Chinese
entity,en,xocolata,xocolata,Chocolate,chocolate,chocolate,0.9,1.0,1.0,1.0,1.0,1.0,1.0,chocolate,chocolate,mt_vote_revoted_gte_langfilter,2026-03-19T13:41:05,0.8777414560317993,0.8780525326728821,0.8780525326728821,madlad,it,it,it,chocolate
entity,en,xoriço,xoriço,whirlwind,chorizo,chorizo,0.9,0.25,0.25,1.0,0.0,0.0,1.0,chorizo,chorizo,mt_vote,2026-03-19T13:13:50,,,,,en,en,en,chorizo
entity,en,~500,~500,,,,0.9,,,,,,,,~500,passthrough_number_symbols,2026-03-19T13:13:50,,,,,und,und,und,~500
entity,en,Àcid_cítricName,Àcid cítricName,Citric acidName,Citric Acid,Citric acid,0.9,0.8462,0.8462,1.0,0.0,0.0,1.0,Citric Acid,Citric Acid,mt_vote,2026-03-19T13:13:51,,,,,en,en,en,Citric_Acid
entity,en,Àguila_(automòbil),Àguila (automòbil),Eagle (car),Eagle (car),Aguila (car),0.9,1.0,0.7826,0.7826,1.0,0.0,0.0,Eagle (car),Eagle (car),mt_vote_revoted_gte_langfilter,2026-03-19T13:41:06,0.76567542552948,0.76567542552948,0.9319185614585876,nllb,it,it,sl,Eagle_(car)
entity,en,Àrabs_britànics,Àrabs britànics,British Arabs,British Arabic,British Arabs,0.9,0.0,0.0,0.0,0.0,0.0,0.0,British Arabic,British Arabic,mt_vote_revoted_gte_langfilter,2026-03-19T13:41:06,,0.8923435807228088,,madlad,en,eu,en,British_Arabic
entity,en,Àrea_de_codi_postal_B,Àrea de codi postal B,Postal code area B,ZIP Code Area B,Postal code area B,0.9,0.7879,1.0,0.7879,0.0,1.0,0.0,Postal code area B,Postal code area B,mt_vote,2026-03-19T13:13:53,,,,,en,en,en,Postal_code_area_B
entity,en,Àrea_metropolitana_de_Los_Angeles,Àrea metropolitana de Los Angeles,Los Angeles metropolitan area,Los Angeles Metropolitan Area,Los Angeles Metropolitan Area,0.9,1.0,1.0,1.0,1.0,1.0,1.0,Los Angeles metropolitan area,Los Angeles metropolitan area,mt_vote_revoted_gte_langfilter,2026-03-19T13:41:06,0.9430190920829772,0.9190272092819214,0.9190272092819214,nllb,es,es,es,Los_Angeles_metropolitan_area
entity,en,Àustria,Àustria,Austria,Austria,Austria,0.9,1.0,1.0,1.0,1.0,1.0,1.0,Austria,Austria,mt_vote,2026-03-19T13:13:53,,,,,en,en,en,Austria
entity,en,Àustria-Hongria,Àustria-Hongria,Austria-Hungary,Austria-Hungary,Austria-Hungary,0.9,1.0,1.0,1.0,1.0,1.0,1.0,Austria-Hungary,Austria-Hungary,mt_vote_revoted_gte_langfilter,2026-03-19T13:41:06,0.8987568020820618,0.8987568020820618,0.8987568020820618,nllb,id,id,id,Austria-Hungary
entity,en,"Æthelwald,_Ealdorman_d'East_Anglia","Æthelwald, Ealdorman d'East Anglia","Æthelwald, Ealdorman of East Anglia","Æthelwald, Ealdorman of East Anglia","Æthelwald, Ealdorman of East Anglia",0.9,1.0,1.0,1.0,1.0,1.0,1.0,"Æthelwald, Ealdorman of East Anglia","Æthelwald, Ealdorman of East Anglia",mt_vote,2026-03-19T13:13:55,,,,,en,en,en,"Æthelwald,_Ealdorman_of_East_Anglia"
entity,en,Ícolo_e_Bengo,Ícolo e Bengo,Icolos and Bengo,Ícolo and Bengo,Ícolo e Bengo,0.9,0.0,0.0,0.8571,0.0,0.0,0.0,Ícolo e Bengo,Ícolo e Bengo,mt_vote_revoted_gte_langfilter,2026-03-19T13:41:06,,0.8851866126060486,1.0000001192092896,salamandra,en,tl,an,Ícolo_e_Bengo
entity,en,Índia,Índia,India,India,India,0.9,1.0,1.0,1.0,1.0,1.0,1.0,India,India,mt_vote,2026-03-19T13:13:57,,,,,en,en,en,India
entity,en,"Ítaca,_Nova_York","Ítaca, Nova York","Ithaca, N.Y.","Ithaca, NY","Itaca, New York",0.9,0.9091,0.6667,0.72,1.0,0.0,0.0,"Ithaca, N.Y.","Ithaca, N.Y.",mt_vote,2026-03-19T13:13:57,,,,,en,en,en,"Ithaca,_N.Y."
entity,en,àlbum_recopilatori,àlbum recopilatori,compilation album,compilation album,compilation album,0.9,1.0,1.0,1.0,1.0,1.0,1.0,compilation album,compilation album,mt_vote,2026-03-19T13:13:58,,,,,en,en,en,compilation_album
entity,en,àrab,àrab,Arabic,Arabic,Arab,0.9,1.0,0.0,0.0,1.0,0.0,0.0,Arabic,Arabic,mt_vote_revoted_gte_langfilter,2026-03-19T13:41:06,0.7782462239265442,0.7782462239265442,,nllb,eu,eu,en,Arabic
entity,en,àrab_estàndard_modern,àrab estàndard modern,Modern Standard Arabic,Standard Modern Arabic,Modern Standard Arabic,0.9,0.6818,1.0,0.6818,0.0,1.0,0.0,Modern Standard Arabic,Modern Standard Arabic,mt_vote_revoted_gte_langfilter,2026-03-19T13:41:06,0.8406415581703186,0.8291167616844177,0.8406415581703186,salamandra,eu,eu,eu,Modern_Standard_Arabic
entity,en,àrabs_d'Israel,àrabs d'Israel,Arabs of Israel,Arabs of Israel,Arabs of Israel,0.9,1.0,1.0,1.0,1.0,1.0,1.0,Arabs of Israel,Arabs of Israel,mt_vote,2026-03-19T13:13:59,,,,,en,en,en,Arabs_of_Israel
entity,en,àrea_de_la_badia_de_San_Francisco,àrea de la badia de San Francisco,the San Francisco Bay Area,San Francisco Bay Area,San Francisco Bay area,0.9,0.0,0.0,0.0,0.0,0.0,0.0,San Francisco Bay Area,San Francisco Bay Area,mt_vote_revoted_gte_langfilter,2026-03-19T13:41:06,,0.8008437156677246,,madlad,en,es,en,San_Francisco_Bay_Area
entity,en,àrea_metropolitana_de_Kansas_City,àrea metropolitana de Kansas City,Kansas City metropolitan area,Kansas City metropolitan area,Kansas City Metropolitan Area,0.9,1.0,1.0,1.0,1.0,1.0,1.0,Kansas City metropolitan area,Kansas City metropolitan area,mt_vote,2026-03-19T13:14:01,,,,,en,en,en,Kansas_City_metropolitan_area
entity,en,Žan_Tabak,Žan Tabak,It's called Žan Tabak.,Žan Tabak,Žan Tabak,0.9,0.0,0.0,1.0,0.0,0.0,1.0,Žan Tabak,Žan Tabak,mt_vote_revoted_gte_langfilter,2026-03-19T13:41:06,,1.0,1.0,salamandra,en,sk,sk,Žan_Tabak
entity,en,−6,−6,,,,0.9,,,,,,,,−6,passthrough_number_symbols,2026-03-19T13:14:01,,,,,und,und,und,−6
