kind,lang,source_token,source_query_text,mt_nllb,mt_madlad,mt_salamandra,vote_threshold,sim_nllb_madlad,sim_nllb_salamandra,sim_madlad_salamandra,agree_nllb_madlad,agree_nllb_salamandra,agree_madlad_salamandra,mt_voted,final_text,final_source,processed_at,cos_en_nllb,cos_en_madlad,cos_en_salamandra,gte_winner,lang_nllb,lang_madlad,lang_salamandra,output_token
relation,ca,1stRunwayLengthFeet,1st Runway Length Feet,1a pista Llargada peus,Longitud de la primera pista en peus,1a longitud de la pista en peus,0.9,0.4483,0.5283,0.8358,0,0,0,Longitud de la primera pista en peus,Longitud de la primera pista en peus,mt_vote_revoted_gte_langfilter,2026-02-28T21:16:44,0.7423450350761414,0.7613280415534973,0.7482715845108032,madlad,ca,ca,es,LongitudDeLaPrimeraPistaEnPeus
relation,ca,1stRunwayLengthMetre,1st Runway Length Metre,Duració de la 1a pista Mètre,Metre de longitud de la primera pista,1a longitud de la pista en metres,0.9,0.4923,0.5902,0.6,0,0,0,Metre de longitud de la primera pista,Metre de longitud de la primera pista,mt_vote_revoted_gte_langfilter,2026-02-28T21:16:44,0.757858157157898,0.8211570978164673,0.7988789081573486,madlad,ca,es,es,MetreDeLongitudDeLaPrimeraPista
relation,ca,1stRunwayNumber,1st Runway Number,Número de primera pista,Número de pista 1,1r número de pista,0.9,0.75,0.7317,0.8571,0,0,0,1r número de pista,1r número de pista,mt_vote_revoted_gte_langfilter,2026-02-28T21:16:44,0.7556498050689697,0.7609415650367737,0.7661938667297363,salamandra,es,gl,gl,1rNúmeroDePista
relation,ca,1stRunwaySurfaceType,1st Runway Surface Type,1er tipus de superfície de pista,Tipus de superfície de la primera pista,Tipus de superfície de la 1a pista,0.9,0.7887,0.8485,0.9041,0,0,1,Tipus de superfície de la primera pista,Tipus de superfície de la primera pista,mt_vote_revoted_gte_langfilter,2026-02-28T21:16:44,0.7922278046607971,0.8017343282699585,0.7960366010665894,madlad,ca,ca,ca,TipusDeSuperfícieDeLaPrimeraPista
relation,ca,2ndRunwaySurfaceType,2nd Runway Surface Type,Tipus de superfície de 2a pista,Tipus de superfície de la segona pista,Tipus de superfície de la segona pista,0.9,0.8696,0.8696,1.0,0,0,1,Tipus de superfície de la segona pista,Tipus de superfície de la segona pista,mt_vote_revoted_gte_langfilter,2026-02-28T21:16:44,0.8187755942344666,0.8015490770339966,0.8015490770339966,madlad,ca,ca,ca,TipusDeSuperfícieDeLaSegonaPista
relation,ca,3rdRunwayLengthFeet,3rd Runway Length Feet,3a pista Llargada peus,Longitud de la tercera pista en peus,3a longitud de la pista en peus,0.9,0.4483,0.5283,0.8358,0,0,0,3a longitud de la pista en peus,3a longitud de la pista en peus,mt_vote_revoted_gte_langfilter,2026-02-28T21:16:44,0.7769752144813538,0.7769134640693665,0.7888455390930176,salamandra,ca,es,es,3aLongitudDeLaPistaEnPeus
relation,ca,3rdRunwaySurfaceType,3rd Runway Surface Type,Tipus de superfície de la 3a pista,Tipus de superfície de la tercera pista,Tipus de superfície de la 3a pista,0.9,0.9041,1.0,0.9041,1,1,1,Tipus de superfície de la 3a pista,Tipus de superfície de la 3a pista,mt_vote_revoted_gte_langfilter,2026-02-28T21:16:44,0.8096204996109009,0.8068473935127258,0.8096204996109009,nllb,ca,ca,ca,TipusDeSuperfícieDeLa3aPista
relation,ca,4thRunwayLengthFeet,4th Runway Length Feet,4a pista longitud peus,Longitud de la 4a pista en peus,Longitud de la 4a pista en peus,0.9,0.566,0.566,1.0,0,0,1,Longitud de la 4a pista en peus,Longitud de la 4a pista en peus,mt_vote_revoted_gte_langfilter,2026-02-28T21:16:44,0.7551956176757812,0.7873700857162476,0.7873700857162476,madlad,es,es,es,LongitudDeLa4aPistaEnPeus
relation,ca,4thRunwaySurfaceType,4th Runway Surface Type,4è tipus de superfície de pista,Tipus de superfície de la quarta pista,Tipus de superfície de la 4a pista,0.9,0.8116,0.8615,0.9167,0,0,1,Tipus de superfície de la 4a pista,Tipus de superfície de la 4a pista,mt_vote_revoted_gte_langfilter,2026-02-28T21:16:44,0.8144872188568115,0.8181076645851135,0.8205196261405945,salamandra,ca,ca,ca,TipusDeSuperfícieDeLa4aPista
relation,ca,5thRunwayNumber,5th Runway Number,5è número de pista,Número de pista 5,Nombre de la 5a pista,0.9,0.8571,0.6154,0.6316,0,0,0,5è número de pista,5è número de pista,mt_vote_revoted_gte_langfilter,2026-02-28T21:16:44,0.8138576745986938,0.7988501787185669,0.7664777040481567,nllb,ca,gl,fr,5èNúmeroDePista
relation,ca,5thRunwaySurfaceType,5th Runway Surface Type,5è tipus de superfície de pista,Tipus de superfície de la cinquena pista,Tipus de superfície de la 5a pista,0.9,0.7887,0.8615,0.8919,0,0,0,Tipus de superfície de la 5a pista,Tipus de superfície de la 5a pista,mt_vote_revoted_gte_langfilter,2026-02-28T21:16:44,0.8133319616317749,0.8108509182929993,0.8160925507545471,salamandra,ca,ca,ca,TipusDeSuperfícieDeLa5aPista
relation,ca,LCCN_number,LCCN number,Número LCCN,Número LCCN,LCCN number,0.9,1.0,0.0,0.0,1,0,0,Número LCCN,Número LCCN,mt_vote_revoted_gte_langfilter,2026-02-28T21:16:44,0.9470438957214355,0.9470438957214355,,madlad,es,es,en,NúmeroLCCN
relation,ca,NationalRegisterOfHistoricPlacesReferenceNumber,National Register Of Historic Places Reference Number,Número de referència del Registre Nacional de Llocs Històrics,Número de referència del Registre Nacional de Llocs Històrics,Referència del Registre Nacional de Llocs Històrics,0.9,1.0,0.9107,0.9107,1,1,1,Número de referència del Registre Nacional de Llocs Històrics,Número de referència del Registre Nacional de Llocs Històrics,mt_vote_revoted_gte_langfilter,2026-02-28T21:16:44,0.8560534715652466,0.8560534715652466,0.8116821050643921,nllb,ca,ca,ca,NúmeroDeReferènciaDelRegistreNacionalDeLlocsHistòrics
relation,ca,abbreviation,abbreviation,abreviació,abreviatura,abreviatura,0.9,0.0,0.0,0.0,0,0,0,abreviació,abreviació,mt_vote_revoted_gte_langfilter,2026-02-28T21:16:44,0.8799355030059814,,,nllb,es,en,en,Abreviació
relation,ca,absoluteMagnitude,absolute Magnitude,Magnitud absoluta,Magnitud absoluta,magnitud absoluta,0.9,1.0,1.0,1.0,1,1,1,Magnitud absoluta,Magnitud absoluta,mt_vote_revoted_gte_langfilter,2026-02-28T21:16:44,0.8588550090789795,0.8588550090789795,0.8582935929298401,nllb,et,et,et,MagnitudAbsoluta
relation,ca,academicDiscipline,academic Discipline,Disciplina acadèmica,Disciplina acadèmica,Disciplina acadèmica,0.9,1.0,1.0,1.0,1,1,1,Disciplina acadèmica,Disciplina acadèmica,mt_vote_revoted_gte_langfilter,2026-02-28T21:16:44,0.8832338452339172,0.8832338452339172,0.8832338452339172,nllb,oc,oc,oc,DisciplinaAcadèmica
relation,ca,academicStaffSize,academic Staff Size,personal acadèmic,Mida del personal acadèmic,Mida del personal acadèmic,0.9,0.7907,0.7907,1.0,0,0,1,Mida del personal acadèmic,Mida del personal acadèmic,mt_vote_revoted_gte_langfilter,2026-02-28T21:16:44,0.6481486558914185,0.7166628837585449,0.7166628837585449,madlad,oc,oc,oc,MidaDelPersonalAcadèmic
relation,ca,activeYearsEndDate,active Years End Date,Any actiu Data de finalització,Data de finalització de l' any actiu@ info: whatsthis,Data de finalització d'anys activa,0.9,0.4819,0.625,0.7356,0,0,0,Data de finalització d'anys activa,Data de finalització d'anys activa,mt_vote_revoted_gte_langfilter,2026-02-28T21:16:44,0.8491700291633606,0.7776570916175842,0.8824660778045654,salamandra,ca,ca,ca,DataDeFinalitzacióD'anysActiva
relation,ca,activeYearsEndYear,active Years End Year,Anys actius Fin d'any,active Years End Year,active Years End Year,0.9,0.0,0.0,0.0,0,0,0,Anys actius Fin d'any,Anys actius Fin d'any,mt_vote_revoted_gte_langfilter,2026-02-28T21:16:44,0.819495677947998,,,nllb,fr,en,en,AnysActiusFinD'any
relation,ca,activeYearsStartDate,active Years Start Date,Anys actius Data d'inici,any( s) actiu( s) Data d' inici,Anys actius Data d'inici,0.9,0.8727,1.0,0.8727,0,1,0,Anys actius Data d'inici,Anys actius Data d'inici,mt_vote_revoted_gte_langfilter,2026-02-28T21:16:44,0.8671738505363464,0.8261136412620544,0.8671738505363464,salamandra,ca,ca,ca,AnysActiusDataD'inici
relation,ca,activeYearsStartYear,active Years Start Year,Anys actius Any d'inici,active Years Comença l' any,anys actius Any d'inici,0.9,0.36,1.0,0.36,0,1,0,anys actius Any d'inici,anys actius Any d'inici,mt_vote_revoted_gte_langfilter,2026-02-28T21:16:44,0.8224338889122009,0.9082058668136596,0.8445925712585449,salamandra,ca,oc,ca,AnysActiusAnyD'inici
relation,ca,addedToTheNationalRegisterOfHistoricPlaces,added To The National Register Of Historic Places,afegit al Registre Nacional de Llocs Històrics,S' ha afegit al Registre Nacional de Llocs Històrics,Afegit al Registre Nacional de Llocs Històrics,0.9,0.9388,1.0,0.9388,1,1,1,S' ha afegit al Registre Nacional de Llocs Històrics,S' ha afegit al Registre Nacional de Llocs Històrics,mt_vote_revoted_gte_langfilter,2026-02-28T21:16:44,0.787513256072998,0.7989143133163452,0.7219007015228271,madlad,ca,ca,ca,S'HaAfegitAlRegistreNacionalDeLlocsHistòrics
relation,ca,address,address,adreça,adreça,adreça,0.9,1.0,1.0,1.0,1,1,1,adreça,adreça,mt_vote_revoted_gte_langfilter,2026-02-28T21:16:44,0.8454568386077881,0.8454568386077881,0.8454568386077881,nllb,tr,tr,tr,Adreça
relation,ca,administrativeArrondissement,administrative Arrondissement,Arrondissement administratiu,Arrondissementfrance. kgm,arrondissement administratiu,0.9,0.6038,1.0,0.6038,0,1,0,arrondissement administratiu,arrondissement administratiu,mt_vote_revoted_gte_langfilter,2026-02-28T21:16:44,0.9445289373397828,0.7744741439819336,0.960067093372345,salamandra,fr,fr,fr,ArrondissementAdministratiu
relation,ca,affiliation,affiliation,afiliació,afiliació,afiliació,0.9,1.0,1.0,1.0,1,1,1,afiliació,afiliació,mt_vote_revoted_gte_langfilter,2026-02-28T21:16:44,0.8783025741577148,0.8783025741577148,0.8783025741577148,nllb,es,es,es,Afiliació
relation,ca,aircraftFighter,aircraft Fighter,Avió de caça,Avió de combat,avió de combat,0.9,0.7692,0.7692,1.0,0,0,1,avió de combat,avió de combat,mt_vote_revoted_gte_langfilter,2026-02-28T21:16:44,0.7871153354644775,0.842435896396637,0.8545318841934204,salamandra,ca,ca,ca,AvióDeCombat
relation,ca,aircraftHelicopter,aircraft Helicopter,Avió Helicòpter,Helicòpter,helicòpter,0.9,0.8,0.8,1.0,0,0,1,helicòpter,helicòpter,mt_vote_revoted_gte_langfilter,2026-02-28T21:16:44,0.914429783821106,0.8634573221206665,0.8870515823364258,salamandra,ca,oc,oc,Helicòpter
relation,ca,album,album,àlbum,àlbum,àlbum,0.9,1.0,1.0,1.0,1,1,1,àlbum,àlbum,mt_vote_revoted_gte_langfilter,2026-02-28T21:16:44,0.7535514831542969,0.7535514831542969,0.7535514831542969,nllb,ca,ca,ca,Àlbum
relation,ca,almaMater,alma Mater,Alma Mater,alma MaterConstellation name (optional),alma Mater,0.9,0.0,0.0,0.4082,0,0,0,alma Mater,alma Mater,mt_vote_revoted_gte_langfilter,2026-02-28T21:16:44,,0.8570457696914673,1.0,salamandra,en,af,hu,AlmaMater
relation,ca,alternativeName,alternative Name,Nom alternatiu,Nom alternatiu,Nom alternatiu,0.9,0.0,0.0,0.0,0,0,0,Nom alternatiu,Nom alternatiu,mt_vote,2026-02-28T20:54:19,,,,,en,en,en,NomAlternatiu
relation,ca,anthem,anthem,himne,himne,himne,0.9,0.0,0.0,0.0,0,0,0,himne,himne,mt_vote,2026-02-28T20:54:19,,,,,en,en,en,Himne
relation,ca,apoapsis,apoapsis,apopsis,apoapsis,apoapsis,0.9,0.0,0.0,0.0,0,0,0,apoapsis,apoapsis,mt_vote,2026-02-28T20:54:19,,,,,en,en,en,Apoapsis
relation,ca,architect,architect,arquitecte,arquitecte,arquitecte,0.9,0.0,0.0,0.0,0,0,0,arquitecte,arquitecte,mt_vote,2026-02-28T20:54:20,,,,,en,en,en,Arquitecte
relation,ca,architecturalStyle,architectural Style,estil arquitectònic,Estil arquitectònic,estil arquitectònic,0.9,1.0,1.0,1.0,1,1,1,estil arquitectònic,estil arquitectònic,mt_vote_revoted_gte_langfilter,2026-02-28T21:16:44,0.8332154750823975,0.7902575731277466,0.8332154750823975,nllb,ht,oc,ht,EstilArquitectònic
relation,ca,architecture,architecture,arquitectura,arquitectura,arquitectura,0.9,1.0,1.0,1.0,1,1,1,arquitectura,arquitectura,mt_vote_revoted_gte_langfilter,2026-02-28T21:16:44,0.8538683652877808,0.8538683652877808,0.8538683652877808,nllb,fr,fr,fr,Arquitectura
relation,ca,areaCode,area Code,Codi de zona,Codi d' àrea,Còdi d'àrea,0.9,0.6667,0.6087,0.8696,0,0,0,Codi d' àrea,Codi d' àrea,mt_vote_revoted_gte_langfilter,2026-02-28T21:16:44,0.8075168132781982,0.8737177848815918,0.7939143180847168,madlad,it,ca,ca,CodiD'Àrea
relation,ca,areaMetro,area Metro,Àrea metropolitana,àrea Metro,àrea Metro,0.9,0.7143,0.7143,1.0,0,0,1,àrea Metro,àrea Metro,mt_vote_revoted_gte_langfilter,2026-02-28T21:16:44,0.8559011816978455,0.960911512374878,0.960911512374878,madlad,es,ca,ca,ÀreaMetro
relation,ca,areaOfLand,area Of Land,Àrea del terreny,àrea de terra,àrea de terra,0.9,0.8276,0.8276,1.0,0,0,1,àrea de terra,àrea de terra,mt_vote_revoted_gte_langfilter,2026-02-28T21:16:44,0.8833950161933899,0.8720607757568359,0.8720607757568359,madlad,it,ca,ca,ÀreaDeTerra
relation,ca,areaOfWater,area Of Water,Àrea d'aigua,Àrea de l' aigua,àrea d'aigua,0.9,0.8571,1.0,0.8571,0,1,0,Àrea d'aigua,Àrea d'aigua,mt_vote_revoted_gte_langfilter,2026-02-28T21:16:44,0.9092637300491332,0.911992371082306,0.9007445573806764,nllb,ca,ca,ca,ÀreaD'aigua
relation,ca,areaTotal,area Total,Superfície total,Total de l' àrea,àrea Total,0.9,0.3125,0.5385,0.3846,0,0,0,Total de l' àrea,Total de l' àrea,mt_vote_revoted_gte_langfilter,2026-02-28T21:16:44,0.7562378644943237,0.9135282635688782,0.8792758584022522,madlad,sk,ca,ca,TotalDeL'Àrea
relation,ca,areaUrban,area Urban,Àrea urbana,àrea urbana,àrea Urban,0.9,0.0,0.0,0.9524,0,0,1,àrea Urban,àrea Urban,mt_vote_revoted_gte_langfilter,2026-02-28T21:16:44,,0.933890163898468,0.947511911392212,salamandra,en,ca,ca,ÀreaUrban
relation,ca,artist,artist,artista,artista,artista,0.9,0.0,0.0,0.0,0,0,0,artista,artista,mt_vote,2026-02-28T20:54:22,,,,,en,en,en,Artista
relation,ca,assembly,assembly,assemblea,assemblatge,assemblea,0.9,0.8,1.0,0.8,0,1,0,assemblea,assemblea,mt_vote_revoted_gte_langfilter,2026-02-28T21:16:44,0.887011706829071,0.8055569529533386,0.887011706829071,salamandra,fr,ca,fr,Assemblea
relation,ca,associatedBand/associatedMusicalArtist,associated Band/associated Musical Artist,banda associada/artista musical associat,associated Band/ associated Musical Artist,banda associada/artista musical associat,0.9,0.0,1.0,0.0,0,1,0,banda associada/artista musical associat,banda associada/artista musical associat,mt_vote_revoted_gte_langfilter,2026-02-28T21:16:44,0.8505858182907104,,0.8505858182907104,salamandra,ms,en,ms,BandaAssociada/artistaMusicalAssociat
relation,ca,associatedRocket,associated Rocket,Rocket associat,associat Rocket,Rocket associat,0.9,0.0,0.0,0.0,0,0,0,Rocket associat,Rocket associat,mt_vote,2026-02-28T20:54:23,,,,,en,en,en,RocketAssociat
relation,ca,attackAircraft,attack Aircraft,Avions d'atac,Avió d' atac,avió d'atac,0.9,0.8,0.8333,0.9565,0,0,1,avió d'atac,avió d'atac,mt_vote_revoted_gte_langfilter,2026-02-28T21:16:44,0.8716556429862976,0.8870053291320801,0.8895550966262817,salamandra,fr,ca,ca,AvióD'atac
relation,ca,author,author,autor,autor,author,0.9,1.0,0.0,0.0,1,0,0,autor,autor,mt_vote_revoted_gte_langfilter,2026-02-28T21:16:44,0.920589804649353,0.920589804649353,,madlad,es,es,en,Autor
relation,ca,averageSpeed,average Speed,Velocitat mitjana,Velocitat mitjana,Velocitat mitjana,0.9,1.0,1.0,1.0,1,1,1,Velocitat mitjana,Velocitat mitjana,mt_vote_revoted_gte_langfilter,2026-02-28T21:16:44,0.738021731376648,0.738021731376648,0.738021731376648,nllb,de,de,de,VelocitatMitjana
relation,ca,award,award,Premi,premi,award,0.9,0.0,0.0,0.0,0,0,0,premi,premi,mt_vote_revoted_gte_langfilter,2026-02-28T21:16:44,,0.7221387028694153,,madlad,en,fr,en,Premi
relation,ca,awards,awards,Premis,Premis,premis,0.9,1.0,0.0,0.0,1,0,0,Premis,Premis,mt_vote_revoted_gte_langfilter,2026-02-28T21:16:44,0.8544696569442749,0.8544696569442749,,madlad,et,et,en,Premis
relation,ca,background,background,antecedents,fons,background,0.9,0.0,0.0,0.0,0,0,0,antecedents,antecedents,mt_vote_revoted_gte_langfilter,2026-02-28T21:16:44,0.6833277940750122,,,nllb,es,en,en,Antecedents
relation,ca,backupPilot,backup Pilot,Reparació del pilot,Pilot de còpia de seguretat,backup Pilot,0.9,0.2174,0.5161,0.2564,0,0,0,backup Pilot,backup Pilot,mt_vote_revoted_gte_langfilter,2026-02-28T21:16:44,0.7978756427764893,0.7819005846977234,1.000000238418579,salamandra,ca,ca,ro,BackupPilot
relation,ca,bandMember,band Member,Membre de la banda,Membre de la banda,membre de la banda,0.9,1.0,1.0,1.0,1,1,1,membre de la banda,membre de la banda,mt_vote_revoted_gte_langfilter,2026-02-28T21:16:44,0.8838754892349243,0.8838754892349243,0.9095696210861206,salamandra,fr,fr,fr,MembreDeLaBanda
relation,ca,battle,battle,batalla,batalla,batalla,0.9,1.0,1.0,1.0,1,1,1,batalla,batalla,mt_vote_revoted_gte_langfilter,2026-02-28T21:16:44,0.8746160268783569,0.8746160268783569,0.8746160268783569,nllb,it,it,it,Batalla
relation,ca,bedCount,bed Count,llistat de llit,Recompte de llits,Compte de llits,0.9,0.5625,0.6,0.9375,0,0,1,Compte de llits,Compte de llits,mt_vote_revoted_gte_langfilter,2026-02-28T21:16:44,0.6599137783050537,0.7396742105484009,0.7601748704910278,salamandra,ca,ca,ca,CompteDeLlits
relation,ca,bird,bird,ocell,ocell,ocell,0.9,0.0,0.0,0.0,0,0,0,ocell,ocell,mt_vote,2026-02-28T20:54:26,,,,,en,en,en,Ocell
relation,ca,birthDate,birth Date,Data de naixement,Data de naixement,Data de naixement,0.9,1.0,1.0,1.0,1,1,1,Data de naixement,Data de naixement,mt_vote_revoted_gte_langfilter,2026-02-28T21:16:44,0.908044695854187,0.908044695854187,0.908044695854187,nllb,es,es,es,DataDeNaixement
relation,ca,birthName,birth Name,Nom de naixement,Nom de naixement,Nom de naixement,0.9,1.0,1.0,1.0,1,1,1,Nom de naixement,Nom de naixement,mt_vote_revoted_gte_langfilter,2026-02-28T21:16:44,0.8766043186187744,0.8766043186187744,0.8766043186187744,nllb,es,es,es,NomDeNaixement
relation,ca,birthPlace,birth Place,Lloc de naixement,Lloc de naixement,Lloc de naixement,0.9,1.0,1.0,1.0,1,1,1,Lloc de naixement,Lloc de naixement,mt_vote_revoted_gte_langfilter,2026-02-28T21:16:44,0.7840182781219482,0.7840182781219482,0.7840182781219482,nllb,ca,ca,ca,LlocDeNaixement
relation,ca,birthYear,birth Year,Any de naixement,any de naixement,Any de naixement,0.9,1.0,1.0,1.0,1,1,1,any de naixement,any de naixement,mt_vote_revoted_gte_langfilter,2026-02-28T21:16:44,0.7919597625732422,0.83074951171875,0.7919597625732422,madlad,es,ca,es,AnyDeNaixement
relation,ca,bodyStyle,body Style,Estil de cos,Estil del cos,estil del cos,0.9,0.96,0.96,1.0,1,1,1,estil del cos,estil del cos,mt_vote_revoted_gte_langfilter,2026-02-28T21:16:44,0.7185360193252563,0.7985478043556213,0.8163470029830933,salamandra,es,ca,ca,EstilDelCos
relation,ca,broadcastedBy,broadcasted By,emès per,difosa per,transmès per,0.9,0.5556,0.7,0.4545,0,0,0,transmès per,transmès per,mt_vote_revoted_gte_langfilter,2026-02-28T21:16:44,0.5223026275634766,0.5714704990386963,0.6510553359985352,salamandra,oc,tl,oc,TransmèsPer
relation,ca,budget,budget,pressupost,pressupost,pressupost,0.9,0.0,0.0,0.0,0,0,0,pressupost,pressupost,mt_vote,2026-02-28T20:54:29,,,,,en,en,en,Pressupost
relation,ca,buildDate,build Date,data de construcció,Data de construcció,build Date,0.9,1.0,0.0,0.0,1,0,0,data de construcció,data de construcció,mt_vote_revoted_gte_langfilter,2026-02-28T21:16:44,0.7834088206291199,0.7699601650238037,,nllb,ca,ca,en,DataDeConstrucció
relation,ca,builder,builder,constructor,constructor,constructor,0.9,0.0,0.0,0.0,0,0,0,constructor,constructor,mt_vote,2026-02-28T20:54:29,,,,,en,en,en,Constructor
relation,ca,buildingStartDate,building Start Date,Edifici Data d'inici,Data d' inici de la construcció,Data d'inici de la construcció,0.9,0.4706,0.48,0.9836,0,0,1,Data d' inici de la construcció,Data d' inici de la construcció,mt_vote_revoted_gte_langfilter,2026-02-28T21:16:44,0.7743452787399292,0.7544064521789551,0.7407824397087097,madlad,it,ca,ca,DataD'IniciDeLaConstrucció
relation,ca,buildingType,building Type,Edifici Tipus,Tipus d' edifici,Tipus d'edifici,0.9,0.4828,0.5,0.9677,0,0,1,Tipus d'edifici,Tipus d'edifici,mt_vote_revoted_gte_langfilter,2026-02-28T21:16:44,0.7819739580154419,0.9001534581184387,0.9219592809677124,salamandra,it,ca,ca,TipusD'edifici
relation,ca,campus,campus,campus,campus,campus,0.9,0.0,0.0,0.0,0,0,0,campus,campus,mt_vote,2026-02-28T20:54:30,,,,,en,en,en,Campus
relation,ca,capital,capital,capital,capital,capital,0.9,0.0,0.0,0.0,0,0,0,capital,capital,mt_vote,2026-02-28T20:54:30,,,,,en,en,en,Capital
relation,ca,carbohydrate,carbohydrate,hidrat de carboni,hidrat de carboni,carbohidrat,0.9,1.0,0.4286,0.4286,1,0,0,hidrat de carboni,hidrat de carboni,mt_vote_revoted_gte_langfilter,2026-02-28T21:16:44,0.7750824093818665,0.7750824093818665,0.9560211896896362,madlad,ca,ca,lt,HidratDeCarboni
relation,ca,category,category,categoria,Pàgina d' inici de l' usuari,categoria,0.9,0.0,0.0,0.0,0,0,0,Pàgina d' inici de l' usuari,Pàgina d' inici de l' usuari,mt_vote_revoted_gte_langfilter,2026-02-28T21:16:44,,0.571500837802887,,madlad,en,ca,en,PàginaD'IniciDeL'Usuari
relation,ca,ceremonialCounty,ceremonial County,comtat cerimonial,Comtat cerimonial,Comtat cerimonial,0.9,0.0,0.0,0.0,0,0,0,comtat cerimonial,comtat cerimonial,mt_vote,2026-02-28T20:54:31,,,,,en,en,en,ComtatCerimonial
relation,ca,certification,certification,certificació,Certificació,certificació,0.9,1.0,1.0,1.0,1,1,1,certificació,certificació,mt_vote_revoted_gte_langfilter,2026-02-28T21:16:44,0.9064557552337646,0.9048811793327332,0.9064557552337646,nllb,es,es,es,Certificació
relation,ca,chairman,chairman,president,president,president,0.9,0.0,0.0,0.0,0,0,0,president,president,mt_vote,2026-02-28T20:54:32,,,,,en,en,en,President
relation,ca,chairmanTitle,chairman Title,president Títol,president Títol,títol de president,0.9,1.0,0.5455,0.5455,1,0,0,president Títol,president Títol,mt_vote_revoted_gte_langfilter,2026-02-28T21:16:44,0.6305636763572693,0.6305636763572693,0.7715393900871277,madlad,hu,hu,es,PresidentTítol
relation,ca,chairperson,chairperson,president,president,president,0.9,0.0,0.0,0.0,0,0,0,president,president,mt_vote,2026-02-28T20:54:32,,,,,en,en,en,President
relation,ca,champions,champions,campions,campions,campions,0.9,0.0,0.0,0.0,0,0,0,campions,campions,mt_vote,2026-02-28T20:54:33,,,,,en,en,en,Campions
relation,ca,chancellor,chancellor,Canceller,chancellor,canceller,0.9,0.0,0.0,0.0,0,0,0,Canceller,Canceller,mt_vote,2026-02-28T20:54:33,,,,,en,en,en,Canceller
relation,ca,chief,chief,cap,cap,cap,0.9,0.0,0.0,0.0,0,0,0,cap,cap,mt_vote,2026-02-28T20:54:33,,,,,en,en,en,Cap
relation,ca,child,child,nen,fill,infant,0.9,0.0,0.0,0.0,0,0,0,infant,infant,mt_vote,2026-02-28T20:54:33,,,,,en,en,en,Infant
relation,ca,christeningDate,christening Date,data de baptisme,christening Date,Data del bateig,0.9,0.25,0.7742,0.2581,0,0,0,christening Date,christening Date,mt_vote_revoted_gte_langfilter,2026-02-28T21:16:44,0.7794864177703857,1.0000001192092896,0.674034059047699,madlad,es,de,it,ChristeningDate
relation,ca,cinematography,cinematography,cinematografia,cinematografia,cinematografia,0.9,0.0,0.0,0.0,0,0,0,cinematografia,cinematografia,mt_vote,2026-02-28T20:54:34,,,,,en,en,en,Cinematografia
relation,ca,citizenship,citizenship,ciutadania,Ciutadania,ciutadania,0.9,1.0,1.0,1.0,1,1,1,Ciutadania,Ciutadania,mt_vote_revoted_gte_langfilter,2026-02-28T21:16:44,0.6487984657287598,0.7258840203285217,0.6487984657287598,madlad,pl,pl,pl,Ciutadania
relation,ca,city,city,ciutat,ciutat,ciutat,0.9,1.0,1.0,1.0,1,1,1,ciutat,ciutat,mt_vote_revoted_gte_langfilter,2026-02-28T21:16:44,0.8909471035003662,0.8909471035003662,0.8909471035003662,nllb,ca,ca,ca,Ciutat
relation,ca,cityServed,city Served,ciutat Servit,ciutat servida,ciutat Servida,0.9,0.8889,0.8889,1.0,0,0,1,ciutat Servida,ciutat Servida,mt_vote_revoted_gte_langfilter,2026-02-28T21:16:44,0.8485870361328125,0.8349454998970032,0.8630535006523132,salamandra,ca,ca,ca,CiutatServida
relation,ca,class,class,classe,classe,class,0.9,0.0,0.0,0.0,0,0,0,classe,classe,mt_vote,2026-02-28T20:54:35,,,,,en,en,en,Classe
relation,ca,club,club,club,trèvols,club,0.9,0.0,0.0,0.0,0,0,0,trèvols,trèvols,mt_vote_revoted_gte_langfilter,2026-02-28T21:16:44,,0.5841509699821472,,madlad,en,fr,en,Trèvols
relation,ca,coach,coach,entrenador,entrenador,entrenador,0.9,1.0,1.0,1.0,1,1,1,entrenador,entrenador,mt_vote_revoted_gte_langfilter,2026-02-28T21:16:44,0.8734762668609619,0.8734762668609619,0.8734762668609619,nllb,es,es,es,Entrenador
relation,ca,codenCode,coden Code,codi codi,Codi de codificació,coden Code,0.9,0.6429,0.7368,0.5517,0,0,0,coden Code,coden Code,mt_vote_revoted_gte_langfilter,2026-02-28T21:16:44,0.82440185546875,0.822227954864502,1.0,salamandra,it,ca,de,CodenCode
relation,ca,college,college,universitat,col·legi,college,0.9,0.1053,0.0,0.0,0,0,0,col·legi,col·legi,mt_vote_revoted_gte_langfilter,2026-02-28T21:16:44,0.7523463368415833,0.7997588515281677,,madlad,es,ca,en,Col·legi
relation,ca,colour,colour,color,color,color,0.9,0.0,0.0,0.0,0,0,0,color,color,mt_vote,2026-02-28T20:54:36,,,,,en,en,en,Color
relation,ca,commander,commander,comandant,comandament,comandant,0.9,0.9,1.0,0.9,1,1,1,comandant,comandant,mt_vote_revoted_gte_langfilter,2026-02-28T21:16:44,0.8624933958053589,0.8365089893341064,0.8624933958053589,nllb,fr,et,fr,Comandant
relation,ca,comparable,comparable,comparable,comparable,comparable,0.9,1.0,1.0,1.0,1,1,1,comparable,comparable,mt_vote_revoted_gte_langfilter,2026-02-28T21:16:44,1.0000001192092896,1.0000001192092896,1.0000001192092896,nllb,sl,sl,sl,Comparable
relation,ca,competeIn,compete In,competir en,Competeix a,competir In,0.9,0.0,0.9091,0.0,0,1,0,competir In,competir In,mt_vote_revoted_gte_langfilter,2026-02-28T21:16:44,0.9365510940551758,,0.9748326539993286,salamandra,es,en,es,CompetirIn
relation,ca,completionDate,completion Date,Data de finalització,Data de finalització,Data de finalització,0.9,1.0,1.0,1.0,1,1,1,Data de finalització,Data de finalització,mt_vote_revoted_gte_langfilter,2026-02-28T21:16:44,0.8273640871047974,0.8273640871047974,0.8273640871047974,nllb,ca,ca,ca,DataDeFinalització
relation,ca,cosparId,cospar Id,cospar Id,Id cospar,cospar Id,0.9,0.0,1.0,0.0,0,1,0,cospar Id,cospar Id,mt_vote_revoted_gte_langfilter,2026-02-28T21:16:44,0.9999998807907104,,0.9999998807907104,salamandra,fr,en,fr,CosparId
relation,ca,cost,cost,costos,cost,cost,0.9,0.0,0.0,0.0,0,0,0,costos,costos,mt_vote_revoted_gte_langfilter,2026-02-28T21:16:44,0.9129184484481812,,,nllb,fi,en,en,Costos
relation,ca,country,country,país,República Txecaworld. kgm,country,0.9,0.1379,0.0,0.0,0,0,0,país,país,mt_vote_revoted_gte_langfilter,2026-02-28T21:16:44,0.8801699280738831,0.62583327293396,,nllb,ga,sk,en,País
relation,ca,countryOrigin,country Origin,país Origen,país Origen,Origen del país,0.9,1.0,0.4615,0.4615,1,0,0,país Origen,país Origen,mt_vote_revoted_gte_langfilter,2026-02-28T21:16:44,0.8393779993057251,0.8393779993057251,0.8050907850265503,madlad,ga,ga,es,PaísOrigen
relation,ca,countySeat,county Seat,comtat Sede,Seat del comtat,capital del comtat,0.9,0.0,0.0,0.7879,0,0,0,capital del comtat,capital del comtat,mt_vote_revoted_gte_langfilter,2026-02-28T21:16:44,,0.6584222316741943,0.7318977117538452,salamandra,en,ca,ca,CapitalDelComtat
relation,ca,course,course,Cors,carta,course,0.9,0.0,0.0,0.0,0,0,0,Cors,Cors,mt_vote,2026-02-28T20:54:39,,,,,en,en,en,Cors
relation,ca,creator,creator,creador,creador,creador,0.9,1.0,1.0,1.0,1,1,1,creador,creador,mt_vote_revoted_gte_langfilter,2026-02-28T21:16:44,0.9392881393432616,0.9392881393432616,0.9392881393432616,nllb,es,es,es,Creador
relation,ca,creatorOfDish,creator Of Dish,creador de Dish,creador de Dish,Creador del plat,0.9,1.0,0.7097,0.7097,1,0,0,creador de Dish,creador de Dish,mt_vote_revoted_gte_langfilter,2026-02-28T21:16:44,0.9349889755249025,0.9349889755249025,0.7502008080482483,madlad,gl,gl,ca,CreadorDeDish
relation,ca,crewMembers,crew Members,Membres de la tripulació,Membres de la tripulació,Membres de la tripulació,0.9,1.0,1.0,1.0,1,1,1,Membres de la tripulació,Membres de la tripulació,mt_vote_revoted_gte_langfilter,2026-02-28T21:16:44,0.8408942222595215,0.8408942222595215,0.8408942222595215,nllb,ca,ca,ca,MembresDeLaTripulació
relation,ca,currency,currency,moneda,currency,moneda,0.9,0.0,0.0,0.0,0,0,0,moneda,moneda,mt_vote,2026-02-28T20:54:40,,,,,en,en,en,Moneda
relation,ca,currentTenants,current Tenants,Locataris actuals,Arrendataris actuals,Llogaters actuals,0.9,0.0,0.0,0.0,0,0,0,Llogaters actuals,Llogaters actuals,mt_vote_revoted_gte_langfilter,2026-02-28T21:16:44,,,0.7204355597496033,salamandra,en,en,ca,LlogatersActuals
relation,ca,currentclub,currentclub,club actual,currentclub,currentclub,0.9,0.0,0.0,0.0,0,0,0,currentclub,currentclub,mt_vote,2026-02-28T20:54:40,,,,,en,en,en,Currentclub
relation,ca,currentteam,currentteam,equip actual,currentteam,currentteam,0.9,0.0,0.0,0.0,0,0,0,currentteam,currentteam,mt_vote,2026-02-28T20:54:40,,,,,en,en,en,Currentteam
relation,ca,cylinderCount,cylinder Count,Número de cilindres,Recompte de cilindres,Compte de cilindres,0.9,0.75,0.7895,0.95,0,0,1,Compte de cilindres,Compte de cilindres,mt_vote_revoted_gte_langfilter,2026-02-28T21:16:44,0.8630178570747375,0.8403434157371521,0.858098030090332,salamandra,es,fr,fr,CompteDeCilindres
relation,ca,dateOfRetirement,date Of Retirement,data de jubilació,date Of Retirement,data de jubilació,0.9,0.0,1.0,0.0,0,1,0,data de jubilació,data de jubilació,mt_vote_revoted_gte_langfilter,2026-02-28T21:16:44,0.8562445640563965,,0.8562445640563965,salamandra,es,en,es,DataDeJubilació
relation,ca,dean,dean,Dean,dean,dean,0.9,0.0,0.0,0.0,0,0,0,Dean,Dean,mt_vote,2026-02-28T20:54:41,,,,,en,en,en,Dean
relation,ca,deathCause,death Cause,Causa de la mort,Causa de la mort,causa de mort,0.9,1.0,0.8966,0.8966,1,0,0,Causa de la mort,Causa de la mort,mt_vote_revoted_gte_langfilter,2026-02-28T21:16:44,0.8519452810287476,0.8519452810287476,0.8960137367248535,madlad,es,es,es,CausaDeLaMort
relation,ca,deathDate,death Date,Data de mort,Data de mort,data de defunció,0.9,1.0,0.5714,0.5714,1,0,0,Data de mort,Data de mort,mt_vote_revoted_gte_langfilter,2026-02-28T21:16:44,0.927857518196106,0.927857518196106,0.8933762311935425,madlad,es,es,es,DataDeMort
relation,ca,deathPlace,death Place,lloc de la mort,Lloc de la mort,Lloc de la mort,0.9,1.0,1.0,1.0,1,1,1,lloc de la mort,lloc de la mort,mt_vote_revoted_gte_langfilter,2026-02-28T21:16:44,0.9047892093658448,0.8091328144073486,0.8091328144073486,nllb,es,ca,ca,LlocDeLaMort
relation,ca,deathYear,death Year,mort Any,any de la mort,any de la mort,0.9,0.0,0.0,1.0,0,0,1,any de la mort,any de la mort,mt_vote_revoted_gte_langfilter,2026-02-28T21:16:44,,0.8415157794952393,0.8415157794952393,madlad,en,ca,ca,AnyDeLaMort
relation,ca,debutTeam,debut Team,debut de l'equip,debut Team,debut Team,0.9,0.0,0.0,0.0,0,0,0,debut de l'equip,debut de l'equip,mt_vote_revoted_gte_langfilter,2026-02-28T21:16:44,0.8618273138999939,,,nllb,fr,en,en,DebutDeL'equip
relation,ca,dedicatedTo,dedicated To,dedicat a,dedicat a,dedicat a,0.9,0.0,0.0,0.0,0,0,0,dedicat a,dedicat a,mt_vote,2026-02-28T20:54:43,,,,,en,en,en,DedicatA
relation,ca,demonym,demonym,demonim,dimoni,demònim,0.9,0.0,0.0,0.4615,0,0,0,demònim,demònim,mt_vote_revoted_gte_langfilter,2026-02-28T21:16:44,,0.7155412435531616,0.7743974328041077,salamandra,en,lt,ht,Demònim
relation,ca,density,density,densitat,densitat,densitat,0.9,1.0,1.0,1.0,1,1,1,densitat,densitat,mt_vote_revoted_gte_langfilter,2026-02-28T21:16:44,0.9417119026184082,0.9417119026184082,0.9417119026184082,nllb,es,es,es,Densitat
relation,ca,derivative,derivative,derivada,derivada,derivatiu,0.9,1.0,0.0,0.0,1,0,0,derivada,derivada,mt_vote_revoted_gte_langfilter,2026-02-28T21:16:44,0.8413667678833008,0.8413667678833008,,madlad,lt,lt,en,Derivada
relation,ca,designCompany,design Company,Disseny de l'empresa,Companyia de disseny,Companyia de disseny,0.9,0.35,0.35,1.0,0,0,1,Companyia de disseny,Companyia de disseny,mt_vote_revoted_gte_langfilter,2026-02-28T21:16:44,0.8092871308326721,0.891897976398468,0.891897976398468,madlad,ca,es,es,CompanyiaDeDisseny
relation,ca,designer,designer,dissenyador,dissenyador,dissenyador,0.9,1.0,1.0,1.0,1,1,1,dissenyador,dissenyador,mt_vote_revoted_gte_langfilter,2026-02-28T21:16:44,0.8930182456970215,0.8930182456970215,0.8930182456970215,nllb,ca,ca,ca,Dissenyador
relation,ca,developer,developer,desenvolupador,desenvolupador,desarrollador,0.9,1.0,0.6667,0.6667,1,0,0,desenvolupador,desenvolupador,mt_vote_revoted_gte_langfilter,2026-02-28T21:16:44,0.8615341186523438,0.8615341186523438,0.9386316537857056,madlad,es,es,es,Desenvolupador
relation,ca,diameter,diameter,diàmetre,diàmetre,diàmetre,0.9,1.0,1.0,1.0,1,1,1,diàmetre,diàmetre,mt_vote_revoted_gte_langfilter,2026-02-28T21:16:44,0.7770451307296753,0.7770451307296753,0.7770451307296753,nllb,vi,vi,vi,Diàmetre
relation,ca,director,director,director,director,director,0.9,0.0,0.0,0.0,0,0,0,director,director,mt_vote,2026-02-28T20:54:45,,,,,en,en,en,Director
relation,ca,discovered,discovered,descoberta,descobert,descobert,0.9,0.0,0.0,0.0,0,0,0,descobert,descobert,mt_vote,2026-02-28T20:54:45,,,,,en,en,en,Descobert
relation,ca,discoverer,discoverer,descobridor,descobridor,descobridor,0.9,1.0,1.0,1.0,1,1,1,descobridor,descobridor,mt_vote_revoted_gte_langfilter,2026-02-28T21:16:44,0.928190529346466,0.928190529346466,0.928190529346466,nllb,es,es,es,Descobridor
relation,ca,dishVariation,dish Variation,Dispositiu Variació,Variació del plat,variació del plat,0.9,0.4444,0.4444,1.0,0,0,1,Variació del plat,Variació del plat,mt_vote_revoted_gte_langfilter,2026-02-28T21:16:44,0.7431808710098267,0.8830151557922363,0.8525217771530151,madlad,ca,ca,ca,VariacióDelPlat
relation,ca,dissolutionYear,dissolution Year,Dissolució Any,any de dissolució,Any de dissolució,0.9,0.6452,0.6452,1.0,0,0,1,any de dissolució,any de dissolució,mt_vote_revoted_gte_langfilter,2026-02-28T21:16:44,0.8779934644699097,0.8727945685386658,0.8513076901435852,madlad,ca,ca,es,AnyDeDissolució
relation,ca,distributingCompany,distributing Company,Empresa distribuïdora,Companyia distribuïdora,Companyia distribuïdora,0.9,0.7727,0.7727,1.0,0,0,1,Companyia distribuïdora,Companyia distribuïdora,mt_vote_revoted_gte_langfilter,2026-02-28T21:16:44,0.8897145986557007,0.9128046631813048,0.9128046631813048,madlad,ca,ca,ca,CompanyiaDistribuïdora
relation,ca,distributingLabel,distributing Label,distribució Etiqueta,Etiqueta de distribució,distribuint Label,0.9,0.5116,0.0,0.0,0,0,0,distribució Etiqueta,distribució Etiqueta,mt_vote_revoted_gte_langfilter,2026-02-28T21:16:44,0.7614531517028809,0.759967565536499,,nllb,ca,ca,en,DistribucióEtiqueta
relation,ca,distributor,distributor,distribuïdor,distribuïdor,distribuïdor,0.9,1.0,1.0,1.0,1,1,1,distribuïdor,distribuïdor,mt_vote_revoted_gte_langfilter,2026-02-28T21:16:44,0.8844097852706909,0.8844097852706909,0.8844097852706909,nllb,ca,ca,ca,Distribuïdor
relation,ca,district,district,districte,districte,districte,0.9,0.0,0.0,0.0,0,0,0,districte,districte,mt_vote,2026-02-28T20:54:48,,,,,en,en,en,Districte
relation,ca,division,division,divisió,divisió,divisió,0.9,1.0,1.0,1.0,1,1,1,divisió,divisió,mt_vote_revoted_gte_langfilter,2026-02-28T21:16:44,0.8882665634155273,0.8882665634155273,0.8882665634155273,nllb,es,es,es,Divisió
relation,ca,doctoralAdvisor,doctoral Advisor,Conseller de doctorat,Assessor doctoral,assessor doctoral,0.9,0.5789,0.5789,1.0,0,0,1,assessor doctoral,assessor doctoral,mt_vote_revoted_gte_langfilter,2026-02-28T21:16:44,0.8108639717102051,0.7962468266487122,0.8438528776168823,salamandra,fr,da,da,AssessorDoctoral
relation,ca,doctoralStudent,doctoral Student,Estudiant de doctorat,doctoral Student,estudiant de doctorat,0.9,0.0,1.0,0.0,0,1,0,estudiant de doctorat,estudiant de doctorat,mt_vote_revoted_gte_langfilter,2026-02-28T21:16:44,0.8989149332046509,,0.9232387542724608,salamandra,fr,en,fr,EstudiantDeDoctorat
relation,ca,draftPick,draft Pick,Seleccioneu el projecte,Escollida d' esborrany,draft Pick,0.9,0.2667,0.0,0.0,0,0,0,Escollida d' esborrany,Escollida d' esborrany,mt_vote_revoted_gte_langfilter,2026-02-28T21:16:44,0.5690704584121704,0.5794241428375244,,madlad,ca,ca,en,EscollidaD'Esborrany
relation,ca,draftRound,draft Round,Projecte de Ronda,esborrany Ronda,draft Round,0.9,0.0,0.0,0.0,0,0,0,Projecte de Ronda,Projecte de Ronda,mt_vote_revoted_gte_langfilter,2026-02-28T21:16:44,0.6640118360519409,,,nllb,fr,en,en,ProjecteDeRonda
relation,ca,draftTeam,draft Team,Projecte de l'equip,Equip d' esborrany,draft Team,0.9,0.2703,0.0,0.0,0,0,0,Projecte de l'equip,Projecte de l'equip,mt_vote_revoted_gte_langfilter,2026-02-28T21:16:44,0.7300395965576172,0.6869944334030151,,nllb,fr,ca,en,ProjecteDeL'equip
relation,ca,draftYear,draft Year,Projecte Any,Any de l' esborrany,draft Year,0.9,0.0,0.0,0.0,0,0,0,Any de l' esborrany,Any de l' esborrany,mt_vote_revoted_gte_langfilter,2026-02-28T21:16:44,,0.642593264579773,,madlad,en,ca,en,AnyDeL'Esborrany
relation,ca,editing,editing,edició,Edició,edició,0.9,1.0,1.0,1.0,1,1,1,Edició,Edició,mt_vote_revoted_gte_langfilter,2026-02-28T21:16:44,0.6517393589019775,0.7084146738052368,0.6517393589019775,madlad,es,es,es,Edició
relation,ca,editor,editor,editor,editor,editor,0.9,0.0,0.0,0.0,0,0,0,editor,editor,mt_vote,2026-02-28T20:54:50,,,,,en,en,en,Editor
relation,ca,eissnNumber,eissn Number,Número d'emissió,Número d' eissn,Número eissn,0.9,0.8387,0.7857,0.8889,0,0,0,Número eissn,Número eissn,mt_vote_revoted_gte_langfilter,2026-02-28T21:16:44,0.6474555730819702,0.9357123374938964,0.9379062652587892,salamandra,gl,gl,gl,NúmeroEissn
relation,ca,elevationAboveTheSeaLevel,elevation Above The Sea Level,elevació sobre el nivell del mar,elevació sobre el nivell del mar,elevació per sobre del nivell del mar,0.9,1.0,0.9275,0.9275,1,1,1,elevació per sobre del nivell del mar,elevació per sobre del nivell del mar,mt_vote_revoted_gte_langfilter,2026-02-28T21:16:44,0.831506609916687,0.831506609916687,0.8451789617538452,salamandra,ca,ca,ca,ElevacióPerSobreDelNivellDelMar
relation,ca,elevationAboveTheSeaLevelInFeet,elevation Above The Sea Level In Feet,elevació sobre el nivell del mar en peus,elevació sobre el nivell del mar en peus,elevació sobre el nivell del mar en peus,0.9,1.0,1.0,1.0,1,1,1,elevació sobre el nivell del mar en peus,elevació sobre el nivell del mar en peus,mt_vote_revoted_gte_langfilter,2026-02-28T21:16:44,0.816398024559021,0.816398024559021,0.816398024559021,nllb,ca,ca,ca,ElevacióSobreElNivellDelMarEnPeus
relation,ca,elevationAboveTheSeaLevelInMetres,elevation Above The Sea Level In Metres,elevació sobre el nivell del mar en metres,elevació sobre el nivell del mar en metres,elevació sobre el nivell del mar en metres,0.9,1.0,1.0,1.0,1,1,1,elevació sobre el nivell del mar en metres,elevació sobre el nivell del mar en metres,mt_vote_revoted_gte_langfilter,2026-02-28T21:16:44,0.8598214387893677,0.8598214387893677,0.8598214387893677,nllb,ca,ca,ca,ElevacióSobreElNivellDelMarEnMetres
relation,ca,employer,employer,empresari,ocupador,ocupador,0.9,0.2353,0.2353,1.0,0,0,1,ocupador,ocupador,mt_vote_revoted_gte_langfilter,2026-02-28T21:16:44,0.7332050800323486,0.7227813005447388,0.7227813005447388,madlad,es,es,es,Ocupador
relation,ca,engine,engine,motor,motor,motor,0.9,0.0,0.0,0.0,0,0,0,motor,motor,mt_vote,2026-02-28T20:54:53,,,,,en,en,en,Motor
relation,ca,epoch,epoch,època,època,època,0.9,1.0,1.0,1.0,1,1,1,època,època,mt_vote_revoted_gte_langfilter,2026-02-28T21:16:44,0.6347170472145081,0.6347170472145081,0.6347170472145081,nllb,it,it,it,Època
relation,ca,escapeVelocity,escape Velocity,Velocitat d'escapament,Velocitat d' escape,Velocitat d'escapament,0.9,0.878,1.0,0.878,0,1,0,Velocitat d'escapament,Velocitat d'escapament,mt_vote_revoted_gte_langfilter,2026-02-28T21:16:44,0.8146876096725464,0.8947700262069702,0.8146876096725464,salamandra,fr,ca,fr,VelocitatD'escapament
relation,ca,established,established,Establert,establert,establert,0.9,0.0,0.0,0.0,0,0,0,Establert,Establert,mt_vote_revoted_gte_langfilter,2026-02-28T21:16:44,0.7806996703147888,,,nllb,es,en,en,Establert
relation,ca,ethnicGroup,ethnic Group,Grup ètnic,Grup ètnic,grup ètnic,0.9,1.0,1.0,1.0,1,1,1,Grup ètnic,Grup ètnic,mt_vote_revoted_gte_langfilter,2026-02-28T21:16:44,0.8719435930252075,0.8719435930252075,0.8438642024993896,nllb,oc,oc,oc,GrupÈtnic
relation,ca,extinctionDate,extinction Date,Data d'extinció,Data d' extinció,Data d'extinció,0.9,0.9677,1.0,0.9677,1,1,1,Data d' extinció,Data d' extinció,mt_vote_revoted_gte_langfilter,2026-02-28T21:16:44,0.9192167520523072,0.9285397529602052,0.9192167520523072,madlad,ca,ca,ca,DataD'Extinció
relation,ca,failedLaunches,failed Launches,Falsos llançaments,Els llançaments han fallat,llançaments fallits,0.9,0.6364,0.5946,0.7556,0,0,0,llançaments fallits,llançaments fallits,mt_vote_revoted_gte_langfilter,2026-02-28T21:16:44,0.6058464050292969,0.6903002262115479,0.7883861064910889,salamandra,ca,ca,ca,LlançamentsFallits
relation,ca,family,family,família,family,família,0.9,0.0,1.0,0.0,0,1,0,família,família,mt_vote_revoted_gte_langfilter,2026-02-28T21:16:44,0.9424800872802734,,0.9424800872802734,salamandra,cs,en,cs,Família
relation,ca,fat,fat,greix,fet,greix,0.9,0.0,1.0,0.0,0,1,0,greix,greix,mt_vote_revoted_gte_langfilter,2026-02-28T21:16:44,0.5322363972663879,,0.5322363972663879,salamandra,de,en,de,Greix
relation,ca,fate,fate,el destí,fatal,destí,0.9,0.0,0.7692,0.0,0,0,0,el destí,el destí,mt_vote_revoted_gte_langfilter,2026-02-28T21:16:44,0.7121328711509705,,0.6841403245925903,nllb,es,en,cs,ElDestí
relation,ca,finalFlight,final Flight,Vol final,final Flight,Vol final,0.9,0.0,1.0,0.0,0,1,0,Vol final,Vol final,mt_vote_revoted_gte_langfilter,2026-02-28T21:16:44,0.7159574031829834,,0.7159574031829834,salamandra,it,en,it,VolFinal
relation,ca,firstAired,first Aired,Primera emissió,primera emissió,primera emissió,0.9,1.0,1.0,1.0,1,1,1,Primera emissió,Primera emissió,mt_vote_revoted_gte_langfilter,2026-02-28T21:16:44,0.7760188579559326,0.7580476999282837,0.7580476999282837,nllb,es,es,es,PrimeraEmissió
relation,ca,firstAppearanceInFilm,first Appearance In Film,Primera aparició en pel·lícula,primera aparició en pel· lícula,primera aparició al cinema,0.9,0.9836,0.6786,0.6667,1,0,0,primera aparició en pel· lícula,primera aparició en pel· lícula,mt_vote_revoted_gte_langfilter,2026-02-28T21:16:44,0.9374659061431884,0.938478708267212,0.9237874746322632,madlad,ca,ca,ca,PrimeraAparicióEnPel·Lícula
relation,ca,firstPublicationYear,first Publication Year,primer any de publicació,primer any de publicació,primer any de publicació,0.9,1.0,1.0,1.0,1,1,1,primer any de publicació,primer any de publicació,mt_vote_revoted_gte_langfilter,2026-02-28T21:16:44,0.7871968746185303,0.7871968746185303,0.7871968746185303,nllb,ca,ca,ca,PrimerAnyDePublicació
relation,ca,floorArea,floor Area,Superfície del pis,Àrea del pis,superfície del terra,0.9,0.6,0.7895,0.4375,0,0,0,Àrea del pis,Àrea del pis,mt_vote_revoted_gte_langfilter,2026-02-28T21:16:44,0.714471161365509,0.7882182002067566,0.6724209785461426,madlad,ca,it,ca,ÀreaDelPis
relation,ca,floorCount,floor Count,Comptació de pisos,Recompte de plantes,Compte de plantes,0.9,0.5946,0.6286,0.9444,0,0,1,Compte de plantes,Compte de plantes,mt_vote_revoted_gte_langfilter,2026-02-28T21:16:44,0.644422173500061,0.6452442407608032,0.6644822359085083,salamandra,ca,fr,fr,CompteDePlantes
relation,ca,followedBy,followed By,seguit per,seguit per,Seguit per,0.9,1.0,1.0,1.0,1,1,1,seguit per,seguit per,mt_vote_revoted_gte_langfilter,2026-02-28T21:16:44,0.8939316272735596,0.8939316272735596,0.8097560405731201,nllb,ca,ca,ca,SeguitPer
relation,ca,format,format,format,format,format,0.9,0.0,0.0,0.0,0,0,0,format,format,mt_vote,2026-02-28T20:54:58,,,,,en,en,en,Format
relation,ca,formerBandMember,former Band Member,Anterior membre de la banda,antic membre de la banda,antic membre de la banda,0.9,0.902,0.902,1.0,1,1,1,antic membre de la banda,antic membre de la banda,mt_vote_revoted_gte_langfilter,2026-02-28T21:16:44,0.8796259164810181,0.901691734790802,0.901691734790802,madlad,fr,fr,fr,AnticMembreDeLaBanda
relation,ca,formerName,former Name,Anterior Nom,Nom anterior,antic nom,0.9,0.0,0.0,0.0,0,0,0,Anterior Nom,Anterior Nom,mt_vote,2026-02-28T20:54:58,,,,,en,en,en,AnteriorNom
relation,ca,formerTeam,former Team,Ex-equip,antic equip,antic equip,0.9,0.0,0.0,0.0,0,0,0,antic equip,antic equip,mt_vote,2026-02-28T20:54:59,,,,,en,en,en,AnticEquip
relation,ca,fossil,fossil,fosil,fòssil,fòssil,0.9,0.7273,0.7273,1.0,0,0,1,fòssil,fòssil,mt_vote_revoted_gte_langfilter,2026-02-28T21:16:44,0.9101082682609558,0.7312788963317871,0.7312788963317871,madlad,ro,oc,oc,Fòssil
relation,ca,foundationPlace,foundation Place,fundació Lloc,lloc de la fundació,lloc de fundació,0.9,0.5,0.5517,0.9143,0,0,1,lloc de fundació,lloc de fundació,mt_vote_revoted_gte_langfilter,2026-02-28T21:16:44,0.7674661874771118,0.8160280585289001,0.8385990262031555,salamandra,ca,es,ca,LlocDeFundació
relation,ca,foundedBy,founded By,fundat per,fundat per,fundat per,0.9,1.0,1.0,1.0,1,1,1,fundat per,fundat per,mt_vote_revoted_gte_langfilter,2026-02-28T21:16:44,0.7454107403755188,0.7454107403755188,0.7454107403755188,nllb,nl,nl,nl,FundatPer
relation,ca,founder,founder,fundador,fundador,fundador,0.9,1.0,1.0,1.0,1,1,1,fundador,fundador,mt_vote_revoted_gte_langfilter,2026-02-28T21:16:44,0.9104374647140504,0.9104374647140504,0.9104374647140504,nllb,pt,pt,pt,Fundador
relation,ca,foundingDate,founding Date,data de fundació,data de fundació,Data de fundació,0.9,1.0,1.0,1.0,1,1,1,data de fundació,data de fundació,mt_vote_revoted_gte_langfilter,2026-02-28T21:16:44,0.8724020719528198,0.8724020719528198,0.8683583736419678,nllb,ca,ca,ca,DataDeFundació
relation,ca,foundingYear,founding Year,Any de fundació,any de fundació,Any de fundació,0.9,1.0,1.0,1.0,1,1,1,any de fundació,any de fundació,mt_vote_revoted_gte_langfilter,2026-02-28T21:16:44,0.8607774972915649,0.8843708038330078,0.8607774972915649,madlad,ca,ca,ca,AnyDeFundació
relation,ca,frequency,frequency,freqüència,freqüència,freqüència,0.9,1.0,1.0,1.0,1,1,1,freqüència,freqüència,mt_vote_revoted_gte_langfilter,2026-02-28T21:16:44,0.92628014087677,0.92628014087677,0.92628014087677,nllb,ca,ca,ca,Freqüència
relation,ca,fullName,full Name,Nom complet,Nom complet,Nom complet,0.9,1.0,1.0,1.0,1,1,1,Nom complet,Nom complet,mt_vote_revoted_gte_langfilter,2026-02-28T21:16:44,0.8029720783233643,0.8029720783233643,0.8029720783233643,nllb,pt,pt,pt,NomComplet
relation,ca,function,function,funció,funció,function,0.9,1.0,0.0,0.0,1,0,0,funció,funció,mt_vote_revoted_gte_langfilter,2026-02-28T21:16:44,0.7650233507156372,0.7650233507156372,,madlad,es,es,en,Funció
relation,ca,garrison,garrison,guarnició,guarnició,guarnició,0.9,1.0,1.0,1.0,1,1,1,guarnició,guarnició,mt_vote_revoted_gte_langfilter,2026-02-28T21:16:44,0.7503083348274231,0.7503083348274231,0.7503083348274231,nllb,gl,gl,gl,Guarnició
relation,ca,gemstone,gemstone,pedra preciosa,pedra preciosa,gemstone,0.9,1.0,0.0,0.0,1,0,0,pedra preciosa,pedra preciosa,mt_vote_revoted_gte_langfilter,2026-02-28T21:16:44,0.7890132665634155,0.7890132665634155,,madlad,es,es,en,PedraPreciosa
relation,ca,generalManager,general Manager,Gerent general,No s' ha pogut obrir el fitxer% 1. general Manager,director general,0.9,0.3438,0.7333,0.3939,0,0,0,Gerent general,Gerent general,mt_vote_revoted_gte_langfilter,2026-02-28T21:16:44,0.9283790588378906,0.7315775156021118,0.8507388830184937,nllb,nl,ca,de,GerentGeneral
relation,ca,genre,genre,gènere,gènere,gènere,0.9,1.0,1.0,1.0,1,1,1,gènere,gènere,mt_vote_revoted_gte_langfilter,2026-02-28T21:16:44,0.6953729391098022,0.6953729391098022,0.6953729391098022,nllb,ht,ht,ht,Gènere
relation,ca,genus,genus,gènere,gènere,gènere,0.9,1.0,1.0,1.0,1,1,1,gènere,gènere,mt_vote_revoted_gte_langfilter,2026-02-28T21:16:44,0.6923503875732422,0.6923503875732422,0.6923503875732422,nllb,ht,ht,ht,Gènere
relation,ca,governingBody,governing Body,Organisme de govern,governing Body,Òrgan de govern,0.9,0.0,0.8235,0.0,0,0,0,Òrgan de govern,Òrgan de govern,mt_vote_revoted_gte_langfilter,2026-02-28T21:16:44,0.8302011489868164,,0.8360551595687866,salamandra,fr,en,nl,ÒrganDeGovern
relation,ca,governmentType,government Type,Govern Tipus,Tipus de govern,Tipus de govern,0.9,0.0,0.0,1.0,0,0,1,Tipus de govern,Tipus de govern,mt_vote_revoted_gte_langfilter,2026-02-28T21:16:44,,0.8718317747116089,0.8718317747116089,madlad,en,fr,fr,TipusDeGovern
relation,ca,gridReference,grid Reference,Referència de xarxa,Referència de la graella,Referència de la graella,0.9,0.7907,0.7907,1.0,0,0,1,Referència de la graella,Referència de la graella,mt_vote_revoted_gte_langfilter,2026-02-28T21:16:44,0.5962831974029541,0.6297683715820312,0.6297683715820312,madlad,ca,ca,ca,ReferènciaDeLaGraella
relation,ca,gross,gross,Grans,gross,brut,0.9,0.0,0.0,0.0,0,0,0,Grans,Grans,mt_vote,2026-02-28T20:55:03,,,,,en,en,en,Grans
relation,ca,ground,ground,terra,terra,terra,0.9,0.0,0.0,0.0,0,0,0,terra,terra,mt_vote,2026-02-28T20:55:04,,,,,en,en,en,Terra
relation,ca,hasDeputy,has Deputy,té Subdirector,té un adjunt,té adjunt,0.9,0.4615,0.4348,0.8571,0,0,0,té un adjunt,té un adjunt,mt_vote_revoted_gte_langfilter,2026-02-28T21:16:44,0.6593062877655029,0.7625343203544617,0.5888350605964661,madlad,fr,fr,fr,TéUnAdjunt
relation,ca,hasToItsNorth,has To Its North,Té al seu nord,té al seu nord,té el nord a,0.9,1.0,0.6923,0.6923,1,0,0,té al seu nord,té al seu nord,mt_vote_revoted_gte_langfilter,2026-02-28T21:16:44,0.7967461347579956,0.8008730411529541,0.841448187828064,madlad,wa,wa,ca,TéAlSeuNord
relation,ca,hasToItsNortheast,has To Its Northeast,està al seu nord-est,té al seu nord- estweather forecast,té el nord-est,0.9,0.6182,0.6471,0.5306,0,0,0,està al seu nord-est,està al seu nord-est,mt_vote_revoted_gte_langfilter,2026-02-28T21:16:44,0.8360519409179688,0.6455917954444885,0.8024348616600037,nllb,ca,wa,ca,EstàAlSeuNord-est
relation,ca,hasToItsNorthwest,has To Its Northwest,Té al seu nord-oest,té cap al seu nord- oestweather forecast,té el nord-oest,0.9,0.6441,0.8235,0.5091,0,0,0,té el nord-oest,té el nord-oest,mt_vote_revoted_gte_langfilter,2026-02-28T21:16:44,0.6804261207580566,0.6217536926269531,0.7068474888801575,salamandra,wa,wa,ca,TéElNord-oest
relation,ca,hasToItsSoutheast,has To Its Southeast,té al seu sud-est,té al seu sud- estweather forecast,té el sud-est,0.9,0.6667,0.8,0.5106,0,0,0,té el sud-est,té el sud-est,mt_vote_revoted_gte_langfilter,2026-02-28T21:16:44,0.76168292760849,0.6528847813606262,0.7908382415771484,salamandra,wa,wa,fr,TéElSud-est
relation,ca,hasToItsSouthwest,has To Its Southwest,Té al seu sud-oest,té cap al seu sud- oestweather forecast,té el sud-oest,0.9,0.6316,0.8125,0.4906,0,0,0,té el sud-oest,té el sud-oest,mt_vote_revoted_gte_langfilter,2026-02-28T21:16:44,0.6756106615066528,0.5923622846603394,0.6872996687889099,salamandra,wa,wa,fr,TéElSud-oest
relation,ca,hasToItsWest,has To Its West,ha d'anar cap a l'oest,té cap a l' oest,té a l'oest,0.9,0.6842,0.5455,0.8148,0,0,0,té cap a l' oest,té cap a l' oest,mt_vote_revoted_gte_langfilter,2026-02-28T21:16:44,0.7104603052139282,0.7209850549697876,0.6692311763763428,madlad,ca,fr,fr,TéCapAL'Oest
relation,ca,headquarter,headquarter,Capçalera,quarter general,seu,0.9,0.3333,0.1667,0.1111,0,0,0,quarter general,quarter general,mt_vote_revoted_gte_langfilter,2026-02-28T21:16:45,0.5343568325042725,0.61338210105896,0.5366166830062866,madlad,pt,de,fr,QuarterGeneral
relation,ca,height,height,alçada,alçada,alçada,0.9,1.0,1.0,1.0,1,1,1,alçada,alçada,mt_vote_revoted_gte_langfilter,2026-02-28T21:16:45,0.5506172776222229,0.5506172776222229,0.5506172776222229,nllb,pt,pt,pt,Alçada
relation,ca,higher,higher,més alt,més alt,superior,0.9,1.0,0.0,0.0,1,0,0,més alt,més alt,mt_vote_revoted_gte_langfilter,2026-02-28T21:16:45,0.8995361328125,0.8995361328125,,madlad,hu,hu,en,MésAlt
relation,ca,hubAirport,hub Airport,Hub Aeroport,Aeroport de hub,hub Aeroport,0.9,0.5926,1.0,0.5926,0,1,0,hub Aeroport,hub Aeroport,mt_vote_revoted_gte_langfilter,2026-02-28T21:16:45,0.9303648471832277,0.9216983914375304,0.9464401006698608,salamandra,pl,fr,pl,HubAeroport
relation,ca,iataLocationIdentifier,iata Location Identifier,iata Identificador de localització,Identificador de localització iata,Identificador d'ubicació IATA,0.9,0.8529,0.6349,0.7937,0,0,0,iata Identificador de localització,iata Identificador de localització,mt_vote_revoted_gte_langfilter,2026-02-28T21:16:45,0.9291493892669678,0.9014670848846436,0.8991492390632629,nllb,ca,ca,ca,IataIdentificadorDeLocalització
relation,ca,icaoLocationIdentifier,icao Location Identifier,Icao Identificador de localització,Identificador de localització icao,Identificador d'ubicació de l'OACI,0.9,0.8529,0.5882,0.6471,0,0,0,Identificador de localització icao,Identificador de localització icao,mt_vote_revoted_gte_langfilter,2026-02-28T21:16:45,0.9295192956924438,0.9403578042984008,0.8423263430595398,madlad,ca,ca,ca,IdentificadorDeLocalitzacióIcao
relation,ca,imdbId,imdb Id,Imdb Id,Id imdb,imdb Id,0.9,0.0,0.0,0.0,0,0,0,Imdb Id,Imdb Id,mt_vote,2026-02-28T20:55:09,,,,,en,en,en,ImdbId
relation,ca,impactFactor,impact Factor,Factor d'impacte,Factor d' impacte,Factor d'impacte,0.9,0.9697,1.0,0.9697,1,1,1,Factor d' impacte,Factor d' impacte,mt_vote_revoted_gte_langfilter,2026-02-28T21:16:45,0.904072403907776,0.9238977432250975,0.904072403907776,madlad,ca,ca,ca,FactorD'Impacte
relation,ca,inOfficeWhileGovernor,in Office While Governor,En càrrec Mentre governador,in Office While Governor,a l'oficina mentre el governador,0.9,0.0,0.6441,0.0,0,0,0,a l'oficina mentre el governador,a l'oficina mentre el governador,mt_vote_revoted_gte_langfilter,2026-02-28T21:16:45,0.8609269261360168,,0.8792383074760437,salamandra,ca,en,ca,AL'oficinaMentreElGovernador
relation,ca,inOfficeWhileMonarch,in Office While Monarch,en càrrec mentre és monarca,in Office While Monarch,a l'oficina mentre Monarch,0.9,0.0,0.566,0.0,0,0,0,a l'oficina mentre Monarch,a l'oficina mentre Monarch,mt_vote_revoted_gte_langfilter,2026-02-28T21:16:45,0.8171433210372925,,0.9215775728225708,salamandra,fr,en,ca,AL'oficinaMentreMonarch
relation,ca,inOfficeWhilePresident,in Office While President,en càrrec Mentre que el president,in Office While President,a l'oficina mentre el president,0.9,0.0,0.6562,0.0,0,0,0,a l'oficina mentre el president,a l'oficina mentre el president,mt_vote_revoted_gte_langfilter,2026-02-28T21:16:45,0.8640044331550598,,0.8715100884437561,salamandra,ca,en,ca,AL'oficinaMentreElPresident
relation,ca,inOfficeWhilePrimeMinister,in Office While Prime Minister,en càrrec Mentre primer ministre,en el càrrec mentre era Primer Ministre,a l'oficina mentre era primer ministre,0.9,0.9014,0.6857,0.7273,1,0,0,en càrrec Mentre primer ministre,en càrrec Mentre primer ministre,mt_vote_revoted_gte_langfilter,2026-02-28T21:16:45,0.8934476375579834,0.8563933968544006,0.8840936422348022,nllb,ca,ca,ca,EnCàrrecMentrePrimerMinistre
relation,ca,inOfficeWhileVicePresident,in Office While Vice President,en càrrec Mentre que el vicepresident,in Office While Vice President,a l'oficina mentre el vicepresident,0.9,0.0,0.6944,0.0,0,0,0,a l'oficina mentre el vicepresident,a l'oficina mentre el vicepresident,mt_vote_revoted_gte_langfilter,2026-02-28T21:16:45,0.8422324657440186,,0.8427640795707703,salamandra,ca,en,ca,AL'oficinaMentreElVicepresident
relation,ca,inaugurationDate,inauguration Date,Data d'inauguració,Data d' inauguració,Data d'inauguració,0.9,0.973,1.0,0.973,1,1,1,Data d' inauguració,Data d' inauguració,mt_vote_revoted_gte_langfilter,2026-02-28T21:16:45,0.8419234752655029,0.8898655772209167,0.8419234752655029,madlad,ca,ca,ca,DataD'Inauguració
relation,ca,industry,industry,indústria,indústria,indústria,0.9,1.0,1.0,1.0,1,1,1,indústria,indústria,mt_vote_revoted_gte_langfilter,2026-02-28T21:16:45,0.9223588705062866,0.9223588705062866,0.9223588705062866,nllb,ga,ga,ga,Indústria
relation,ca,influencedBy,influenced By,influenciat per,influït per,influenciat per,0.9,0.7692,1.0,0.7692,0,1,0,influenciat per,influenciat per,mt_vote_revoted_gte_langfilter,2026-02-28T21:16:45,0.8392422795295715,0.8787589073181152,0.8392422795295715,salamandra,es,ca,es,InfluenciatPer
relation,ca,ingredient,ingredient,ingredient,ingredient,ingredient,0.9,1.0,1.0,1.0,1,1,1,ingredient,ingredient,mt_vote_revoted_gte_langfilter,2026-02-28T21:16:45,1.0,1.0,1.0,nllb,de,de,de,Ingredient
relation,ca,instrument,instrument,instrument,instrument,instrument,0.9,0.0,0.0,0.0,0,0,0,instrument,instrument,mt_vote,2026-02-28T20:55:13,,,,,en,en,en,Instrument
relation,ca,isPartOf,is Part Of,És part de,és part de,Forma part de,0.9,1.0,0.6957,0.6957,1,0,0,és part de,és part de,mt_vote_revoted_gte_langfilter,2026-02-28T21:16:45,0.8579702973365784,0.9050836563110352,0.8274503350257874,madlad,ca,fr,fr,ÉsPartDe
relation,ca,isPartOfMilitaryConflict,is Part Of Military Conflict,És part d'un conflicte militar.,és part d'un conflicte militar,Forma part del conflicte militar,0.9,0.9836,0.7937,0.8065,1,0,0,és part d'un conflicte militar,és part d'un conflicte militar,mt_vote_revoted_gte_langfilter,2026-02-28T21:16:45,0.8391005992889404,0.9107356667518616,0.7841211557388306,madlad,ca,fr,ca,ÉsPartD'unConflicteMilitar
relation,ca,isbnNumber,isbn Number,Isbn Número,Número ISBN,Número isbn,0.9,0.5455,0.5455,1.0,0,0,1,Número isbn,Número isbn,mt_vote_revoted_gte_langfilter,2026-02-28T21:16:45,0.9548754692077636,0.8942589163780212,0.9674330949783324,salamandra,sk,es,gl,NúmeroIsbn
relation,ca,iso6391Code,iso6391Code,ISO6391Codi,Codi iso6391,iso6391Code,0.9,0.0,0.0,0.0,0,0,0,Codi iso6391,Codi iso6391,mt_vote_revoted_gte_langfilter,2026-02-28T21:16:45,,0.8702559471130371,,madlad,en,it,en,CodiIso6391
relation,ca,iso6392Code,iso6392Code,ISO6392Codi,Codi iso6392,iso6392Code,0.9,0.0,0.0,0.0,0,0,0,Codi iso6392,Codi iso6392,mt_vote_revoted_gte_langfilter,2026-02-28T21:16:45,,0.8953477740287781,,madlad,en,it,en,CodiIso6392
relation,ca,issnNumber,issn Number,Issn Número,Número ISSN,número issn,0.9,0.5455,0.5455,1.0,0,0,1,número issn,número issn,mt_vote_revoted_gte_langfilter,2026-02-28T21:16:45,0.9333631992340088,0.7648316621780396,0.9681106209754944,salamandra,sk,es,gl,NúmeroIssn
relation,ca,jurisdiction,jurisdiction,jurisdicció,jurisdicció,jurisdicció,0.9,1.0,1.0,1.0,1,1,1,jurisdicció,jurisdicció,mt_vote_revoted_gte_langfilter,2026-02-28T21:16:45,0.9343547821044922,0.9343547821044922,0.9343547821044922,nllb,es,es,es,Jurisdicció
relation,ca,keyPerson,key Person,Persona clau,persona clau,persona clau,0.9,1.0,1.0,1.0,1,1,1,persona clau,persona clau,mt_vote_revoted_gte_langfilter,2026-02-28T21:16:45,0.7549484968185425,0.7849075198173523,0.7849075198173523,madlad,ca,ca,ca,PersonaClau
relation,ca,knownFor,known For,conegut per,conegut per,conegut Per,0.9,1.0,1.0,1.0,1,1,1,conegut per,conegut per,mt_vote_revoted_gte_langfilter,2026-02-28T21:16:45,0.8219102621078491,0.8219102621078491,0.7621110677719116,nllb,ca,ca,ca,ConegutPer
relation,ca,language,language,llengua,llengua,llengua,0.9,1.0,1.0,1.0,1,1,1,llengua,llengua,mt_vote_revoted_gte_langfilter,2026-02-28T21:16:45,0.8952825665473938,0.8952825665473938,0.8952825665473938,nllb,de,de,de,Llengua
relation,ca,largestCity,largest City,ciutat més gran,Ciutat més gran,Ciutat més gran,0.9,1.0,1.0,1.0,1,1,1,Ciutat més gran,Ciutat més gran,mt_vote_revoted_gte_langfilter,2026-02-28T21:16:45,0.9271285533905028,0.9371694326400756,0.9371694326400756,madlad,hu,hu,hu,CiutatMésGran
relation,ca,lastAired,last Aired,Última emissió,darrera emissió,última emissió,0.9,0.6207,1.0,0.6207,0,1,0,última emissió,última emissió,mt_vote_revoted_gte_langfilter,2026-02-28T21:16:45,0.7670178413391113,0.7936300039291382,0.7816307544708252,salamandra,gl,es,gl,ÚltimaEmissió
relation,ca,latinName,latin Name,Nom en llatí,Nom llatí,Nom llatí,0.9,0.8571,0.8571,1.0,0,0,1,Nom llatí,Nom llatí,mt_vote_revoted_gte_langfilter,2026-02-28T21:16:45,0.9089792966842652,0.8979856371879578,0.8979856371879578,madlad,ca,es,es,NomLlatí
relation,ca,launchSite,launch Site,Lloc de llançament,Inicia el lloc,llançament del lloc,0.9,0.25,0.5405,0.6061,0,0,0,Lloc de llançament,Lloc de llançament,mt_vote_revoted_gte_langfilter,2026-02-28T21:16:45,0.682395339012146,0.6617550253868103,0.6532224416732788,nllb,ca,ca,ca,LlocDeLlançament
relation,ca,layout,layout,disposició,disposició,layout,0.9,1.0,0.0,0.0,1,0,0,disposició,disposició,mt_vote_revoted_gte_langfilter,2026-02-28T21:16:45,0.5821691751480103,0.5821691751480103,,madlad,es,es,en,Disposició
relation,ca,leader,leader,líder,líder,líder,0.9,1.0,1.0,1.0,1,1,1,líder,líder,mt_vote_revoted_gte_langfilter,2026-02-28T21:16:45,0.8480732440948486,0.8480732440948486,0.8480732440948486,nllb,cs,cs,cs,Líder
relation,ca,leaderParty,leader Party,líder Partit,líder Partit,líder del partit,0.9,1.0,0.8571,0.8571,1,0,0,líder Partit,líder Partit,mt_vote_revoted_gte_langfilter,2026-02-28T21:16:45,0.8909507989883423,0.8909507989883423,0.9209678769111632,madlad,cs,cs,ca,LíderPartit
relation,ca,leaderTitle,leader Title,líder Títol,Títol del líder,líder Títol,0.9,0.3846,1.0,0.3846,0,1,0,líder Títol,líder Títol,mt_vote_revoted_gte_langfilter,2026-02-28T21:16:45,0.7856608629226685,0.80488121509552,0.7856608629226685,salamandra,cs,es,cs,LíderTítol
relation,ca,league,league,Lliga,lligue,lliga,0.9,0.0,0.0,0.7273,0,0,0,lliga,lliga,mt_vote_revoted_gte_langfilter,2026-02-28T21:16:45,,0.786777138710022,0.7900981903076172,salamandra,en,de,de,Lliga
relation,ca,legislature,legislature,legislatura,legislatura,legislatura,0.9,0.0,0.0,0.0,0,0,0,legislatura,legislatura,mt_vote,2026-02-28T20:55:19,,,,,en,en,en,Legislatura
relation,ca,length,length,longitud,longitud,length,0.9,1.0,0.0,0.0,1,0,0,longitud,longitud,mt_vote_revoted_gte_langfilter,2026-02-28T21:16:45,0.8341200351715088,0.8341200351715088,,madlad,et,et,en,Longitud
relation,ca,libraryofCongressClassification,libraryof Congress Classification,Biblioteca del Congrés de Classificació,libraryof congress classification,Classificació de la Biblioteca del Congrés,0.9,0.0,0.5432,0.0,0,0,0,Classificació de la Biblioteca del Congrés,Classificació de la Biblioteca del Congrés,mt_vote_revoted_gte_langfilter,2026-02-28T21:16:45,0.7838630676269531,,0.8772271275520325,salamandra,ca,en,ca,ClassificacióDeLaBibliotecaDelCongrés
relation,ca,literaryGenre,literary Genre,Literària Genre,Gènere literari,Gènere literari,0.9,0.4667,0.4667,1.0,0,0,1,Gènere literari,Gènere literari,mt_vote_revoted_gte_langfilter,2026-02-28T21:16:45,0.926060140132904,0.8172990083694458,0.8172990083694458,madlad,ca,ht,ht,GènereLiterari
relation,ca,location,location,ubicació,ubicació,ubicació,0.9,1.0,1.0,1.0,1,1,1,ubicació,ubicació,mt_vote_revoted_gte_langfilter,2026-02-28T21:16:45,0.8904093503952026,0.8904093503952026,0.8904093503952026,nllb,es,es,es,Ubicació
relation,ca,locationIdentifier,location Identifier,Identificador de localització,Identificador de localització,Identificador d'ubicació,0.9,1.0,0.7547,0.7547,1,0,0,Identificador de localització,Identificador de localització,mt_vote_revoted_gte_langfilter,2026-02-28T21:16:45,0.9035243988037108,0.9035243988037108,0.9008886814117432,madlad,ca,ca,ca,IdentificadorDeLocalització
relation,ca,longName,long Name,nom llarg,Nom llarg,long Name,0.9,1.0,0.0,0.0,1,0,0,nom llarg,nom llarg,mt_vote_revoted_gte_langfilter,2026-02-28T21:16:45,0.8936464786529541,0.8520725965499878,,nllb,ca,es,en,NomLlarg
relation,ca,maidenFlight,maiden Flight,Vol inaugural,maiden flight,maiden Flight,0.9,0.2308,0.2308,1.0,0,0,1,maiden Flight,maiden Flight,mt_vote_revoted_gte_langfilter,2026-02-28T21:16:45,0.5412052869796753,0.9602195024490356,1.0000001192092896,salamandra,fr,de,de,MaidenFlight
relation,ca,maidenVoyage,maiden Voyage,Viatge de la noia,primer viatge,maiden Voyage,0.9,0.4,0.2667,0.5385,0,0,0,maiden Voyage,maiden Voyage,mt_vote_revoted_gte_langfilter,2026-02-28T21:16:45,0.6805877089500427,0.6571213006973267,1.0000001192092896,salamandra,ca,ca,de,MaidenVoyage
relation,ca,mainIngredient,main Ingredient,Principal Ingredient,ingredient principal,ingredient principal,0.9,0.0,0.0,0.0,0,0,0,Principal Ingredient,Principal Ingredient,mt_vote_revoted_gte_langfilter,2026-02-28T21:16:45,0.8370803594589233,,,nllb,nl,en,en,PrincipalIngredient
relation,ca,manager,manager,gerent,gestor,director,0.9,0.0,0.0,0.0,0,0,0,gerent,gerent,mt_vote_revoted_gte_langfilter,2026-02-28T21:16:45,0.6351073980331421,,,nllb,da,en,en,Gerent
relation,ca,manufacturer,manufacturer,fabricant,fabricant,fabricant,0.9,0.0,0.0,0.0,0,0,0,fabricant,fabricant,mt_vote,2026-02-28T20:55:22,,,,,en,en,en,Fabricant
relation,ca,mascot,mascot,mascota,mascota,mascota,0.9,0.0,0.0,0.0,0,0,0,mascota,mascota,mt_vote,2026-02-28T20:55:22,,,,,en,en,en,Mascota
relation,ca,mass,mass,massa,massaamount in units (integer),massa,0.9,0.2857,1.0,0.2857,0,1,0,massa,massa,mt_vote_revoted_gte_langfilter,2026-02-28T21:16:45,0.8083041906356812,0.7835378646850586,0.8083041906356812,salamandra,fi,nl,fi,Massa
relation,ca,material,material,material,material,material,0.9,0.0,0.0,0.0,0,0,0,material,material,mt_vote,2026-02-28T20:55:23,,,,,en,en,en,Material
relation,ca,maximumTemperature,maximum Temperature,Temperatura màxima,Temperatura màxima,temperatura màxima,0.9,1.0,1.0,1.0,1,1,1,temperatura màxima,temperatura màxima,mt_vote_revoted_gte_langfilter,2026-02-28T21:16:45,0.8870671987533569,0.8870671987533569,0.9092718958854676,salamandra,fr,fr,fr,TemperaturaMàxima
relation,ca,mayor,mayor,alcalde,major,major,0.9,0.0,0.0,0.0,0,0,0,alcalde,alcalde,mt_vote_revoted_gte_langfilter,2026-02-28T21:16:45,0.8852810859680176,,,nllb,eu,en,en,Alcalde
relation,ca,meanTemperature,mean Temperature,Temperatura mitjana,Temperatura mitjana,temperatura mitjana,0.9,1.0,1.0,1.0,1,1,1,Temperatura mitjana,Temperatura mitjana,mt_vote_revoted_gte_langfilter,2026-02-28T21:16:45,0.8275098204612732,0.8275098204612732,0.7808302640914917,nllb,mt,mt,mt,TemperaturaMitjana
relation,ca,meaning,meaning,significat,significat,significat,0.9,0.0,0.0,0.0,0,0,0,significat,significat,mt_vote,2026-02-28T20:55:24,,,,,en,en,en,Significat
relation,ca,mediaType,media Type,tipus de mitjans,Tipus de suport,Tipus de mitjans,0.9,0.6452,1.0,0.6452,0,1,0,Tipus de mitjans,Tipus de mitjans,mt_vote_revoted_gte_langfilter,2026-02-28T21:16:45,0.8120778203010559,0.661526083946228,0.8182671666145325,salamandra,ca,ca,ca,TipusDeMitjans
relation,ca,militaryBranch,military Branch,Branca militar,Branques militars,branca militar,0.9,0.7742,1.0,0.7742,0,1,0,Branca militar,Branca militar,mt_vote_revoted_gte_langfilter,2026-02-28T21:16:45,0.8685586452484131,0.8459838032722473,0.8135272860527039,nllb,it,fr,it,BrancaMilitar
relation,ca,militaryRank,military Rank,Rang militar,Rang militar,rang militar,0.9,1.0,1.0,1.0,1,1,1,rang militar,rang militar,mt_vote_revoted_gte_langfilter,2026-02-28T21:16:45,0.8947072625160217,0.8947072625160217,0.9120960235595704,salamandra,tl,tl,tl,RangMilitar
relation,ca,minimumTemperature,minimum Temperature,Temperatura mínima,Temperatura mínima,temperatura mínima,0.9,1.0,1.0,1.0,1,1,1,temperatura mínima,temperatura mínima,mt_vote_revoted_gte_langfilter,2026-02-28T21:16:45,0.8899399042129517,0.8899399042129517,0.918025553226471,salamandra,cs,cs,cs,TemperaturaMínima
relation,ca,mission,mission,Missió,missió,missió,0.9,1.0,1.0,1.0,1,1,1,missió,missió,mt_vote_revoted_gte_langfilter,2026-02-28T21:16:45,0.8199523687362671,0.9139500856399536,0.9139500856399536,madlad,es,es,es,Missió
relation,ca,modelStartYear,model Start Year,model Any d'inici,model Any d' inici,model Any d'inici,0.9,0.9714,1.0,0.9714,1,1,1,model Any d' inici,model Any d' inici,mt_vote_revoted_gte_langfilter,2026-02-28T21:16:45,0.8445949554443359,0.8460150361061096,0.8445949554443359,madlad,ca,ca,ca,ModelAnyD'Inici
relation,ca,modelYears,model Years,Anys de model,Anys de model,model Anys,0.9,1.0,0.4348,0.4348,1,0,0,Anys de model,Anys de model,mt_vote_revoted_gte_langfilter,2026-02-28T21:16:45,0.816928505897522,0.816928505897522,0.7134854793548584,madlad,es,es,es,AnysDeModel
relation,ca,mostChampions,most Champions,la majoria de campions,més campions,la majoria de campions,0.9,0.5882,1.0,0.5882,0,1,0,la majoria de campions,la majoria de campions,mt_vote_revoted_gte_langfilter,2026-02-28T21:16:45,0.9007401466369628,0.8826174736022949,0.9007401466369628,salamandra,ca,fr,ca,LaMajoriaDeCampions
relation,ca,motto,motto,lema,lema,motto,0.9,1.0,0.0,0.0,1,0,0,lema,lema,mt_vote_revoted_gte_langfilter,2026-02-28T21:16:45,0.6160640716552734,0.6160640716552734,,madlad,es,es,en,Lema
relation,ca,municipality,municipality,municipi,La Massanacatalonia_ comarques. kgm,municipi,0.9,0.186,1.0,0.186,0,1,0,municipi,municipi,mt_vote_revoted_gte_langfilter,2026-02-28T21:16:45,0.8156949877738953,0.6371513605117798,0.8156949877738953,salamandra,es,ca,es,Municipi
relation,ca,musicComposer,music Composer,música Compositora,Compositor de música,Compositor de música,0.9,0.5789,0.5789,1.0,0,0,1,Compositor de música,Compositor de música,mt_vote_revoted_gte_langfilter,2026-02-28T21:16:45,0.7886161208152771,0.908918023109436,0.908918023109436,madlad,sk,ca,ca,CompositorDeMúsica
relation,ca,musicFusionGenre,music Fusion Genre,música Genre Fusion,music Fusion Genre,Gènere de fusió musical,0.9,0.0,0.3333,0.0,0,0,0,música Genre Fusion,música Genre Fusion,mt_vote_revoted_gte_langfilter,2026-02-28T21:16:45,0.9345951080322266,,0.8829165697097778,nllb,sk,en,ca,MúsicaGenreFusion
relation,ca,musicSubgenre,music Subgenre,música Subgènere,Subgènere de música,Subgènere musical,0.9,0.5143,0.5455,0.8333,0,0,0,Subgènere de música,Subgènere de música,mt_vote_revoted_gte_langfilter,2026-02-28T21:16:45,0.7930697202682495,0.8483495712280273,0.7989794015884399,madlad,ca,ca,ht,SubgènereDeMúsica
relation,ca,musicalArtist,musical Artist,Artista musical,musical Artista,Artista musical,0.9,0.0,1.0,0.0,0,1,0,Artista musical,Artista musical,mt_vote_revoted_gte_langfilter,2026-02-28T21:16:45,0.9376671314239502,,0.9376671314239502,salamandra,es,en,es,ArtistaMusical
relation,ca,musicalBand,musical Band,Banda musical,Banda musical,banda musical,0.9,1.0,1.0,1.0,1,1,1,banda musical,banda musical,mt_vote_revoted_gte_langfilter,2026-02-28T21:16:45,0.8803900480270386,0.8803900480270386,0.916944146156311,salamandra,ms,ms,ms,BandaMusical
relation,ca,nationality,nationality,nacionalitat,nacionalitat,nacionalitat,0.9,1.0,1.0,1.0,1,1,1,nacionalitat,nacionalitat,mt_vote_revoted_gte_langfilter,2026-02-28T21:16:45,0.9027406573295592,0.9027406573295592,0.9027406573295592,nllb,es,es,es,Nacionalitat
relation,ca,nativeName,native Name,Nom d'origen,Nom natiu,Nom nadiu,0.9,0.0,0.5714,0.0,0,0,0,Nom d'origen,Nom d'origen,mt_vote_revoted_gte_langfilter,2026-02-28T21:16:45,0.7537967562675476,,0.7505389451980591,nllb,fr,en,sk,NomD'origen
relation,ca,nearestCity,nearest City,Ciutat més propera,Ciutat més propera,Ciutat més propera,0.9,1.0,1.0,1.0,1,1,1,Ciutat més propera,Ciutat més propera,mt_vote_revoted_gte_langfilter,2026-02-28T21:16:45,0.8584690093994141,0.8584690093994141,0.8584690093994141,nllb,hu,hu,hu,CiutatMésPropera
relation,ca,neighboringMunicipality,neighboring Municipality,municipi veí,municipi veí,municipi veí,0.9,1.0,1.0,1.0,1,1,1,municipi veí,municipi veí,mt_vote_revoted_gte_langfilter,2026-02-28T21:16:45,0.7289959192276001,0.7289959192276001,0.7289959192276001,nllb,es,es,es,MunicipiVeí
relation,ca,netIncome,net Income,Ingressos nets,Ingressos nets,Ingrés net,0.9,1.0,0.75,0.75,1,0,0,Ingressos nets,Ingressos nets,mt_vote_revoted_gte_langfilter,2026-02-28T21:16:45,0.6911150217056274,0.6911150217056274,0.7287968993186951,madlad,es,es,hu,IngressosNets
relation,ca,nickname,nickname,sobrenom,sobrenom,sobrenom,0.9,1.0,1.0,1.0,1,1,1,sobrenom,sobrenom,mt_vote_revoted_gte_langfilter,2026-02-28T21:16:45,0.6767705678939819,0.6767705678939819,0.6767705678939819,nllb,es,es,es,Sobrenom
relation,ca,notableWork,notable Work,obra notable,Treball notable,Obra notable,0.9,0.0,1.0,0.0,0,1,0,obra notable,obra notable,mt_vote_revoted_gte_langfilter,2026-02-28T21:16:45,0.902380108833313,,0.8679416179656982,nllb,sl,en,es,ObraNotable
relation,ca,numberOfDoctoralStudents,number Of Doctoral Students,nombre d'estudiants de doctorat,nombre d' estudiants de doctorat,Nombre d'estudiants de doctorat,0.9,0.9841,1.0,0.9841,1,1,1,nombre d'estudiants de doctorat,nombre d'estudiants de doctorat,mt_vote_revoted_gte_langfilter,2026-02-28T21:16:45,0.9426281452178956,0.9387380480766296,0.9212398529052734,nllb,fr,fr,fr,NombreD'estudiantsDeDoctorat
relation,ca,numberOfEmployees,number Of Employees,nombre d'empleats,Nombre d' empleats,Nombre d'emplegats,0.9,0.9714,0.9714,0.9444,1,1,1,Nombre d' empleats,Nombre d' empleats,mt_vote_revoted_gte_langfilter,2026-02-28T21:16:45,0.8797961473464966,0.9153469204902648,0.6841514110565186,madlad,fr,fr,fr,NombreD'Empleats
relation,ca,numberOfLocations,number Of Locations,nombre de localitzacions,Nombre de localitzacions,nombre d'ubicacions,0.9,1.0,0.6977,0.6977,1,0,0,nombre de localitzacions,nombre de localitzacions,mt_vote_revoted_gte_langfilter,2026-02-28T21:16:45,0.8899377584457397,0.8365448713302612,0.8789920210838318,nllb,ca,ca,oc,NombreDeLocalitzacions
relation,ca,numberOfMembers,number Of Members,Nombre de diputats,Nombre de membres,Nombre de membres,0.9,0.6286,0.6286,1.0,0,0,1,Nombre de membres,Nombre de membres,mt_vote_revoted_gte_langfilter,2026-02-28T21:16:45,0.8260709047317505,0.931311011314392,0.931311011314392,madlad,fr,fr,fr,NombreDeMembres
relation,ca,numberOfPages,number Of Pages,nombre de pàgines,Número de pàgines,nombre de pàgines,0.9,0.7647,1.0,0.8235,0,1,0,nombre de pàgines,nombre de pàgines,mt_vote_revoted_gte_langfilter,2026-02-28T21:16:45,0.8698915839195251,0.8641371130943298,0.8698915839195251,salamandra,fr,pt,fr,NombreDePàgines
relation,ca,numberOfPostgraduateStudents,number Of Postgraduate Students,nombre d'estudiants de postgrau,nombre d' estudiants de postgrau,Nombre d'estudiants de postgrau,0.9,0.9841,1.0,0.9841,1,1,1,nombre d'estudiants de postgrau,nombre d'estudiants de postgrau,mt_vote_revoted_gte_langfilter,2026-02-28T21:16:45,0.9328535795211792,0.9303412437438964,0.9225970506668092,nllb,ca,ca,ca,NombreD'estudiantsDePostgrau
relation,ca,numberOfRooms,number Of Rooms,nombre de habitacions,Nombre d' habitacions,nombre d'habitacions,0.9,0.9524,0.9268,0.9756,1,1,1,nombre de habitacions,nombre de habitacions,mt_vote_revoted_gte_langfilter,2026-02-28T21:16:45,0.817272424697876,0.7335888743400574,0.7726373672485352,nllb,es,ca,ca,NombreDeHabitacions
relation,ca,numberOfStudents,number Of Students,nombre d'estudiants,Nombre d' estudiants,Nombre d'estudiants,0.9,0.9744,1.0,0.9744,1,1,1,nombre d'estudiants,nombre d'estudiants,mt_vote_revoted_gte_langfilter,2026-02-28T21:16:45,0.936322033405304,0.8721473217010498,0.9286764860153198,nllb,fr,fr,fr,NombreD'estudiants
relation,ca,numberOfUndergraduateStudents,number Of Undergraduate Students,nombre d'estudiants de grau,nombre d' estudiants de grau,Nombre d'estudiants universitaris,0.9,0.9818,0.7667,0.7541,1,0,0,nombre d' estudiants de grau,nombre d' estudiants de grau,mt_vote_revoted_gte_langfilter,2026-02-28T21:16:45,0.8498027324676514,0.8631893396377563,0.8710125684738159,madlad,ca,ca,ca,NombreD'EstudiantsDeGrau
relation,ca,numberOfVotesAttained,number Of Votes Attained,nombre de vots obtinguts,número de vots assolits,nombre de vots assolits,0.9,0.6383,0.8085,0.8696,0,0,0,nombre de vots assolits,nombre de vots assolits,mt_vote_revoted_gte_langfilter,2026-02-28T21:16:45,0.8671414852142334,0.8740293383598328,0.8817047476768494,salamandra,ca,gl,fr,NombreDeVotsAssolits
relation,ca,occupation,occupation,ocupació,ocupació,ocupació,0.9,1.0,1.0,1.0,1,1,1,ocupació,ocupació,mt_vote_revoted_gte_langfilter,2026-02-28T21:16:45,0.8704223036766052,0.8704223036766052,0.8704223036766052,nllb,es,es,es,Ocupació
relation,ca,oclcNumber,oclc Number,Nombre d'oclc,Número oclc,oclc Number,0.9,0.5833,0.0,0.0,0,0,0,Número oclc,Número oclc,mt_vote_revoted_gte_langfilter,2026-02-28T21:16:45,0.8945821523666382,0.9772162437438964,,madlad,fr,es,en,NúmeroOclc
relation,ca,office,office,oficina,oficina,office,0.9,1.0,0.0,0.0,1,0,0,oficina,oficina,mt_vote_revoted_gte_langfilter,2026-02-28T21:16:45,0.8819799423217773,0.8819799423217773,,madlad,es,es,en,Oficina
relation,ca,officialLanguage,official Language,Llengua oficial,Idioma oficial,llengua oficial,0.9,0.0,0.0,0.0,0,0,0,Llengua oficial,Llengua oficial,mt_vote,2026-02-28T20:55:35,,,,,en,en,en,LlenguaOficial
relation,ca,officialSchoolColour,official School Colour,Color oficial de l'escola,Color oficial de l'escola,color oficial de l'escola,0.9,1.0,1.0,1.0,1,1,1,color oficial de l'escola,color oficial de l'escola,mt_vote_revoted_gte_langfilter,2026-02-28T21:16:45,0.8842200040817261,0.8842200040817261,0.8861054182052612,salamandra,ro,ro,ro,ColorOficialDeL'escola
relation,ca,operatingIncome,operating Income,Ingressos operatius,Ingressos d'explotació,Ingrés d'explotació,0.9,0.6341,0.4737,0.878,0,0,0,Ingressos operatius,Ingressos operatius,mt_vote_revoted_gte_langfilter,2026-02-28T21:16:45,0.6835636496543884,0.6626752614974976,0.6248478889465332,nllb,lt,ca,ca,IngressosOperatius
relation,ca,operatingOrganisation,operating Organisation,Organització operativa,Organització operativa,organització operativa,0.9,1.0,1.0,1.0,1,1,1,organització operativa,organització operativa,mt_vote_revoted_gte_langfilter,2026-02-28T21:16:45,0.9168394804000854,0.9168394804000854,0.9425394535064696,salamandra,ca,ca,ca,OrganitzacióOperativa
relation,ca,operator,operator,operador,Operador,operador,0.9,1.0,1.0,1.0,1,1,1,operador,operador,mt_vote_revoted_gte_langfilter,2026-02-28T21:16:45,0.9485960602760316,0.7780848741531372,0.9485960602760316,nllb,pt,pt,pt,Operador
relation,ca,orbitalPeriod,orbital Period,Període orbital,Període orbital,Període orbital,0.9,1.0,1.0,1.0,1,1,1,Període orbital,Període orbital,mt_vote_revoted_gte_langfilter,2026-02-28T21:16:45,0.9193000197410583,0.9193000197410583,0.9193000197410583,nllb,ga,ga,ga,PeríodeOrbital
relation,ca,order,order,ordre,ordre,ordre,0.9,0.0,0.0,0.0,0,0,0,ordre,ordre,mt_vote,2026-02-28T20:55:37,,,,,en,en,en,Ordre
relation,ca,origin,origin,procedència,origen,origen,0.9,0.3529,0.3529,1.0,0,0,1,origen,origen,mt_vote_revoted_gte_langfilter,2026-02-28T21:16:45,0.6762025356292725,0.826545238494873,0.826545238494873,madlad,oc,de,de,Origen
relation,ca,outlookRanking,outlook Ranking,Perspectives Classificació,Classificació de l' Outlook,Classament d'Outlook,0.9,0.4906,0.2609,0.6809,0,0,0,Classificació de l' Outlook,Classificació de l' Outlook,mt_vote_revoted_gte_langfilter,2026-02-28T21:16:45,0.5975963473320007,0.8044627904891968,0.7358970642089844,madlad,es,ca,fr,ClassificacióDeL'Outlook
relation,ca,owner,owner,propietari,propietari,propietària,0.9,1.0,0.8571,0.8571,1,0,0,propietari,propietari,mt_vote_revoted_gte_langfilter,2026-02-28T21:16:45,0.8965021371841431,0.8965021371841431,0.7568248510360718,madlad,es,es,ca,Propietari
relation,ca,owningOrganisation,owning Organisation,Organització propietària,Organització propietària,organització propietària,0.9,1.0,1.0,1.0,1,1,1,organització propietària,organització propietària,mt_vote_revoted_gte_langfilter,2026-02-28T21:16:45,0.7983530759811401,0.7983530759811401,0.7994488477706909,salamandra,ca,ca,ca,OrganitzacióPropietària
relation,ca,parentCompany,parent Company,Empresa matriu,companyia mare,Empresa matriu,0.9,0.0,1.0,0.0,0,1,0,Empresa matriu,Empresa matriu,mt_vote_revoted_gte_langfilter,2026-02-28T21:16:45,0.7896276712417603,,0.7896276712417603,salamandra,it,en,it,EmpresaMatriu
relation,ca,part,part,part,part,part,0.9,0.0,0.0,0.0,0,0,0,part,part,mt_vote,2026-02-28T20:55:39,,,,,en,en,en,Part
relation,ca,partialFailures,partial Failures,Falles parcials,Errors parcials,fallades parcials,0.9,0.7333,0.9375,0.6875,0,1,0,fallades parcials,fallades parcials,mt_vote_revoted_gte_langfilter,2026-02-28T21:16:45,0.7755376696586609,0.804689884185791,0.8277342915534973,salamandra,fr,fr,ca,FalladesParcials
relation,ca,partsType,parts Type,Parts Tipus,Tipus de part,parts Tipus,0.9,0.0,0.0,0.0,0,0,0,Tipus de part,Tipus de part,mt_vote_revoted_gte_langfilter,2026-02-28T21:16:45,,0.8834854960441589,,madlad,en,fr,en,TipusDePart
relation,ca,party,party,festa,festa,partit,0.9,0.0,0.0,0.0,0,0,0,festa,festa,mt_vote,2026-02-28T20:55:40,,,,,en,en,en,Festa
relation,ca,patronSaint,patron Saint,Sant patró,Sant patró,patró,0.9,1.0,0.6667,0.6667,1,0,0,Sant patró,Sant patró,mt_vote_revoted_gte_langfilter,2026-02-28T21:16:45,0.7712924480438232,0.7712924480438232,0.6803339719772339,madlad,ca,ca,pl,SantPatró
relation,ca,percentageOfAreaWater,percentage Of Area Water,Percentatge de superfície d'aigua,percentatge de la superfície de l' aigua,percentatge d'àrea d'aigua,0.9,0.9041,0.7458,0.697,1,0,0,percentatge de la superfície de l' aigua,percentatge de la superfície de l' aigua,mt_vote_revoted_gte_langfilter,2026-02-28T21:16:45,0.832573652267456,0.8478699326515198,0.9251439571380616,madlad,ca,ca,ca,PercentatgeDeLaSuperfícieDeL'Aigua
relation,ca,periapsis,periapsis,periapsis,periapsis,periàpside,0.9,0.0,0.0,0.0,0,0,0,periàpside,periàpside,mt_vote_revoted_gte_langfilter,2026-02-28T21:16:45,,,0.7615208029747009,salamandra,en,en,fr,Periàpside
relation,ca,place,place,lloc,lloc,place,0.9,0.0,0.0,0.0,0,0,0,lloc,lloc,mt_vote,2026-02-28T20:55:41,,,,,en,en,en,Lloc
relation,ca,playerNumber,player Number,número de jugadors,Número de jugador,Número de jugador,0.9,0.9714,0.9714,1.0,1,1,1,Número de jugador,Número de jugador,mt_vote_revoted_gte_langfilter,2026-02-28T21:16:45,0.8360469937324524,0.8962180018424988,0.8962180018424988,madlad,gl,gl,gl,NúmeroDeJugador
relation,ca,populationDensity,population Density,Densitat de població,Densitat de població,Densitat de població,0.9,1.0,1.0,1.0,1,1,1,Densitat de població,Densitat de població,mt_vote_revoted_gte_langfilter,2026-02-28T21:16:45,0.8313210010528564,0.8313210010528564,0.8313210010528564,nllb,ca,ca,ca,DensitatDePoblació
relation,ca,populationMetro,population Metro,població Metro,Població Metro,població Metro,0.9,1.0,1.0,1.0,1,1,1,Població Metro,Població Metro,mt_vote_revoted_gte_langfilter,2026-02-28T21:16:45,0.8721209764480591,0.8818780183792114,0.8721209764480591,madlad,ca,ca,ca,PoblacióMetro
relation,ca,populationMetroDensity,population Metro Density,Populació Densitat metropolitana,Densitat de població,Densitat metropolitana de població,0.9,0.5385,0.6667,0.7407,0,0,0,Populació Densitat metropolitana,Populació Densitat metropolitana,mt_vote_revoted_gte_langfilter,2026-02-28T21:16:45,0.8713850975036621,0.7149701118469238,0.8516169786453247,nllb,ca,ca,es,PopulacióDensitatMetropolitana
relation,ca,populationTotal,population Total,Població total,població total,població total,0.9,1.0,1.0,1.0,1,1,1,Població total,Població total,mt_vote_revoted_gte_langfilter,2026-02-28T21:16:45,0.9195047616958618,0.886000394821167,0.886000394821167,nllb,ca,ca,ca,PoblacióTotal
relation,ca,position,position,posició,posició,posició,0.9,1.0,1.0,1.0,1,1,1,posició,posició,mt_vote_revoted_gte_langfilter,2026-02-28T21:16:45,0.8757829070091248,0.8757829070091248,0.8757829070091248,nllb,es,es,es,Posició
relation,ca,postalCode,postal Code,Codi postal,Codi postal,Còdi postal,0.9,1.0,0.9091,0.9091,1,1,1,Còdi postal,Còdi postal,mt_vote_revoted_gte_langfilter,2026-02-28T21:16:45,0.8301780223846436,0.8301780223846436,0.8371514081954956,salamandra,it,it,it,CòdiPostal
relation,ca,powerType,power Type,Potència Tipus,Tipus de potència,Tipus de potència,0.9,0.5161,0.5161,1.0,0,0,1,Tipus de potència,Tipus de potència,mt_vote_revoted_gte_langfilter,2026-02-28T21:16:45,0.819617748260498,0.8695785999298096,0.8695785999298096,madlad,ca,ca,ca,TipusDePotència
relation,ca,precededBy,preceded By,precedit per,precedit per,precedit per,0.9,0.0,0.0,0.0,0,0,0,precedit per,precedit per,mt_vote,2026-02-28T20:55:44,,,,,en,en,en,PreceditPer
relation,ca,predecessor,predecessor,predecessor,predecessor,predecessor,0.9,1.0,1.0,1.0,1,1,1,predecessor,predecessor,mt_vote_revoted_gte_langfilter,2026-02-28T21:16:45,1.0000001192092896,1.0000001192092896,1.0000001192092896,nllb,it,it,it,Predecessor
relation,ca,president,president,president,president,president,0.9,0.0,0.0,0.0,0,0,0,president,president,mt_vote,2026-02-28T20:55:44,,,,,en,en,en,President
relation,ca,producer,producer,productor,productor,productor,0.9,0.0,0.0,0.0,0,0,0,productor,productor,mt_vote,2026-02-28T20:55:44,,,,,en,en,en,Productor
relation,ca,product,product,producte,producte,producte,0.9,0.0,0.0,0.0,0,0,0,producte,producte,mt_vote,2026-02-28T20:55:44,,,,,en,en,en,Producte
relation,ca,productionEndYear,production End Year,Producció Fin d'any,Fi de l' any,producció Final Any,0.9,0.5161,0.8947,0.4516,0,0,0,Producció Fin d'any,Producció Fin d'any,mt_vote_revoted_gte_langfilter,2026-02-28T21:16:45,0.8954253792762756,0.7137248516082764,0.8121269345283508,nllb,ca,ca,ca,ProduccióFinD'any
relation,ca,productionStartYear,production Start Year,Producció Any d'inici,Any d' inici de la producció,any d'inici de producció,0.9,0.3673,0.4889,0.9231,0,0,1,any d'inici de producció,any d'inici de producció,mt_vote_revoted_gte_langfilter,2026-02-28T21:16:45,0.8455592393875122,0.8446419835090637,0.8542541861534119,salamandra,ca,ca,ca,AnyD'iniciDeProducció
relation,ca,profession,profession,professió,professió,professió,0.9,1.0,1.0,1.0,1,1,1,professió,professió,mt_vote_revoted_gte_langfilter,2026-02-28T21:16:45,0.8816397190093994,0.8816397190093994,0.8816397190093994,nllb,es,es,es,Professió
relation,ca,professionalField,professional Field,Àrea professional,camp professional,Camp professional,0.9,0.0,0.0,0.0,0,0,0,camp professional,camp professional,mt_vote,2026-02-28T20:55:46,,,,,en,en,en,CampProfessional
relation,ca,protein,protein,proteïna,proteïna,proteïna,0.9,1.0,1.0,1.0,1,1,1,proteïna,proteïna,mt_vote_revoted_gte_langfilter,2026-02-28T21:16:45,0.8546603918075562,0.8546603918075562,0.8546603918075562,nllb,ca,ca,ca,Proteïna
relation,ca,publisher,publisher,editor,editor,publisher,0.9,0.0,0.0,0.0,0,0,0,editor,editor,mt_vote,2026-02-28T20:55:46,,,,,en,en,en,Editor
relation,ca,recordLabel,record Label,Registre de l'etiqueta,Etiqueta del registre,record Label,0.9,0.3721,0.0,0.0,0,0,0,Etiqueta del registre,Etiqueta del registre,mt_vote_revoted_gte_langfilter,2026-02-28T21:16:45,0.6726512908935547,0.7141504883766174,,madlad,fr,ca,en,EtiquetaDelRegistre
relation,ca,recordedIn,recorded In,registrats en,gravat a,In registrat,0.9,0.4762,0.0,0.0,0,0,0,registrats en,registrats en,mt_vote_revoted_gte_langfilter,2026-02-28T21:16:45,0.7265048027038574,0.555754542350769,,nllb,fr,fr,en,RegistratsEn
relation,ca,rector,rector,rector,rector,rector,0.9,0.0,0.0,0.0,0,0,0,rector,rector,mt_vote,2026-02-28T20:55:47,,,,,en,en,en,Rector
relation,ca,region,region,regió,regió,regió,0.9,1.0,1.0,1.0,1,1,1,regió,regió,mt_vote_revoted_gte_langfilter,2026-02-28T21:16:45,0.7742475271224976,0.7742475271224976,0.7742475271224976,nllb,es,es,es,Regió
relation,ca,regionServed,region Served,regió Servit,regió servida,regió servida,0.9,0.88,0.88,1.0,0,0,1,regió servida,regió servida,mt_vote_revoted_gte_langfilter,2026-02-28T21:16:45,0.6868999004364014,0.7039944529533386,0.7039944529533386,madlad,ca,ca,ca,RegióServida
relation,ca,related,related,relacionats,relacionat,relacionat,0.9,0.9524,0.9524,1.0,1,1,1,relacionat,relacionat,mt_vote_revoted_gte_langfilter,2026-02-28T21:16:45,0.6403811573982239,0.8103666305541992,0.8103666305541992,madlad,oc,oc,oc,Relacionat
relation,ca,relatedMeanOfTransportation,related Mean Of Transportation,mitjà de transport relacionat,Mitjà de transport relacionat,significat relacionat amb el transport,0.9,1.0,0.4179,0.4179,1,0,0,Mitjà de transport relacionat,Mitjà de transport relacionat,mt_vote_revoted_gte_langfilter,2026-02-28T21:16:45,0.730776309967041,0.7666369676589966,0.8162589073181152,madlad,ca,ca,ca,MitjàDeTransportRelacionat
relation,ca,releaseDate,release Date,Data de llançament,Data de llançament,Data de llançament,0.9,1.0,1.0,1.0,1,1,1,Data de llançament,Data de llançament,mt_vote_revoted_gte_langfilter,2026-02-28T21:16:45,0.8392510414123535,0.8392510414123535,0.8392510414123535,nllb,ca,ca,ca,DataDeLlançament
relation,ca,religion,religion,religió,religió,religió,0.9,1.0,1.0,1.0,1,1,1,religió,religió,mt_vote_revoted_gte_langfilter,2026-02-28T21:16:45,0.9509327411651612,0.9509327411651612,0.9509327411651612,nllb,es,es,es,Religió
relation,ca,representative,representative,representant,representatiu,representatiu,0.9,0.0,0.0,0.0,0,0,0,representatiu,representatiu,mt_vote,2026-02-28T20:55:49,,,,,en,en,en,Representatiu
relation,ca,residence,residence,residència,residència,residència,0.9,1.0,1.0,1.0,1,1,1,residència,residència,mt_vote_revoted_gte_langfilter,2026-02-28T21:16:45,0.8783658742904663,0.8783658742904663,0.8783658742904663,nllb,ca,ca,ca,Residència
relation,ca,revenue,revenue,ingressos,ingressos,ingressos,0.9,0.0,0.0,0.0,0,0,0,ingressos,ingressos,mt_vote,2026-02-28T20:55:49,,,,,en,en,en,Ingressos
relation,ca,ribbonAward,ribbon Award,Premi de cinta,Premi de cinta,ribbon Award,0.9,1.0,0.0,0.0,1,0,0,Premi de cinta,Premi de cinta,mt_vote_revoted_gte_langfilter,2026-02-28T21:16:45,0.6583028435707092,0.6583028435707092,,madlad,ro,ro,en,PremiDeCinta
relation,ca,river,river,riu,riuwaters_ world- class. kgm,riu,0.9,0.0,0.0,0.0,0,0,0,riuwaters_ world- class. kgm,riuwaters_ world- class. kgm,mt_vote_revoted_gte_langfilter,2026-02-28T21:16:45,,0.667372465133667,,madlad,en,nl,en,Riuwaters_World-Class.Kgm
relation,ca,rocketStages,rocket Stages,etapes de coet,Etapes del coet,Etapes del coet,0.9,0.9655,0.9655,1.0,1,1,1,Etapes del coet,Etapes del coet,mt_vote_revoted_gte_langfilter,2026-02-28T21:16:45,0.5710403323173523,0.6472578644752502,0.6472578644752502,madlad,es,es,es,EtapesDelCoet
relation,ca,rotationPeriod,rotation Period,Període de rotació,Període de rotació,Període de rotació,0.9,1.0,1.0,1.0,1,1,1,Període de rotació,Període de rotació,mt_vote_revoted_gte_langfilter,2026-02-28T21:16:45,0.9141331315040588,0.9141331315040588,0.9141331315040588,nllb,es,es,es,PeríodeDeRotació
relation,ca,runtime,runtime,temps d'execució,temps d' execució,runtime,0.9,0.9697,0.1739,0.1667,1,0,0,temps d'execució,temps d'execució,mt_vote_revoted_gte_langfilter,2026-02-28T21:16:45,0.7019098401069641,0.7015901207923889,0.9999999403953552,nllb,ca,ca,de,TempsD'execució
relation,ca,runwayLength,runway Length,Duració de pista,Longitud de la pista,Longitud de la pista,0.9,0.5556,0.5556,1.0,0,0,1,Longitud de la pista,Longitud de la pista,mt_vote_revoted_gte_langfilter,2026-02-28T21:16:45,0.6082736253738403,0.6960909962654114,0.6960909962654114,madlad,ca,es,es,LongitudDeLaPista
relation,ca,runwayName,runway Name,Nom de pista,Nom de la pista,nom de la pista,0.9,0.8889,0.8889,1.0,0,0,1,Nom de la pista,Nom de la pista,mt_vote_revoted_gte_langfilter,2026-02-28T21:16:45,0.6577310562133789,0.6466430425643921,0.6411206722259521,madlad,es,es,fr,NomDeLaPista
relation,ca,runwaySurfaceType,runway Surface Type,Pista Superfície Tipus,Tipus de superfície de pista,Tipus de superfície de la pista,0.9,0.6,0.566,0.9492,0,0,1,Tipus de superfície de pista,Tipus de superfície de pista,mt_vote_revoted_gte_langfilter,2026-02-28T21:16:45,0.7249853014945984,0.7716770172119141,0.7599233388900757,madlad,sk,ca,ca,TipusDeSuperfícieDePista
relation,ca,saint,saint,sant,saint,sant,0.9,0.0,0.0,0.0,0,0,0,sant,sant,mt_vote,2026-02-28T20:55:53,,,,,en,en,en,Sant
relation,ca,season,season,temporada,temporada,temporada,0.9,1.0,1.0,1.0,1,1,1,temporada,temporada,mt_vote_revoted_gte_langfilter,2026-02-28T21:16:45,0.8612780570983887,0.8612780570983887,0.8612780570983887,nllb,es,es,es,Temporada
relation,ca,selectedByNasa,selected By Nasa,seleccionat per la NASA,Seleccionat per la NASA,seleccionat per la Nasa,0.9,1.0,1.0,1.0,1,1,1,seleccionat per la Nasa,seleccionat per la Nasa,mt_vote_revoted_gte_langfilter,2026-02-28T21:16:45,0.9280157089233398,0.9123895764350892,0.958260416984558,salamandra,ca,ca,ca,SeleccionatPerLaNasa
relation,ca,senators,senators,Senadors,senadorsamount in units (integer),senadors,0.9,0.3902,1.0,0.3902,0,1,0,senadors,senadors,mt_vote_revoted_gte_langfilter,2026-02-28T21:16:45,0.933721363544464,0.6967865228652954,0.9572410583496094,salamandra,es,es,es,Senadors
relation,ca,series,series,sèrie,sèrie,sèries,0.9,1.0,0.9091,0.9091,1,1,1,sèrie,sèrie,mt_vote_revoted_gte_langfilter,2026-02-28T21:16:45,0.8831413984298706,0.8831413984298706,0.8720192909240723,nllb,oc,oc,oc,Sèrie
relation,ca,served,served,Servit,servit,servit,0.9,0.0,0.0,0.0,0,0,0,Servit,Servit,mt_vote,2026-02-28T20:55:54,,,,,en,en,en,Servit
relation,ca,servedAsChiefOfTheAstronautOfficeIn,served As Chief Of The Astronaut Office In,va servir com a Cap de l'Oficina d'Astronautes en,Va servir com a cap de l'oficina d'astronautes en,va servir com a Cap de l'Oficina d'Astronautes a,0.9,1.0,0.9691,0.9691,1,1,1,Va servir com a cap de l'oficina d'astronautes en,Va servir com a cap de l'oficina d'astronautes en,mt_vote_revoted_gte_langfilter,2026-02-28T21:16:45,0.8845438361167908,0.9173629283905028,0.8831037282943726,madlad,ca,ca,ca,VaServirComACapDeL'oficinaD'astronautesEn
relation,ca,service,service,servei,servei,servei,0.9,0.0,0.0,0.0,0,0,0,servei,servei,mt_vote,2026-02-28T20:55:55,,,,,en,en,en,Servei
relation,ca,serviceStartYear,service Start Year,servei Any d'inici,service Start Year,any d'inici del servei,0.9,0.0,0.55,0.0,0,0,0,servei Any d'inici,servei Any d'inici,mt_vote_revoted_gte_langfilter,2026-02-28T21:16:45,0.8395006060600281,,0.7945466041564941,nllb,ca,en,ca,ServeiAnyD'inici
relation,ca,servingSize,serving Size,Dimensió de la porció,Mida de la porció,Mida de la porció,0.9,0.7368,0.7368,1.0,0,0,1,Mida de la porció,Mida de la porció,mt_vote_revoted_gte_langfilter,2026-02-28T21:16:45,0.725425124168396,0.7102088928222656,0.7102088928222656,madlad,ca,es,es,MidaDeLaPorció
relation,ca,servingTemperature,serving Temperature,Temperatura de servir,Temperatura de servei,temperatura de servei,0.9,0.9524,0.9524,1.0,1,1,1,Temperatura de servir,Temperatura de servir,mt_vote_revoted_gte_langfilter,2026-02-28T21:16:45,0.9063104391098022,0.8049627542495728,0.8076303005218506,nllb,es,es,es,TemperaturaDeServir
relation,ca,shipBeam,ship Beam,Beam de vaixell,Raig del vaixell,beam ship,0.9,0.7742,0.0,0.0,0,0,0,Beam de vaixell,Beam de vaixell,mt_vote_revoted_gte_langfilter,2026-02-28T21:16:45,0.8366644382476807,0.6770530939102173,,nllb,nl,ca,en,BeamDeVaixell
relation,ca,shipClass,ship Class,Classe de vaixell,Classe de vaixell,Classificació del vaixell,0.9,1.0,0.7619,0.7619,1,0,0,Classe de vaixell,Classe de vaixell,mt_vote_revoted_gte_langfilter,2026-02-28T21:16:45,0.8514236211776733,0.8514236211776733,0.8308676481246948,madlad,fr,fr,ca,ClasseDeVaixell
relation,ca,shipDisplacement,ship Displacement,Dislocació de vaixell,Desplaçament del vaixell,Desplaçament del vaixell,0.9,0.6667,0.6667,1.0,0,0,1,Desplaçament del vaixell,Desplaçament del vaixell,mt_vote_revoted_gte_langfilter,2026-02-28T21:16:45,0.8609983921051025,0.8087536096572876,0.8087536096572876,madlad,ca,ca,ca,DesplaçamentDelVaixell
relation,ca,shipDraft,ship Draft,Projecte de vaixell,Esborrany del vaixell,Draft ship,0.9,0.6,0.0,0.0,0,0,0,Projecte de vaixell,Projecte de vaixell,mt_vote_revoted_gte_langfilter,2026-02-28T21:16:45,0.686433732509613,0.6786447167396545,,nllb,fr,ca,en,ProjecteDeVaixell
relation,ca,shipInService,ship In Service,vaixell En servei,ship En servei,Vaixell en servei,0.9,0.7097,1.0,0.7097,0,1,0,vaixell En servei,vaixell En servei,mt_vote_revoted_gte_langfilter,2026-02-28T21:16:45,0.889626145362854,0.9311047792434692,0.6814337968826294,nllb,sv,es,sv,VaixellEnServei
relation,ca,shipLaidDown,ship Laid Down,vaixell Aterrat,vaixell posat a terra,Vaixell Laid Down,0.9,0.0,0.0,0.0,0,0,0,vaixell Aterrat,vaixell Aterrat,mt_vote,2026-02-28T20:55:58,,,,,en,en,en,VaixellAterrat
relation,ca,shipLaunch,ship Launch,Lançament de vaixell,llançament de vaixell,llançament del vaixell,0.9,0.9756,0.9524,0.9767,1,1,1,Lançament de vaixell,Lançament de vaixell,mt_vote_revoted_gte_langfilter,2026-02-28T21:16:45,0.8640326261520386,0.8609354496002197,0.8618510961532593,nllb,oc,oc,ca,LançamentDeVaixell
relation,ca,shipOrdered,ship Ordered,vaixell Ordenat,vaixell ordenat,Comanda de vaixell,0.9,0.0,0.0,0.0,0,0,0,Comanda de vaixell,Comanda de vaixell,mt_vote_revoted_gte_langfilter,2026-02-28T21:16:45,,,0.7066596746444702,salamandra,en,en,es,ComandaDeVaixell
relation,ca,shipPower,ship Power,Potència de vaixell,Potència del vaixell,Potència del vaixell,0.9,0.9744,0.9744,1.0,1,1,1,Potència de vaixell,Potència de vaixell,mt_vote_revoted_gte_langfilter,2026-02-28T21:16:45,0.8591066598892212,0.8539307713508606,0.8539307713508606,nllb,ca,ca,ca,PotènciaDeVaixell
relation,ca,significantBuilding,significant Building,Edifici significatiu,Edifici significatiu,edifici significatiu,0.9,1.0,1.0,1.0,1,1,1,edifici significatiu,edifici significatiu,mt_vote_revoted_gte_langfilter,2026-02-28T21:16:45,0.8975958228111267,0.8975958228111267,0.8984502553939819,salamandra,it,it,it,EdificiSignificatiu
relation,ca,significantProject,significant Project,Projecte important,Projecte significatiu,Projecte significatiu,0.9,0.0,0.0,0.0,0,0,0,Projecte significatiu,Projecte significatiu,mt_vote,2026-02-28T20:56:00,,,,,en,en,en,ProjecteSignificatiu
relation,ca,similarDish,similar Dish,Dispositiu similar,similar Dish,Plat similar,0.9,0.0,0.0,0.0,0,0,0,Dispositiu similar,Dispositiu similar,mt_vote_revoted_gte_langfilter,2026-02-28T21:16:45,0.7440143823623657,,,nllb,pl,en,en,DispositiuSimilar
relation,ca,sisterStation,sister Station,estació germana,Estació germana,estació germana,0.9,1.0,1.0,1.0,1,1,1,Estació germana,Estació germana,mt_vote_revoted_gte_langfilter,2026-02-28T21:16:45,0.6109422445297241,0.6942833065986633,0.6109422445297241,madlad,ca,ca,ca,EstacióGermana
relation,ca,site,site,lloc,lloc,site,0.9,0.0,0.0,0.0,0,0,0,lloc,lloc,mt_vote,2026-02-28T20:56:00,,,,,en,en,en,Lloc
relation,ca,spokenIn,spoken In,parlat en,parlat En,parlat In,0.9,0.0,0.0,0.0,0,0,0,parlat en,parlat en,mt_vote_revoted_gte_langfilter,2026-02-28T21:16:45,0.7563055753707886,,,nllb,fr,en,en,ParlatEn
relation,ca,sportGoverningBody,sport Governing Body,Esport Consell de Govern,Organisme de govern de l' esport,òrgan rector de l'esport,0.9,0.5357,0.25,0.6786,0,0,0,Organisme de govern de l' esport,Organisme de govern de l' esport,mt_vote_revoted_gte_langfilter,2026-02-28T21:16:45,0.8807045817375183,0.8892539739608765,0.8698563575744629,madlad,ca,fr,oc,OrganismeDeGovernDeL'Esport
relation,ca,sportsOffered,sports Offered,Esports oferts,esports oferts,Esports oferts,0.9,0.0,0.0,0.0,0,0,0,Esports oferts,Esports oferts,mt_vote,2026-02-28T20:56:01,,,,,en,en,en,EsportsOferts
relation,ca,spouse,spouse,conjugació,cònjuge,cònjuge,0.9,0.5882,0.5882,1.0,0,0,1,cònjuge,cònjuge,mt_vote_revoted_gte_langfilter,2026-02-28T21:16:45,0.5844900608062744,0.578864336013794,0.578864336013794,madlad,es,ht,ht,Cònjuge
relation,ca,stadium,stadium,estadi,estadi,estadi,0.9,1.0,1.0,1.0,1,1,1,estadi,estadi,mt_vote_revoted_gte_langfilter,2026-02-28T21:16:45,0.7933381795883179,0.7933381795883179,0.7933381795883179,nllb,es,es,es,Estadi
relation,ca,staff,staff,personal,personal,personal,0.9,0.0,0.0,0.0,0,0,0,personal,personal,mt_vote,2026-02-28T20:56:02,,,,,en,en,en,Personal
relation,ca,starring,starring,protagonistes,protagonitzada per,protagonista,0.9,0.7097,0.0,0.0,0,0,0,protagonitzada per,protagonitzada per,mt_vote_revoted_gte_langfilter,2026-02-28T21:16:45,0.6276479363441467,0.6673954725265503,,madlad,fr,ca,en,ProtagonitzadaPer
relation,ca,state,state,estat,estat,estat,0.9,0.0,0.0,0.0,0,0,0,estat,estat,mt_vote,2026-02-28T20:56:03,,,,,en,en,en,Estat
relation,ca,stateOfOrigin,state Of Origin,Estat d'origen,estat d' origen,estat d'origen,0.9,0.9655,1.0,0.9655,1,1,1,estat d' origen,estat d' origen,mt_vote_revoted_gte_langfilter,2026-02-28T21:16:45,0.7339057922363281,0.7517921328544617,0.740631639957428,madlad,ca,fr,fr,EstatD'Origen
relation,ca,status,status,Estatut,estat,estat,0.9,0.0,0.0,0.0,0,0,0,Estatut,Estatut,mt_vote_revoted_gte_langfilter,2026-02-28T21:16:45,0.622684895992279,,,nllb,es,en,en,Estatut
relation,ca,stylisticOrigin,stylistic Origin,estilístic Origen,Origen estilístic,Origen estilístic,0.9,0.5882,0.5882,1.0,0,0,1,Origen estilístic,Origen estilístic,mt_vote_revoted_gte_langfilter,2026-02-28T21:16:45,0.6676288843154907,0.8470648527145386,0.8470648527145386,madlad,cs,es,es,OrigenEstilístic
relation,ca,subsidiary,subsidiary,subsidiària,subsidiària,filial,0.9,1.0,0.0,0.0,1,0,0,subsidiària,subsidiària,mt_vote_revoted_gte_langfilter,2026-02-28T21:16:45,0.9371170997619628,0.9371170997619628,,madlad,ca,ca,en,Subsidiària
relation,ca,successor,successor,successor,successor,successor,0.9,0.0,0.0,0.0,0,0,0,successor,successor,mt_vote,2026-02-28T20:56:04,,,,,en,en,en,Successor
relation,ca,surfaceArea,surface Area,Superfície Superfície,Àrea de superfície,superfície,0.9,0.6667,0.6452,0.7143,0,0,0,Àrea de superfície,Àrea de superfície,mt_vote_revoted_gte_langfilter,2026-02-28T21:16:45,0.7586251497268677,0.8743827939033508,0.8264769315719604,madlad,cs,ca,cs,ÀreaDeSuperfície
relation,ca,temperature,temperature,temperatura,temperatura,temperatura,0.9,0.0,0.0,0.0,0,0,0,temperatura,temperatura,mt_vote,2026-02-28T20:56:04,,,,,en,en,en,Temperatura
relation,ca,tenant,tenant,arrendatari,inquilí,arrendatari,0.9,0.0,0.0,0.0,0,0,0,inquilí,inquilí,mt_vote_revoted_gte_langfilter,2026-02-28T21:16:45,,0.6559766530990601,,madlad,en,cs,en,Inquilí
relation,ca,timeInSpace,time In Space,temps a l'espai,temps en l' espai,temps a l'espai,0.9,0.875,1.0,0.875,0,1,0,temps a l'espai,temps a l'espai,mt_vote_revoted_gte_langfilter,2026-02-28T21:16:45,0.9007274508476256,0.8254503011703491,0.9007274508476256,salamandra,ca,ca,ca,TempsAL'espai
relation,ca,timeZone,time Zone,Zona horària,Zona horària,zona horària,0.9,1.0,1.0,1.0,1,1,1,zona horària,zona horària,mt_vote_revoted_gte_langfilter,2026-02-28T21:16:45,0.8166432976722717,0.8166432976722717,0.817913830280304,salamandra,ca,ca,ca,ZonaHorària
relation,ca,timeshiftChannel,timeshift Channel,Canal de desplaçament temporal,Canal de desplaçament temporal,canal timeshift,0.9,1.0,0.0,0.0,1,0,0,Canal de desplaçament temporal,Canal de desplaçament temporal,mt_vote_revoted_gte_langfilter,2026-02-28T21:16:45,0.8165521621704102,0.8165521621704102,,madlad,pt,pt,en,CanalDeDesplaçamentTemporal
relation,ca,title,title,títol,títol,title,0.9,1.0,0.0,0.0,1,0,0,títol,títol,mt_vote_revoted_gte_langfilter,2026-02-28T21:16:45,0.9280238151550292,0.9280238151550292,,madlad,cs,cs,en,Títol
relation,ca,topSpeed,top Speed,Velocitat superior,Velocitat màxima,Velocitat màxima,0.9,0.0,0.0,1.0,0,0,1,Velocitat màxima,Velocitat màxima,mt_vote_revoted_gte_langfilter,2026-02-28T21:16:45,,0.8219957947731018,0.8219957947731018,madlad,en,fr,fr,VelocitatMàxima
relation,ca,totalLaunches,total Launches,Total de llançaments,total llançaments,Llançaments totals,0.9,0.9189,0.5789,0.6286,1,0,0,Total de llançaments,Total de llançaments,mt_vote_revoted_gte_langfilter,2026-02-28T21:16:45,0.8096079230308533,0.8091191053390503,0.7117286920547485,nllb,ca,ca,ca,TotalDeLlançaments
relation,ca,totalProduction,total Production,Total Producció,Producció total,Producció total,0.9,0.6,0.6,1.0,0,0,1,Producció total,Producció total,mt_vote_revoted_gte_langfilter,2026-02-28T21:16:45,0.9096859693527222,0.9313702583312988,0.9313702583312988,madlad,es,ca,ca,ProduccióTotal
relation,ca,trainerAircraft,trainer Aircraft,Entrenador Avió,Avió d' entrenament,entrenador d'avions,0.9,0.4118,0.8235,0.4211,0,0,0,Entrenador Avió,Entrenador Avió,mt_vote_revoted_gte_langfilter,2026-02-28T21:16:45,0.8807682394981384,0.8307135105133057,0.8374090790748596,nllb,es,ca,ca,EntrenadorAvió
relation,ca,training,training,formació,entrenament,entrenament,0.9,0.0,0.0,0.0,0,0,0,formació,formació,mt_vote_revoted_gte_langfilter,2026-02-28T21:16:45,0.8327783942222595,,,nllb,es,en,en,Formació
relation,ca,transmission,transmission,transmissió,transmissió,transmissió,0.9,1.0,1.0,1.0,1,1,1,transmissió,transmissió,mt_vote_revoted_gte_langfilter,2026-02-28T21:16:45,0.8615494966506958,0.8615494966506958,0.8615494966506958,nllb,es,es,es,Transmissió
relation,ca,transportAircraft,transport Aircraft,Transport Avions,Avió de transport,transport Aircraft,0.9,0.0,0.0,0.0,0,0,0,Avió de transport,Avió de transport,mt_vote_revoted_gte_langfilter,2026-02-28T21:16:45,,0.8734461069107056,,madlad,en,ca,en,AvióDeTransport
relation,ca,type,type,tipus,tipus,type,0.9,0.0,0.0,0.0,0,0,0,tipus,tipus,mt_vote,2026-02-28T20:56:08,,,,,en,en,en,Tipus
relation,ca,unit,unit,unitat,% 1 quilòmetres quadratsamount in units (integer),unitat,0.9,0.0,0.0,0.0,0,0,0,% 1 quilòmetres quadratsamount in units (integer),% 1 quilòmetres quadratsamount in units (integer),mt_vote_revoted_gte_langfilter,2026-02-28T21:16:45,,0.6418957710266113,,madlad,en,ca,en,%1QuilòmetresQuadratsamountInUnits(integer)
relation,ca,universityTeam,university Team,L'equip de la universitat,Equip de la universitat,equip universitari,0.9,0.9583,0.7442,0.7805,1,0,0,Equip de la universitat,Equip de la universitat,mt_vote_revoted_gte_langfilter,2026-02-28T21:16:45,0.8969945907592773,0.9001609086990356,0.9255238175392152,madlad,ca,ca,es,EquipDeLaUniversitat
relation,ca,utcOffset,utc Offset,Utc Ofset,Desplaçament utc,UTC Offset,0.9,0.0,0.0,0.0,0,0,0,Desplaçament utc,Desplaçament utc,mt_vote_revoted_gte_langfilter,2026-02-28T21:16:45,,0.815157413482666,,madlad,en,pt,en,DesplaçamentUtc
relation,ca,viceChancellor,vice Chancellor,vicecanceller,Vicerector,vicecanceller,0.9,0.0,0.0,0.0,0,0,0,Vicerector,Vicerector,mt_vote_revoted_gte_langfilter,2026-02-28T21:16:45,,0.8284046649932861,,madlad,en,ro,en,Vicerector
relation,ca,voice,voice,veu,veu,veu,0.9,0.0,0.0,0.0,0,0,0,veu,veu,mt_vote,2026-02-28T20:56:10,,,,,en,en,en,Veu
relation,ca,wasGivenTheTechnicalCampusStatusBy,was Given The Technical Campus Status By,va rebre l'estatut de Campus Tècnic per,va rebre l'estatus de Campus Tècnic per,va rebre l'estatus de campus tecnològic per,0.9,0.9744,0.9024,0.9268,1,1,1,va rebre l'estatut de Campus Tècnic per,va rebre l'estatut de Campus Tècnic per,mt_vote_revoted_gte_langfilter,2026-02-28T21:16:45,0.8943724632263184,0.8739699721336365,0.8702353239059448,nllb,ca,ca,ca,VaRebreL'estatutDeCampusTècnicPer
relation,ca,website,website,lloc web,lloc web,website,0.9,0.0,0.0,0.0,0,0,0,lloc web,lloc web,mt_vote,2026-02-28T20:56:11,,,,,en,en,en,LlocWeb
relation,ca,weight,weight,pes,pes,pes,0.9,0.0,0.0,0.0,0,0,0,pes,pes,mt_vote,2026-02-28T20:56:11,,,,,en,en,en,Pes
relation,ca,wheelbase,wheelbase,distància entre eixos,distància entre rodes,distància entre eixos,0.9,0.8571,1.0,0.8571,0,1,0,distància entre eixos,distància entre eixos,mt_vote_revoted_gte_langfilter,2026-02-28T21:16:45,0.5014610886573792,0.594103991985321,0.5014610886573792,salamandra,ca,ca,ca,DistànciaEntreEixos
relation,ca,width,width,ampleja,amplada,width,0.9,0.7143,0.0,0.0,0,0,0,amplada,amplada,mt_vote_revoted_gte_langfilter,2026-02-28T21:16:45,0.5413286685943604,0.6015622615814209,,madlad,es,es,en,Amplada
relation,ca,writer,writer,escriptor,escriptor,escriptor,0.9,0.0,0.0,0.0,0,0,0,escriptor,escriptor,mt_vote,2026-02-28T20:56:12,,,,,en,en,en,Escriptor
relation,ca,year,year,any,any,any,0.9,0.0,0.0,0.0,0,0,0,any,any,mt_vote,2026-02-28T20:56:12,,,,,en,en,en,Any
relation,ca,yearOfConstruction,year Of Construction,Any de construcció,Any de construcció,any de construcció,0.9,1.0,1.0,1.0,1,1,1,any de construcció,any de construcció,mt_vote_revoted_gte_langfilter,2026-02-28T21:16:45,0.8498576879501343,0.8498576879501343,0.8629442453384399,salamandra,es,es,ca,AnyDeConstrucció
relation,ca,youthclub,youthclub,club juvenil,club de joventut,club juvenil,0.9,0.6429,1.0,0.6429,0,1,0,club juvenil,club juvenil,mt_vote_revoted_gte_langfilter,2026-02-28T21:16:45,0.9127407670021056,0.9041051268577576,0.9127407670021056,salamandra,fr,fr,fr,ClubJuvenil
